operation_mode,start_datetime,session_id,flight_duration_min,operation_mode_enc,month,season,hour,starting_battery,sprayed_area,total_amount_l,hour_sin,hour_cos,month_sin,month_cos,flight_index_within_day,rolling_duration_3,temperature_2m,wind_speed_10m,precipitation
MANUAL,2024-01-02 14:42:44,MANUAL_0,7.233333333333333,1,1,Dry,14,95.0,0.0,0.82,-0.4999999999999997,-0.8660254037844388,0.49999999999999994,0.8660254037844387,0,2.5694444444444446,25.9,6.8,0.2
MANUAL,2024-01-02 14:53:10,MANUAL_0,5.016666666666667,1,1,Dry,14,96.0,0.0,0.26,-0.4999999999999997,-0.8660254037844388,0.49999999999999994,0.8660254037844387,1,7.233333333333333,25.9,6.8,0.2
MANUAL,2024-01-02 14:59:29,MANUAL_0,5.0,1,1,Dry,14,93.0,0.0,0.14,-0.4999999999999997,-0.8660254037844388,0.49999999999999994,0.8660254037844387,2,6.125,25.9,6.8,0.2
MANUAL,2024-01-02 15:06:03,MANUAL_0,7.35,1,1,Dry,15,96.0,0.038,26.67,-0.7071067811865471,-0.7071067811865479,0.49999999999999994,0.8660254037844387,3,5.75,26.4,7.2,0.0
MANUAL,2024-01-04 07:25:42,MANUAL_1,1.0333333333333334,1,1,Dry,7,25.0,0.03866666666666666,1.25,0.9659258262890683,-0.25881904510252063,0.49999999999999994,0.8660254037844387,8,2.5694444444444446,22.8,5.8,0.0
MANUAL,2024-01-04 17:12:03,MANUAL_2,1.1,1,1,Dry,17,26.0,0.242,1.35,-0.9659258262890683,-0.25881904510252063,0.49999999999999994,0.8660254037844387,25,2.5694444444444446,25.9,8.1,0.0
MANUAL,2024-01-04 18:31:10,MANUAL_3,1.9333333333333333,1,1,Dry,18,28.0,0.10933333333333332,10.41,-1.0,-1.8369701987210297e-16,0.49999999999999994,0.8660254037844387,36,2.5694444444444446,23.9,5.5,0.0
MANUAL,2024-01-05 07:14:53,MANUAL_4,1.2166666666666668,1,1,Dry,7,67.0,0.13399999999999998,2.02,0.9659258262890683,-0.25881904510252063,0.49999999999999994,0.8660254037844387,1,2.5694444444444446,22.6,3.8,0.0
MANUAL,2024-01-05 07:17:11,MANUAL_4,2.0166666666666666,1,1,Dry,7,40.0,0.21066666666666667,5.81,0.9659258262890683,-0.25881904510252063,0.49999999999999994,0.8660254037844387,3,1.2166666666666668,22.6,3.8,0.0
MANUAL,2024-01-05 08:19:31,MANUAL_5,1.5833333333333335,1,1,Dry,8,39.0,0.21200000000000002,4.39,0.8660254037844387,-0.4999999999999998,0.49999999999999994,0.8660254037844387,11,2.5694444444444446,23.6,5.2,0.0
MANUAL,2024-01-05 16:49:03,MANUAL_6,1.0,1,1,Dry,16,13.0,0.128,4.83,-0.8660254037844385,-0.5000000000000004,0.49999999999999994,0.8660254037844387,27,2.5694444444444446,27.5,7.3,0.0
MANUAL,2024-01-06 07:05:24,MANUAL_7,1.0333333333333334,1,1,Dry,7,35.0,0.028,0.46,0.9659258262890683,-0.25881904510252063,0.49999999999999994,0.8660254037844387,4,2.5694444444444446,22.7,4.7,0.0
MANUAL,2024-01-06 07:40:40,MANUAL_7,1.15,1,1,Dry,7,21.0,0.05333333333333334,2.32,0.9659258262890683,-0.25881904510252063,0.49999999999999994,0.8660254037844387,9,1.0333333333333334,22.7,4.7,0.0
MANUAL,2024-01-06 08:01:33,MANUAL_7,2.3666666666666667,1,1,Dry,8,55.0,0.266,6.86,0.8660254037844387,-0.4999999999999998,0.49999999999999994,0.8660254037844387,13,1.0916666666666668,24.0,5.1,0.0
MANUAL,2024-01-06 08:22:02,MANUAL_7,1.0833333333333333,1,1,Dry,8,33.0,0.038,2.5,0.8660254037844387,-0.4999999999999998,0.49999999999999994,0.8660254037844387,17,1.5166666666666666,24.0,5.1,0.0
MANUAL,2024-01-09 07:31:38,MANUAL_8,1.1,1,1,Dry,7,44.0,0.146,1.8,0.9659258262890683,-0.25881904510252063,0.49999999999999994,0.8660254037844387,7,2.5694444444444446,23.4,6.6,0.0
MANUAL,2024-01-09 07:40:41,MANUAL_8,1.2,1,1,Dry,7,63.0,0.19266666666666668,2.58,0.9659258262890683,-0.25881904510252063,0.49999999999999994,0.8660254037844387,9,1.1,23.4,6.6,0.0
MANUAL,2024-01-09 07:50:20,MANUAL_8,2.8,1,1,Dry,7,100.0,0.22066666666666668,9.08,0.9659258262890683,-0.25881904510252063,0.49999999999999994,0.8660254037844387,10,1.15,23.4,6.6,0.0
MANUAL,2024-01-10 09:13:53,MANUAL_9,2.5833333333333335,1,1,Dry,9,55.0,0.20066666666666666,5.87,0.7071067811865476,-0.7071067811865475,0.49999999999999994,0.8660254037844387,8,2.5694444444444446,25.6,6.4,0.1
MANUAL,2024-01-11 06:38:39,MANUAL_10,1.3333333333333333,1,1,Dry,6,35.0,0.15333333333333332,2.96,1.0,6.123233995736766e-17,0.49999999999999994,0.8660254037844387,3,2.5694444444444446,20.0,4.6,0.0
MANUAL,2024-01-11 07:12:36,MANUAL_10,1.5833333333333335,1,1,Dry,7,41.0,0.154,8.27,0.9659258262890683,-0.25881904510252063,0.49999999999999994,0.8660254037844387,12,1.3333333333333333,22.7,5.2,0.0
MANUAL,2024-01-11 17:08:12,MANUAL_11,1.7333333333333334,1,1,Dry,17,29.0,0.16533333333333333,10.62,-0.9659258262890683,-0.25881904510252063,0.49999999999999994,0.8660254037844387,24,2.5694444444444446,25.9,5.5,0.0
MANUAL,2024-01-11 17:37:33,MANUAL_11,1.4333333333333333,1,1,Dry,17,53.0,0.11666666666666667,3.06,-0.9659258262890683,-0.25881904510252063,0.49999999999999994,0.8660254037844387,30,1.7333333333333334,25.9,5.5,0.0
MANUAL,2024-01-11 18:22:46,MANUAL_11,1.75,1,1,Dry,18,60.0,0.14800000000000002,5.56,-1.0,-1.8369701987210297e-16,0.49999999999999994,0.8660254037844387,38,1.5833333333333335,24.2,4.7,0.0
MANUAL,2024-01-12 07:18:55,MANUAL_12,3.3666666666666667,1,1,Dry,7,99.0,0.33666666666666667,18.84,0.9659258262890683,-0.25881904510252063,0.49999999999999994,0.8660254037844387,5,2.5694444444444446,22.8,6.2,0.0
MANUAL,2024-01-12 15:55:42,MANUAL_13,1.9666666666666668,1,1,Dry,15,23.0,0.17933333333333332,10.73,-0.7071067811865471,-0.7071067811865479,0.49999999999999994,0.8660254037844387,16,2.5694444444444446,26.4,13.0,0.1
MANUAL,2024-01-12 16:44:54,MANUAL_13,1.6833333333333333,1,1,Dry,16,52.0,0.1753333333333333,1.31,-0.8660254037844385,-0.5000000000000004,0.49999999999999994,0.8660254037844387,26,1.9666666666666668,26.0,11.2,0.1
MANUAL,2024-01-13 06:17:08,MANUAL_14,2.4166666666666665,1,1,Dry,6,38.0,0.136,5.41,1.0,6.123233995736766e-17,0.49999999999999994,0.8660254037844387,8,2.5694444444444446,19.7,6.0,0.0
MANUAL,2024-01-13 07:26:50,MANUAL_15,1.75,1,1,Dry,7,61.0,0.21266666666666667,9.46,0.9659258262890683,-0.25881904510252063,0.49999999999999994,0.8660254037844387,20,2.5694444444444446,22.6,5.4,0.0
MANUAL,2024-01-13 07:58:58,MANUAL_15,1.5,1,1,Dry,7,79.0,0.13866666666666666,2.85,0.9659258262890683,-0.25881904510252063,0.49999999999999994,0.8660254037844387,26,1.75,22.6,5.4,0.0
MANUAL,2024-01-13 08:36:36,MANUAL_15,1.3666666666666667,1,1,Dry,8,27.0,0.09466666666666666,2.61,0.8660254037844387,-0.4999999999999998,0.49999999999999994,0.8660254037844387,33,1.625,24.4,6.3,0.0
MANUAL,2024-01-15 07:32:04,MANUAL_16,1.4166666666666667,1,1,Dry,7,60.0,0.018000000000000002,4.12,0.9659258262890683,-0.25881904510252063,0.49999999999999994,0.8660254037844387,5,2.5694444444444446,23.1,5.0,0.0
MANUAL,2024-01-15 08:00:40,MANUAL_16,1.4333333333333333,1,1,Dry,8,45.0,0.164,3.8,0.8660254037844387,-0.4999999999999998,0.49999999999999994,0.8660254037844387,10,1.4166666666666667,24.9,5.0,0.0
MANUAL,2024-01-17 08:29:13,MANUAL_17,1.55,1,1,Dry,8,40.0,0.050666666666666665,2.23,0.8660254037844387,-0.4999999999999998,0.49999999999999994,0.8660254037844387,13,2.5694444444444446,23.6,5.8,0.0
MANUAL,2024-01-18 06:54:29,MANUAL_18,1.4333333333333333,1,1,Dry,6,45.0,0.09466666666666666,4.39,1.0,6.123233995736766e-17,0.49999999999999994,0.8660254037844387,11,2.5694444444444446,21.1,3.8,0.0
MANUAL,2024-01-18 07:13:18,MANUAL_18,1.3,1,1,Dry,7,36.0,0.13066666666666665,7.55,0.9659258262890683,-0.25881904510252063,0.49999999999999994,0.8660254037844387,16,1.4333333333333333,22.5,4.9,0.0
MANUAL,2024-01-20 08:14:27,MANUAL_19,6.983333333333333,1,1,Dry,8,83.0,0.4886666666666667,14.67,0.8660254037844387,-0.4999999999999998,0.49999999999999994,0.8660254037844387,10,2.5694444444444446,22.9,4.8,0.0
MANUAL,2024-01-20 21:17:49,MANUAL_20,1.3833333333333333,1,1,Dry,21,64.0,0.182,4.17,-0.7071067811865477,0.7071067811865474,0.49999999999999994,0.8660254037844387,18,2.5694444444444446,23.8,3.9,0.0
MANUAL,2024-01-22 08:15:30,MANUAL_21,1.7166666666666668,1,1,Dry,8,77.0,0.18333333333333332,3.33,0.8660254037844387,-0.4999999999999998,0.49999999999999994,0.8660254037844387,10,2.5694444444444446,23.0,4.8,0.0
MANUAL,2024-01-23 07:21:27,MANUAL_22,4.333333333333333,1,1,Dry,7,98.0,0.4246666666666667,14.43,0.9659258262890683,-0.25881904510252063,0.49999999999999994,0.8660254037844387,0,2.5694444444444446,22.4,4.0,0.0
MANUAL,2024-01-23 07:45:48,MANUAL_22,1.0333333333333334,1,1,Dry,7,37.0,0.09000000000000001,2.55,0.9659258262890683,-0.25881904510252063,0.49999999999999994,0.8660254037844387,4,4.333333333333333,22.4,4.0,0.0
MANUAL,2024-01-23 07:54:05,MANUAL_22,3.1166666666666667,1,1,Dry,7,50.0,0.30666666666666664,13.33,0.9659258262890683,-0.25881904510252063,0.49999999999999994,0.8660254037844387,8,2.683333333333333,22.4,4.0,0.0
MANUAL,2024-01-23 08:19:31,MANUAL_22,1.5333333333333332,1,1,Dry,8,31.0,0.13399999999999998,4.45,0.8660254037844387,-0.4999999999999998,0.49999999999999994,0.8660254037844387,12,2.827777777777778,23.6,3.4,0.0
MANUAL,2024-01-24 07:53:06,MANUAL_23,2.533333333333333,1,1,Dry,7,44.0,0.25,8.86,0.9659258262890683,-0.25881904510252063,0.49999999999999994,0.8660254037844387,9,2.5694444444444446,20.5,5.7,0.0
MANUAL,2024-01-25 07:01:30,MANUAL_24,1.65,1,1,Dry,7,21.0,0.26999999999999996,5.71,0.9659258262890683,-0.25881904510252063,0.49999999999999994,0.8660254037844387,3,2.5694444444444446,21.9,4.2,0.0
MANUAL,2024-01-25 07:25:17,MANUAL_24,1.9,1,1,Dry,7,58.0,0.13066666666666665,1.36,0.9659258262890683,-0.25881904510252063,0.49999999999999994,0.8660254037844387,12,1.65,21.9,4.2,0.0
MANUAL,2024-01-25 07:28:07,MANUAL_24,2.05,1,1,Dry,7,38.0,0.07466666666666667,2.96,0.9659258262890683,-0.25881904510252063,0.49999999999999994,0.8660254037844387,13,1.775,21.9,4.2,0.0
MANUAL,2024-01-25 08:14:08,MANUAL_24,1.3833333333333333,1,1,Dry,8,85.0,0.11666666666666667,3.3,0.8660254037844387,-0.4999999999999998,0.49999999999999994,0.8660254037844387,20,1.8666666666666665,23.0,6.0,0.0
MANUAL,2024-01-25 08:28:04,MANUAL_24,1.1166666666666667,1,1,Dry,8,76.0,0.11066666666666666,2.2,0.8660254037844387,-0.4999999999999998,0.49999999999999994,0.8660254037844387,21,1.7777777777777777,23.0,6.0,0.0
MANUAL,2024-01-25 08:41:22,MANUAL_24,1.9833333333333334,1,1,Dry,8,30.0,0.266,9.26,0.8660254037844387,-0.4999999999999998,0.49999999999999994,0.8660254037844387,28,1.5166666666666666,23.0,6.0,0.0
MANUAL,2024-01-27 06:56:45,MANUAL_25,1.0833333333333333,1,1,Dry,6,54.0,0.07333333333333333,3.5,1.0,6.123233995736766e-17,0.49999999999999994,0.8660254037844387,4,2.5694444444444446,17.0,4.9,0.0
MANUAL,2024-01-27 07:53:07,MANUAL_25,1.2,1,1,Dry,7,42.0,0.14333333333333334,3.06,0.9659258262890683,-0.25881904510252063,0.49999999999999994,0.8660254037844387,10,1.0833333333333333,19.7,2.9,0.0
MANUAL,2024-01-30 06:37:57,MANUAL_26,1.7,1,1,Dry,6,38.0,0.21266666666666667,9.72,1.0,6.123233995736766e-17,0.49999999999999994,0.8660254037844387,3,2.5694444444444446,21.5,3.6,9.4
MANUAL,2024-01-30 07:05:55,MANUAL_26,1.1166666666666667,1,1,Dry,7,17.0,0.07333333333333333,3.35,0.9659258262890683,-0.25881904510252063,0.49999999999999994,0.8660254037844387,9,1.7,21.8,5.6,5.9
MANUAL,2024-01-30 07:14:33,MANUAL_26,1.1833333333333333,1,1,Dry,7,56.0,0.12066666666666667,2.79,0.9659258262890683,-0.25881904510252063,0.49999999999999994,0.8660254037844387,13,1.4083333333333332,21.8,5.6,5.9
MANUAL,2024-01-30 07:31:06,MANUAL_26,2.3333333333333335,1,1,Dry,7,47.0,0.33533333333333337,13.96,0.9659258262890683,-0.25881904510252063,0.49999999999999994,0.8660254037844387,17,1.3333333333333333,21.8,5.6,5.9
MANUAL,2024-01-30 08:53:18,MANUAL_27,1.2,1,1,Dry,8,33.0,0.059333333333333335,3.82,0.8660254037844387,-0.4999999999999998,0.49999999999999994,0.8660254037844387,32,2.5694444444444446,22.0,6.2,3.1
MANUAL,2024-01-31 07:42:48,MANUAL_28,2.1666666666666665,1,1,Dry,7,58.0,0.18066666666666667,9.14,0.9659258262890683,-0.25881904510252063,0.49999999999999994,0.8660254037844387,9,2.5694444444444446,22.5,4.8,0.0
MANUAL,2024-02-01 07:09:25,MANUAL_29,1.1166666666666667,1,2,Dry,7,32.0,0.029333333333333333,0.67,0.9659258262890683,-0.25881904510252063,0.8660254037844386,0.5000000000000001,4,2.5694444444444446,22.2,3.2,0.0
MANUAL,2024-02-01 07:20:01,MANUAL_29,1.4333333333333333,1,2,Dry,7,19.0,0.09533333333333333,8.83,0.9659258262890683,-0.25881904510252063,0.8660254037844386,0.5000000000000001,8,1.1166666666666667,22.2,3.2,0.0
MANUAL,2024-02-01 07:38:05,MANUAL_29,1.1333333333333333,1,2,Dry,7,43.0,0.11466666666666667,3.28,0.9659258262890683,-0.25881904510252063,0.8660254037844386,0.5000000000000001,12,1.275,22.2,3.2,0.0
MANUAL,2024-02-01 08:08:59,MANUAL_29,2.4166666666666665,1,2,Dry,8,60.0,0.156,8.13,0.8660254037844387,-0.4999999999999998,0.8660254037844386,0.5000000000000001,19,1.2277777777777779,23.5,5.6,0.0
MANUAL,2024-02-01 08:21:24,MANUAL_29,2.6666666666666665,1,2,Dry,8,100.0,0.3106666666666667,18.35,0.8660254037844387,-0.4999999999999998,0.8660254037844386,0.5000000000000001,20,1.6611111111111108,23.5,5.6,0.0
MANUAL,2024-02-02 15:15:36,MANUAL_30,1.4,1,2,Dry,15,14.0,0.28200000000000003,6.75,-0.7071067811865471,-0.7071067811865479,0.8660254037844386,0.5000000000000001,6,2.5694444444444446,23.5,6.9,1.6
MANUAL,2024-02-02 15:40:28,MANUAL_30,1.2833333333333332,1,2,Dry,15,87.0,0.15,3.46,-0.7071067811865471,-0.7071067811865479,0.8660254037844386,0.5000000000000001,13,1.4,23.5,6.9,1.6
MANUAL,2024-02-05 07:51:49,MANUAL_31,2.1666666666666665,1,2,Dry,7,84.0,0.24800000000000003,9.35,0.9659258262890683,-0.25881904510252063,0.8660254037844386,0.5000000000000001,9,2.5694444444444446,21.4,3.8,0.0
MANUAL,2024-02-05 15:37:16,MANUAL_32,1.1666666666666667,1,2,Dry,15,51.0,0.08466666666666667,1.99,-0.7071067811865471,-0.7071067811865479,0.8660254037844386,0.5000000000000001,11,2.5694444444444446,26.8,8.5,0.0
MANUAL,2024-02-05 16:18:11,MANUAL_32,1.3333333333333333,1,2,Dry,16,47.0,0.042,1.86,-0.8660254037844385,-0.5000000000000004,0.8660254037844386,0.5000000000000001,15,1.1666666666666667,26.4,6.5,0.0
MANUAL,2024-02-05 16:50:50,MANUAL_32,2.283333333333333,1,2,Dry,16,45.0,0.10733333333333334,6.56,-0.8660254037844385,-0.5000000000000004,0.8660254037844386,0.5000000000000001,19,1.25,26.4,6.5,0.0
MANUAL,2024-02-06 06:34:20,MANUAL_33,1.2333333333333334,1,2,Dry,6,21.0,0.14533333333333334,3.42,1.0,6.123233995736766e-17,0.8660254037844386,0.5000000000000001,10,2.5694444444444446,21.0,4.9,0.0
MANUAL,2024-02-06 06:43:11,MANUAL_33,1.75,1,2,Dry,6,46.0,0.24933333333333335,5.34,1.0,6.123233995736766e-17,0.8660254037844386,0.5000000000000001,14,1.2333333333333334,21.0,4.9,0.0
MANUAL,2024-02-06 07:03:00,MANUAL_33,1.65,1,2,Dry,7,36.0,0.154,6.03,0.9659258262890683,-0.25881904510252063,0.8660254037844386,0.5000000000000001,19,1.4916666666666667,22.2,4.4,0.0
MANUAL,2024-02-06 07:47:40,MANUAL_33,1.65,1,2,Dry,7,30.0,0.23666666666666666,6.42,0.9659258262890683,-0.25881904510252063,0.8660254037844386,0.5000000000000001,29,1.5444444444444443,22.2,4.4,0.0
MANUAL,2024-02-06 15:55:29,MANUAL_34,1.2333333333333334,1,2,Dry,15,67.0,0.14666666666666667,3.48,-0.7071067811865471,-0.7071067811865479,0.8660254037844386,0.5000000000000001,36,2.5694444444444446,26.5,5.8,0.0
MANUAL,2024-02-06 16:42:34,MANUAL_34,1.5,1,2,Dry,16,23.0,0.24133333333333334,8.0,-0.8660254037844385,-0.5000000000000004,0.8660254037844386,0.5000000000000001,46,1.2333333333333334,26.0,5.4,0.0
MANUAL,2024-02-07 06:34:48,MANUAL_35,2.283333333333333,1,2,Dry,6,99.0,0.08,6.12,1.0,6.123233995736766e-17,0.8660254037844386,0.5000000000000001,0,2.5694444444444446,20.3,5.7,0.0
MANUAL,2024-02-07 06:41:49,MANUAL_35,1.85,1,2,Dry,6,29.0,0.14,5.64,1.0,6.123233995736766e-17,0.8660254037844386,0.5000000000000001,2,2.283333333333333,20.3,5.7,0.0
MANUAL,2024-02-07 08:01:47,MANUAL_36,1.1,1,2,Dry,8,46.0,0.13,2.99,0.8660254037844387,-0.4999999999999998,0.8660254037844386,0.5000000000000001,9,2.5694444444444446,23.4,3.5,0.1
MANUAL,2024-02-07 08:28:49,MANUAL_36,2.6333333333333333,1,2,Dry,8,79.0,0.15533333333333335,13.18,0.8660254037844387,-0.4999999999999998,0.8660254037844386,0.5000000000000001,12,1.1,23.4,3.5,0.1
MANUAL,2024-02-08 06:28:15,MANUAL_37,1.2333333333333334,1,2,Dry,6,21.0,0.12200000000000001,7.3,1.0,6.123233995736766e-17,0.8660254037844386,0.5000000000000001,3,2.5694444444444446,20.1,4.3,0.0
MANUAL,2024-02-08 07:46:06,MANUAL_38,1.1666666666666667,1,2,Dry,7,69.0,0.15666666666666668,3.75,0.9659258262890683,-0.25881904510252063,0.8660254037844386,0.5000000000000001,22,2.5694444444444446,22.5,3.6,0.0
MANUAL,2024-02-08 08:29:29,MANUAL_38,1.85,1,2,Dry,8,78.0,0.24733333333333332,8.55,0.8660254037844387,-0.4999999999999998,0.8660254037844386,0.5000000000000001,26,1.1666666666666667,23.4,3.9,0.0
MANUAL,2024-02-09 07:21:50,MANUAL_39,1.9,1,2,Dry,7,57.0,0.12000000000000001,6.18,0.9659258262890683,-0.25881904510252063,0.8660254037844386,0.5000000000000001,5,2.5694444444444446,22.4,4.3,0.0
MANUAL,2024-02-09 07:41:35,MANUAL_39,1.6333333333333333,1,2,Dry,7,64.0,0.15866666666666665,2.39,0.9659258262890683,-0.25881904510252063,0.8660254037844386,0.5000000000000001,10,1.9,22.4,4.3,0.0
MANUAL,2024-02-10 06:15:01,MANUAL_40,3.6333333333333333,1,2,Dry,6,53.0,0.38,17.87,1.0,6.123233995736766e-17,0.8660254037844386,0.5000000000000001,0,2.5694444444444446,18.5,5.4,0.0
MANUAL,2024-02-10 06:35:51,MANUAL_40,2.25,1,2,Dry,6,42.0,0.188,8.27,1.0,6.123233995736766e-17,0.8660254037844386,0.5000000000000001,4,3.6333333333333333,18.5,5.4,0.0
MANUAL,2024-02-10 06:45:09,MANUAL_40,3.0166666666666666,1,2,Dry,6,56.0,0.31933333333333336,10.46,1.0,6.123233995736766e-17,0.8660254037844386,0.5000000000000001,8,2.9416666666666664,18.5,5.4,0.0
MANUAL,2024-02-10 07:15:35,MANUAL_40,1.1166666666666667,1,2,Dry,7,49.0,0.07333333333333333,2.74,0.9659258262890683,-0.25881904510252063,0.8660254037844386,0.5000000000000001,18,2.966666666666667,21.3,6.6,0.0
MANUAL,2024-02-10 07:25:24,MANUAL_40,1.6333333333333333,1,2,Dry,7,32.0,0.17933333333333332,8.07,0.9659258262890683,-0.25881904510252063,0.8660254037844386,0.5000000000000001,23,2.1277777777777778,21.3,6.6,0.0
MANUAL,2024-02-10 07:47:34,MANUAL_40,1.4333333333333333,1,2,Dry,7,25.0,0.15666666666666668,8.56,0.9659258262890683,-0.25881904510252063,0.8660254037844386,0.5000000000000001,28,1.9222222222222218,21.3,6.6,0.0
MANUAL,2024-02-12 17:03:42,MANUAL_41,1.55,1,2,Dry,17,43.0,0.096,5.09,-0.9659258262890683,-0.25881904510252063,0.8660254037844386,0.5000000000000001,29,2.5694444444444446,24.1,13.7,0.0
MANUAL,2024-02-12 17:44:38,MANUAL_41,1.8166666666666667,1,2,Dry,17,72.0,0.10666666666666667,4.42,-0.9659258262890683,-0.25881904510252063,0.8660254037844386,0.5000000000000001,38,1.55,24.1,13.7,0.0
MANUAL,2024-02-12 18:06:54,MANUAL_41,1.35,1,2,Dry,18,38.0,0.05266666666666667,1.57,-1.0,-1.8369701987210297e-16,0.8660254037844386,0.5000000000000001,40,1.6833333333333333,22.9,7.4,0.0
MANUAL,2024-02-13 07:56:18,MANUAL_42,1.7,1,2,Dry,7,33.0,0.12000000000000001,4.33,0.9659258262890683,-0.25881904510252063,0.8660254037844386,0.5000000000000001,8,2.5694444444444446,21.4,4.3,0.0
MANUAL,2024-02-14 17:15:50,MANUAL_43,1.9833333333333334,1,2,Dry,17,66.0,0.126,4.17,-0.9659258262890683,-0.25881904510252063,0.8660254037844386,0.5000000000000001,12,2.5694444444444446,25.1,12.7,0.0
MANUAL,2024-02-14 18:04:58,MANUAL_43,1.0333333333333334,1,2,Dry,18,100.0,0.1673333333333333,4.67,-1.0,-1.8369701987210297e-16,0.8660254037844386,0.5000000000000001,22,1.9833333333333334,23.1,8.4,0.0
MANUAL,2024-02-14 18:07:47,MANUAL_43,1.4833333333333334,1,2,Dry,18,76.0,0.10400000000000001,5.44,-1.0,-1.8369701987210297e-16,0.8660254037844386,0.5000000000000001,24,1.5083333333333333,23.1,8.4,0.0
MANUAL,2024-02-15 06:25:08,MANUAL_44,1.25,1,2,Dry,6,86.0,0.13733333333333334,4.96,1.0,6.123233995736766e-17,0.8660254037844386,0.5000000000000001,6,2.5694444444444446,19.6,8.9,0.0
MANUAL,2024-02-15 17:03:40,MANUAL_45,1.2833333333333332,1,2,Dry,17,41.0,0.08466666666666667,2.86,-0.9659258262890683,-0.25881904510252063,0.8660254037844386,0.5000000000000001,24,2.5694444444444446,26.1,7.9,0.0
MANUAL,2024-02-15 17:43:29,MANUAL_45,1.8,1,2,Dry,17,74.0,0.062000000000000006,1.85,-0.9659258262890683,-0.25881904510252063,0.8660254037844386,0.5000000000000001,36,1.2833333333333332,26.1,7.9,0.0
MANUAL,2024-02-15 18:26:37,MANUAL_45,1.6833333333333333,1,2,Dry,18,51.0,0.16266666666666665,5.15,-1.0,-1.8369701987210297e-16,0.8660254037844386,0.5000000000000001,43,1.5416666666666665,23.5,4.9,0.0
MANUAL,2024-02-16 06:47:29,MANUAL_46,1.1666666666666667,1,2,Dry,6,30.0,0.13399999999999998,3.37,1.0,6.123233995736766e-17,0.8660254037844386,0.5000000000000001,1,2.5694444444444446,21.7,5.2,0.0
MANUAL,2024-02-17 08:21:40,MANUAL_47,2.533333333333333,1,2,Dry,8,81.0,0.43666666666666665,9.03,0.8660254037844387,-0.4999999999999998,0.8660254037844386,0.5000000000000001,14,2.5694444444444446,23.0,5.1,0.0
MANUAL,2024-02-19 06:11:30,MANUAL_48,1.35,1,2,Dry,6,70.0,0.06266666666666666,4.02,1.0,6.123233995736766e-17,0.8660254037844386,0.5000000000000001,2,2.5694444444444446,18.3,5.5,0.0
MANUAL,2024-02-19 07:48:37,MANUAL_49,1.5166666666666666,1,2,Dry,7,30.0,0.12333333333333334,7.32,0.9659258262890683,-0.25881904510252063,0.8660254037844386,0.5000000000000001,6,2.5694444444444446,21.5,6.3,0.0
MANUAL,2024-02-19 07:56:58,MANUAL_49,2.966666666666667,1,2,Dry,7,59.0,0.24333333333333332,11.99,0.9659258262890683,-0.25881904510252063,0.8660254037844386,0.5000000000000001,10,1.5166666666666666,21.5,6.3,0.0
MANUAL,2024-02-19 08:36:53,MANUAL_49,1.6,1,2,Dry,8,20.0,0.25,11.22,0.8660254037844387,-0.4999999999999998,0.8660254037844386,0.5000000000000001,24,2.2416666666666667,23.9,6.9,0.0
MANUAL,2024-02-20 07:17:31,MANUAL_50,1.6166666666666667,1,2,Dry,7,29.0,0.188,7.92,0.9659258262890683,-0.25881904510252063,0.8660254037844386,0.5000000000000001,9,2.5694444444444446,22.1,6.5,0.2
MANUAL,2024-02-20 07:27:07,MANUAL_50,2.15,1,2,Dry,7,37.0,0.31133333333333335,12.9,0.9659258262890683,-0.25881904510252063,0.8660254037844386,0.5000000000000001,13,1.6166666666666667,22.1,6.5,0.2
MANUAL,2024-02-20 07:46:36,MANUAL_50,1.4833333333333334,1,2,Dry,7,44.0,0.164,5.02,0.9659258262890683,-0.25881904510252063,0.8660254037844386,0.5000000000000001,17,1.8833333333333333,22.1,6.5,0.2
MANUAL,2024-02-20 15:55:36,MANUAL_51,1.35,1,2,Dry,15,28.0,0.16466666666666668,6.82,-0.7071067811865471,-0.7071067811865479,0.8660254037844386,0.5000000000000001,29,2.5694444444444446,27.6,13.2,0.0
MANUAL,2024-02-20 17:19:45,MANUAL_52,1.75,1,2,Dry,17,48.0,0.22933333333333333,9.14,-0.9659258262890683,-0.25881904510252063,0.8660254037844386,0.5000000000000001,40,2.5694444444444446,25.9,10.4,0.0
MANUAL,2024-02-21 07:15:46,MANUAL_53,2.3333333333333335,1,2,Dry,7,100.0,0.242,13.11,0.9659258262890683,-0.25881904510252063,0.8660254037844386,0.5000000000000001,3,2.5694444444444446,22.2,5.9,0.0
MANUAL,2024-02-21 07:22:16,MANUAL_53,1.0666666666666667,1,2,Dry,7,40.0,0.096,3.73,0.9659258262890683,-0.25881904510252063,0.8660254037844386,0.5000000000000001,5,2.3333333333333335,22.2,5.9,0.0
MANUAL,2024-02-23 06:28:00,MANUAL_54,1.4,1,2,Dry,6,40.0,0.15466666666666665,4.96,1.0,6.123233995736766e-17,0.8660254037844386,0.5000000000000001,7,2.5694444444444446,22.1,2.5,0.1
MANUAL,2024-02-23 07:59:12,MANUAL_55,1.6833333333333333,1,2,Dry,7,79.0,0.03866666666666666,1.4,0.9659258262890683,-0.25881904510252063,0.8660254037844386,0.5000000000000001,24,2.5694444444444446,23.0,4.0,0.0
MANUAL,2024-02-24 07:22:18,MANUAL_56,2.066666666666667,1,2,Dry,7,49.0,0.16466666666666668,3.98,0.9659258262890683,-0.25881904510252063,0.8660254037844386,0.5000000000000001,14,2.5694444444444446,22.6,5.1,0.0
MANUAL,2024-02-24 08:02:38,MANUAL_56,1.6,1,2,Dry,8,27.0,0.17933333333333332,4.34,0.8660254037844387,-0.4999999999999998,0.8660254037844386,0.5000000000000001,18,2.066666666666667,23.8,4.9,0.0
MANUAL,2024-02-24 08:18:41,MANUAL_56,1.35,1,2,Dry,8,100.0,0.11066666666666666,6.33,0.8660254037844387,-0.4999999999999998,0.8660254037844386,0.5000000000000001,23,1.8333333333333335,23.8,4.9,0.0
MANUAL,2024-02-24 08:21:36,MANUAL_56,2.1,1,2,Dry,8,68.0,0.20533333333333334,12.91,0.8660254037844387,-0.4999999999999998,0.8660254037844386,0.5000000000000001,25,1.6722222222222225,23.8,4.9,0.0
MANUAL,2024-02-25 08:17:10,MANUAL_57,1.6666666666666665,1,2,Dry,8,71.0,0.228,5.79,0.8660254037844387,-0.4999999999999998,0.8660254037844386,0.5000000000000001,8,2.5694444444444446,23.9,6.5,0.0
MANUAL,2024-02-25 08:32:46,MANUAL_57,2.1,1,2,Dry,8,64.0,0.048666666666666664,2.74,0.8660254037844387,-0.4999999999999998,0.8660254037844386,0.5000000000000001,10,1.6666666666666665,23.9,6.5,0.0
MANUAL,2024-02-25 09:05:15,MANUAL_57,2.3666666666666667,1,2,Dry,9,69.0,0.10866666666666666,8.96,0.7071067811865476,-0.7071067811865475,0.8660254037844386,0.5000000000000001,13,1.8833333333333333,24.5,6.5,0.0
MANUAL,2024-02-26 07:47:11,MANUAL_58,4.7,1,2,Dry,7,99.0,0.48000000000000004,25.79,0.9659258262890683,-0.25881904510252063,0.8660254037844386,0.5000000000000001,4,2.5694444444444446,21.1,6.0,0.0
MANUAL,2024-02-26 18:18:47,MANUAL_59,7.266666666666667,1,2,Dry,18,100.0,0.43466666666666665,22.18,-1.0,-1.8369701987210297e-16,0.8660254037844386,0.5000000000000001,12,2.5694444444444446,23.4,3.9,0.0
MANUAL,2024-02-27 07:46:52,MANUAL_60,2.05,1,2,Dry,7,46.0,0.182,8.32,0.9659258262890683,-0.25881904510252063,0.8660254037844386,0.5000000000000001,10,2.5694444444444446,22.4,4.4,0.0
MANUAL,2024-02-27 08:02:32,MANUAL_60,1.2,1,2,Dry,8,29.0,0.08133333333333333,4.44,0.8660254037844387,-0.4999999999999998,0.8660254037844386,0.5000000000000001,14,2.05,23.9,7.3,0.0
MANUAL,2024-02-27 16:51:17,MANUAL_61,1.3833333333333333,1,2,Dry,16,45.0,0.08666666666666667,4.14,-0.8660254037844385,-0.5000000000000004,0.8660254037844386,0.5000000000000001,18,2.5694444444444446,26.2,21.0,0.0
MANUAL,2024-02-27 18:12:18,MANUAL_62,1.8166666666666667,1,2,Dry,18,26.0,0.037333333333333336,2.49,-1.0,-1.8369701987210297e-16,0.8660254037844386,0.5000000000000001,23,2.5694444444444446,23.3,7.7,0.0
MANUAL,2024-02-27 22:34:57,MANUAL_63,1.05,1,2,Dry,22,72.0,0.15933333333333335,3.21,-0.5000000000000004,0.8660254037844384,0.8660254037844386,0.5000000000000001,29,2.5694444444444446,24.0,18.1,0.0
MANUAL,2024-03-01 22:30:36,MANUAL_64,1.2333333333333334,1,3,Dry,22,38.0,0.332,6.1,-0.5000000000000004,0.8660254037844384,1.0,6.123233995736766e-17,34,2.5694444444444446,24.5,12.9,0.0
MANUAL,2024-03-01 23:01:08,MANUAL_64,1.4166666666666667,1,3,Dry,23,24.0,0.20666666666666667,4.2,-0.25881904510252157,0.9659258262890681,1.0,6.123233995736766e-17,42,1.2333333333333334,21.8,2.9,0.0
MANUAL,2024-03-02 00:33:55,MANUAL_65,1.45,1,3,Dry,0,54.0,0.14866666666666667,4.72,0.0,1.0,1.0,6.123233995736766e-17,3,2.5694444444444446,23.4,11.3,0.0
MANUAL,2024-03-02 08:17:13,MANUAL_66,1.1666666666666667,1,3,Dry,8,100.0,0.15933333333333335,3.5,0.8660254037844387,-0.4999999999999998,1.0,6.123233995736766e-17,8,2.5694444444444446,23.6,6.3,0.0
MANUAL,2024-03-02 08:27:56,MANUAL_66,1.3666666666666667,1,3,Dry,8,100.0,0.012,1.51,0.8660254037844387,-0.4999999999999998,1.0,6.123233995736766e-17,10,1.1666666666666667,23.6,6.3,0.0
MANUAL,2024-03-02 08:31:08,MANUAL_66,1.8333333333333335,1,3,Dry,8,72.0,0.14266666666666666,9.82,0.8660254037844387,-0.4999999999999998,1.0,6.123233995736766e-17,12,1.2666666666666666,23.6,6.3,0.0
MANUAL,2024-03-03 07:06:01,MANUAL_67,1.2333333333333334,1,3,Dry,7,65.0,0.13933333333333334,3.28,0.9659258262890683,-0.25881904510252063,1.0,6.123233995736766e-17,2,2.5694444444444446,21.2,6.5,0.0
MANUAL,2024-03-03 08:05:36,MANUAL_67,5.016666666666667,1,3,Dry,8,100.0,0.2846666666666666,19.7,0.8660254037844387,-0.4999999999999998,1.0,6.123233995736766e-17,7,1.2333333333333334,22.9,6.2,0.0
MANUAL,2024-03-03 17:20:35,MANUAL_68,1.1666666666666667,1,3,Dry,17,36.0,0.116,2.94,-0.9659258262890683,-0.25881904510252063,1.0,6.123233995736766e-17,10,2.5694444444444446,25.8,9.1,0.0
MANUAL,2024-03-03 18:12:00,MANUAL_68,1.4166666666666667,1,3,Dry,18,24.0,0.11466666666666667,4.48,-1.0,-1.8369701987210297e-16,1.0,6.123233995736766e-17,14,1.1666666666666667,23.7,5.1,0.0
MANUAL,2024-03-04 07:30:17,MANUAL_69,1.4833333333333334,1,3,Dry,7,60.0,0.1753333333333333,5.16,0.9659258262890683,-0.25881904510252063,1.0,6.123233995736766e-17,7,2.5694444444444446,21.9,6.2,0.0
MANUAL,2024-03-04 16:35:40,MANUAL_70,1.4833333333333334,1,3,Dry,16,67.0,0.038,1.91,-0.8660254037844385,-0.5000000000000004,1.0,6.123233995736766e-17,13,2.5694444444444446,26.4,12.5,0.1
MANUAL,2024-03-04 17:03:41,MANUAL_70,4.266666666666667,1,3,Dry,17,65.0,0.24466666666666667,13.6,-0.9659258262890683,-0.25881904510252063,1.0,6.123233995736766e-17,16,1.4833333333333334,25.2,10.4,0.0
MANUAL,2024-03-04 17:50:08,MANUAL_70,1.35,1,3,Dry,17,29.0,0.112,2.94,-0.9659258262890683,-0.25881904510252063,1.0,6.123233995736766e-17,20,2.875,25.2,10.4,0.0
MANUAL,2024-03-04 18:13:12,MANUAL_70,2.466666666666667,1,3,Dry,18,36.0,0.21066666666666667,7.38,-1.0,-1.8369701987210297e-16,1.0,6.123233995736766e-17,23,2.3666666666666667,24.1,8.7,0.0
MANUAL,2024-03-05 07:08:21,MANUAL_71,2.7666666666666666,1,3,Dry,7,63.0,0.37533333333333335,11.89,0.9659258262890683,-0.25881904510252063,1.0,6.123233995736766e-17,15,2.5694444444444446,22.7,5.4,0.0
MANUAL,2024-03-05 07:13:10,MANUAL_71,1.4,1,3,Dry,7,100.0,0.07733333333333332,4.8,0.9659258262890683,-0.25881904510252063,1.0,6.123233995736766e-17,16,2.7666666666666666,22.7,5.4,0.0
MANUAL,2024-03-05 07:15:50,MANUAL_71,3.45,1,3,Dry,7,68.0,0.272,17.9,0.9659258262890683,-0.25881904510252063,1.0,6.123233995736766e-17,18,2.083333333333333,22.7,5.4,0.0
MANUAL,2024-03-05 22:05:44,MANUAL_72,1.1666666666666667,1,3,Dry,22,83.0,0.032,0.93,-0.5000000000000004,0.8660254037844384,1.0,6.123233995736766e-17,37,2.5694444444444446,25.6,10.6,0.0
MANUAL,2024-03-06 02:07:11,MANUAL_73,1.0333333333333334,1,3,Dry,2,31.0,0.0,0.01,0.49999999999999994,0.8660254037844387,1.0,6.123233995736766e-17,11,2.5694444444444446,21.4,3.4,0.0
MANUAL,2024-03-06 02:21:55,MANUAL_73,1.0166666666666666,1,3,Dry,2,83.0,0.05333333333333334,2.34,0.49999999999999994,0.8660254037844387,1.0,6.123233995736766e-17,16,1.0333333333333334,21.4,3.4,0.0
MANUAL,2024-03-06 06:26:07,MANUAL_74,1.0166666666666666,1,3,Dry,6,22.0,0.08933333333333333,4.41,1.0,6.123233995736766e-17,1.0,6.123233995736766e-17,20,2.5694444444444446,20.3,6.1,0.0
MANUAL,2024-03-06 06:43:34,MANUAL_74,4.333333333333333,1,3,Dry,6,95.0,0.3893333333333333,19.34,1.0,6.123233995736766e-17,1.0,6.123233995736766e-17,21,1.0166666666666666,20.3,6.1,0.0
MANUAL,2024-03-06 07:06:55,MANUAL_74,1.5833333333333335,1,3,Dry,7,34.0,0.13866666666666666,8.02,0.9659258262890683,-0.25881904510252063,1.0,6.123233995736766e-17,25,2.675,23.4,6.2,0.0
MANUAL,2024-03-06 07:15:12,MANUAL_74,2.45,1,3,Dry,7,53.0,0.26266666666666666,17.81,0.9659258262890683,-0.25881904510252063,1.0,6.123233995736766e-17,28,2.3111111111111113,23.4,6.2,0.0
MANUAL,2024-03-06 08:16:29,MANUAL_75,2.2666666666666666,1,3,Dry,8,52.0,0.24800000000000003,4.71,0.8660254037844387,-0.4999999999999998,1.0,6.123233995736766e-17,39,2.5694444444444446,25.1,5.2,0.0
MANUAL,2024-03-07 17:37:35,MANUAL_76,7.233333333333333,1,3,Dry,17,100.0,0.894,32.42,-0.9659258262890683,-0.25881904510252063,1.0,6.123233995736766e-17,41,2.5694444444444446,26.8,15.5,0.0
MANUAL,2024-03-07 22:52:29,MANUAL_77,1.45,1,3,Dry,22,45.0,0.156,6.1,-0.5000000000000004,0.8660254037844384,1.0,6.123233995736766e-17,55,2.5694444444444446,24.7,11.8,0.0
MANUAL,2024-03-08 00:58:06,MANUAL_78,1.0666666666666667,1,3,Dry,0,49.0,0.0,0.15,0.0,1.0,1.0,6.123233995736766e-17,6,2.5694444444444446,21.1,6.1,0.1
MANUAL,2024-03-08 01:31:31,MANUAL_78,1.3333333333333333,1,3,Dry,1,26.0,0.306,4.58,0.25881904510252074,0.9659258262890683,1.0,6.123233995736766e-17,15,1.0666666666666667,20.0,5.2,0.0
MANUAL,2024-03-08 07:04:59,MANUAL_79,1.1166666666666667,1,3,Dry,7,37.0,0.11133333333333333,3.35,0.9659258262890683,-0.25881904510252063,1.0,6.123233995736766e-17,21,2.5694444444444446,21.2,6.3,0.0
MANUAL,2024-03-08 07:23:49,MANUAL_79,1.6,1,3,Dry,7,63.0,0.20933333333333334,1.82,0.9659258262890683,-0.25881904510252063,1.0,6.123233995736766e-17,25,1.1166666666666667,21.2,6.3,0.0
MANUAL,2024-03-08 08:17:11,MANUAL_79,2.05,1,3,Dry,8,100.0,0.17866666666666667,7.08,0.8660254037844387,-0.4999999999999998,1.0,6.123233995736766e-17,30,1.3583333333333334,23.0,7.2,0.0
MANUAL,2024-03-08 08:21:08,MANUAL_79,2.8333333333333335,1,3,Dry,8,61.0,0.292,7.83,0.8660254037844387,-0.4999999999999998,1.0,6.123233995736766e-17,32,1.5888888888888888,23.0,7.2,0.0
MANUAL,2024-03-08 08:26:02,MANUAL_79,1.0333333333333334,1,3,Dry,8,100.0,0.043333333333333335,1.97,0.8660254037844387,-0.4999999999999998,1.0,6.123233995736766e-17,33,2.161111111111111,23.0,7.2,0.0
MANUAL,2024-03-08 08:28:32,MANUAL_79,2.4333333333333336,1,3,Dry,8,76.0,0.14800000000000002,10.55,0.8660254037844387,-0.4999999999999998,1.0,6.123233995736766e-17,35,1.972222222222222,23.0,7.2,0.0
MANUAL,2024-03-08 16:38:06,MANUAL_80,1.7833333333333332,1,3,Dry,16,27.0,0.12533333333333332,5.85,-0.8660254037844385,-0.5000000000000004,1.0,6.123233995736766e-17,38,2.5694444444444446,28.0,12.0,0.0
MANUAL,2024-03-08 16:57:53,MANUAL_80,1.3166666666666667,1,3,Dry,16,47.0,0.10133333333333333,4.09,-0.8660254037844385,-0.5000000000000004,1.0,6.123233995736766e-17,40,1.7833333333333332,28.0,12.0,0.0
MANUAL,2024-03-08 17:54:21,MANUAL_80,3.2666666666666666,1,3,Dry,17,37.0,0.44933333333333336,12.74,-0.9659258262890683,-0.25881904510252063,1.0,6.123233995736766e-17,45,1.5499999999999998,26.1,10.0,0.0
MANUAL,2024-03-09 07:59:02,MANUAL_81,1.6,1,3,Dry,7,95.0,0.22466666666666668,9.62,0.9659258262890683,-0.25881904510252063,1.0,6.123233995736766e-17,21,2.5694444444444446,22.9,5.8,0.0
MANUAL,2024-03-09 08:04:44,MANUAL_81,1.4,1,3,Dry,8,49.0,0.16133333333333333,2.31,0.8660254037844387,-0.4999999999999998,1.0,6.123233995736766e-17,25,1.6,24.2,6.9,0.0
MANUAL,2024-03-09 16:57:52,MANUAL_82,1.2,1,3,Dry,16,100.0,0.002,0.24,-0.8660254037844385,-0.5000000000000004,1.0,6.123233995736766e-17,27,2.5694444444444446,27.1,18.3,0.0
MANUAL,2024-03-09 17:02:26,MANUAL_82,3.8333333333333335,1,3,Dry,17,43.0,0.29266666666666663,13.75,-0.9659258262890683,-0.25881904510252063,1.0,6.123233995736766e-17,29,1.2,25.7,16.6,0.0
MANUAL,2024-03-09 18:08:23,MANUAL_83,4.283333333333333,1,3,Dry,18,48.0,0.27799999999999997,15.76,-1.0,-1.8369701987210297e-16,1.0,6.123233995736766e-17,32,2.5694444444444446,24.2,11.1,0.0
MANUAL,2024-03-09 18:31:35,MANUAL_83,1.85,1,3,Dry,18,23.0,0.09266666666666666,5.8,-1.0,-1.8369701987210297e-16,1.0,6.123233995736766e-17,34,4.283333333333333,24.2,11.1,0.0
MANUAL,2024-03-10 07:43:35,MANUAL_84,2.1,1,3,Dry,7,46.0,0.10333333333333333,1.15,0.9659258262890683,-0.25881904510252063,1.0,6.123233995736766e-17,15,2.5694444444444446,22.6,6.1,0.0
MANUAL,2024-03-10 08:03:07,MANUAL_84,1.95,1,3,Dry,8,53.0,0.11800000000000001,6.19,0.8660254037844387,-0.4999999999999998,1.0,6.123233995736766e-17,19,2.1,24.2,7.9,0.0
MANUAL,2024-03-10 08:24:31,MANUAL_84,1.45,1,3,Dry,8,27.0,0.07933333333333333,6.79,0.8660254037844387,-0.4999999999999998,1.0,6.123233995736766e-17,23,2.025,24.2,7.9,0.0
MANUAL,2024-03-10 08:31:57,MANUAL_84,2.966666666666667,1,3,Dry,8,62.0,0.26866666666666666,15.97,0.8660254037844387,-0.4999999999999998,1.0,6.123233995736766e-17,25,1.8333333333333333,24.2,7.9,0.0
MANUAL,2024-03-11 06:50:34,MANUAL_85,1.05,1,3,Dry,6,24.0,0.19733333333333333,5.39,1.0,6.123233995736766e-17,1.0,6.123233995736766e-17,2,2.5694444444444446,17.6,5.4,0.0
MANUAL,2024-03-11 08:30:51,MANUAL_86,1.2166666666666668,1,3,Dry,8,100.0,0.07133333333333333,5.75,0.8660254037844387,-0.4999999999999998,1.0,6.123233995736766e-17,24,2.5694444444444446,24.4,7.7,0.0
MANUAL,2024-03-11 08:35:44,MANUAL_86,1.6666666666666665,1,3,Dry,8,52.0,0.162,6.78,0.8660254037844387,-0.4999999999999998,1.0,6.123233995736766e-17,27,1.2166666666666668,24.4,7.7,0.0
MANUAL,2024-03-12 00:40:08,MANUAL_87,1.1833333333333333,1,3,Dry,0,82.0,0.064,4.06,0.0,1.0,1.0,6.123233995736766e-17,3,2.5694444444444446,22.2,8.9,0.0
MANUAL,2024-03-12 01:15:44,MANUAL_87,1.7,1,3,Dry,1,50.0,0.13133333333333333,8.79,0.25881904510252074,0.9659258262890683,1.0,6.123233995736766e-17,10,1.1833333333333333,21.9,9.2,0.0
MANUAL,2024-03-12 06:57:07,MANUAL_88,1.4333333333333333,1,3,Dry,6,53.0,0.05266666666666667,3.14,1.0,6.123233995736766e-17,1.0,6.123233995736766e-17,16,2.5694444444444446,20.2,5.8,0.0
MANUAL,2024-03-12 07:11:17,MANUAL_88,1.3666666666666667,1,3,Dry,7,33.0,0.02666666666666667,2.26,0.9659258262890683,-0.25881904510252063,1.0,6.123233995736766e-17,20,1.4333333333333333,23.3,4.5,0.0
MANUAL,2024-03-13 08:23:51,MANUAL_89,1.45,1,3,Dry,8,44.0,0.19466666666666665,5.72,0.8660254037844387,-0.4999999999999998,1.0,6.123233995736766e-17,5,2.5694444444444446,24.4,5.6,0.0
MANUAL,2024-03-13 08:28:40,MANUAL_89,1.2166666666666668,1,3,Dry,8,100.0,0.08600000000000001,5.09,0.8660254037844387,-0.4999999999999998,1.0,6.123233995736766e-17,6,1.45,24.4,5.6,0.0
MANUAL,2024-03-13 08:31:06,MANUAL_89,3.4333333333333336,1,3,Dry,8,73.0,0.3333333333333333,20.36,0.8660254037844387,-0.4999999999999998,1.0,6.123233995736766e-17,8,1.3333333333333335,24.4,5.6,0.0
MANUAL,2024-03-13 17:15:47,MANUAL_90,2.4333333333333336,1,3,Dry,17,68.0,0.23133333333333334,7.02,-0.9659258262890683,-0.25881904510252063,1.0,6.123233995736766e-17,15,2.5694444444444446,26.5,17.7,0.0
MANUAL,2024-03-13 17:36:54,MANUAL_90,1.7166666666666668,1,3,Dry,17,31.0,0.092,6.12,-0.9659258262890683,-0.25881904510252063,1.0,6.123233995736766e-17,17,2.4333333333333336,26.5,17.7,0.0
MANUAL,2024-03-14 06:51:49,MANUAL_91,1.1666666666666667,1,3,Dry,6,20.0,0.054000000000000006,2.96,1.0,6.123233995736766e-17,1.0,6.123233995736766e-17,4,2.5694444444444446,18.4,6.1,0.0
MANUAL,2024-03-14 07:15:28,MANUAL_91,3.966666666666667,1,3,Dry,7,98.0,0.51,31.65,0.9659258262890683,-0.25881904510252063,1.0,6.123233995736766e-17,5,1.1666666666666667,22.0,7.2,0.0
MANUAL,2024-03-14 07:37:28,MANUAL_91,1.45,1,3,Dry,7,40.0,0.14400000000000002,4.66,0.9659258262890683,-0.25881904510252063,1.0,6.123233995736766e-17,9,2.566666666666667,22.0,7.2,0.0
MANUAL,2024-03-14 07:45:29,MANUAL_91,3.0,1,3,Dry,7,51.0,0.446,22.7,0.9659258262890683,-0.25881904510252063,1.0,6.123233995736766e-17,11,2.1944444444444446,22.0,7.2,0.0
MANUAL,2024-03-14 08:22:30,MANUAL_91,2.033333333333333,1,3,Dry,8,58.0,0.13866666666666666,11.11,0.8660254037844387,-0.4999999999999998,1.0,6.123233995736766e-17,20,2.805555555555556,24.0,5.5,0.0
MANUAL,2024-03-14 17:32:00,MANUAL_92,1.3833333333333333,1,3,Dry,17,100.0,0.21200000000000002,10.22,-0.9659258262890683,-0.25881904510252063,1.0,6.123233995736766e-17,30,2.5694444444444446,26.6,12.9,0.0
MANUAL,2024-03-14 17:38:58,MANUAL_92,1.2166666666666668,1,3,Dry,17,38.0,0.094,1.69,-0.9659258262890683,-0.25881904510252063,1.0,6.123233995736766e-17,34,1.3833333333333333,26.6,12.9,0.0
MANUAL,2024-03-15 07:38:28,MANUAL_93,1.2166666666666668,1,3,Dry,7,48.0,0.05,2.26,0.9659258262890683,-0.25881904510252063,1.0,6.123233995736766e-17,17,2.5694444444444446,23.5,7.3,0.0
MANUAL,2024-03-16 06:36:58,MANUAL_94,1.3833333333333333,1,3,Dry,6,39.0,0.15133333333333335,5.21,1.0,6.123233995736766e-17,1.0,6.123233995736766e-17,4,2.5694444444444446,19.8,5.2,0.0
MANUAL,2024-03-16 06:40:53,MANUAL_94,1.3333333333333333,1,3,Dry,6,100.0,0.06933333333333333,3.94,1.0,6.123233995736766e-17,1.0,6.123233995736766e-17,5,1.3833333333333333,19.8,5.2,0.0
MANUAL,2024-03-16 06:43:20,MANUAL_94,3.5166666666666666,1,3,Dry,6,72.0,0.40800000000000003,22.49,1.0,6.123233995736766e-17,1.0,6.123233995736766e-17,7,1.3583333333333334,19.8,5.2,0.0
MANUAL,2024-03-16 17:30:47,MANUAL_95,5.716666666666667,1,3,Dry,17,100.0,0.39466666666666667,24.2,-0.9659258262890683,-0.25881904510252063,1.0,6.123233995736766e-17,10,2.5694444444444446,25.9,15.0,0.0
MANUAL,2024-03-17 06:02:45,MANUAL_96,1.4666666666666668,1,3,Dry,6,24.0,0.059333333333333335,2.77,1.0,6.123233995736766e-17,1.0,6.123233995736766e-17,1,2.5694444444444446,18.8,5.8,0.0
MANUAL,2024-03-17 06:58:07,MANUAL_96,1.0333333333333334,1,3,Dry,6,100.0,0.10466666666666667,4.4,1.0,6.123233995736766e-17,1.0,6.123233995736766e-17,10,1.4666666666666668,18.8,5.8,0.0
MANUAL,2024-03-17 07:00:56,MANUAL_96,1.6666666666666665,1,3,Dry,7,76.0,0.08933333333333333,5.68,0.9659258262890683,-0.25881904510252063,1.0,6.123233995736766e-17,12,1.25,22.0,5.0,0.0
MANUAL,2024-03-18 06:52:10,MANUAL_97,1.7333333333333334,1,3,Dry,6,35.0,0.15866666666666665,3.13,1.0,6.123233995736766e-17,1.0,6.123233995736766e-17,14,2.5694444444444446,18.8,3.5,0.0
MANUAL,2024-03-18 07:14:25,MANUAL_97,1.45,1,3,Dry,7,23.0,0.142,4.56,0.9659258262890683,-0.25881904510252063,1.0,6.123233995736766e-17,19,1.7333333333333334,21.5,4.3,0.0
MANUAL,2024-03-18 07:42:36,MANUAL_97,2.4166666666666665,1,3,Dry,7,100.0,0.21666666666666667,4.41,0.9659258262890683,-0.25881904510252063,1.0,6.123233995736766e-17,26,1.5916666666666668,21.5,4.3,0.0
MANUAL,2024-03-18 07:48:03,MANUAL_97,3.8,1,3,Dry,7,43.0,0.6113333333333333,15.92,0.9659258262890683,-0.25881904510252063,1.0,6.123233995736766e-17,29,1.8666666666666665,21.5,4.3,0.0
MANUAL,2024-03-18 16:18:24,MANUAL_98,2.4166666666666665,1,3,Dry,16,35.0,0.25933333333333336,10.38,-0.8660254037844385,-0.5000000000000004,1.0,6.123233995736766e-17,33,2.5694444444444446,28.8,14.1,0.0
MANUAL,2024-03-18 16:57:42,MANUAL_98,1.5,1,3,Dry,16,74.0,0.19533333333333333,4.9,-0.8660254037844385,-0.5000000000000004,1.0,6.123233995736766e-17,46,2.4166666666666665,28.8,14.1,0.0
MANUAL,2024-03-18 17:57:14,MANUAL_98,1.4666666666666668,1,3,Dry,17,43.0,0.206,3.75,-0.9659258262890683,-0.25881904510252063,1.0,6.123233995736766e-17,56,1.9583333333333333,27.0,14.3,0.0
MANUAL,2024-03-18 21:52:14,MANUAL_99,1.0666666666666667,1,3,Dry,21,47.0,0.030000000000000002,0.43,-0.7071067811865477,0.7071067811865474,1.0,6.123233995736766e-17,61,2.5694444444444446,25.7,7.6,0.0
MANUAL,2024-03-18 22:20:37,MANUAL_99,1.3333333333333333,1,3,Dry,22,66.0,0.12333333333333334,5.94,-0.5000000000000004,0.8660254037844384,1.0,6.123233995736766e-17,69,1.0666666666666667,25.0,6.8,0.0
MANUAL,2024-03-18 23:03:41,MANUAL_99,1.2166666666666668,1,3,Dry,23,76.0,0.08800000000000001,2.2,-0.25881904510252157,0.9659258262890681,1.0,6.123233995736766e-17,77,1.2,24.3,7.4,0.0
MANUAL,2024-03-19 01:25:10,MANUAL_100,2.2666666666666666,1,3,Dry,1,77.0,0.3093333333333333,9.89,0.25881904510252074,0.9659258262890683,1.0,6.123233995736766e-17,13,2.5694444444444446,23.4,10.5,0.0
MANUAL,2024-03-20 08:08:49,MANUAL_101,1.4,1,3,Dry,8,100.0,0.07333333333333333,5.75,0.8660254037844387,-0.4999999999999998,1.0,6.123233995736766e-17,19,2.5694444444444446,24.1,5.3,0.0
MANUAL,2024-03-20 08:11:23,MANUAL_101,3.183333333333333,1,3,Dry,8,65.0,0.412,24.6,0.8660254037844387,-0.4999999999999998,1.0,6.123233995736766e-17,21,1.4,24.1,5.3,0.0
MANUAL,2024-03-21 01:20:29,MANUAL_102,1.5666666666666667,1,3,Dry,1,28.0,0.24933333333333335,6.14,0.25881904510252074,0.9659258262890683,1.0,6.123233995736766e-17,13,2.5694444444444446,24.3,7.2,0.0
MANUAL,2024-03-21 07:24:37,MANUAL_103,3.7666666666666666,1,3,Dry,7,93.0,0.5686666666666667,30.59,0.9659258262890683,-0.25881904510252063,1.0,6.123233995736766e-17,18,2.5694444444444446,22.8,5.0,0.0
MANUAL,2024-03-21 07:46:15,MANUAL_103,1.55,1,3,Dry,7,42.0,0.16466666666666668,6.52,0.9659258262890683,-0.25881904510252063,1.0,6.123233995736766e-17,22,3.7666666666666666,22.8,5.0,0.0
MANUAL,2024-03-21 07:53:55,MANUAL_103,2.6,1,3,Dry,7,56.0,0.356,14.82,0.9659258262890683,-0.25881904510252063,1.0,6.123233995736766e-17,25,2.658333333333333,22.8,5.0,0.0
MANUAL,2024-03-21 08:36:09,MANUAL_103,1.1,1,3,Dry,8,21.0,0.17466666666666666,3.61,0.8660254037844387,-0.4999999999999998,1.0,6.123233995736766e-17,38,2.638888888888889,24.4,6.1,0.0
MANUAL,2024-03-22 07:39:46,MANUAL_104,1.25,1,3,Dry,7,18.0,0.056666666666666664,2.47,0.9659258262890683,-0.25881904510252063,1.0,6.123233995736766e-17,28,2.5694444444444446,22.5,5.4,0.0
MANUAL,2024-03-22 16:45:59,MANUAL_105,1.2666666666666666,1,3,Dry,16,44.0,0.22533333333333333,3.43,-0.8660254037844385,-0.5000000000000004,1.0,6.123233995736766e-17,44,2.5694444444444446,28.4,16.9,0.0
MANUAL,2024-03-22 17:28:37,MANUAL_105,1.35,1,3,Dry,17,44.0,0.004,0.35,-0.9659258262890683,-0.25881904510252063,1.0,6.123233995736766e-17,54,1.2666666666666666,27.6,11.7,0.0
MANUAL,2024-03-22 21:56:18,MANUAL_106,1.05,1,3,Dry,21,81.0,0.076,1.71,-0.7071067811865477,0.7071067811865474,1.0,6.123233995736766e-17,67,2.5694444444444446,25.1,16.1,0.0
MANUAL,2024-03-23 18:13:37,MANUAL_107,1.4166666666666667,1,3,Dry,18,45.0,0.09666666666666666,2.56,-1.0,-1.8369701987210297e-16,1.0,6.123233995736766e-17,16,2.5694444444444446,25.5,9.7,0.0
MANUAL,2024-03-23 18:26:49,MANUAL_107,3.8333333333333335,1,3,Dry,18,66.0,0.33666666666666667,13.33,-1.0,-1.8369701987210297e-16,1.0,6.123233995736766e-17,18,1.4166666666666667,25.5,9.7,0.0
MANUAL,2024-03-24 07:03:06,MANUAL_108,2.3166666666666664,1,3,Dry,7,35.0,0.32933333333333337,12.74,0.9659258262890683,-0.25881904510252063,1.0,6.123233995736766e-17,4,2.5694444444444446,24.0,6.2,0.0
MANUAL,2024-03-24 07:08:23,MANUAL_108,1.4166666666666667,1,3,Dry,7,100.0,0.10266666666666667,4.27,0.9659258262890683,-0.25881904510252063,1.0,6.123233995736766e-17,5,2.3166666666666664,24.0,6.2,0.0
MANUAL,2024-03-24 07:11:21,MANUAL_108,4.633333333333333,1,3,Dry,7,64.0,0.39266666666666666,21.43,0.9659258262890683,-0.25881904510252063,1.0,6.123233995736766e-17,7,1.8666666666666667,24.0,6.2,0.0
MANUAL,2024-03-24 07:26:05,MANUAL_108,3.9,1,3,Dry,7,100.0,0.3393333333333333,21.51,0.9659258262890683,-0.25881904510252063,1.0,6.123233995736766e-17,8,2.788888888888889,24.0,6.2,0.0
MANUAL,2024-03-25 06:20:05,MANUAL_109,1.2166666666666668,1,3,Dry,6,32.0,0.048666666666666664,1.28,1.0,6.123233995736766e-17,1.0,6.123233995736766e-17,3,2.5694444444444446,22.1,3.5,0.0
MANUAL,2024-03-25 06:32:11,MANUAL_109,1.35,1,3,Dry,6,18.0,0.04733333333333333,1.78,1.0,6.123233995736766e-17,1.0,6.123233995736766e-17,10,1.2166666666666668,22.1,3.5,0.0
MANUAL,2024-03-25 06:35:42,MANUAL_109,1.9166666666666665,1,3,Dry,6,100.0,0.3173333333333333,13.65,1.0,6.123233995736766e-17,1.0,6.123233995736766e-17,11,1.2833333333333334,22.1,3.5,0.0
MANUAL,2024-03-25 06:40:54,MANUAL_109,2.35,1,3,Dry,6,43.0,0.188,7.73,1.0,6.123233995736766e-17,1.0,6.123233995736766e-17,14,1.4944444444444445,22.1,3.5,0.0
MANUAL,2024-03-25 06:57:37,MANUAL_109,1.7166666666666668,1,3,Dry,6,49.0,0.21666666666666667,10.33,1.0,6.123233995736766e-17,1.0,6.123233995736766e-17,17,1.8722222222222225,22.1,3.5,0.0
MANUAL,2024-03-25 07:26:07,MANUAL_109,1.8833333333333333,1,3,Dry,7,65.0,0.30733333333333335,6.13,0.9659258262890683,-0.25881904510252063,1.0,6.123233995736766e-17,26,1.9944444444444447,24.0,5.4,0.0
MANUAL,2024-03-25 07:45:14,MANUAL_109,1.5333333333333332,1,3,Dry,7,23.0,0.17200000000000001,4.16,0.9659258262890683,-0.25881904510252063,1.0,6.123233995736766e-17,28,1.9833333333333334,24.0,5.4,0.0
MANUAL,2024-03-25 17:09:46,MANUAL_110,1.1666666666666667,1,3,Dry,17,17.0,0.052000000000000005,1.43,-0.9659258262890683,-0.25881904510252063,1.0,6.123233995736766e-17,41,2.5694444444444446,27.4,10.5,0.0
MANUAL,2024-03-25 21:43:39,MANUAL_111,1.1,1,3,Dry,21,29.0,0.07933333333333333,3.93,-0.7071067811865477,0.7071067811865474,1.0,6.123233995736766e-17,59,2.5694444444444446,26.8,9.6,0.0
MANUAL,2024-03-25 22:36:19,MANUAL_111,1.1833333333333333,1,3,Dry,22,49.0,0.08133333333333333,3.59,-0.5000000000000004,0.8660254037844384,1.0,6.123233995736766e-17,69,1.1,26.5,9.2,0.0
MANUAL,2024-03-26 01:27:32,MANUAL_112,1.5833333333333335,1,3,Dry,1,59.0,0.13666666666666666,4.12,0.25881904510252074,0.9659258262890683,1.0,6.123233995736766e-17,8,2.5694444444444446,25.3,8.7,0.0
MANUAL,2024-03-26 06:21:40,MANUAL_113,4.15,1,3,Dry,6,99.0,0.5586666666666668,26.02,1.0,6.123233995736766e-17,1.0,6.123233995736766e-17,13,2.5694444444444446,22.4,4.6,0.0
MANUAL,2024-03-26 06:43:02,MANUAL_113,1.4333333333333333,1,3,Dry,6,35.0,0.16533333333333333,6.54,1.0,6.123233995736766e-17,1.0,6.123233995736766e-17,17,4.15,22.4,4.6,0.0
MANUAL,2024-03-26 06:50:44,MANUAL_113,2.6166666666666667,1,3,Dry,6,58.0,0.3393333333333333,16.68,1.0,6.123233995736766e-17,1.0,6.123233995736766e-17,20,2.791666666666667,22.4,4.6,0.0
MANUAL,2024-03-26 07:25:49,MANUAL_113,1.1833333333333333,1,3,Dry,7,71.0,0.10666666666666667,4.19,0.9659258262890683,-0.25881904510252063,1.0,6.123233995736766e-17,30,2.733333333333333,25.2,4.4,0.0
MANUAL,2024-03-26 17:12:59,MANUAL_114,1.15,1,3,Dry,17,39.0,0.05466666666666666,2.93,-0.9659258262890683,-0.25881904510252063,1.0,6.123233995736766e-17,40,2.5694444444444446,26.5,7.9,0.9
MANUAL,2024-03-26 17:16:05,MANUAL_114,1.1166666666666667,1,3,Dry,17,100.0,0.12066666666666667,4.68,-0.9659258262890683,-0.25881904510252063,1.0,6.123233995736766e-17,41,1.15,26.5,7.9,0.9
MANUAL,2024-03-26 17:22:54,MANUAL_114,1.4833333333333334,1,3,Dry,17,33.0,0.13933333333333334,5.26,-0.9659258262890683,-0.25881904510252063,1.0,6.123233995736766e-17,45,1.1333333333333333,26.5,7.9,0.9
MANUAL,2024-03-26 18:01:01,MANUAL_114,1.4333333333333333,1,3,Dry,18,42.0,0.16333333333333336,6.07,-1.0,-1.8369701987210297e-16,1.0,6.123233995736766e-17,51,1.25,25.6,7.9,0.0
MANUAL,2024-03-26 21:39:08,MANUAL_115,1.0666666666666667,1,3,Dry,21,42.0,0.082,3.93,-0.7071067811865477,0.7071067811865474,1.0,6.123233995736766e-17,65,2.5694444444444446,24.3,4.6,0.0
MANUAL,2024-03-26 22:18:32,MANUAL_115,1.0333333333333334,1,3,Dry,22,76.0,0.034666666666666665,2.3,-0.5000000000000004,0.8660254037844384,1.0,6.123233995736766e-17,72,1.0666666666666667,26.1,8.3,0.0
MANUAL,2024-03-27 01:29:22,MANUAL_116,1.1,1,3,Dry,1,36.0,0.07733333333333332,2.11,0.25881904510252074,0.9659258262890683,1.0,6.123233995736766e-17,16,2.5694444444444446,24.6,10.8,0.0
MANUAL,2024-03-27 17:25:29,MANUAL_117,1.5166666666666666,1,3,Dry,17,100.0,0.10733333333333334,2.43,-0.9659258262890683,-0.25881904510252063,1.0,6.123233995736766e-17,31,2.5694444444444446,27.5,10.4,0.0
MANUAL,2024-03-27 17:31:06,MANUAL_117,1.7666666666666666,1,3,Dry,17,47.0,0.07400000000000001,3.89,-0.9659258262890683,-0.25881904510252063,1.0,6.123233995736766e-17,34,1.5166666666666666,27.5,10.4,0.0
MANUAL,2024-03-27 18:05:54,MANUAL_117,1.5166666666666666,1,3,Dry,18,28.0,0.08266666666666667,6.42,-1.0,-1.8369701987210297e-16,1.0,6.123233995736766e-17,41,1.6416666666666666,26.0,7.3,0.0
MANUAL,2024-03-27 18:10:39,MANUAL_117,1.3,1,3,Dry,18,100.0,0.094,2.74,-1.0,-1.8369701987210297e-16,1.0,6.123233995736766e-17,42,1.5999999999999999,26.0,7.3,0.0
MANUAL,2024-03-27 18:15:18,MANUAL_117,2.5,1,3,Dry,18,52.0,0.1713333333333333,13.04,-1.0,-1.8369701987210297e-16,1.0,6.123233995736766e-17,43,1.5277777777777777,26.0,7.3,0.0
MANUAL,2024-03-27 22:07:08,MANUAL_118,1.4333333333333333,1,3,Dry,22,60.0,0.23399999999999999,3.27,-0.5000000000000004,0.8660254037844384,1.0,6.123233995736766e-17,56,2.5694444444444446,24.1,3.0,0.0
MANUAL,2024-03-28 01:04:44,MANUAL_119,1.2166666666666668,1,3,Dry,1,25.0,0.142,2.18,0.25881904510252074,0.9659258262890683,1.0,6.123233995736766e-17,10,2.5694444444444446,24.9,8.3,0.0
MANUAL,2024-03-28 01:23:37,MANUAL_119,1.4833333333333334,1,3,Dry,1,57.0,0.16933333333333334,5.21,0.25881904510252074,0.9659258262890683,1.0,6.123233995736766e-17,14,1.2166666666666668,24.9,8.3,0.0
MANUAL,2024-03-28 07:02:18,MANUAL_120,3.033333333333333,1,3,Dry,7,38.0,0.258,15.55,0.9659258262890683,-0.25881904510252063,1.0,6.123233995736766e-17,19,2.5694444444444446,24.9,6.6,0.0
MANUAL,2024-03-28 07:07:46,MANUAL_120,3.466666666666667,1,3,Dry,7,100.0,0.3013333333333333,17.31,0.9659258262890683,-0.25881904510252063,1.0,6.123233995736766e-17,20,3.033333333333333,24.9,6.6,0.0
MANUAL,2024-03-28 07:12:26,MANUAL_120,2.5666666666666664,1,3,Dry,7,46.0,0.30666666666666664,13.49,0.9659258262890683,-0.25881904510252063,1.0,6.123233995736766e-17,22,3.25,24.9,6.6,0.0
MANUAL,2024-03-28 07:23:37,MANUAL_120,3.65,1,3,Dry,7,100.0,0.36533333333333334,18.9,0.9659258262890683,-0.25881904510252063,1.0,6.123233995736766e-17,23,3.022222222222222,24.9,6.6,0.0
MANUAL,2024-03-30 07:01:48,MANUAL_121,2.2,1,3,Dry,7,51.0,0.242,5.15,0.9659258262890683,-0.25881904510252063,1.0,6.123233995736766e-17,14,2.5694444444444446,23.2,4.8,0.0
MANUAL,2024-03-30 07:18:39,MANUAL_121,1.6833333333333333,1,3,Dry,7,55.0,0.23466666666666666,9.38,0.9659258262890683,-0.25881904510252063,1.0,6.123233995736766e-17,17,2.2,23.2,4.8,0.0
MANUAL,2024-03-30 07:44:59,MANUAL_121,1.4333333333333333,1,3,Dry,7,66.0,0.22733333333333333,3.38,0.9659258262890683,-0.25881904510252063,1.0,6.123233995736766e-17,26,1.9416666666666669,23.2,4.8,0.0
MANUAL,2024-03-30 08:05:49,MANUAL_121,1.4,1,3,Dry,8,23.0,0.13666666666666666,5.16,0.8660254037844387,-0.4999999999999998,1.0,6.123233995736766e-17,29,1.7722222222222221,25.1,5.3,0.0
MANUAL,2024-04-01 17:40:56,MANUAL_122,1.65,1,4,Dry,17,54.0,0.17600000000000002,7.11,-0.9659258262890683,-0.25881904510252063,0.8660254037844387,-0.4999999999999998,12,2.5694444444444446,28.4,15.4,0.0
MANUAL,2024-04-01 17:45:22,MANUAL_122,1.5333333333333332,1,4,Dry,17,99.0,0.08666666666666667,6.91,-0.9659258262890683,-0.25881904510252063,0.8660254037844387,-0.4999999999999998,13,1.65,28.4,15.4,0.0
MANUAL,2024-04-01 17:48:01,MANUAL_122,2.966666666666667,1,4,Dry,17,69.0,0.32066666666666666,21.1,-0.9659258262890683,-0.25881904510252063,0.8660254037844387,-0.4999999999999998,15,1.5916666666666666,28.4,15.4,0.0
MANUAL,2024-04-01 17:59:44,MANUAL_122,3.966666666666667,1,4,Dry,17,100.0,0.42,34.02,-0.9659258262890683,-0.25881904510252063,0.8660254037844387,-0.4999999999999998,16,2.0500000000000003,28.4,15.4,0.0
MANUAL,2024-04-02 06:18:55,MANUAL_123,1.3166666666666667,1,4,Dry,6,25.0,0.128,2.39,1.0,6.123233995736766e-17,0.8660254037844387,-0.4999999999999998,17,2.5694444444444446,20.5,4.7,0.0
MANUAL,2024-04-02 06:29:56,MANUAL_123,1.1833333333333333,1,4,Dry,6,12.0,0.006,0.49,1.0,6.123233995736766e-17,0.8660254037844387,-0.4999999999999998,21,1.3166666666666667,20.5,4.7,0.0
MANUAL,2024-04-02 06:47:30,MANUAL_123,1.5666666666666667,1,4,Dry,6,46.0,0.1753333333333333,8.74,1.0,6.123233995736766e-17,0.8660254037844387,-0.4999999999999998,25,1.25,20.5,4.7,0.0
MANUAL,2024-04-02 07:52:16,MANUAL_124,1.6666666666666665,1,4,Dry,7,27.0,0.30666666666666664,11.43,0.9659258262890683,-0.25881904510252063,0.8660254037844387,-0.4999999999999998,36,2.5694444444444446,24.0,4.4,0.0
MANUAL,2024-04-02 16:39:08,MANUAL_125,1.2,1,4,Dry,16,25.0,0.08333333333333333,1.89,-0.8660254037844385,-0.5000000000000004,0.8660254037844387,-0.4999999999999998,39,2.5694444444444446,28.5,16.0,0.2
MANUAL,2024-04-02 17:08:28,MANUAL_125,1.1333333333333333,1,4,Dry,17,47.0,0.020666666666666667,0.89,-0.9659258262890683,-0.25881904510252063,0.8660254037844387,-0.4999999999999998,45,1.2,27.0,13.8,0.1
MANUAL,2024-04-02 17:28:40,MANUAL_125,1.8,1,4,Dry,17,83.0,0.14800000000000002,7.3,-0.9659258262890683,-0.25881904510252063,0.8660254037844387,-0.4999999999999998,48,1.1666666666666665,27.0,13.8,0.1
MANUAL,2024-04-02 17:34:04,MANUAL_125,1.6166666666666667,1,4,Dry,17,29.0,0.15666666666666668,8.3,-0.9659258262890683,-0.25881904510252063,0.8660254037844387,-0.4999999999999998,52,1.3777777777777775,27.0,13.8,0.1
MANUAL,2024-04-02 17:37:52,MANUAL_125,1.0666666666666667,1,4,Dry,17,100.0,0.11,3.68,-0.9659258262890683,-0.25881904510252063,0.8660254037844387,-0.4999999999999998,53,1.5166666666666666,27.0,13.8,0.1
MANUAL,2024-04-02 17:43:58,MANUAL_125,1.6333333333333333,1,4,Dry,17,35.0,0.11533333333333333,6.24,-0.9659258262890683,-0.25881904510252063,0.8660254037844387,-0.4999999999999998,57,1.4944444444444445,27.0,13.8,0.1
MANUAL,2024-04-02 17:54:48,MANUAL_125,4.883333333333333,1,4,Dry,17,100.0,0.362,32.43,-0.9659258262890683,-0.25881904510252063,0.8660254037844387,-0.4999999999999998,58,1.4388888888888889,27.0,13.8,0.1
MANUAL,2024-04-03 06:43:35,MANUAL_126,1.5,1,4,Dry,6,100.0,0.15933333333333335,12.34,1.0,6.123233995736766e-17,0.8660254037844387,-0.4999999999999998,23,2.5694444444444446,20.8,3.7,0.0
MANUAL,2024-04-03 07:22:30,MANUAL_126,1.4666666666666668,1,4,Dry,7,44.0,0.15466666666666665,5.47,0.9659258262890683,-0.25881904510252063,0.8660254037844387,-0.4999999999999998,31,1.5,24.0,5.9,0.0
MANUAL,2024-04-04 01:02:21,MANUAL_127,1.0166666666666666,1,4,Dry,1,81.0,0.0033333333333333335,0.65,0.25881904510252074,0.9659258262890683,0.8660254037844387,-0.4999999999999998,9,2.5694444444444446,24.8,12.9,0.0
MANUAL,2024-04-04 06:51:35,MANUAL_128,1.0833333333333333,1,4,Dry,6,98.0,0.13466666666666666,2.61,1.0,6.123233995736766e-17,0.8660254037844387,-0.4999999999999998,17,2.5694444444444446,22.1,3.3,0.0
MANUAL,2024-04-04 06:54:29,MANUAL_128,1.9166666666666665,1,4,Dry,6,73.0,0.24466666666666667,9.79,1.0,6.123233995736766e-17,0.8660254037844387,-0.4999999999999998,19,1.0833333333333333,22.1,3.3,0.0
MANUAL,2024-04-04 07:18:14,MANUAL_128,1.0666666666666667,1,4,Dry,7,21.0,0.076,1.56,0.9659258262890683,-0.25881904510252063,0.8660254037844387,-0.4999999999999998,23,1.5,25.0,6.6,0.0
MANUAL,2024-04-05 07:07:11,MANUAL_129,1.0333333333333334,1,4,Dry,7,19.0,0.02666666666666667,1.65,0.9659258262890683,-0.25881904510252063,0.8660254037844387,-0.4999999999999998,20,2.5694444444444446,24.8,5.8,0.0
MANUAL,2024-04-05 22:25:05,MANUAL_130,1.35,1,4,Dry,22,61.0,0.12866666666666665,2.02,-0.5000000000000004,0.8660254037844384,0.8660254037844387,-0.4999999999999998,30,2.5694444444444446,26.2,12.1,0.0
MANUAL,2024-04-06 06:37:54,MANUAL_131,1.8666666666666667,1,4,Dry,6,95.0,0.19866666666666666,14.96,1.0,6.123233995736766e-17,0.8660254037844387,-0.4999999999999998,8,2.5694444444444446,23.9,4.7,0.0
MANUAL,2024-04-06 06:42:26,MANUAL_131,1.6333333333333333,1,4,Dry,6,51.0,0.20199999999999999,6.62,1.0,6.123233995736766e-17,0.8660254037844387,-0.4999999999999998,10,1.8666666666666667,23.9,4.7,0.0
MANUAL,2024-04-06 06:46:05,MANUAL_131,4.833333333333333,1,4,Dry,6,100.0,0.258,26.73,1.0,6.123233995736766e-17,0.8660254037844387,-0.4999999999999998,11,1.75,23.9,4.7,0.0
MANUAL,2024-04-06 06:52:26,MANUAL_131,1.2,1,4,Dry,6,33.0,0.08533333333333333,4.03,1.0,6.123233995736766e-17,0.8660254037844387,-0.4999999999999998,13,2.7777777777777772,23.9,4.7,0.0
MANUAL,2024-04-06 22:23:36,MANUAL_132,1.15,1,4,Dry,22,100.0,0.20666666666666667,2.02,-0.5000000000000004,0.8660254037844384,0.8660254037844387,-0.4999999999999998,17,2.5694444444444446,25.1,12.4,0.0
MANUAL,2024-04-07 06:37:10,MANUAL_133,1.5333333333333332,1,4,Dry,6,23.0,0.07466666666666667,2.93,1.0,6.123233995736766e-17,0.8660254037844387,-0.4999999999999998,1,2.5694444444444446,21.1,5.6,0.0
MANUAL,2024-04-07 07:00:41,MANUAL_133,1.1666666666666667,1,4,Dry,7,82.0,0.184,4.65,0.9659258262890683,-0.25881904510252063,0.8660254037844387,-0.4999999999999998,7,1.5333333333333332,24.1,8.9,0.0
MANUAL,2024-04-07 07:43:36,MANUAL_133,1.3333333333333333,1,4,Dry,7,100.0,0.23733333333333334,6.27,0.9659258262890683,-0.25881904510252063,0.8660254037844387,-0.4999999999999998,17,1.35,24.1,8.9,0.0
MANUAL,2024-04-07 07:49:02,MANUAL_133,1.4,1,4,Dry,7,51.0,0.03666666666666667,1.62,0.9659258262890683,-0.25881904510252063,0.8660254037844387,-0.4999999999999998,21,1.3444444444444443,24.1,8.9,0.0
MANUAL,2024-04-07 07:52:19,MANUAL_133,2.033333333333333,1,4,Dry,7,100.0,0.41733333333333333,13.7,0.9659258262890683,-0.25881904510252063,0.8660254037844387,-0.4999999999999998,22,1.3,24.1,8.9,0.0
MANUAL,2024-04-07 07:57:19,MANUAL_133,1.2833333333333332,1,4,Dry,7,49.0,0.22,5.22,0.9659258262890683,-0.25881904510252063,0.8660254037844387,-0.4999999999999998,25,1.5888888888888888,24.1,8.9,0.0
MANUAL,2024-04-08 06:41:15,MANUAL_134,1.5333333333333332,1,4,Dry,6,25.0,0.12466666666666668,4.23,1.0,6.123233995736766e-17,0.8660254037844387,-0.4999999999999998,6,2.5694444444444446,19.5,7.6,0.0
MANUAL,2024-04-08 06:58:11,MANUAL_134,1.7333333333333334,1,4,Dry,6,43.0,0.11666666666666667,6.75,1.0,6.123233995736766e-17,0.8660254037844387,-0.4999999999999998,10,1.5333333333333332,19.5,7.6,0.0
MANUAL,2024-04-08 07:48:43,MANUAL_134,1.8833333333333333,1,4,Dry,7,56.0,0.27666666666666667,8.72,0.9659258262890683,-0.25881904510252063,0.8660254037844387,-0.4999999999999998,20,1.6333333333333333,23.9,6.2,0.0
MANUAL,2024-04-08 16:10:21,MANUAL_135,1.3166666666666667,1,4,Dry,16,23.0,0.0006666666666666666,0.29,-0.8660254037844385,-0.5000000000000004,0.8660254037844387,-0.4999999999999998,25,2.5694444444444446,25.5,5.3,0.4
MANUAL,2024-04-08 16:51:20,MANUAL_135,1.2,1,4,Dry,16,70.0,0.09533333333333333,3.88,-0.8660254037844385,-0.5000000000000004,0.8660254037844387,-0.4999999999999998,36,1.3166666666666667,25.5,5.3,0.4
MANUAL,2024-04-08 17:17:01,MANUAL_135,1.95,1,4,Dry,17,38.0,0.22,11.16,-0.9659258262890683,-0.25881904510252063,0.8660254037844387,-0.4999999999999998,39,1.2583333333333333,26.3,5.9,0.0
MANUAL,2024-04-08 17:24:41,MANUAL_135,2.9,1,4,Dry,17,61.0,0.28200000000000003,16.51,-0.9659258262890683,-0.25881904510252063,0.8660254037844387,-0.4999999999999998,42,1.488888888888889,26.3,5.9,0.0
MANUAL,2024-04-08 17:38:53,MANUAL_135,3.8666666666666667,1,4,Dry,17,100.0,0.4486666666666667,31.39,-0.9659258262890683,-0.25881904510252063,0.8660254037844387,-0.4999999999999998,43,2.0166666666666666,26.3,5.9,0.0
MANUAL,2024-04-09 06:20:41,MANUAL_136,1.0666666666666667,1,4,Dry,6,23.0,0.068,2.67,1.0,6.123233995736766e-17,0.8660254037844387,-0.4999999999999998,10,2.5694444444444446,20.4,5.9,0.0
MANUAL,2024-04-09 07:08:55,MANUAL_136,1.5,1,4,Dry,7,22.0,0.11266666666666666,4.56,0.9659258262890683,-0.25881904510252063,0.8660254037844387,-0.4999999999999998,18,1.0666666666666667,24.1,5.6,0.0
MANUAL,2024-04-11 01:03:29,MANUAL_137,1.2333333333333334,1,4,Dry,1,64.0,0.0006666666666666666,0.72,0.25881904510252074,0.9659258262890683,0.8660254037844387,-0.4999999999999998,12,2.5694444444444446,24.3,8.2,0.0
MANUAL,2024-04-11 06:51:00,MANUAL_138,1.4666666666666668,1,4,Dry,6,54.0,0.168,5.67,1.0,6.123233995736766e-17,0.8660254037844387,-0.4999999999999998,17,2.5694444444444446,20.4,4.0,0.0
MANUAL,2024-04-11 06:54:42,MANUAL_138,2.4166666666666665,1,4,Dry,6,100.0,0.17866666666666667,12.38,1.0,6.123233995736766e-17,0.8660254037844387,-0.4999999999999998,18,1.4666666666666668,20.4,4.0,0.0
MANUAL,2024-04-11 06:58:11,MANUAL_138,2.5166666666666666,1,4,Dry,6,63.0,0.28933333333333333,14.12,1.0,6.123233995736766e-17,0.8660254037844387,-0.4999999999999998,20,1.9416666666666667,20.4,4.0,0.0
MANUAL,2024-04-11 07:03:08,MANUAL_138,4.333333333333333,1,4,Dry,7,100.0,0.5386666666666666,27.07,0.9659258262890683,-0.25881904510252063,0.8660254037844387,-0.4999999999999998,21,2.1333333333333333,23.5,5.2,0.0
MANUAL,2024-04-11 17:44:30,MANUAL_139,1.2,1,4,Dry,17,34.0,0.08066666666666666,3.54,-0.9659258262890683,-0.25881904510252063,0.8660254037844387,-0.4999999999999998,31,2.5694444444444446,28.5,11.5,0.0
MANUAL,2024-04-11 17:47:43,MANUAL_139,1.5833333333333335,1,4,Dry,17,100.0,0.12733333333333333,10.47,-0.9659258262890683,-0.25881904510252063,0.8660254037844387,-0.4999999999999998,32,1.2,28.5,11.5,0.0
MANUAL,2024-04-11 17:54:28,MANUAL_139,1.4,1,4,Dry,17,34.0,0.038,1.42,-0.9659258262890683,-0.25881904510252063,0.8660254037844387,-0.4999999999999998,36,1.3916666666666666,28.5,11.5,0.0
MANUAL,2024-04-12 06:14:36,MANUAL_140,1.15,1,4,Dry,6,61.0,0.08,1.23,1.0,6.123233995736766e-17,0.8660254037844387,-0.4999999999999998,25,2.5694444444444446,21.6,3.1,0.0
MANUAL,2024-04-12 07:06:02,MANUAL_140,1.3833333333333333,1,4,Dry,7,100.0,0.26999999999999996,5.54,0.9659258262890683,-0.25881904510252063,0.8660254037844387,-0.4999999999999998,36,1.15,24.5,3.8,0.0
MANUAL,2024-04-12 07:09:11,MANUAL_140,2.75,1,4,Dry,7,62.0,0.446,16.24,0.9659258262890683,-0.25881904510252063,0.8660254037844387,-0.4999999999999998,38,1.2666666666666666,24.5,3.8,0.0
MANUAL,2024-04-12 22:02:57,MANUAL_141,1.0333333333333334,1,4,Dry,22,60.0,0.06666666666666667,4.13,-0.5000000000000004,0.8660254037844384,0.8660254037844387,-0.4999999999999998,50,2.5694444444444446,25.9,11.3,0.0
MANUAL,2024-04-13 07:03:26,MANUAL_142,1.0666666666666667,1,4,Dry,7,28.0,0.050666666666666665,2.81,0.9659258262890683,-0.25881904510252063,0.8660254037844387,-0.4999999999999998,15,2.5694444444444446,24.1,4.7,0.0
MANUAL,2024-04-15 06:36:23,MANUAL_143,1.5833333333333335,1,4,Dry,6,32.0,0.196,9.32,1.0,6.123233995736766e-17,0.8660254037844387,-0.4999999999999998,4,2.5694444444444446,22.9,3.9,0.0
MANUAL,2024-04-15 06:40:01,MANUAL_143,1.5,1,4,Dry,6,100.0,0.08666666666666667,5.28,1.0,6.123233995736766e-17,0.8660254037844387,-0.4999999999999998,5,1.5833333333333335,22.9,3.9,0.0
MANUAL,2024-04-15 22:17:29,MANUAL_144,2.0833333333333335,1,4,Dry,22,85.0,0.09066666666666667,3.64,-0.5000000000000004,0.8660254037844384,0.8660254037844387,-0.4999999999999998,33,2.5694444444444446,26.3,7.6,0.0
MANUAL,2024-04-16 01:24:46,MANUAL_145,3.1166666666666667,1,4,Dry,1,59.0,0.064,4.27,0.25881904510252074,0.9659258262890683,0.8660254037844387,-0.4999999999999998,14,2.5694444444444446,22.1,3.1,0.0
MANUAL,2024-04-16 05:56:20,MANUAL_146,1.35,1,4,Dry,5,23.0,0.038,1.65,0.9659258262890683,0.25881904510252074,0.8660254037844387,-0.4999999999999998,20,2.5694444444444446,20.6,5.2,0.0
MANUAL,2024-04-16 06:23:19,MANUAL_146,1.6,1,4,Dry,6,70.0,0.19266666666666668,4.43,1.0,6.123233995736766e-17,0.8660254037844387,-0.4999999999999998,29,1.35,21.2,4.3,0.0
MANUAL,2024-04-16 06:49:59,MANUAL_146,1.5166666666666666,1,4,Dry,6,63.0,0.10133333333333333,3.91,1.0,6.123233995736766e-17,0.8660254037844387,-0.4999999999999998,37,1.475,21.2,4.3,0.0
MANUAL,2024-04-16 07:08:52,MANUAL_146,1.1166666666666667,1,4,Dry,7,33.0,0.024,2.05,0.9659258262890683,-0.25881904510252063,0.8660254037844387,-0.4999999999999998,42,1.488888888888889,24.1,6.2,0.0
MANUAL,2024-04-16 07:18:13,MANUAL_146,1.7833333333333332,1,4,Dry,7,28.0,0.09133333333333334,10.1,0.9659258262890683,-0.25881904510252063,0.8660254037844387,-0.4999999999999998,46,1.4111111111111112,24.1,6.2,0.0
MANUAL,2024-04-16 07:22:01,MANUAL_146,1.6833333333333333,1,4,Dry,7,100.0,0.166,13.67,0.9659258262890683,-0.25881904510252063,0.8660254037844387,-0.4999999999999998,47,1.472222222222222,24.1,6.2,0.0
MANUAL,2024-04-16 07:26:58,MANUAL_146,1.85,1,4,Dry,7,53.0,0.10333333333333333,3.82,0.9659258262890683,-0.25881904510252063,0.8660254037844387,-0.4999999999999998,48,1.5277777777777777,24.1,6.2,0.0
MANUAL,2024-04-16 16:36:04,MANUAL_147,2.55,1,4,Dry,16,60.0,0.30066666666666664,8.52,-0.8660254037844385,-0.5000000000000004,0.8660254037844387,-0.4999999999999998,53,2.5694444444444446,29.1,17.7,0.0
MANUAL,2024-04-16 22:51:38,MANUAL_148,1.6666666666666665,1,4,Dry,22,54.0,0.168,5.13,-0.5000000000000004,0.8660254037844384,0.8660254037844387,-0.4999999999999998,85,2.5694444444444446,26.3,8.7,0.0
MANUAL,2024-04-17 06:01:54,MANUAL_149,1.4333333333333333,1,4,Dry,6,20.0,0.09733333333333333,2.65,1.0,6.123233995736766e-17,0.8660254037844387,-0.4999999999999998,25,2.5694444444444446,22.6,3.6,0.0
MANUAL,2024-04-17 06:18:34,MANUAL_149,1.35,1,4,Dry,6,54.0,0.11066666666666666,3.51,1.0,6.123233995736766e-17,0.8660254037844387,-0.4999999999999998,29,1.4333333333333333,22.6,3.6,0.0
MANUAL,2024-04-17 07:10:44,MANUAL_149,1.2,1,4,Dry,7,31.0,0.174,6.74,0.9659258262890683,-0.25881904510252063,0.8660254037844387,-0.4999999999999998,41,1.3916666666666666,24.9,5.9,0.0
MANUAL,2024-04-17 07:29:40,MANUAL_149,1.4833333333333334,1,4,Dry,7,22.0,0.08600000000000001,5.16,0.9659258262890683,-0.25881904510252063,0.8660254037844387,-0.4999999999999998,46,1.3277777777777777,24.9,5.9,0.0
MANUAL,2024-04-17 22:12:35,MANUAL_150,1.4333333333333333,1,4,Dry,22,38.0,0.08333333333333333,1.85,-0.5000000000000004,0.8660254037844384,0.8660254037844387,-0.4999999999999998,62,2.5694444444444446,24.2,4.2,0.0
MANUAL,2024-04-18 01:19:26,MANUAL_151,1.0333333333333334,1,4,Dry,1,21.0,0.056666666666666664,0.65,0.25881904510252074,0.9659258262890683,0.8660254037844387,-0.4999999999999998,11,2.5694444444444446,24.8,7.6,0.0
MANUAL,2024-04-19 06:39:37,MANUAL_152,1.8333333333333335,1,4,Dry,6,55.0,0.21466666666666667,12.47,1.0,6.123233995736766e-17,0.8660254037844387,-0.4999999999999998,4,2.5694444444444446,21.8,4.3,0.0
MANUAL,2024-04-19 06:43:44,MANUAL_152,2.0166666666666666,1,4,Dry,6,100.0,0.10533333333333333,11.26,1.0,6.123233995736766e-17,0.8660254037844387,-0.4999999999999998,5,1.8333333333333335,21.8,4.3,0.0
MANUAL,2024-04-19 06:51:29,MANUAL_152,4.683333333333334,1,4,Dry,6,100.0,0.35200000000000004,28.2,1.0,6.123233995736766e-17,0.8660254037844387,-0.4999999999999998,7,1.925,21.8,4.3,0.0
MANUAL,2024-04-19 16:48:37,MANUAL_153,1.1166666666666667,1,4,Dry,16,26.0,0.0013333333333333333,0.71,-0.8660254037844385,-0.5000000000000004,0.8660254037844387,-0.4999999999999998,12,2.5694444444444446,31.0,17.2,0.0
MANUAL,2024-04-19 16:59:31,MANUAL_153,1.35,1,4,Dry,16,48.0,0.22933333333333333,4.13,-0.8660254037844385,-0.5000000000000004,0.8660254037844387,-0.4999999999999998,15,1.1166666666666667,31.0,17.2,0.0
MANUAL,2024-04-19 17:02:26,MANUAL_153,1.15,1,4,Dry,17,26.0,0.04466666666666667,1.34,-0.9659258262890683,-0.25881904510252063,0.8660254037844387,-0.4999999999999998,16,1.2333333333333334,29.4,18.4,0.0
MANUAL,2024-04-19 17:32:09,MANUAL_153,4.566666666666666,1,4,Dry,17,60.0,0.5399999999999999,19.05,-0.9659258262890683,-0.25881904510252063,0.8660254037844387,-0.4999999999999998,22,1.2055555555555555,29.4,18.4,0.0
MANUAL,2024-04-19 17:40:26,MANUAL_153,5.9,1,4,Dry,17,100.0,0.5313333333333333,27.78,-0.9659258262890683,-0.25881904510252063,0.8660254037844387,-0.4999999999999998,23,2.3555555555555556,29.4,18.4,0.0
MANUAL,2024-04-19 17:58:02,MANUAL_153,4.6,1,4,Dry,17,100.0,0.47933333333333333,31.61,-0.9659258262890683,-0.25881904510252063,0.8660254037844387,-0.4999999999999998,24,3.8722222222222222,29.4,18.4,0.0
MANUAL,2024-04-20 00:46:40,MANUAL_154,1.1666666666666667,1,4,Dry,0,45.0,0.028666666666666667,0.65,0.0,1.0,0.8660254037844387,-0.4999999999999998,4,2.5694444444444446,24.2,12.6,0.0
MANUAL,2024-04-20 06:28:55,MANUAL_155,1.5666666666666667,1,4,Dry,6,54.0,0.09333333333333332,3.3,1.0,6.123233995736766e-17,0.8660254037844387,-0.4999999999999998,27,2.5694444444444446,21.5,4.0,0.0
MANUAL,2024-04-20 17:10:28,MANUAL_156,2.1666666666666665,1,4,Dry,17,21.0,0.09533333333333333,3.96,-0.9659258262890683,-0.25881904510252063,0.8660254037844387,-0.4999999999999998,43,2.5694444444444446,28.0,18.1,0.1
MANUAL,2024-04-20 17:45:19,MANUAL_156,1.1333333333333333,1,4,Dry,17,25.0,0.12066666666666667,2.85,-0.9659258262890683,-0.25881904510252063,0.8660254037844387,-0.4999999999999998,46,2.1666666666666665,28.0,18.1,0.1
MANUAL,2024-04-20 18:14:56,MANUAL_156,1.85,1,4,Dry,18,49.0,0.10600000000000001,5.16,-1.0,-1.8369701987210297e-16,0.8660254037844387,-0.4999999999999998,49,1.65,26.5,15.1,0.0
MANUAL,2024-04-20 18:45:18,MANUAL_156,2.5,1,4,Dry,18,65.0,0.21,8.42,-1.0,-1.8369701987210297e-16,0.8660254037844387,-0.4999999999999998,52,1.7166666666666668,26.5,15.1,0.0
MANUAL,2024-04-21 06:35:28,MANUAL_157,1.25,1,4,Dry,6,58.0,0.17466666666666666,2.87,1.0,6.123233995736766e-17,0.8660254037844387,-0.4999999999999998,10,2.5694444444444446,24.1,3.7,0.0
MANUAL,2024-04-21 07:16:09,MANUAL_157,1.0833333333333333,1,4,Dry,7,24.0,0.06266666666666666,2.18,0.9659258262890683,-0.25881904510252063,0.8660254037844387,-0.4999999999999998,20,1.25,26.0,7.0,0.0
MANUAL,2024-04-22 07:06:51,MANUAL_158,1.5166666666666666,1,4,Dry,7,33.0,0.10733333333333334,7.36,0.9659258262890683,-0.25881904510252063,0.8660254037844387,-0.4999999999999998,4,2.5694444444444446,25.6,5.4,0.0
MANUAL,2024-04-22 07:10:39,MANUAL_158,2.0833333333333335,1,4,Dry,7,100.0,0.09733333333333333,14.33,0.9659258262890683,-0.25881904510252063,0.8660254037844387,-0.4999999999999998,5,1.5166666666666666,25.6,5.4,0.0
MANUAL,2024-04-22 07:18:04,MANUAL_158,3.95,1,4,Dry,7,100.0,0.34400000000000003,30.09,0.9659258262890683,-0.25881904510252063,0.8660254037844387,-0.4999999999999998,7,1.8,25.6,5.4,0.0
MANUAL,2024-04-22 16:53:04,MANUAL_159,2.066666666666667,1,4,Dry,16,51.0,0.25066666666666665,8.3,-0.8660254037844385,-0.5000000000000004,0.8660254037844387,-0.4999999999999998,20,2.5694444444444446,28.9,11.5,0.0
MANUAL,2024-04-22 17:25:37,MANUAL_159,1.85,1,4,Dry,17,70.0,0.162,6.83,-0.9659258262890683,-0.25881904510252063,0.8660254037844387,-0.4999999999999998,27,2.066666666666667,27.6,7.9,0.1
MANUAL,2024-04-22 18:03:34,MANUAL_159,2.966666666666667,1,4,Dry,18,39.0,0.4126666666666667,23.36,-1.0,-1.8369701987210297e-16,0.8660254037844387,-0.4999999999999998,39,1.9583333333333335,26.0,4.3,0.0
MANUAL,2024-04-23 06:43:17,MANUAL_160,1.3666666666666667,1,4,Dry,6,40.0,0.10400000000000001,4.69,1.0,6.123233995736766e-17,0.8660254037844387,-0.4999999999999998,19,2.5694444444444446,23.8,6.5,0.0
MANUAL,2024-04-23 07:28:19,MANUAL_160,1.2,1,4,Dry,7,29.0,0.05333333333333334,3.78,0.9659258262890683,-0.25881904510252063,0.8660254037844387,-0.4999999999999998,27,1.3666666666666667,25.5,8.6,0.0
MANUAL,2024-04-23 07:36:00,MANUAL_160,1.4833333333333334,1,4,Dry,7,46.0,0.17666666666666667,7.15,0.9659258262890683,-0.25881904510252063,0.8660254037844387,-0.4999999999999998,30,1.2833333333333332,25.5,8.6,0.0
MANUAL,2024-04-23 21:10:28,MANUAL_161,1.1333333333333333,1,4,Dry,21,100.0,0.2326666666666667,2.97,-0.7071067811865477,0.7071067811865474,0.8660254037844387,-0.4999999999999998,37,2.5694444444444446,27.4,11.0,0.0
MANUAL,2024-04-24 06:52:09,MANUAL_162,1.3333333333333333,1,4,Dry,6,30.0,0.08866666666666667,4.63,1.0,6.123233995736766e-17,0.8660254037844387,-0.4999999999999998,13,2.5694444444444446,24.3,5.5,0.0
MANUAL,2024-04-24 17:22:16,MANUAL_163,2.5666666666666664,1,4,Dry,17,43.0,0.15933333333333335,8.77,-0.9659258262890683,-0.25881904510252063,0.8660254037844387,-0.4999999999999998,20,2.5694444444444446,26.0,9.5,0.4
MANUAL,2024-04-24 18:06:28,MANUAL_163,1.3666666666666667,1,4,Dry,18,29.0,0.08133333333333333,3.16,-1.0,-1.8369701987210297e-16,0.8660254037844387,-0.4999999999999998,24,2.5666666666666664,25.5,6.3,0.1
MANUAL,2024-04-25 07:51:58,MANUAL_164,1.4,1,4,Dry,7,100.0,0.12666666666666665,10.42,0.9659258262890683,-0.25881904510252063,0.8660254037844387,-0.4999999999999998,9,2.5694444444444446,25.5,4.4,0.0
MANUAL,2024-04-25 17:28:58,MANUAL_165,1.0166666666666666,1,4,Dry,17,19.0,0.002,0.87,-0.9659258262890683,-0.25881904510252063,0.8660254037844387,-0.4999999999999998,21,2.5694444444444446,30.4,11.6,0.0
MANUAL,2024-04-25 17:40:15,MANUAL_165,1.3166666666666667,1,4,Dry,17,22.0,0.11466666666666667,4.13,-0.9659258262890683,-0.25881904510252063,0.8660254037844387,-0.4999999999999998,25,1.0166666666666666,30.4,11.6,0.0
MANUAL,2024-04-25 18:00:56,MANUAL_165,1.6333333333333333,1,4,Dry,18,34.0,0.19,9.21,-1.0,-1.8369701987210297e-16,0.8660254037844387,-0.4999999999999998,29,1.1666666666666665,28.5,5.1,0.0
MANUAL,2024-04-25 18:09:59,MANUAL_165,2.6,1,4,Dry,18,50.0,0.25066666666666665,21.78,-1.0,-1.8369701987210297e-16,0.8660254037844387,-0.4999999999999998,33,1.3222222222222222,28.5,5.1,0.0
MANUAL,2024-04-25 18:23:23,MANUAL_165,3.7666666666666666,1,4,Dry,18,99.0,0.4646666666666667,28.46,-1.0,-1.8369701987210297e-16,0.8660254037844387,-0.4999999999999998,34,1.8499999999999999,28.5,5.1,0.0
MANUAL,2024-04-26 06:52:06,MANUAL_166,1.8666666666666667,1,4,Dry,6,39.0,0.22133333333333333,13.27,1.0,6.123233995736766e-17,0.8660254037844387,-0.4999999999999998,17,2.5694444444444446,24.2,4.2,0.0
MANUAL,2024-04-26 06:56:38,MANUAL_166,2.216666666666667,1,4,Dry,6,100.0,0.10600000000000001,14.31,1.0,6.123233995736766e-17,0.8660254037844387,-0.4999999999999998,18,1.8666666666666667,24.2,4.2,0.0
MANUAL,2024-04-26 07:03:39,MANUAL_166,3.966666666666667,1,4,Dry,7,100.0,0.3333333333333333,22.03,0.9659258262890683,-0.25881904510252063,0.8660254037844387,-0.4999999999999998,20,2.041666666666667,26.0,5.0,0.0
MANUAL,2024-04-27 06:52:17,MANUAL_167,1.2166666666666668,1,4,Dry,6,28.0,0.024666666666666667,2.43,1.0,6.123233995736766e-17,0.8660254037844387,-0.4999999999999998,27,2.5694444444444446,23.7,3.4,0.0
MANUAL,2024-04-27 07:02:22,MANUAL_167,1.8333333333333335,1,4,Dry,7,31.0,0.08133333333333333,4.04,0.9659258262890683,-0.25881904510252063,0.8660254037844387,-0.4999999999999998,31,1.2166666666666668,25.6,3.7,0.0
MANUAL,2024-04-27 07:40:24,MANUAL_167,3.6,1,4,Dry,7,51.0,0.43533333333333335,19.69,0.9659258262890683,-0.25881904510252063,0.8660254037844387,-0.4999999999999998,40,1.5250000000000001,25.6,3.7,0.0
MANUAL,2024-04-29 06:23:58,MANUAL_168,1.3,1,4,Dry,6,33.0,0.10133333333333333,2.94,1.0,6.123233995736766e-17,0.8660254037844387,-0.4999999999999998,4,2.5694444444444446,23.2,3.9,0.0
MANUAL,2024-04-29 06:52:05,MANUAL_168,1.8,1,4,Dry,6,67.0,0.28733333333333333,7.86,1.0,6.123233995736766e-17,0.8660254037844387,-0.4999999999999998,12,1.3,23.2,3.9,0.0
MANUAL,2024-04-29 07:20:13,MANUAL_168,1.7166666666666668,1,4,Dry,7,72.0,0.13799999999999998,7.35,0.9659258262890683,-0.25881904510252063,0.8660254037844387,-0.4999999999999998,19,1.55,25.8,6.1,0.0
MANUAL,2024-04-29 07:40:42,MANUAL_168,1.45,1,4,Dry,7,22.0,0.029333333333333333,4.65,0.9659258262890683,-0.25881904510252063,0.8660254037844387,-0.4999999999999998,25,1.6055555555555554,25.8,6.1,0.0
MANUAL,2024-04-29 07:51:39,MANUAL_168,1.75,1,4,Dry,7,20.0,0.24000000000000002,11.78,0.9659258262890683,-0.25881904510252063,0.8660254037844387,-0.4999999999999998,26,1.6555555555555557,25.8,6.1,0.0
MANUAL,2024-04-29 16:33:02,MANUAL_169,2.3666666666666667,1,4,Dry,16,46.0,0.18133333333333335,8.68,-0.8660254037844385,-0.5000000000000004,0.8660254037844387,-0.4999999999999998,29,2.5694444444444446,29.4,15.6,0.0
MANUAL,2024-04-29 18:00:37,MANUAL_170,4.266666666666667,1,4,Dry,18,75.0,0.3046666666666667,12.68,-1.0,-1.8369701987210297e-16,0.8660254037844387,-0.4999999999999998,39,2.5694444444444446,26.2,11.5,0.0
MANUAL,2024-04-29 22:13:54,MANUAL_171,1.0666666666666667,1,4,Dry,22,56.0,0.062000000000000006,1.37,-0.5000000000000004,0.8660254037844384,0.8660254037844387,-0.4999999999999998,49,2.5694444444444446,27.2,9.7,0.0
MANUAL,2024-04-29 22:35:01,MANUAL_171,1.0,1,4,Dry,22,33.0,0.03666666666666667,1.45,-0.5000000000000004,0.8660254037844384,0.8660254037844387,-0.4999999999999998,53,1.0666666666666667,27.2,9.7,0.0
MANUAL,2024-05-01 02:06:03,MANUAL_172,1.25,1,5,Hot,2,44.0,0.13266666666666665,3.83,0.49999999999999994,0.8660254037844387,0.49999999999999994,-0.8660254037844387,13,2.5694444444444446,23.9,9.5,0.0
MANUAL,2024-05-01 06:55:28,MANUAL_173,1.0833333333333333,1,5,Hot,6,46.0,0.034666666666666665,0.71,1.0,6.123233995736766e-17,0.49999999999999994,-0.8660254037844387,27,2.5694444444444446,22.2,3.6,0.0
MANUAL,2024-05-01 07:48:14,MANUAL_173,1.15,1,5,Hot,7,37.0,0.06533333333333333,2.16,0.9659258262890683,-0.25881904510252063,0.49999999999999994,-0.8660254037844387,34,1.0833333333333333,24.1,4.0,0.0
MANUAL,2024-05-02 07:29:04,MANUAL_174,1.1,1,5,Hot,7,58.0,0.06933333333333333,3.3,0.9659258262890683,-0.25881904510252063,0.49999999999999994,-0.8660254037844387,7,2.5694444444444446,23.9,4.1,0.0
MANUAL,2024-05-06 21:36:41,MANUAL_175,1.3333333333333333,1,5,Hot,21,37.0,0.0033333333333333335,0.25,-0.7071067811865477,0.7071067811865474,0.49999999999999994,-0.8660254037844387,29,2.5694444444444446,25.5,4.9,0.1
MANUAL,2024-05-06 22:11:18,MANUAL_175,1.0666666666666667,1,5,Hot,22,59.0,0.04733333333333333,0.47,-0.5000000000000004,0.8660254037844384,0.49999999999999994,-0.8660254037844387,35,1.3333333333333333,25.1,4.7,0.2
MANUAL,2024-05-07 01:51:59,MANUAL_176,1.0166666666666666,1,5,Hot,1,41.0,0.02,0.04,0.25881904510252074,0.9659258262890683,0.49999999999999994,-0.8660254037844387,11,2.5694444444444446,23.9,2.9,0.0
MANUAL,2024-05-07 07:10:53,MANUAL_177,1.7,1,5,Hot,7,57.0,0.21600000000000003,7.89,0.9659258262890683,-0.25881904510252063,0.49999999999999994,-0.8660254037844387,17,2.5694444444444446,24.3,3.3,0.0
MANUAL,2024-05-07 07:14:57,MANUAL_177,2.7666666666666666,1,5,Hot,7,100.0,0.20733333333333331,12.57,0.9659258262890683,-0.25881904510252063,0.49999999999999994,-0.8660254037844387,18,1.7,24.3,3.3,0.0
MANUAL,2024-05-07 17:19:10,MANUAL_178,1.6166666666666667,1,5,Hot,17,36.0,0.15466666666666665,4.96,-0.9659258262890683,-0.25881904510252063,0.49999999999999994,-0.8660254037844387,37,2.5694444444444446,28.2,12.4,0.0
MANUAL,2024-05-07 17:28:21,MANUAL_178,3.3,1,5,Hot,17,50.0,0.254,13.75,-0.9659258262890683,-0.25881904510252063,0.49999999999999994,-0.8660254037844387,40,1.6166666666666667,28.2,12.4,0.0
MANUAL,2024-05-07 17:53:01,MANUAL_178,3.6166666666666667,1,5,Hot,17,100.0,0.4126666666666667,17.49,-0.9659258262890683,-0.25881904510252063,0.49999999999999994,-0.8660254037844387,41,2.458333333333333,28.2,12.4,0.0
MANUAL,2024-05-08 01:34:25,MANUAL_179,1.2166666666666668,1,5,Hot,1,37.0,0.04,1.02,0.25881904510252074,0.9659258262890683,0.49999999999999994,-0.8660254037844387,7,2.5694444444444446,24.6,2.6,0.0
MANUAL,2024-05-08 07:27:46,MANUAL_180,1.1833333333333333,1,5,Hot,7,48.0,0.010666666666666666,0.08,0.9659258262890683,-0.25881904510252063,0.49999999999999994,-0.8660254037844387,25,2.5694444444444446,24.0,2.9,0.0
MANUAL,2024-05-09 06:33:13,MANUAL_181,1.25,1,5,Hot,6,41.0,0.14400000000000002,2.15,1.0,6.123233995736766e-17,0.49999999999999994,-0.8660254037844387,11,2.5694444444444446,23.0,2.9,0.0
MANUAL,2024-05-09 16:16:51,MANUAL_182,1.05,1,5,Hot,16,31.0,0.004666666666666667,0.47,-0.8660254037844385,-0.5000000000000004,0.49999999999999994,-0.8660254037844387,26,2.5694444444444446,25.6,8.9,4.8
MANUAL,2024-05-09 16:53:08,MANUAL_182,1.25,1,5,Hot,16,66.0,0.2,1.99,-0.8660254037844385,-0.5000000000000004,0.49999999999999994,-0.8660254037844387,31,1.05,25.6,8.9,4.8
MANUAL,2024-05-09 17:20:17,MANUAL_182,1.2166666666666668,1,5,Hot,17,71.0,0.06333333333333332,1.86,-0.9659258262890683,-0.25881904510252063,0.49999999999999994,-0.8660254037844387,38,1.15,23.7,8.0,1.4
MANUAL,2024-05-09 17:43:17,MANUAL_182,1.15,1,5,Hot,17,17.0,0.084,1.73,-0.9659258262890683,-0.25881904510252063,0.49999999999999994,-0.8660254037844387,43,1.1722222222222223,23.7,8.0,1.4
MANUAL,2024-05-09 17:54:35,MANUAL_182,1.6166666666666667,1,5,Hot,17,24.0,0.23933333333333331,3.65,-0.9659258262890683,-0.25881904510252063,0.49999999999999994,-0.8660254037844387,48,1.2055555555555557,23.7,8.0,1.4
MANUAL,2024-05-09 18:04:37,MANUAL_182,1.9,1,5,Hot,18,61.0,0.21933333333333332,4.87,-1.0,-1.8369701987210297e-16,0.49999999999999994,-0.8660254037844387,50,1.3277777777777777,23.0,6.9,0.7
MANUAL,2024-05-10 16:47:46,MANUAL_183,1.3,1,5,Hot,16,78.0,0.08466666666666667,1.16,-0.8660254037844385,-0.5000000000000004,0.49999999999999994,-0.8660254037844387,25,2.5694444444444446,26.1,4.6,0.3
MANUAL,2024-05-10 17:05:16,MANUAL_183,1.1166666666666667,1,5,Hot,17,49.0,0.13799999999999998,1.95,-0.9659258262890683,-0.25881904510252063,0.49999999999999994,-0.8660254037844387,29,1.3,26.0,6.0,0.2
MANUAL,2024-05-10 18:08:25,MANUAL_184,2.4,1,5,Hot,18,52.0,0.196,13.07,-1.0,-1.8369701987210297e-16,0.49999999999999994,-0.8660254037844387,40,2.5694444444444446,22.8,4.8,1.1
MANUAL,2024-05-11 07:07:28,MANUAL_185,1.0,1,5,Hot,7,12.0,0.10066666666666667,3.47,0.9659258262890683,-0.25881904510252063,0.49999999999999994,-0.8660254037844387,13,2.5694444444444446,25.1,6.1,0.0
MANUAL,2024-05-11 07:24:50,MANUAL_185,1.6166666666666667,1,5,Hot,7,31.0,0.126,5.97,0.9659258262890683,-0.25881904510252063,0.49999999999999994,-0.8660254037844387,17,1.0,25.1,6.1,0.0
MANUAL,2024-05-11 07:32:58,MANUAL_185,2.3833333333333333,1,5,Hot,7,46.0,0.15533333333333335,10.96,0.9659258262890683,-0.25881904510252063,0.49999999999999994,-0.8660254037844387,20,1.3083333333333333,25.1,6.1,0.0
MANUAL,2024-05-11 07:57:45,MANUAL_185,3.0833333333333335,1,5,Hot,7,99.0,0.4126666666666667,15.24,0.9659258262890683,-0.25881904510252063,0.49999999999999994,-0.8660254037844387,21,1.6666666666666667,25.1,6.1,0.0
MANUAL,2024-05-13 15:41:44,MANUAL_186,4.3,1,5,Hot,15,81.0,0.0,0.07,-0.7071067811865471,-0.7071067811865479,0.49999999999999994,-0.8660254037844387,0,2.5694444444444446,32.2,10.7,0.1
MANUAL,2024-05-14 07:17:00,MANUAL_187,1.95,1,5,Hot,7,43.0,0.242,11.87,0.9659258262890683,-0.25881904510252063,0.49999999999999994,-0.8660254037844387,4,2.5694444444444446,24.6,3.6,0.0
MANUAL,2024-05-14 07:24:28,MANUAL_187,3.8333333333333335,1,5,Hot,7,100.0,0.328,19.46,0.9659258262890683,-0.25881904510252063,0.49999999999999994,-0.8660254037844387,5,1.95,24.6,3.6,0.0
MANUAL,2024-05-14 16:44:42,MANUAL_188,1.5,1,5,Hot,16,45.0,0.2906666666666667,6.67,-0.8660254037844385,-0.5000000000000004,0.49999999999999994,-0.8660254037844387,12,2.5694444444444446,30.4,12.8,0.1
MANUAL,2024-05-14 17:10:47,MANUAL_188,1.2166666666666668,1,5,Hot,17,24.0,0.10200000000000001,2.53,-0.9659258262890683,-0.25881904510252063,0.49999999999999994,-0.8660254037844387,16,1.5,29.3,10.5,0.0
MANUAL,2024-05-17 07:58:13,MANUAL_189,1.55,1,5,Hot,7,80.0,0.192,5.28,0.9659258262890683,-0.25881904510252063,0.49999999999999994,-0.8660254037844387,10,2.5694444444444446,24.8,4.7,0.0
MANUAL,2024-05-17 17:07:03,MANUAL_190,1.3833333333333333,1,5,Hot,17,24.0,0.09000000000000001,4.04,-0.9659258262890683,-0.25881904510252063,0.49999999999999994,-0.8660254037844387,20,2.5694444444444446,29.0,7.7,0.0
MANUAL,2024-05-18 06:55:34,MANUAL_191,1.7833333333333332,1,5,Hot,6,69.0,0.292,7.28,1.0,6.123233995736766e-17,0.49999999999999994,-0.8660254037844387,8,2.5694444444444446,23.0,3.7,0.0
MANUAL,2024-05-18 08:01:38,MANUAL_192,1.6333333333333333,1,5,Hot,8,100.0,0.11333333333333333,7.27,0.8660254037844387,-0.4999999999999998,0.49999999999999994,-0.8660254037844387,17,2.5694444444444446,26.4,6.0,0.0
MANUAL,2024-05-18 08:09:17,MANUAL_192,1.3666666666666667,1,5,Hot,8,21.0,0.142,4.9,0.8660254037844387,-0.4999999999999998,0.49999999999999994,-0.8660254037844387,22,1.6333333333333333,26.4,6.0,0.0
MANUAL,2024-05-18 16:37:17,MANUAL_193,3.35,1,5,Hot,16,38.0,0.13666666666666666,12.56,-0.8660254037844385,-0.5000000000000004,0.49999999999999994,-0.8660254037844387,25,2.5694444444444446,32.0,9.9,0.0
MANUAL,2024-05-18 19:15:14,MANUAL_194,2.85,1,5,Hot,19,50.0,0.33399999999999996,14.38,-0.9659258262890684,0.2588190451025203,0.49999999999999994,-0.8660254037844387,32,2.5694444444444446,26.8,4.8,0.0
MANUAL,2024-05-19 07:25:00,MANUAL_195,2.3666666666666667,1,5,Hot,7,34.0,0.16999999999999998,10.09,0.9659258262890683,-0.25881904510252063,0.49999999999999994,-0.8660254037844387,15,2.5694444444444446,24.8,1.1,0.0
MANUAL,2024-05-19 07:57:20,MANUAL_195,1.5333333333333332,1,5,Hot,7,28.0,0.24933333333333335,6.7,0.9659258262890683,-0.25881904510252063,0.49999999999999994,-0.8660254037844387,19,2.3666666666666667,24.8,1.1,0.0
MANUAL,2024-05-19 08:30:54,MANUAL_195,1.7833333333333332,1,5,Hot,8,50.0,0.16,8.52,0.8660254037844387,-0.4999999999999998,0.49999999999999994,-0.8660254037844387,25,1.95,26.6,3.2,0.0
MANUAL,2024-05-20 06:40:45,MANUAL_196,2.9,1,5,Hot,6,100.0,0.28200000000000003,11.27,1.0,6.123233995736766e-17,0.49999999999999994,-0.8660254037844387,4,2.5694444444444446,23.5,3.6,0.0
MANUAL,2024-05-20 06:45:25,MANUAL_196,1.9166666666666665,1,5,Hot,6,32.0,0.25066666666666665,7.59,1.0,6.123233995736766e-17,0.49999999999999994,-0.8660254037844387,6,2.9,23.5,3.6,0.0
MANUAL,2024-05-20 06:49:50,MANUAL_196,7.533333333333333,1,5,Hot,6,100.0,0.828,31.53,1.0,6.123233995736766e-17,0.49999999999999994,-0.8660254037844387,7,2.408333333333333,23.5,3.6,0.0
MANUAL,2024-05-20 16:50:35,MANUAL_197,1.4166666666666667,1,5,Hot,16,25.0,0.0026666666666666666,0.32,-0.8660254037844385,-0.5000000000000004,0.49999999999999994,-0.8660254037844387,12,2.5694444444444446,29.1,9.2,0.1
MANUAL,2024-05-20 17:37:46,MANUAL_197,1.2333333333333334,1,5,Hot,17,19.0,0.08133333333333333,4.29,-0.9659258262890683,-0.25881904510252063,0.49999999999999994,-0.8660254037844387,16,1.4166666666666667,27.0,7.9,1.7
MANUAL,2024-05-20 17:46:18,MANUAL_197,1.05,1,5,Hot,17,47.0,0.09533333333333333,2.6,-0.9659258262890683,-0.25881904510252063,0.49999999999999994,-0.8660254037844387,19,1.3250000000000002,27.0,7.9,1.7
MANUAL,2024-05-20 18:09:39,MANUAL_197,1.0333333333333334,1,5,Hot,18,100.0,0.09733333333333333,3.38,-1.0,-1.8369701987210297e-16,0.49999999999999994,-0.8660254037844387,24,1.2333333333333334,26.1,5.6,1.2
MANUAL,2024-05-20 18:14:17,MANUAL_197,2.35,1,5,Hot,18,37.0,0.24533333333333335,14.47,-1.0,-1.8369701987210297e-16,0.49999999999999994,-0.8660254037844387,27,1.1055555555555554,26.1,5.6,1.2
MANUAL,2024-05-21 06:59:03,MANUAL_198,1.1666666666666667,1,5,Hot,6,38.0,0.06533333333333333,2.93,1.0,6.123233995736766e-17,0.49999999999999994,-0.8660254037844387,10,2.5694444444444446,24.1,2.2,0.0
MANUAL,2024-05-21 07:02:13,MANUAL_198,1.3,1,5,Hot,7,89.0,0.12666666666666665,8.28,0.9659258262890683,-0.25881904510252063,0.49999999999999994,-0.8660254037844387,11,1.1666666666666667,25.6,3.5,0.0
MANUAL,2024-05-21 07:08:55,MANUAL_198,1.2833333333333332,1,5,Hot,7,25.0,0.12400000000000001,2.86,0.9659258262890683,-0.25881904510252063,0.49999999999999994,-0.8660254037844387,15,1.2333333333333334,25.6,3.5,0.0
MANUAL,2024-05-21 17:38:18,MANUAL_199,2.8333333333333335,1,5,Hot,17,78.0,0.43200000000000005,12.94,-0.9659258262890683,-0.25881904510252063,0.49999999999999994,-0.8660254037844387,24,2.5694444444444446,26.9,7.4,0.3
MANUAL,2024-05-22 02:02:36,MANUAL_200,1.0166666666666666,1,5,Hot,2,25.0,0.07733333333333332,0.91,0.49999999999999994,0.8660254037844387,0.49999999999999994,-0.8660254037844387,17,2.5694444444444446,24.2,0.5,0.1
MANUAL,2024-05-22 06:32:22,MANUAL_201,1.2,1,5,Hot,6,60.0,0.18466666666666667,2.34,1.0,6.123233995736766e-17,0.49999999999999994,-0.8660254037844387,28,2.5694444444444446,23.6,2.1,0.0
MANUAL,2024-05-22 07:16:03,MANUAL_201,1.1,1,5,Hot,7,29.0,0.084,1.78,0.9659258262890683,-0.25881904510252063,0.49999999999999994,-0.8660254037844387,38,1.2,24.6,1.3,0.0
MANUAL,2024-05-23 05:51:15,MANUAL_202,1.0666666666666667,1,5,Hot,5,17.0,0.2326666666666667,5.71,0.9659258262890683,0.25881904510252074,0.49999999999999994,-0.8660254037844387,4,2.5694444444444446,23.4,2.9,0.0
MANUAL,2024-05-23 06:16:37,MANUAL_202,1.85,1,5,Hot,6,68.0,0.292,7.18,1.0,6.123233995736766e-17,0.49999999999999994,-0.8660254037844387,11,1.0666666666666667,23.0,2.5,0.0
MANUAL,2024-05-23 06:42:28,MANUAL_202,1.0166666666666666,1,5,Hot,6,78.0,0.08,2.4,1.0,6.123233995736766e-17,0.49999999999999994,-0.8660254037844387,16,1.4583333333333335,23.0,2.5,0.0
MANUAL,2024-05-23 07:03:58,MANUAL_202,1.05,1,5,Hot,7,22.0,0.029333333333333333,2.59,0.9659258262890683,-0.25881904510252063,0.49999999999999994,-0.8660254037844387,22,1.3111111111111111,24.8,3.7,0.0
MANUAL,2024-05-24 01:20:02,MANUAL_203,1.0333333333333334,1,5,Hot,1,44.0,0.11466666666666667,2.46,0.25881904510252074,0.9659258262890683,0.49999999999999994,-0.8660254037844387,3,2.5694444444444446,23.1,3.9,0.0
MANUAL,2024-05-24 06:51:17,MANUAL_204,1.3666666666666667,1,5,Hot,6,24.0,0.11266666666666666,4.01,1.0,6.123233995736766e-17,0.49999999999999994,-0.8660254037844387,10,2.5694444444444446,23.2,1.5,0.1
MANUAL,2024-05-24 07:09:12,MANUAL_204,1.5833333333333335,1,5,Hot,7,35.0,0.08266666666666667,10.4,0.9659258262890683,-0.25881904510252063,0.49999999999999994,-0.8660254037844387,15,1.3666666666666667,24.2,4.6,0.0
MANUAL,2024-05-24 08:02:23,MANUAL_204,1.6,1,5,Hot,8,26.0,0.2653333333333333,9.1,0.8660254037844387,-0.4999999999999998,0.49999999999999994,-0.8660254037844387,27,1.475,25.7,6.4,0.2
MANUAL,2024-05-25 01:15:37,MANUAL_205,1.0833333333333333,1,5,Hot,1,35.0,0.029333333333333333,2.68,0.25881904510252074,0.9659258262890683,0.49999999999999994,-0.8660254037844387,2,2.5694444444444446,24.7,6.1,0.0
MANUAL,2024-05-25 06:58:10,MANUAL_206,1.05,1,5,Hot,6,22.0,0.034666666666666665,4.86,1.0,6.123233995736766e-17,0.49999999999999994,-0.8660254037844387,14,2.5694444444444446,22.6,2.6,0.2
MANUAL,2024-05-25 07:18:09,MANUAL_206,2.2666666666666666,1,5,Hot,7,30.0,0.266,13.48,0.9659258262890683,-0.25881904510252063,0.49999999999999994,-0.8660254037844387,18,1.05,23.1,4.2,0.2
MANUAL,2024-05-25 07:26:54,MANUAL_206,3.45,1,5,Hot,7,40.0,0.39866666666666667,23.79,0.9659258262890683,-0.25881904510252063,0.49999999999999994,-0.8660254037844387,22,1.6583333333333332,23.1,4.2,0.2
MANUAL,2024-05-25 17:07:20,MANUAL_207,4.366666666666666,1,5,Hot,17,57.0,0.5399999999999999,25.78,-0.9659258262890683,-0.25881904510252063,0.49999999999999994,-0.8660254037844387,27,2.5694444444444446,27.4,2.3,1.5
MANUAL,2024-05-25 17:17:23,MANUAL_207,4.416666666666667,1,5,Hot,17,69.0,0.5266666666666667,28.36,-0.9659258262890683,-0.25881904510252063,0.49999999999999994,-0.8660254037844387,29,4.366666666666666,27.4,2.3,1.5
MANUAL,2024-05-27 06:40:19,MANUAL_208,1.8833333333333333,1,5,Hot,6,65.0,0.26,5.54,1.0,6.123233995736766e-17,0.49999999999999994,-0.8660254037844387,7,2.5694444444444446,23.2,1.1,0.0
MANUAL,2024-05-27 23:39:34,MANUAL_209,1.0833333333333333,1,5,Hot,23,44.0,0.15666666666666668,3.6,-0.25881904510252157,0.9659258262890681,0.49999999999999994,-0.8660254037844387,15,2.5694444444444446,24.7,2.9,1.1
MANUAL,2024-05-27 23:42:17,MANUAL_209,2.9,1,5,Hot,23,36.0,0.356,24.29,-0.25881904510252157,0.9659258262890681,0.49999999999999994,-0.8660254037844387,16,1.0833333333333333,24.7,2.9,1.1
MANUAL,2024-05-28 01:33:32,MANUAL_210,1.2333333333333334,1,5,Hot,1,22.0,0.13333333333333333,4.69,0.25881904510252074,0.9659258262890683,0.49999999999999994,-0.8660254037844387,8,2.5694444444444446,24.8,0.8,0.1
MANUAL,2024-05-28 01:54:58,MANUAL_210,1.0833333333333333,1,5,Hot,1,26.0,0.012666666666666666,1.19,0.25881904510252074,0.9659258262890683,0.49999999999999994,-0.8660254037844387,12,1.2333333333333334,24.8,0.8,0.1
MANUAL,2024-05-28 06:02:07,MANUAL_211,1.1333333333333333,1,5,Hot,6,34.0,0.06133333333333334,4.69,1.0,6.123233995736766e-17,0.49999999999999994,-0.8660254037844387,18,2.5694444444444446,22.6,2.2,0.0
MANUAL,2024-05-29 01:20:20,MANUAL_212,1.3,1,5,Hot,1,56.0,0.07400000000000001,2.18,0.25881904510252074,0.9659258262890683,0.49999999999999994,-0.8660254037844387,10,2.5694444444444446,23.2,1.5,0.0
MANUAL,2024-05-29 16:50:25,MANUAL_213,1.0,1,5,Hot,16,53.0,0.029333333333333333,0.5,-0.8660254037844385,-0.5000000000000004,0.49999999999999994,-0.8660254037844387,18,2.5694444444444446,25.5,9.9,0.2
MANUAL,2024-05-29 17:33:19,MANUAL_213,1.1666666666666667,1,5,Hot,17,29.0,0.0006666666666666666,0.24,-0.9659258262890683,-0.25881904510252063,0.49999999999999994,-0.8660254037844387,28,1.0,23.9,6.2,0.5
MANUAL,2024-05-29 22:14:49,MANUAL_214,1.0333333333333334,1,5,Hot,22,100.0,0.09333333333333332,1.08,-0.5000000000000004,0.8660254037844384,0.49999999999999994,-0.8660254037844387,32,2.5694444444444446,24.8,4.6,0.0
MANUAL,2024-05-30 01:09:45,MANUAL_215,1.4,1,5,Hot,1,44.0,0.11266666666666666,3.78,0.25881904510252074,0.9659258262890683,0.49999999999999994,-0.8660254037844387,5,2.5694444444444446,24.1,4.3,0.0
MANUAL,2024-05-30 06:04:41,MANUAL_216,1.3833333333333333,1,5,Hot,6,28.0,0.18266666666666667,4.98,1.0,6.123233995736766e-17,0.49999999999999994,-0.8660254037844387,13,2.5694444444444446,23.4,2.2,0.0
MANUAL,2024-05-30 06:31:13,MANUAL_216,1.6,1,5,Hot,6,67.0,0.294,8.71,1.0,6.123233995736766e-17,0.49999999999999994,-0.8660254037844387,20,1.3833333333333333,23.4,2.2,0.0
MANUAL,2024-05-30 06:57:33,MANUAL_216,1.0,1,5,Hot,6,65.0,0.10533333333333333,2.93,1.0,6.123233995736766e-17,0.49999999999999994,-0.8660254037844387,27,1.4916666666666667,23.4,2.2,0.0
MANUAL,2024-05-30 07:22:19,MANUAL_216,1.7333333333333334,1,5,Hot,7,100.0,0.16266666666666665,14.7,0.9659258262890683,-0.25881904510252063,0.49999999999999994,-0.8660254037844387,33,1.3277777777777777,24.6,2.9,0.0
MANUAL,2024-05-30 07:29:53,MANUAL_216,1.3666666666666667,1,5,Hot,7,20.0,0.08666666666666667,2.13,0.9659258262890683,-0.25881904510252063,0.49999999999999994,-0.8660254037844387,37,1.4444444444444446,24.6,2.9,0.0
MANUAL,2024-05-30 16:32:21,MANUAL_217,1.5166666666666666,1,5,Hot,16,31.0,0.082,2.7,-0.8660254037844385,-0.5000000000000004,0.49999999999999994,-0.8660254037844387,44,2.5694444444444446,26.4,4.8,0.0
MANUAL,2024-05-31 01:02:21,MANUAL_218,1.5833333333333335,1,5,Hot,1,66.0,0.14666666666666667,8.2,0.25881904510252074,0.9659258262890683,0.49999999999999994,-0.8660254037844387,5,2.5694444444444446,24.2,6.8,0.0
MANUAL,2024-05-31 07:09:31,MANUAL_219,2.35,1,5,Hot,7,26.0,0.3013333333333333,14.63,0.9659258262890683,-0.25881904510252063,0.49999999999999994,-0.8660254037844387,18,2.5694444444444446,25.8,5.4,0.0
MANUAL,2024-05-31 18:02:26,MANUAL_220,1.1666666666666667,1,5,Hot,18,35.0,0.002,0.22,-1.0,-1.8369701987210297e-16,0.49999999999999994,-0.8660254037844387,22,2.5694444444444446,24.9,4.7,0.0
MANUAL,2024-05-31 18:05:45,MANUAL_220,2.1666666666666665,1,5,Hot,18,100.0,0.19266666666666668,16.62,-1.0,-1.8369701987210297e-16,0.49999999999999994,-0.8660254037844387,23,1.1666666666666667,24.9,4.7,0.0
MANUAL,2024-05-31 18:15:09,MANUAL_220,3.9166666666666665,1,5,Hot,18,100.0,0.25666666666666665,33.33,-1.0,-1.8369701987210297e-16,0.49999999999999994,-0.8660254037844387,25,1.6666666666666665,24.9,4.7,0.0
MANUAL,2024-06-01 06:42:26,MANUAL_221,2.5833333333333335,1,6,Hot,6,54.0,0.5073333333333333,10.06,1.0,6.123233995736766e-17,1.2246467991473532e-16,-1.0,18,2.5694444444444446,23.7,5.0,0.0
MANUAL,2024-06-01 07:05:18,MANUAL_221,2.6166666666666667,1,6,Hot,7,29.0,0.2866666666666667,13.09,0.9659258262890683,-0.25881904510252063,1.2246467991473532e-16,-1.0,22,2.5833333333333335,25.4,5.8,0.1
MANUAL,2024-06-01 07:15:59,MANUAL_221,3.2,1,6,Hot,7,37.0,0.4153333333333334,27.7,0.9659258262890683,-0.25881904510252063,1.2246467991473532e-16,-1.0,26,2.6,25.4,5.8,0.1
MANUAL,2024-06-02 06:58:16,MANUAL_222,1.2,1,6,Hot,6,41.0,0.07733333333333332,4.36,1.0,6.123233995736766e-17,1.2246467991473532e-16,-1.0,5,2.5694444444444446,23.0,4.0,0.0
MANUAL,2024-06-02 07:21:54,MANUAL_222,1.9166666666666665,1,6,Hot,7,24.0,0.08600000000000001,7.62,0.9659258262890683,-0.25881904510252063,1.2246467991473532e-16,-1.0,7,1.2,24.8,4.6,0.0
MANUAL,2024-06-05 06:26:25,MANUAL_223,1.3333333333333333,1,6,Hot,6,44.0,0.15666666666666668,6.31,1.0,6.123233995736766e-17,1.2246467991473532e-16,-1.0,5,2.5694444444444446,22.3,0.0,0.0
MANUAL,2024-06-05 07:12:22,MANUAL_223,1.4833333333333334,1,6,Hot,7,55.0,0.08866666666666667,2.53,0.9659258262890683,-0.25881904510252063,1.2246467991473532e-16,-1.0,15,1.3333333333333333,23.1,1.3,0.0
MANUAL,2024-06-06 06:13:17,MANUAL_224,1.4,1,6,Hot,6,57.0,0.24066666666666667,4.85,1.0,6.123233995736766e-17,1.2246467991473532e-16,-1.0,12,2.5694444444444446,22.4,1.3,0.0
MANUAL,2024-06-06 17:20:34,MANUAL_225,1.4666666666666668,1,6,Hot,17,25.0,0.08933333333333333,3.44,-0.9659258262890683,-0.25881904510252063,1.2246467991473532e-16,-1.0,23,2.5694444444444446,24.5,5.5,0.0
MANUAL,2024-06-07 06:46:08,MANUAL_226,1.7666666666666666,1,6,Hot,6,29.0,0.25066666666666665,12.42,1.0,6.123233995736766e-17,1.2246467991473532e-16,-1.0,4,2.5694444444444446,22.0,2.3,0.1
MANUAL,2024-06-07 06:50:22,MANUAL_226,3.3166666666666664,1,6,Hot,6,100.0,0.286,25.2,1.0,6.123233995736766e-17,1.2246467991473532e-16,-1.0,5,1.7666666666666666,22.0,2.3,0.1
MANUAL,2024-06-08 05:52:16,MANUAL_227,1.1166666666666667,1,6,Hot,5,28.0,0.1753333333333333,4.13,0.9659258262890683,0.25881904510252074,1.2246467991473532e-16,-1.0,13,2.5694444444444446,21.6,4.4,0.0
MANUAL,2024-06-08 06:17:09,MANUAL_227,1.4666666666666668,1,6,Hot,6,64.0,0.27133333333333337,8.09,1.0,6.123233995736766e-17,1.2246467991473532e-16,-1.0,21,1.1166666666666667,22.8,2.2,0.0
MANUAL,2024-06-08 06:46:31,MANUAL_227,1.7333333333333334,1,6,Hot,6,100.0,0.21600000000000003,7.21,1.0,6.123233995736766e-17,1.2246467991473532e-16,-1.0,26,1.2916666666666667,22.8,2.2,0.0
MANUAL,2024-06-08 06:52:01,MANUAL_227,1.85,1,6,Hot,6,41.0,0.098,6.76,1.0,6.123233995736766e-17,1.2246467991473532e-16,-1.0,28,1.4388888888888889,22.8,2.2,0.0
MANUAL,2024-06-08 07:14:14,MANUAL_227,1.0166666666666666,1,6,Hot,7,17.0,0.036000000000000004,2.08,0.9659258262890683,-0.25881904510252063,1.2246467991473532e-16,-1.0,34,1.6833333333333336,24.3,2.3,0.0
MANUAL,2024-06-08 07:19:59,MANUAL_227,1.4833333333333334,1,6,Hot,7,100.0,0.08133333333333333,12.67,0.9659258262890683,-0.25881904510252063,1.2246467991473532e-16,-1.0,35,1.5333333333333332,24.3,2.3,0.0
MANUAL,2024-06-09 06:16:36,MANUAL_228,1.0666666666666667,1,6,Hot,6,30.0,0.012666666666666666,0.13,1.0,6.123233995736766e-17,1.2246467991473532e-16,-1.0,11,2.5694444444444446,22.0,2.3,0.0
MANUAL,2024-06-09 06:28:31,MANUAL_228,1.0,1,6,Hot,6,28.0,0.046,1.4,1.0,6.123233995736766e-17,1.2246467991473532e-16,-1.0,13,1.0666666666666667,22.0,2.3,0.0
MANUAL,2024-06-09 07:43:48,MANUAL_229,2.0166666666666666,1,6,Hot,7,38.0,0.06933333333333333,2.57,0.9659258262890683,-0.25881904510252063,1.2246467991473532e-16,-1.0,21,2.5694444444444446,23.4,3.3,0.0
MANUAL,2024-06-09 08:02:05,MANUAL_229,3.5666666666666664,1,6,Hot,8,61.0,0.13,7.34,0.8660254037844387,-0.4999999999999998,1.2246467991473532e-16,-1.0,24,2.0166666666666666,24.8,4.3,0.0
MANUAL,2024-06-10 06:23:45,MANUAL_230,1.2666666666666666,1,6,Hot,6,15.0,0.15133333333333335,2.79,1.0,6.123233995736766e-17,1.2246467991473532e-16,-1.0,4,2.5694444444444446,22.5,2.0,0.0
MANUAL,2024-06-10 06:35:50,MANUAL_230,1.6,1,6,Hot,6,29.0,0.12333333333333334,3.81,1.0,6.123233995736766e-17,1.2246467991473532e-16,-1.0,8,1.2666666666666666,22.5,2.0,0.0
MANUAL,2024-06-10 06:58:08,MANUAL_230,1.5666666666666667,1,6,Hot,6,20.0,0.11933333333333333,10.44,1.0,6.123233995736766e-17,1.2246467991473532e-16,-1.0,11,1.4333333333333333,22.5,2.0,0.0
MANUAL,2024-06-10 16:00:29,MANUAL_231,1.6333333333333333,1,6,Hot,16,71.0,0.15533333333333335,6.03,-0.8660254037844385,-0.5000000000000004,1.2246467991473532e-16,-1.0,25,2.5694444444444446,24.8,2.7,0.4
MANUAL,2024-06-10 16:35:03,MANUAL_231,2.5666666666666664,1,6,Hot,16,67.0,0.11800000000000001,6.18,-0.8660254037844385,-0.5000000000000004,1.2246467991473532e-16,-1.0,29,1.6333333333333333,24.8,2.7,0.4
MANUAL,2024-06-10 16:59:07,MANUAL_231,1.25,1,6,Hot,16,77.0,0.054000000000000006,2.7,-0.8660254037844385,-0.5000000000000004,1.2246467991473532e-16,-1.0,32,2.0999999999999996,24.8,2.7,0.4
MANUAL,2024-06-11 07:01:54,MANUAL_232,1.0166666666666666,1,6,Hot,7,70.0,0.02666666666666667,1.97,0.9659258262890683,-0.25881904510252063,1.2246467991473532e-16,-1.0,19,2.5694444444444446,22.8,0.0,0.0
MANUAL,2024-06-11 17:38:10,MANUAL_233,1.2333333333333334,1,6,Hot,17,100.0,0.09666666666666666,3.74,-0.9659258262890683,-0.25881904510252063,1.2246467991473532e-16,-1.0,22,2.5694444444444446,24.0,3.1,0.6
MANUAL,2024-06-11 17:46:20,MANUAL_233,4.8,1,6,Hot,17,100.0,0.4966666666666667,18.04,-0.9659258262890683,-0.25881904510252063,1.2246467991473532e-16,-1.0,24,1.2333333333333334,24.0,3.1,0.6
MANUAL,2024-06-11 18:16:25,MANUAL_233,2.0166666666666666,1,6,Hot,18,30.0,0.1713333333333333,6.33,-1.0,-1.8369701987210297e-16,1.2246467991473532e-16,-1.0,27,3.0166666666666666,23.0,1.8,1.6
MANUAL,2024-06-11 22:35:54,MANUAL_234,1.3166666666666667,1,6,Hot,22,25.0,0.21,5.0,-0.5000000000000004,0.8660254037844384,1.2246467991473532e-16,-1.0,36,2.5694444444444446,24.3,0.8,0.1
MANUAL,2024-06-12 02:42:04,MANUAL_235,1.1333333333333333,1,6,Hot,2,50.0,0.025333333333333333,1.59,0.49999999999999994,0.8660254037844387,1.2246467991473532e-16,-1.0,10,2.5694444444444446,23.6,1.1,0.0
MANUAL,2024-06-12 05:56:08,MANUAL_236,1.1666666666666667,1,6,Hot,5,27.0,0.0033333333333333335,0.38,0.9659258262890683,0.25881904510252074,1.2246467991473532e-16,-1.0,13,2.5694444444444446,22.2,3.1,0.0
MANUAL,2024-06-12 07:06:39,MANUAL_237,1.95,1,6,Hot,7,33.0,0.17666666666666667,9.63,0.9659258262890683,-0.25881904510252063,1.2246467991473532e-16,-1.0,23,2.5694444444444446,23.1,1.3,0.0
MANUAL,2024-06-12 07:15:32,MANUAL_237,2.2,1,6,Hot,7,54.0,0.22333333333333333,10.67,0.9659258262890683,-0.25881904510252063,1.2246467991473532e-16,-1.0,27,1.95,23.1,1.3,0.0
MANUAL,2024-06-12 07:27:16,MANUAL_237,3.4333333333333336,1,6,Hot,7,100.0,0.4126666666666667,15.63,0.9659258262890683,-0.25881904510252063,1.2246467991473532e-16,-1.0,28,2.075,23.1,1.3,0.0
MANUAL,2024-06-13 06:14:31,MANUAL_238,1.6833333333333333,1,6,Hot,6,20.0,0.09866666666666667,13.2,1.0,6.123233995736766e-17,1.2246467991473532e-16,-1.0,3,2.5694444444444446,22.4,2.1,0.0
MANUAL,2024-06-14 02:42:38,MANUAL_239,1.2,1,6,Hot,2,81.0,0.028,0.88,0.49999999999999994,0.8660254037844387,1.2246467991473532e-16,-1.0,13,2.5694444444444446,23.1,3.3,0.0
MANUAL,2024-06-14 07:11:16,MANUAL_240,1.1333333333333333,1,6,Hot,7,42.0,0.0006666666666666666,0.31,0.9659258262890683,-0.25881904510252063,1.2246467991473532e-16,-1.0,22,2.5694444444444446,22.0,1.3,0.0
MANUAL,2024-06-14 16:00:40,MANUAL_241,1.9,1,6,Hot,16,31.0,0.13866666666666666,7.97,-0.8660254037844385,-0.5000000000000004,1.2246467991473532e-16,-1.0,25,2.5694444444444446,25.2,1.1,0.2
MANUAL,2024-06-14 16:26:32,MANUAL_241,2.65,1,6,Hot,16,41.0,0.31533333333333335,15.34,-0.8660254037844385,-0.5000000000000004,1.2246467991473532e-16,-1.0,28,1.9,25.2,1.1,0.2
MANUAL,2024-06-14 16:46:23,MANUAL_241,1.8333333333333335,1,6,Hot,16,26.0,0.17333333333333334,7.1,-0.8660254037844385,-0.5000000000000004,1.2246467991473532e-16,-1.0,30,2.275,25.2,1.1,0.2
MANUAL,2024-06-15 05:50:07,MANUAL_242,1.6,1,6,Hot,5,32.0,0.17666666666666667,8.04,0.9659258262890683,0.25881904510252074,1.2246467991473532e-16,-1.0,15,2.5694444444444446,21.2,2.8,0.0
MANUAL,2024-06-15 06:46:17,MANUAL_242,1.2166666666666668,1,6,Hot,6,44.0,0.09666666666666666,2.03,1.0,6.123233995736766e-17,1.2246467991473532e-16,-1.0,27,1.6,21.0,2.0,0.0
MANUAL,2024-06-16 06:38:51,MANUAL_243,1.2,1,6,Hot,6,44.0,0.098,3.17,1.0,6.123233995736766e-17,1.2246467991473532e-16,-1.0,15,2.5694444444444446,21.9,1.8,0.0
MANUAL,2024-06-16 07:28:24,MANUAL_243,1.1,1,6,Hot,7,36.0,0.08266666666666667,3.07,0.9659258262890683,-0.25881904510252063,1.2246467991473532e-16,-1.0,20,1.2,22.9,2.5,0.0
MANUAL,2024-06-16 07:39:58,MANUAL_243,1.5333333333333332,1,6,Hot,7,18.0,0.11133333333333333,3.64,0.9659258262890683,-0.25881904510252063,1.2246467991473532e-16,-1.0,22,1.15,22.9,2.5,0.0
MANUAL,2024-06-18 01:55:21,MANUAL_244,1.55,1,6,Hot,1,43.0,0.014,1.14,0.25881904510252074,0.9659258262890683,1.2246467991473532e-16,-1.0,8,2.5694444444444446,24.2,0.7,0.0
MANUAL,2024-06-18 16:08:52,MANUAL_245,1.05,1,6,Hot,16,23.0,0.21333333333333335,5.27,-0.8660254037844385,-0.5000000000000004,1.2246467991473532e-16,-1.0,30,2.5694444444444446,24.0,1.5,1.8
MANUAL,2024-06-18 16:35:44,MANUAL_245,1.4833333333333334,1,6,Hot,16,67.0,0.302,6.15,-0.8660254037844385,-0.5000000000000004,1.2246467991473532e-16,-1.0,38,1.05,24.0,1.5,1.8
MANUAL,2024-06-18 17:39:26,MANUAL_246,1.45,1,6,Hot,17,30.0,0.16933333333333334,3.65,-0.9659258262890683,-0.25881904510252063,1.2246467991473532e-16,-1.0,51,2.5694444444444446,23.2,3.7,0.4
MANUAL,2024-06-19 02:29:25,MANUAL_247,2.283333333333333,1,6,Hot,2,81.0,0.2533333333333333,4.74,0.49999999999999994,0.8660254037844387,1.2246467991473532e-16,-1.0,10,2.5694444444444446,23.6,3.9,0.2
MANUAL,2024-06-19 22:17:38,MANUAL_248,2.7333333333333334,1,6,Hot,22,52.0,0.302,7.02,-0.5000000000000004,0.8660254037844384,1.2246467991473532e-16,-1.0,16,2.5694444444444446,24.0,5.7,0.9
MANUAL,2024-06-19 22:50:22,MANUAL_248,1.5666666666666667,1,6,Hot,22,43.0,0.24533333333333335,4.82,-0.5000000000000004,0.8660254037844384,1.2246467991473532e-16,-1.0,23,2.7333333333333334,24.0,5.7,0.9
MANUAL,2024-06-20 02:53:46,MANUAL_249,1.8666666666666667,1,6,Hot,2,45.0,0.27799999999999997,4.84,0.49999999999999994,0.8660254037844387,1.2246467991473532e-16,-1.0,12,2.5694444444444446,23.2,4.3,0.4
MANUAL,2024-06-20 23:02:32,MANUAL_250,1.7333333333333334,1,6,Hot,23,67.0,0.23866666666666667,4.12,-0.25881904510252157,0.9659258262890681,1.2246467991473532e-16,-1.0,21,2.5694444444444446,23.5,3.8,0.0
MANUAL,2024-06-21 01:35:47,MANUAL_251,2.8166666666666664,1,6,Hot,1,27.0,0.4266666666666667,8.34,0.25881904510252074,0.9659258262890683,1.2246467991473532e-16,-1.0,5,2.5694444444444446,23.5,0.4,0.0
MANUAL,2024-06-21 05:32:12,MANUAL_252,1.4166666666666667,1,6,Hot,5,18.0,0.094,1.71,0.9659258262890683,0.25881904510252074,1.2246467991473532e-16,-1.0,9,2.5694444444444446,21.2,3.1,0.0
MANUAL,2024-06-21 05:43:16,MANUAL_252,1.7333333333333334,1,6,Hot,5,29.0,0.046,2.82,0.9659258262890683,0.25881904510252074,1.2246467991473532e-16,-1.0,15,1.4166666666666667,21.2,3.1,0.0
MANUAL,2024-06-21 06:03:02,MANUAL_252,2.15,1,6,Hot,6,32.0,0.24000000000000002,10.68,1.0,6.123233995736766e-17,1.2246467991473532e-16,-1.0,19,1.5750000000000002,21.5,1.0,0.0
MANUAL,2024-06-21 06:54:36,MANUAL_252,1.2833333333333332,1,6,Hot,6,23.0,0.10266666666666667,2.63,1.0,6.123233995736766e-17,1.2246467991473532e-16,-1.0,23,1.7666666666666666,21.5,1.0,0.0
MANUAL,2024-06-22 01:49:14,MANUAL_253,3.5666666666666664,1,6,Hot,1,36.0,0.47733333333333333,12.09,0.25881904510252074,0.9659258262890683,1.2246467991473532e-16,-1.0,5,2.5694444444444446,23.8,3.1,0.0
MANUAL,2024-06-22 02:35:02,MANUAL_253,1.45,1,6,Hot,2,17.0,0.15333333333333332,2.32,0.49999999999999994,0.8660254037844387,1.2246467991473532e-16,-1.0,10,3.5666666666666664,23.5,2.2,0.0
MANUAL,2024-06-24 06:45:28,MANUAL_254,1.55,1,6,Hot,6,59.0,0.18066666666666667,10.31,1.0,6.123233995736766e-17,1.2246467991473532e-16,-1.0,7,2.5694444444444446,21.8,3.7,0.0
MANUAL,2024-06-25 01:39:15,MANUAL_255,1.3,1,6,Hot,1,48.0,0.092,4.74,0.25881904510252074,0.9659258262890683,1.2246467991473532e-16,-1.0,10,2.5694444444444446,24.1,4.2,0.1
MANUAL,2024-06-25 06:41:14,MANUAL_256,1.45,1,6,Hot,6,48.0,0.11733333333333333,3.09,1.0,6.123233995736766e-17,1.2246467991473532e-16,-1.0,28,2.5694444444444446,22.7,4.1,0.0
MANUAL,2024-06-25 07:03:30,MANUAL_256,1.5666666666666667,1,6,Hot,7,35.0,0.16066666666666668,8.02,0.9659258262890683,-0.25881904510252063,1.2246467991473532e-16,-1.0,33,1.45,24.3,3.8,0.0
MANUAL,2024-06-25 07:11:22,MANUAL_256,2.216666666666667,1,6,Hot,7,56.0,0.23600000000000002,11.14,0.9659258262890683,-0.25881904510252063,1.2246467991473532e-16,-1.0,35,1.5083333333333333,24.3,3.8,0.0
MANUAL,2024-06-25 07:24:31,MANUAL_256,4.483333333333333,1,6,Hot,7,100.0,0.42266666666666663,19.05,0.9659258262890683,-0.25881904510252063,1.2246467991473532e-16,-1.0,36,1.7444444444444445,24.3,3.8,0.0
MANUAL,2024-07-18 18:34:41,MANUAL_257,2.4333333333333336,1,7,Hot,18,63.0,0.008666666666666666,11.57,-1.0,-1.8369701987210297e-16,-0.4999999999999997,-0.8660254037844388,0,2.5694444444444446,24.1,8.8,0.6
MANUAL,2024-07-19 06:42:58,MANUAL_258,1.3166666666666667,1,7,Hot,6,44.0,0.006,5.98,1.0,6.123233995736766e-17,-0.4999999999999997,-0.8660254037844388,0,2.5694444444444446,21.0,4.8,0.2
MANUAL,2024-07-22 06:08:35,MANUAL_259,1.1333333333333333,1,7,Hot,6,70.0,0.13,1.55,1.0,6.123233995736766e-17,-0.4999999999999997,-0.8660254037844388,18,2.5694444444444446,21.2,1.5,0.0
MANUAL,2024-07-25 06:17:06,MANUAL_260,1.0,1,7,Hot,6,25.0,0.222,2.81,1.0,6.123233995736766e-17,-0.4999999999999997,-0.8660254037844388,4,2.5694444444444446,21.4,0.8,0.0
MANUAL,2024-07-25 06:46:13,MANUAL_260,1.6,1,7,Hot,6,57.0,0.18533333333333332,2.87,1.0,6.123233995736766e-17,-0.4999999999999997,-0.8660254037844388,13,1.0,21.4,0.8,0.0
MANUAL,2024-07-25 07:10:52,MANUAL_260,1.2833333333333332,1,7,Hot,7,25.0,0.112,2.5,0.9659258262890683,-0.25881904510252063,-0.4999999999999997,-0.8660254037844388,17,1.3,22.4,1.8,0.0
MANUAL,2024-07-25 07:19:24,MANUAL_260,1.55,1,7,Hot,7,54.0,0.18266666666666667,4.6,0.9659258262890683,-0.25881904510252063,-0.4999999999999997,-0.8660254037844388,19,1.2944444444444445,22.4,1.8,0.0
MANUAL,2024-07-25 07:59:47,MANUAL_260,2.3333333333333335,1,7,Hot,7,34.0,0.142,10.03,0.9659258262890683,-0.25881904510252063,-0.4999999999999997,-0.8660254037844388,28,1.4777777777777779,22.4,1.8,0.0
MANUAL,2024-07-25 08:11:12,MANUAL_260,1.75,1,7,Hot,8,72.0,0.12133333333333333,4.25,0.8660254037844387,-0.4999999999999998,-0.4999999999999997,-0.8660254037844388,30,1.722222222222222,23.4,5.1,0.0
MANUAL,2024-07-25 15:33:02,MANUAL_261,1.5833333333333335,1,7,Hot,15,27.0,0.07333333333333333,2.85,-0.7071067811865471,-0.7071067811865479,-0.4999999999999997,-0.8660254037844388,38,2.5694444444444446,26.8,8.8,0.7
MANUAL,2024-07-25 15:56:47,MANUAL_261,1.4833333333333334,1,7,Hot,15,41.0,0.15333333333333332,3.4,-0.7071067811865471,-0.7071067811865479,-0.4999999999999997,-0.8660254037844388,42,1.5833333333333335,26.8,8.8,0.7
MANUAL,2024-07-25 16:35:50,MANUAL_261,1.1833333333333333,1,7,Hot,16,38.0,0.19733333333333333,3.03,-0.8660254037844385,-0.5000000000000004,-0.4999999999999997,-0.8660254037844388,45,1.5333333333333334,26.4,7.9,0.1
MANUAL,2024-07-25 17:18:35,MANUAL_261,1.3166666666666667,1,7,Hot,17,74.0,0.096,4.33,-0.9659258262890683,-0.25881904510252063,-0.4999999999999997,-0.8660254037844388,53,1.4166666666666667,25.5,5.6,0.1
MANUAL,2024-07-25 22:39:50,MANUAL_262,1.7166666666666668,1,7,Hot,22,65.0,0.04466666666666667,1.12,-0.5000000000000004,0.8660254037844384,-0.4999999999999997,-0.8660254037844388,66,2.5694444444444446,25.6,2.5,0.0
MANUAL,2024-07-26 01:22:26,MANUAL_263,1.25,1,7,Hot,1,66.0,0.10733333333333334,4.34,0.25881904510252074,0.9659258262890683,-0.4999999999999997,-0.8660254037844388,13,2.5694444444444446,25.3,0.7,0.0
MANUAL,2024-07-27 01:35:35,MANUAL_264,1.0333333333333334,1,7,Hot,1,26.0,0.1,0.81,0.25881904510252074,0.9659258262890683,-0.4999999999999997,-0.8660254037844388,10,2.5694444444444446,23.5,3.3,0.0
MANUAL,2024-07-27 07:38:34,MANUAL_265,1.2666666666666666,1,7,Hot,7,33.0,0.14266666666666666,2.8,0.9659258262890683,-0.25881904510252063,-0.4999999999999997,-0.8660254037844388,15,2.5694444444444446,23.4,4.1,0.0
MANUAL,2024-07-27 07:44:36,MANUAL_265,3.65,1,7,Hot,7,100.0,0.3106666666666667,15.6,0.9659258262890683,-0.25881904510252063,-0.4999999999999997,-0.8660254037844388,16,1.2666666666666666,23.4,4.1,0.0
MANUAL,2024-07-27 08:28:23,MANUAL_265,1.8,1,7,Hot,8,44.0,0.07200000000000001,7.26,0.8660254037844387,-0.4999999999999998,-0.4999999999999997,-0.8660254037844388,20,2.458333333333333,23.8,2.1,0.0
MANUAL,2024-07-27 08:38:34,MANUAL_265,1.7166666666666668,1,7,Hot,8,29.0,0.06133333333333334,4.44,0.8660254037844387,-0.4999999999999998,-0.4999999999999997,-0.8660254037844388,24,2.238888888888889,23.8,2.1,0.0
MANUAL,2024-07-27 09:00:36,MANUAL_265,1.35,1,7,Hot,9,39.0,0.182,3.25,0.7071067811865476,-0.7071067811865475,-0.4999999999999997,-0.8660254037844388,28,2.388888888888889,23.2,3.2,0.2
MANUAL,2024-07-27 09:10:53,MANUAL_265,2.7333333333333334,1,7,Hot,9,33.0,0.3486666666666667,10.91,0.7071067811865476,-0.7071067811865475,-0.4999999999999997,-0.8660254037844388,32,1.6222222222222225,23.2,3.2,0.2
MANUAL,2024-07-28 07:00:51,MANUAL_266,1.1333333333333333,1,7,Hot,7,19.0,0.0033333333333333335,0.12,0.9659258262890683,-0.25881904510252063,-0.4999999999999997,-0.8660254037844388,8,2.5694444444444446,21.8,2.5,0.0
MANUAL,2024-07-28 07:16:38,MANUAL_266,4.033333333333333,1,7,Hot,7,83.0,0.26466666666666666,13.95,0.9659258262890683,-0.25881904510252063,-0.4999999999999997,-0.8660254037844388,14,1.1333333333333333,21.8,2.5,0.0
MANUAL,2024-07-28 07:38:17,MANUAL_266,1.5666666666666667,1,7,Hot,7,29.0,0.116,4.06,0.9659258262890683,-0.25881904510252063,-0.4999999999999997,-0.8660254037844388,18,2.583333333333333,21.8,2.5,0.0
MANUAL,2024-07-28 07:47:26,MANUAL_266,2.2333333333333334,1,7,Hot,7,55.0,0.16133333333333333,6.51,0.9659258262890683,-0.25881904510252063,-0.4999999999999997,-0.8660254037844388,22,2.244444444444444,21.8,2.5,0.0
MANUAL,2024-07-29 07:15:37,MANUAL_267,1.4833333333333334,1,7,Hot,7,25.0,0.18133333333333335,2.49,0.9659258262890683,-0.25881904510252063,-0.4999999999999997,-0.8660254037844388,11,2.5694444444444446,22.2,3.2,0.0
MANUAL,2024-07-29 07:39:41,MANUAL_267,1.9666666666666668,1,7,Hot,7,43.0,0.2693333333333333,11.23,0.9659258262890683,-0.25881904510252063,-0.4999999999999997,-0.8660254037844388,14,1.4833333333333334,22.2,3.2,0.0
MANUAL,2024-07-29 15:38:05,MANUAL_268,1.05,1,7,Hot,15,45.0,0.13866666666666666,2.54,-0.7071067811865471,-0.7071067811865479,-0.4999999999999997,-0.8660254037844388,20,2.5694444444444446,26.3,3.8,0.0
MANUAL,2024-07-30 06:51:10,MANUAL_269,1.2833333333333332,1,7,Hot,6,100.0,0.14533333333333334,5.28,1.0,6.123233995736766e-17,-0.4999999999999997,-0.8660254037844388,23,2.5694444444444446,21.9,2.9,0.0
MANUAL,2024-07-30 06:56:28,MANUAL_269,1.3666666666666667,1,7,Hot,6,47.0,0.10800000000000001,2.43,1.0,6.123233995736766e-17,-0.4999999999999997,-0.8660254037844388,26,1.2833333333333332,21.9,2.9,0.0
MANUAL,2024-07-30 07:43:22,MANUAL_269,1.0833333333333333,1,7,Hot,7,34.0,0.07733333333333332,2.76,0.9659258262890683,-0.25881904510252063,-0.4999999999999997,-0.8660254037844388,35,1.325,23.5,2.0,0.0
MANUAL,2024-07-30 07:48:22,MANUAL_269,1.6333333333333333,1,7,Hot,7,75.0,0.2353333333333333,6.42,0.9659258262890683,-0.25881904510252063,-0.4999999999999997,-0.8660254037844388,37,1.2444444444444445,23.5,2.0,0.0
MANUAL,2024-07-31 01:22:23,MANUAL_270,1.0333333333333334,1,7,Hot,1,80.0,0.08600000000000001,2.38,0.25881904510252074,0.9659258262890683,-0.4999999999999997,-0.8660254037844388,4,2.5694444444444446,23.0,2.9,0.2
MANUAL,2024-07-31 06:39:33,MANUAL_271,2.066666666666667,1,7,Hot,6,56.0,0.25533333333333336,12.78,1.0,6.123233995736766e-17,-0.4999999999999997,-0.8660254037844388,19,2.5694444444444446,21.5,0.7,0.0
MANUAL,2024-07-31 06:43:53,MANUAL_271,3.35,1,7,Hot,6,100.0,0.3433333333333334,19.44,1.0,6.123233995736766e-17,-0.4999999999999997,-0.8660254037844388,20,2.066666666666667,21.5,0.7,0.0
MANUAL,2024-07-31 07:20:56,MANUAL_271,1.4833333333333334,1,7,Hot,7,30.0,0.026000000000000002,0.53,0.9659258262890683,-0.25881904510252063,-0.4999999999999997,-0.8660254037844388,24,2.7083333333333335,22.6,1.3,0.0
MANUAL,2024-07-31 07:31:04,MANUAL_271,2.15,1,7,Hot,7,37.0,0.19266666666666668,6.53,0.9659258262890683,-0.25881904510252063,-0.4999999999999997,-0.8660254037844388,27,2.3000000000000003,22.6,1.3,0.0
MANUAL,2024-07-31 07:49:45,MANUAL_271,1.1833333333333333,1,7,Hot,7,35.0,0.011333333333333334,1.01,0.9659258262890683,-0.25881904510252063,-0.4999999999999997,-0.8660254037844388,31,2.327777777777778,22.6,1.3,0.0
MANUAL,2024-07-31 07:53:14,MANUAL_271,1.4,1,7,Hot,7,100.0,0.11866666666666667,8.42,0.9659258262890683,-0.25881904510252063,-0.4999999999999997,-0.8660254037844388,32,1.6055555555555554,22.6,1.3,0.0
MANUAL,2024-07-31 07:59:30,MANUAL_271,1.3333333333333333,1,7,Hot,7,38.0,0.0,0.08,0.9659258262890683,-0.25881904510252063,-0.4999999999999997,-0.8660254037844388,36,1.5777777777777777,22.6,1.3,0.0
MANUAL,2024-08-01 00:56:08,MANUAL_272,1.1666666666666667,1,8,Hot,0,27.0,0.222,3.73,0.0,1.0,-0.8660254037844385,-0.5000000000000004,10,2.5694444444444446,22.4,2.2,0.0
MANUAL,2024-08-01 01:31:46,MANUAL_272,1.1166666666666667,1,8,Hot,1,23.0,0.02733333333333333,1.88,0.25881904510252074,0.9659258262890683,-0.8660254037844385,-0.5000000000000004,16,1.1666666666666667,22.4,1.8,0.0
MANUAL,2024-08-01 01:55:10,MANUAL_272,1.2166666666666668,1,8,Hot,1,23.0,0.16999999999999998,0.11,0.25881904510252074,0.9659258262890683,-0.8660254037844385,-0.5000000000000004,21,1.1416666666666666,22.4,1.8,0.0
MANUAL,2024-08-01 05:53:43,MANUAL_273,1.1833333333333333,1,8,Hot,5,18.0,0.09133333333333334,1.48,0.9659258262890683,0.25881904510252074,-0.8660254037844385,-0.5000000000000004,27,2.5694444444444446,21.6,1.8,0.0
MANUAL,2024-08-01 06:20:49,MANUAL_273,1.4666666666666668,1,8,Hot,6,58.0,0.164,3.32,1.0,6.123233995736766e-17,-0.8660254037844385,-0.5000000000000004,36,1.1833333333333333,20.8,2.6,0.0
MANUAL,2024-08-01 06:43:00,MANUAL_273,1.9,1,8,Hot,6,29.0,0.19933333333333333,8.62,1.0,6.123233995736766e-17,-0.8660254037844385,-0.5000000000000004,40,1.3250000000000002,20.8,2.6,0.0
MANUAL,2024-08-01 06:47:26,MANUAL_273,1.5666666666666667,1,8,Hot,6,98.0,0.17066666666666666,4.18,1.0,6.123233995736766e-17,-0.8660254037844385,-0.5000000000000004,41,1.5166666666666666,20.8,2.6,0.0
MANUAL,2024-08-01 06:52:18,MANUAL_273,1.7,1,8,Hot,6,50.0,0.16133333333333333,7.06,1.0,6.123233995736766e-17,-0.8660254037844385,-0.5000000000000004,44,1.6444444444444446,20.8,2.6,0.0
MANUAL,2024-08-01 07:13:22,MANUAL_273,1.4833333333333334,1,8,Hot,7,28.0,0.08666666666666667,1.84,0.9659258262890683,-0.25881904510252063,-0.8660254037844385,-0.5000000000000004,49,1.722222222222222,22.4,1.4,0.0
MANUAL,2024-08-01 07:25:01,MANUAL_273,1.2166666666666668,1,8,Hot,7,26.0,0.02666666666666667,0.94,0.9659258262890683,-0.25881904510252063,-0.8660254037844385,-0.5000000000000004,52,1.5833333333333333,22.4,1.4,0.0
MANUAL,2024-08-01 07:28:26,MANUAL_273,1.2,1,8,Hot,7,100.0,0.13533333333333333,4.58,0.9659258262890683,-0.25881904510252063,-0.8660254037844385,-0.5000000000000004,53,1.4666666666666668,22.4,1.4,0.0
MANUAL,2024-08-01 07:31:42,MANUAL_273,1.6833333333333333,1,8,Hot,7,66.0,0.15866666666666665,6.63,0.9659258262890683,-0.25881904510252063,-0.8660254037844385,-0.5000000000000004,54,1.3,22.4,1.4,0.0
MANUAL,2024-08-02 06:55:56,MANUAL_274,1.3666666666666667,1,8,Hot,6,46.0,0.034666666666666665,0.5,1.0,6.123233995736766e-17,-0.8660254037844385,-0.5000000000000004,33,2.5694444444444446,20.9,0.5,0.0
MANUAL,2024-08-02 07:42:42,MANUAL_274,1.1166666666666667,1,8,Hot,7,37.0,0.12133333333333333,1.23,0.9659258262890683,-0.25881904510252063,-0.8660254037844385,-0.5000000000000004,36,1.3666666666666667,21.8,1.3,0.0
MANUAL,2024-08-02 08:20:15,MANUAL_274,1.3333333333333333,1,8,Hot,8,100.0,0.09133333333333334,3.88,0.8660254037844387,-0.4999999999999998,-0.8660254037844385,-0.5000000000000004,43,1.2416666666666667,22.7,4.6,0.0
MANUAL,2024-08-02 08:23:51,MANUAL_274,2.4,1,8,Hot,8,57.0,0.168,6.89,0.8660254037844387,-0.4999999999999998,-0.8660254037844385,-0.5000000000000004,45,1.2722222222222221,22.7,4.6,0.0
MANUAL,2024-08-03 07:39:00,MANUAL_275,1.3666666666666667,1,8,Hot,7,63.0,0.03866666666666666,2.25,0.9659258262890683,-0.25881904510252063,-0.8660254037844385,-0.5000000000000004,16,2.5694444444444446,21.9,1.0,0.1
MANUAL,2024-08-03 08:13:28,MANUAL_275,1.1333333333333333,1,8,Hot,8,34.0,0.09066666666666667,3.44,0.8660254037844387,-0.4999999999999998,-0.8660254037844385,-0.5000000000000004,20,1.3666666666666667,22.6,3.7,0.0
MANUAL,2024-08-04 06:44:35,MANUAL_276,1.8833333333333333,1,8,Hot,6,45.0,0.24733333333333332,10.81,1.0,6.123233995736766e-17,-0.8660254037844385,-0.5000000000000004,17,2.5694444444444446,21.0,2.5,0.2
MANUAL,2024-08-04 06:48:50,MANUAL_276,2.6833333333333336,1,8,Hot,6,100.0,0.26266666666666666,19.12,1.0,6.123233995736766e-17,-0.8660254037844385,-0.5000000000000004,18,1.8833333333333333,21.0,2.5,0.2
MANUAL,2024-08-04 07:42:01,MANUAL_276,2.283333333333333,1,8,Hot,7,49.0,0.2693333333333333,8.65,0.9659258262890683,-0.25881904510252063,-0.8660254037844385,-0.5000000000000004,26,2.283333333333333,21.4,4.7,0.4
MANUAL,2024-08-04 08:03:42,MANUAL_276,1.3166666666666667,1,8,Hot,8,28.0,0.06266666666666666,3.03,0.8660254037844387,-0.4999999999999998,-0.8660254037844385,-0.5000000000000004,30,2.283333333333333,21.9,7.1,0.3
MANUAL,2024-08-04 08:12:26,MANUAL_276,1.7333333333333334,1,8,Hot,8,48.0,0.07200000000000001,3.76,0.8660254037844387,-0.4999999999999998,-0.8660254037844385,-0.5000000000000004,34,2.0944444444444446,21.9,7.1,0.3
MANUAL,2024-08-08 22:01:05,MANUAL_277,1.0833333333333333,1,8,Hot,22,58.0,0.23066666666666666,4.4,-0.5000000000000004,0.8660254037844384,-0.8660254037844385,-0.5000000000000004,5,2.5694444444444446,23.7,2.6,0.0
MANUAL,2024-08-08 23:07:07,MANUAL_278,1.2,1,8,Hot,23,19.0,0.011333333333333334,2.56,-0.25881904510252157,0.9659258262890681,-0.8660254037844385,-0.5000000000000004,12,2.5694444444444446,23.8,1.3,0.1
MANUAL,2024-08-08 23:29:44,MANUAL_278,1.65,1,8,Hot,23,46.0,0.22533333333333333,6.39,-0.25881904510252157,0.9659258262890681,-0.8660254037844385,-0.5000000000000004,15,1.2,23.8,1.3,0.1
MANUAL,2024-08-08 23:56:46,MANUAL_278,1.4666666666666668,1,8,Hot,23,54.0,0.06266666666666666,8.21,-0.25881904510252157,0.9659258262890681,-0.8660254037844385,-0.5000000000000004,20,1.4249999999999998,23.8,1.3,0.1
MANUAL,2024-08-09 00:11:20,MANUAL_278,1.6,1,8,Hot,0,49.0,0.052000000000000005,5.52,0.0,1.0,-0.8660254037844385,-0.5000000000000004,2,1.4388888888888889,23.9,3.0,0.2
MANUAL,2024-08-09 01:54:26,MANUAL_279,1.2,1,8,Hot,1,35.0,0.142,6.14,0.25881904510252074,0.9659258262890683,-0.8660254037844385,-0.5000000000000004,10,2.5694444444444446,23.2,2.6,0.0
MANUAL,2024-08-09 01:59:23,MANUAL_279,1.2666666666666666,1,8,Hot,1,81.0,0.15333333333333332,5.37,0.25881904510252074,0.9659258262890683,-0.8660254037844385,-0.5000000000000004,12,1.2,23.2,2.6,0.0
MANUAL,2024-08-09 07:24:15,MANUAL_280,2.066666666666667,1,8,Hot,7,42.0,0.25266666666666665,12.63,0.9659258262890683,-0.25881904510252063,-0.8660254037844385,-0.5000000000000004,17,2.5694444444444446,22.5,2.0,0.0
MANUAL,2024-08-09 07:28:30,MANUAL_280,4.133333333333334,1,8,Hot,7,99.0,0.322,32.26,0.9659258262890683,-0.25881904510252063,-0.8660254037844385,-0.5000000000000004,18,2.066666666666667,22.5,2.0,0.0
MANUAL,2024-08-09 07:34:27,MANUAL_280,2.4833333333333334,1,8,Hot,7,100.0,0.18333333333333332,12.44,0.9659258262890683,-0.25881904510252063,-0.8660254037844385,-0.5000000000000004,19,3.1000000000000005,22.5,2.0,0.0
MANUAL,2024-08-09 08:18:59,MANUAL_280,2.1166666666666667,1,8,Hot,8,35.0,0.21,7.43,0.8660254037844387,-0.4999999999999998,-0.8660254037844385,-0.5000000000000004,28,2.8944444444444444,23.6,2.1,0.0
MANUAL,2024-08-09 08:32:56,MANUAL_280,1.0333333333333334,1,8,Hot,8,100.0,0.046,5.75,0.8660254037844387,-0.4999999999999998,-0.8660254037844385,-0.5000000000000004,29,2.9111111111111114,23.6,2.1,0.0
MANUAL,2024-08-09 08:39:13,MANUAL_280,1.45,1,8,Hot,8,34.0,0.043333333333333335,2.95,0.8660254037844387,-0.4999999999999998,-0.8660254037844385,-0.5000000000000004,33,1.8777777777777775,23.6,2.1,0.0
MANUAL,2024-08-09 08:42:50,MANUAL_280,1.6166666666666667,1,8,Hot,8,100.0,0.13866666666666666,10.13,0.8660254037844387,-0.4999999999999998,-0.8660254037844385,-0.5000000000000004,34,1.5333333333333332,23.6,2.1,0.0
MANUAL,2024-08-09 08:48:46,MANUAL_280,1.45,1,8,Hot,8,41.0,0.025333333333333333,3.04,0.8660254037844387,-0.4999999999999998,-0.8660254037844385,-0.5000000000000004,38,1.3666666666666665,23.6,2.1,0.0
MANUAL,2024-08-09 23:22:48,MANUAL_281,1.2333333333333334,1,8,Hot,23,20.0,0.11800000000000001,2.45,-0.25881904510252157,0.9659258262890681,-0.8660254037844385,-0.5000000000000004,47,2.5694444444444446,23.8,2.4,0.0
MANUAL,2024-08-10 06:22:00,MANUAL_282,1.2166666666666668,1,8,Hot,6,66.0,0.136,2.48,1.0,6.123233995736766e-17,-0.8660254037844385,-0.5000000000000004,12,2.5694444444444446,21.5,3.0,0.1
MANUAL,2024-08-10 06:48:56,MANUAL_282,1.1,1,8,Hot,6,19.0,0.03066666666666667,2.08,1.0,6.123233995736766e-17,-0.8660254037844385,-0.5000000000000004,16,1.2166666666666668,21.5,3.0,0.1
MANUAL,2024-08-10 06:57:24,MANUAL_282,1.45,1,8,Hot,6,45.0,0.07466666666666667,2.16,1.0,6.123233995736766e-17,-0.8660254037844385,-0.5000000000000004,19,1.1583333333333334,21.5,3.0,0.1
MANUAL,2024-08-10 07:05:42,MANUAL_282,4.8,1,8,Hot,7,81.0,0.246,31.85,0.9659258262890683,-0.25881904510252063,-0.8660254037844385,-0.5000000000000004,23,1.2555555555555555,22.0,4.1,0.1
MANUAL,2024-08-10 07:41:25,MANUAL_282,1.7,1,8,Hot,7,27.0,0.194,9.86,0.9659258262890683,-0.25881904510252063,-0.8660254037844385,-0.5000000000000004,27,2.4499999999999997,22.0,4.1,0.1
MANUAL,2024-08-10 07:50:12,MANUAL_282,3.066666666666667,1,8,Hot,7,45.0,0.332,19.39,0.9659258262890683,-0.25881904510252063,-0.8660254037844385,-0.5000000000000004,30,2.65,22.0,4.1,0.1
MANUAL,2024-08-10 07:55:36,MANUAL_282,4.716666666666667,1,8,Hot,7,100.0,0.34933333333333333,32.71,0.9659258262890683,-0.25881904510252063,-0.8660254037844385,-0.5000000000000004,31,3.1888888888888887,22.0,4.1,0.1
MANUAL,2024-08-10 08:13:22,MANUAL_282,3.8833333333333333,1,8,Hot,8,100.0,0.36133333333333334,27.51,0.8660254037844387,-0.4999999999999998,-0.8660254037844385,-0.5000000000000004,32,3.1611111111111114,22.8,4.4,0.0
MANUAL,2024-08-13 07:52:25,MANUAL_283,1.0166666666666666,1,8,Hot,7,20.0,0.059333333333333335,1.54,0.9659258262890683,-0.25881904510252063,-0.8660254037844385,-0.5000000000000004,20,2.5694444444444446,23.0,3.1,0.0
MANUAL,2024-08-13 08:18:25,MANUAL_283,2.033333333333333,1,8,Hot,8,38.0,0.06933333333333333,5.92,0.8660254037844387,-0.4999999999999998,-0.8660254037844385,-0.5000000000000004,23,1.0166666666666666,23.5,3.3,0.0
MANUAL,2024-08-13 08:21:52,MANUAL_283,3.5666666666666664,1,8,Hot,8,100.0,0.128,8.68,0.8660254037844387,-0.4999999999999998,-0.8660254037844385,-0.5000000000000004,24,1.525,23.5,3.3,0.0
MANUAL,2024-08-13 08:41:44,MANUAL_283,1.35,1,8,Hot,8,32.0,0.10066666666666667,3.82,0.8660254037844387,-0.4999999999999998,-0.8660254037844385,-0.5000000000000004,26,2.2055555555555553,23.5,3.3,0.0
MANUAL,2024-08-13 08:45:20,MANUAL_283,6.783333333333333,1,8,Hot,8,100.0,0.884,38.26,0.8660254037844387,-0.4999999999999998,-0.8660254037844385,-0.5000000000000004,27,2.3166666666666664,23.5,3.3,0.0
MANUAL,2024-08-13 16:45:30,MANUAL_284,5.566666666666666,1,8,Hot,16,99.0,0.5760000000000001,33.96,-0.8660254037844385,-0.5000000000000004,-0.8660254037844385,-0.5000000000000004,31,2.5694444444444446,26.1,4.4,0.2
MANUAL,2024-08-14 07:08:12,MANUAL_285,7.416666666666667,1,8,Hot,7,100.0,0.6846666666666666,39.05,0.9659258262890683,-0.25881904510252063,-0.8660254037844385,-0.5000000000000004,2,2.5694444444444446,23.2,2.5,0.0
MANUAL,2024-08-14 07:18:16,MANUAL_285,7.3,1,8,Hot,7,98.0,0.4073333333333334,23.76,0.9659258262890683,-0.25881904510252063,-0.8660254037844385,-0.5000000000000004,3,7.416666666666667,23.2,2.5,0.0
MANUAL,2024-08-14 07:41:42,MANUAL_285,3.466666666666667,1,8,Hot,7,40.0,0.10200000000000001,5.87,0.9659258262890683,-0.25881904510252063,-0.8660254037844385,-0.5000000000000004,5,7.358333333333333,23.2,2.5,0.0
MANUAL,2024-08-14 08:25:12,MANUAL_285,1.7166666666666668,1,8,Hot,8,21.0,0.060000000000000005,6.28,0.8660254037844387,-0.4999999999999998,-0.8660254037844385,-0.5000000000000004,9,6.061111111111111,23.9,3.4,0.0
MANUAL,2024-08-15 00:20:47,MANUAL_286,1.45,1,8,Hot,0,77.0,0.008666666666666666,2.56,0.0,1.0,-0.8660254037844385,-0.5000000000000004,4,2.5694444444444446,23.1,3.3,0.0
MANUAL,2024-08-15 01:43:43,MANUAL_287,1.2666666666666666,1,8,Hot,1,26.0,0.04533333333333334,1.42,0.25881904510252074,0.9659258262890683,-0.8660254037844385,-0.5000000000000004,9,2.5694444444444446,22.9,2.2,0.0
MANUAL,2024-08-15 02:08:28,MANUAL_287,1.65,1,8,Hot,2,24.0,0.162,5.32,0.49999999999999994,0.8660254037844387,-0.8660254037844385,-0.5000000000000004,11,1.2666666666666666,22.8,3.7,0.0
MANUAL,2024-08-15 02:16:01,MANUAL_287,1.25,1,8,Hot,2,64.0,0.06533333333333333,2.16,0.49999999999999994,0.8660254037844387,-0.8660254037844385,-0.5000000000000004,14,1.4583333333333333,22.8,3.7,0.0
MANUAL,2024-08-15 02:29:50,MANUAL_287,1.5333333333333332,1,8,Hot,2,56.0,0.02733333333333333,2.9,0.49999999999999994,0.8660254037844387,-0.8660254037844385,-0.5000000000000004,17,1.3888888888888886,22.8,3.7,0.0
MANUAL,2024-08-15 08:32:26,MANUAL_288,4.766666666666667,1,8,Hot,8,81.0,0.43,15.52,0.8660254037844387,-0.4999999999999998,-0.8660254037844385,-0.5000000000000004,28,2.5694444444444446,24.1,2.9,0.0
MANUAL,2024-08-15 22:20:08,MANUAL_289,1.0166666666666666,1,8,Hot,22,59.0,0.008,1.74,-0.5000000000000004,0.8660254037844384,-0.8660254037844385,-0.5000000000000004,36,2.5694444444444446,24.0,2.2,0.0
MANUAL,2024-08-15 22:51:13,MANUAL_289,1.2833333333333332,1,8,Hot,22,74.0,0.10133333333333333,3.84,-0.5000000000000004,0.8660254037844384,-0.8660254037844385,-0.5000000000000004,39,1.0166666666666666,24.0,2.2,0.0
MANUAL,2024-08-16 01:35:23,MANUAL_290,1.3833333333333333,1,8,Hot,1,44.0,0.032,4.31,0.25881904510252074,0.9659258262890683,-0.8660254037844385,-0.5000000000000004,8,2.5694444444444446,22.3,4.7,0.0
MANUAL,2024-08-16 06:18:21,MANUAL_291,1.0166666666666666,1,8,Hot,6,100.0,0.10466666666666667,5.95,1.0,6.123233995736766e-17,-0.8660254037844385,-0.5000000000000004,10,2.5694444444444446,21.0,2.6,0.0
MANUAL,2024-08-16 06:25:44,MANUAL_291,1.6,1,8,Hot,6,23.0,0.056666666666666664,5.76,1.0,6.123233995736766e-17,-0.8660254037844385,-0.5000000000000004,12,1.0166666666666666,21.0,2.6,0.0
MANUAL,2024-08-16 08:00:21,MANUAL_292,1.5166666666666666,1,8,Hot,8,29.0,0.06866666666666667,2.32,0.8660254037844387,-0.4999999999999998,-0.8660254037844385,-0.5000000000000004,19,2.5694444444444446,24.2,0.4,0.0
MANUAL,2024-08-17 06:27:51,MANUAL_293,5.183333333333334,1,8,Hot,6,98.0,0.5066666666666666,16.9,1.0,6.123233995736766e-17,-0.8660254037844385,-0.5000000000000004,10,2.5694444444444446,21.5,5.4,0.0
MANUAL,2024-08-17 07:13:10,MANUAL_293,1.7666666666666666,1,8,Hot,7,97.0,0.10133333333333333,4.15,0.9659258262890683,-0.25881904510252063,-0.8660254037844385,-0.5000000000000004,13,5.183333333333334,24.0,5.4,0.0
MANUAL,2024-08-17 07:17:12,MANUAL_293,1.9,1,8,Hot,7,55.0,0.12133333333333333,8.95,0.9659258262890683,-0.25881904510252063,-0.8660254037844385,-0.5000000000000004,15,3.475,24.0,5.4,0.0
MANUAL,2024-08-17 07:39:42,MANUAL_293,2.716666666666667,1,8,Hot,7,40.0,0.10266666666666667,8.86,0.9659258262890683,-0.25881904510252063,-0.8660254037844385,-0.5000000000000004,18,2.9499999999999997,24.0,5.4,0.0
MANUAL,2024-08-17 08:00:34,MANUAL_293,2.466666666666667,1,8,Hot,8,40.0,0.22066666666666668,10.22,0.8660254037844387,-0.4999999999999998,-0.8660254037844385,-0.5000000000000004,21,2.1277777777777778,25.6,4.5,0.0
MANUAL,2024-08-17 23:40:15,MANUAL_294,1.6833333333333333,1,8,Hot,23,41.0,0.08933333333333333,7.1,-0.25881904510252157,0.9659258262890681,-0.8660254037844385,-0.5000000000000004,27,2.5694444444444446,24.0,3.6,0.0
MANUAL,2024-08-18 06:49:58,MANUAL_295,1.95,1,8,Hot,6,28.0,0.186,8.77,1.0,6.123233995736766e-17,-0.8660254037844385,-0.5000000000000004,8,2.5694444444444446,22.4,3.3,0.0
MANUAL,2024-08-18 07:25:26,MANUAL_295,6.166666666666667,1,8,Hot,7,98.0,0.48666666666666664,30.0,0.9659258262890683,-0.25881904510252063,-0.8660254037844385,-0.5000000000000004,11,1.95,23.3,3.1,0.0
MANUAL,2024-08-18 07:49:04,MANUAL_295,3.35,1,8,Hot,7,99.0,0.222,2.25,0.9659258262890683,-0.25881904510252063,-0.8660254037844385,-0.5000000000000004,12,4.058333333333334,23.3,3.1,0.0
MANUAL,2024-08-18 08:07:51,MANUAL_295,3.966666666666667,1,8,Hot,8,87.0,0.26866666666666666,21.15,0.8660254037844387,-0.4999999999999998,-0.8660254037844385,-0.5000000000000004,15,3.8222222222222224,24.6,3.1,0.0
MANUAL,2024-08-18 22:48:45,MANUAL_296,1.2333333333333334,1,8,Hot,22,21.0,0.048,2.99,-0.5000000000000004,0.8660254037844384,-0.8660254037844385,-0.5000000000000004,26,2.5694444444444446,23.8,3.3,0.0
MANUAL,2024-08-18 23:07:47,MANUAL_296,1.6166666666666667,1,8,Hot,23,63.0,0.06133333333333334,4.16,-0.25881904510252157,0.9659258262890681,-0.8660254037844385,-0.5000000000000004,28,1.2333333333333334,23.6,3.2,0.0
MANUAL,2024-08-19 00:56:25,MANUAL_297,1.6166666666666667,1,8,Hot,0,33.0,0.06133333333333334,7.22,0.0,1.0,-0.8660254037844385,-0.5000000000000004,3,2.5694444444444446,23.3,3.0,0.0
MANUAL,2024-08-19 06:34:27,MANUAL_298,1.4,1,8,Hot,6,32.0,0.04666666666666666,0.95,1.0,6.123233995736766e-17,-0.8660254037844385,-0.5000000000000004,6,2.5694444444444446,22.5,1.3,0.0
MANUAL,2024-08-19 07:06:05,MANUAL_298,1.4666666666666668,1,8,Hot,7,24.0,0.10200000000000001,2.83,0.9659258262890683,-0.25881904510252063,-0.8660254037844385,-0.5000000000000004,17,1.4,23.1,1.9,0.0
MANUAL,2024-08-19 07:09:40,MANUAL_298,1.7166666666666668,1,8,Hot,7,100.0,0.2326666666666667,10.3,0.9659258262890683,-0.25881904510252063,-0.8660254037844385,-0.5000000000000004,18,1.4333333333333333,23.1,1.9,0.0
MANUAL,2024-08-19 07:14:01,MANUAL_298,1.35,1,8,Hot,7,64.0,0.10533333333333333,3.24,0.9659258262890683,-0.25881904510252063,-0.8660254037844385,-0.5000000000000004,21,1.527777777777778,23.1,1.9,0.0
MANUAL,2024-08-19 07:31:30,MANUAL_298,2.183333333333333,1,8,Hot,7,47.0,0.31933333333333336,14.45,0.9659258262890683,-0.25881904510252063,-0.8660254037844385,-0.5000000000000004,25,1.511111111111111,23.1,1.9,0.0
MANUAL,2024-08-19 08:29:39,MANUAL_298,1.8166666666666667,1,8,Hot,8,38.0,0.14400000000000002,4.7,0.8660254037844387,-0.4999999999999998,-0.8660254037844385,-0.5000000000000004,35,1.75,24.1,2.5,0.0
MANUAL,2024-08-19 16:41:46,MANUAL_299,1.3166666666666667,1,8,Hot,16,41.0,0.03066666666666667,2.76,-0.8660254037844385,-0.5000000000000004,-0.8660254037844385,-0.5000000000000004,43,2.5694444444444446,26.9,4.0,0.0
MANUAL,2024-08-19 17:05:08,MANUAL_299,1.1333333333333333,1,8,Hot,17,66.0,0.08333333333333333,2.08,-0.9659258262890683,-0.25881904510252063,-0.8660254037844385,-0.5000000000000004,46,1.3166666666666667,25.6,3.1,0.1
MANUAL,2024-08-20 07:15:18,MANUAL_300,4.85,1,8,Hot,7,100.0,0.43866666666666665,27.27,0.9659258262890683,-0.25881904510252063,-0.8660254037844385,-0.5000000000000004,15,2.5694444444444446,23.9,3.6,0.0
MANUAL,2024-08-20 08:21:18,MANUAL_301,2.2666666666666666,1,8,Hot,8,33.0,0.22866666666666668,9.24,0.8660254037844387,-0.4999999999999998,-0.8660254037844385,-0.5000000000000004,21,2.5694444444444446,25.0,3.4,0.0
MANUAL,2024-08-20 22:25:59,MANUAL_302,1.0,1,8,Hot,22,53.0,0.056,1.1,-0.5000000000000004,0.8660254037844384,-0.8660254037844385,-0.5000000000000004,38,2.5694444444444446,24.1,3.3,0.1
MANUAL,2024-08-21 01:16:19,MANUAL_303,1.2166666666666668,1,8,Hot,1,65.0,0.04,3.6,0.25881904510252074,0.9659258262890683,-0.8660254037844385,-0.5000000000000004,2,2.5694444444444446,21.6,5.1,0.0
MANUAL,2024-08-21 06:23:13,MANUAL_304,2.3833333333333333,1,8,Hot,6,36.0,0.284,13.3,1.0,6.123233995736766e-17,-0.8660254037844385,-0.5000000000000004,15,2.5694444444444446,21.9,4.3,0.0
MANUAL,2024-08-21 06:48:01,MANUAL_304,1.5,1,8,Hot,6,100.0,0.11866666666666667,7.67,1.0,6.123233995736766e-17,-0.8660254037844385,-0.5000000000000004,19,2.3833333333333333,21.9,4.3,0.0
MANUAL,2024-08-21 07:31:07,MANUAL_304,1.6166666666666667,1,8,Hot,7,40.0,0.14266666666666666,5.71,0.9659258262890683,-0.25881904510252063,-0.8660254037844385,-0.5000000000000004,27,1.9416666666666667,24.1,5.9,0.0
MANUAL,2024-08-21 16:06:51,MANUAL_305,1.0,1,8,Hot,16,96.0,0.09133333333333334,2.22,-0.8660254037844385,-0.5000000000000004,-0.8660254037844385,-0.5000000000000004,28,2.5694444444444446,25.8,6.1,1.2
MANUAL,2024-08-21 16:16:29,MANUAL_305,1.7,1,8,Hot,16,99.0,0.07733333333333332,4.66,-0.8660254037844385,-0.5000000000000004,-0.8660254037844385,-0.5000000000000004,30,1.0,25.8,6.1,1.2
MANUAL,2024-08-21 16:22:59,MANUAL_305,2.4833333333333334,1,8,Hot,16,31.0,0.18666666666666665,10.74,-0.8660254037844385,-0.5000000000000004,-0.8660254037844385,-0.5000000000000004,32,1.35,25.8,6.1,1.2
MANUAL,2024-08-21 16:50:35,MANUAL_305,2.4166666666666665,1,8,Hot,16,49.0,0.16066666666666668,8.58,-0.8660254037844385,-0.5000000000000004,-0.8660254037844385,-0.5000000000000004,35,1.7277777777777779,25.8,6.1,1.2
MANUAL,2024-08-21 17:08:24,MANUAL_305,2.4333333333333336,1,8,Hot,17,45.0,0.12866666666666665,5.02,-0.9659258262890683,-0.25881904510252063,-0.8660254037844385,-0.5000000000000004,37,2.1999999999999997,25.5,5.6,0.0
MANUAL,2024-08-21 17:39:24,MANUAL_305,2.2666666666666666,1,8,Hot,17,37.0,0.14333333333333334,7.75,-0.9659258262890683,-0.25881904510252063,-0.8660254037844385,-0.5000000000000004,41,2.4444444444444446,25.5,5.6,0.0
MANUAL,2024-08-21 18:04:36,MANUAL_305,1.8833333333333333,1,8,Hot,18,30.0,0.12400000000000001,5.63,-1.0,-1.8369701987210297e-16,-0.8660254037844385,-0.5000000000000004,45,2.3722222222222222,24.0,4.8,0.0
MANUAL,2024-08-22 07:32:38,MANUAL_306,1.8333333333333335,1,8,Hot,7,63.0,0.024,1.48,0.9659258262890683,-0.25881904510252063,-0.8660254037844385,-0.5000000000000004,11,2.5694444444444446,24.2,4.3,0.0
MANUAL,2024-08-22 07:52:51,MANUAL_306,1.7333333333333334,1,8,Hot,7,29.0,0.24733333333333332,9.13,0.9659258262890683,-0.25881904510252063,-0.8660254037844385,-0.5000000000000004,13,1.8333333333333335,24.2,4.3,0.0
MANUAL,2024-08-22 08:04:36,MANUAL_306,1.3166666666666667,1,8,Hot,8,25.0,0.03866666666666666,1.81,0.8660254037844387,-0.4999999999999998,-0.8660254037844385,-0.5000000000000004,15,1.7833333333333334,25.5,3.3,0.0
MANUAL,2024-08-22 21:21:12,MANUAL_307,1.4,1,8,Hot,21,28.0,0.13533333333333333,6.97,-0.7071067811865477,0.7071067811865474,-0.8660254037844385,-0.5000000000000004,26,2.5694444444444446,24.7,8.7,1.7
MANUAL,2024-08-23 01:23:26,MANUAL_308,1.0166666666666666,1,8,Hot,1,79.0,0.14400000000000002,3.2,0.25881904510252074,0.9659258262890683,-0.8660254037844385,-0.5000000000000004,9,2.5694444444444446,23.0,6.2,0.0
MANUAL,2024-08-23 07:03:41,MANUAL_309,1.15,1,8,Hot,7,100.0,0.062000000000000006,5.15,0.9659258262890683,-0.25881904510252063,-0.8660254037844385,-0.5000000000000004,14,2.5694444444444446,22.1,1.5,0.0
MANUAL,2024-08-23 07:36:20,MANUAL_309,3.85,1,8,Hot,7,99.0,0.27133333333333337,25.99,0.9659258262890683,-0.25881904510252063,-0.8660254037844385,-0.5000000000000004,17,1.15,22.1,1.5,0.0
MANUAL,2024-08-23 16:02:32,MANUAL_310,2.283333333333333,1,8,Hot,16,49.0,0.12066666666666667,5.83,-0.8660254037844385,-0.5000000000000004,-0.8660254037844385,-0.5000000000000004,19,2.5694444444444446,25.4,5.2,0.4
MANUAL,2024-08-23 16:18:42,MANUAL_310,1.45,1,8,Hot,16,100.0,0.15,5.49,-0.8660254037844385,-0.5000000000000004,-0.8660254037844385,-0.5000000000000004,21,2.283333333333333,25.4,5.2,0.4
MANUAL,2024-08-23 16:59:24,MANUAL_310,1.6166666666666667,1,8,Hot,16,31.0,0.10133333333333333,4.06,-0.8660254037844385,-0.5000000000000004,-0.8660254037844385,-0.5000000000000004,27,1.8666666666666667,25.4,5.2,0.4
MANUAL,2024-08-23 17:19:53,MANUAL_310,1.4666666666666668,1,8,Hot,17,75.0,0.04666666666666666,1.91,-0.9659258262890683,-0.25881904510252063,-0.8660254037844385,-0.5000000000000004,30,1.7833333333333332,24.0,5.6,0.0
MANUAL,2024-08-24 07:46:10,MANUAL_311,3.4,1,8,Hot,7,39.0,0.4233333333333333,19.18,0.9659258262890683,-0.25881904510252063,-0.8660254037844385,-0.5000000000000004,5,2.5694444444444446,21.8,1.8,0.1
MANUAL,2024-08-24 08:06:14,MANUAL_311,1.2833333333333332,1,8,Hot,8,32.0,0.032,3.18,0.8660254037844387,-0.4999999999999998,-0.8660254037844385,-0.5000000000000004,7,3.4,22.9,4.9,0.1
MANUAL,2024-08-24 08:44:57,MANUAL_311,1.3333333333333333,1,8,Hot,8,39.0,0.08533333333333333,3.4,0.8660254037844387,-0.4999999999999998,-0.8660254037844385,-0.5000000000000004,12,2.341666666666667,22.9,4.9,0.1
MANUAL,2024-08-24 09:03:09,MANUAL_311,2.9166666666666665,1,8,Hot,9,41.0,0.378,15.29,0.7071067811865476,-0.7071067811865475,-0.8660254037844385,-0.5000000000000004,15,2.0055555555555555,23.0,7.9,0.1
MANUAL,2024-08-24 15:39:02,MANUAL_312,3.3666666666666667,1,8,Hot,15,97.0,0.27799999999999997,21.8,-0.7071067811865471,-0.7071067811865479,-0.8660254037844385,-0.5000000000000004,17,2.5694444444444446,26.0,4.3,3.9
MANUAL,2024-08-25 06:08:02,MANUAL_313,1.5,1,8,Hot,6,31.0,0.051333333333333335,2.54,1.0,6.123233995736766e-17,-0.8660254037844385,-0.5000000000000004,15,2.5694444444444446,21.1,1.1,0.4
MANUAL,2024-08-25 06:49:08,MANUAL_313,2.15,1,8,Hot,6,41.0,0.174,9.21,1.0,6.123233995736766e-17,-0.8660254037844385,-0.5000000000000004,19,1.5,21.1,1.1,0.4
MANUAL,2024-08-25 07:11:28,MANUAL_313,1.6,1,8,Hot,7,33.0,0.14933333333333335,5.85,0.9659258262890683,-0.25881904510252063,-0.8660254037844385,-0.5000000000000004,22,1.825,21.4,3.8,0.3
MANUAL,2024-08-25 07:15:20,MANUAL_313,3.9333333333333336,1,8,Hot,7,100.0,0.36333333333333334,28.59,0.9659258262890683,-0.25881904510252063,-0.8660254037844385,-0.5000000000000004,23,1.75,21.4,3.8,0.3
MANUAL,2024-08-26 06:48:40,MANUAL_314,3.35,1,8,Hot,6,50.0,0.24133333333333334,19.55,1.0,6.123233995736766e-17,-0.8660254037844385,-0.5000000000000004,2,2.5694444444444446,21.0,2.9,0.0
MANUAL,2024-08-26 07:45:39,MANUAL_314,1.0166666666666666,1,8,Hot,7,53.0,0.08866666666666667,2.1,0.9659258262890683,-0.25881904510252063,-0.8660254037844385,-0.5000000000000004,8,3.35,21.4,4.2,0.1
MANUAL,2024-08-26 07:48:22,MANUAL_314,1.9166666666666665,1,8,Hot,7,100.0,0.018000000000000002,0.45,0.9659258262890683,-0.25881904510252063,-0.8660254037844385,-0.5000000000000004,9,2.1833333333333336,21.4,4.2,0.1
MANUAL,2024-08-27 07:59:43,MANUAL_315,4.116666666666666,1,8,Hot,7,100.0,0.49266666666666664,30.18,0.9659258262890683,-0.25881904510252063,-0.8660254037844385,-0.5000000000000004,11,2.5694444444444446,22.2,3.1,0.1
MANUAL,2024-08-28 07:23:51,MANUAL_316,1.5333333333333332,1,8,Hot,7,65.0,0.11933333333333333,6.3,0.9659258262890683,-0.25881904510252063,-0.8660254037844385,-0.5000000000000004,18,2.5694444444444446,21.9,3.0,0.2
MANUAL,2024-08-28 07:56:04,MANUAL_316,2.3333333333333335,1,8,Hot,7,64.0,0.24000000000000002,8.74,0.9659258262890683,-0.25881904510252063,-0.8660254037844385,-0.5000000000000004,22,1.5333333333333332,21.9,3.0,0.2
MANUAL,2024-08-28 08:37:03,MANUAL_316,1.4666666666666668,1,8,Hot,8,24.0,0.06333333333333332,5.45,0.8660254037844387,-0.4999999999999998,-0.8660254037844385,-0.5000000000000004,26,1.9333333333333333,22.8,4.7,0.1
MANUAL,2024-08-28 08:39:43,MANUAL_316,4.5,1,8,Hot,8,100.0,0.13533333333333333,8.71,0.8660254037844387,-0.4999999999999998,-0.8660254037844385,-0.5000000000000004,27,1.777777777777778,22.8,4.7,0.1
MANUAL,2024-08-28 22:58:02,MANUAL_317,1.0333333333333334,1,8,Hot,22,36.0,0.04733333333333333,4.33,-0.5000000000000004,0.8660254037844384,-0.8660254037844385,-0.5000000000000004,38,2.5694444444444446,23.5,4.1,0.2
MANUAL,2024-08-29 07:04:37,MANUAL_318,3.8666666666666667,1,8,Hot,7,95.0,0.42,16.64,0.9659258262890683,-0.25881904510252063,-0.8660254037844385,-0.5000000000000004,12,2.5694444444444446,22.8,2.6,0.0
MANUAL,2024-08-29 07:08:52,MANUAL_318,1.9,1,8,Hot,7,53.0,0.13066666666666665,3.43,0.9659258262890683,-0.25881904510252063,-0.8660254037844385,-0.5000000000000004,13,3.8666666666666667,22.8,2.6,0.0
MANUAL,2024-08-29 08:16:57,MANUAL_319,1.6833333333333333,1,8,Hot,8,76.0,0.246,6.97,0.8660254037844387,-0.4999999999999998,-0.8660254037844385,-0.5000000000000004,24,2.5694444444444446,23.4,4.3,0.0
MANUAL,2024-08-29 08:54:49,MANUAL_319,2.8833333333333333,1,8,Hot,8,60.0,0.538,14.33,0.8660254037844387,-0.4999999999999998,-0.8660254037844385,-0.5000000000000004,30,1.6833333333333333,23.4,4.3,0.0
MANUAL,2024-08-29 21:39:45,MANUAL_320,1.3333333333333333,1,8,Hot,21,39.0,0.06733333333333333,6.12,-0.7071067811865477,0.7071067811865474,-0.8660254037844385,-0.5000000000000004,35,2.5694444444444446,24.5,3.9,0.0
MANUAL,2024-08-30 02:15:06,MANUAL_321,1.2666666666666666,1,8,Hot,2,53.0,0.18000000000000002,4.38,0.49999999999999994,0.8660254037844387,-0.8660254037844385,-0.5000000000000004,12,2.5694444444444446,22.3,2.8,0.2
MANUAL,2024-08-30 06:24:40,MANUAL_322,1.0166666666666666,1,8,Hot,6,94.0,0.09733333333333333,2.64,1.0,6.123233995736766e-17,-0.8660254037844385,-0.5000000000000004,13,2.5694444444444446,21.8,3.4,0.0
MANUAL,2024-08-30 06:34:13,MANUAL_322,2.0,1,8,Hot,6,100.0,0.1,5.21,1.0,6.123233995736766e-17,-0.8660254037844385,-0.5000000000000004,15,1.0166666666666666,21.8,3.4,0.0
MANUAL,2024-08-30 06:40:01,MANUAL_322,2.8,1,8,Hot,6,31.0,0.308,14.79,1.0,6.123233995736766e-17,-0.8660254037844385,-0.5000000000000004,17,1.5083333333333333,21.8,3.4,0.0
MANUAL,2024-08-30 07:14:28,MANUAL_322,2.4,1,8,Hot,7,42.0,0.178,9.09,0.9659258262890683,-0.25881904510252063,-0.8660254037844385,-0.5000000000000004,20,1.9388888888888889,22.4,4.8,0.1
MANUAL,2024-08-30 07:31:13,MANUAL_322,2.05,1,8,Hot,7,45.0,0.11,6.62,0.9659258262890683,-0.25881904510252063,-0.8660254037844385,-0.5000000000000004,22,2.4,22.4,4.8,0.1
MANUAL,2024-08-30 07:56:22,MANUAL_322,3.15,1,8,Hot,7,54.0,0.182,8.78,0.9659258262890683,-0.25881904510252063,-0.8660254037844385,-0.5000000000000004,26,2.4166666666666665,22.4,4.8,0.1
MANUAL,2024-08-30 22:57:23,MANUAL_323,1.2166666666666668,1,8,Hot,22,23.0,0.2846666666666666,4.11,-0.5000000000000004,0.8660254037844384,-0.8660254037844385,-0.5000000000000004,28,2.5694444444444446,24.2,3.1,0.0
MANUAL,2024-08-30 23:23:01,MANUAL_323,1.4166666666666667,1,8,Hot,23,42.0,0.08533333333333333,4.59,-0.25881904510252157,0.9659258262890681,-0.8660254037844385,-0.5000000000000004,35,1.2166666666666668,21.7,2.7,0.0
MANUAL,2024-08-30 23:41:54,MANUAL_323,1.0,1,8,Hot,23,25.0,0.054000000000000006,1.49,-0.25881904510252157,0.9659258262890681,-0.8660254037844385,-0.5000000000000004,38,1.3166666666666669,23.7,3.6,0.0
MANUAL,2024-08-31 00:39:25,MANUAL_323,1.0166666666666666,1,8,Hot,0,29.0,0.012,2.29,0.0,1.0,-0.8660254037844385,-0.5000000000000004,6,1.2111111111111112,23.5,4.4,0.0
MANUAL,2024-08-31 01:06:52,MANUAL_323,1.1166666666666667,1,8,Hot,1,41.0,0.15533333333333335,3.87,0.25881904510252074,0.9659258262890683,-0.8660254037844385,-0.5000000000000004,9,1.1444444444444446,23.2,3.4,0.0
MANUAL,2024-09-06 09:06:07,MANUAL_324,1.1833333333333333,1,9,Wet,9,40.0,0.06933333333333333,0.89,0.7071067811865476,-0.7071067811865475,-1.0,-1.8369701987210297e-16,7,2.5694444444444446,25.4,4.3,0.0
MANUAL,2024-09-06 16:13:29,MANUAL_325,1.8833333333333333,1,9,Wet,16,54.0,0.11933333333333333,2.42,-0.8660254037844385,-0.5000000000000004,-1.0,-1.8369701987210297e-16,10,2.5694444444444446,26.4,2.3,0.0
MANUAL,2024-09-07 07:22:38,MANUAL_326,1.7166666666666668,1,9,Wet,7,56.0,0.16066666666666668,1.84,0.9659258262890683,-0.25881904510252063,-1.0,-1.8369701987210297e-16,9,2.5694444444444446,24.4,2.8,0.0
MANUAL,2024-09-07 07:26:45,MANUAL_326,4.083333333333333,1,9,Wet,7,100.0,0.22,4.47,0.9659258262890683,-0.25881904510252063,-1.0,-1.8369701987210297e-16,10,1.7166666666666668,24.4,2.8,0.0
MANUAL,2024-09-07 16:23:55,MANUAL_327,1.2,1,9,Wet,16,69.0,0.12066666666666667,1.39,-0.8660254037844385,-0.5000000000000004,-1.0,-1.8369701987210297e-16,16,2.5694444444444446,28.1,7.6,0.0
MANUAL,2024-09-07 17:03:15,MANUAL_327,6.05,1,9,Wet,17,100.0,0.24800000000000003,5.73,-0.9659258262890683,-0.25881904510252063,-1.0,-1.8369701987210297e-16,19,1.2,27.2,3.3,0.0
MANUAL,2024-09-08 06:43:02,MANUAL_328,4.983333333333333,1,9,Wet,6,97.0,0.29,8.79,1.0,6.123233995736766e-17,-1.0,-1.8369701987210297e-16,1,2.5694444444444446,22.0,1.5,0.0
MANUAL,2024-09-09 07:53:46,MANUAL_329,1.1833333333333333,1,9,Wet,7,16.0,0.062000000000000006,0.88,0.9659258262890683,-0.25881904510252063,-1.0,-1.8369701987210297e-16,22,2.5694444444444446,22.1,1.8,0.0
MANUAL,2024-09-09 08:18:44,MANUAL_329,1.5666666666666667,1,9,Wet,8,31.0,0.044000000000000004,1.44,0.8660254037844387,-0.4999999999999998,-1.0,-1.8369701987210297e-16,28,1.1833333333333333,23.5,7.2,0.1
MANUAL,2024-09-09 08:36:24,MANUAL_329,1.3833333333333333,1,9,Wet,8,42.0,0.14666666666666667,1.48,0.8660254037844387,-0.4999999999999998,-1.0,-1.8369701987210297e-16,32,1.375,23.5,7.2,0.1
MANUAL,2024-09-09 08:39:21,MANUAL_329,3.5,1,9,Wet,8,100.0,0.3993333333333334,4.9,0.8660254037844387,-0.4999999999999998,-1.0,-1.8369701987210297e-16,33,1.3777777777777775,23.5,7.2,0.1
MANUAL,2024-09-10 06:55:48,MANUAL_330,2.5,1,9,Wet,6,42.0,0.22333333333333333,3.99,1.0,6.123233995736766e-17,-1.0,-1.8369701987210297e-16,11,2.5694444444444446,21.2,1.6,2.3
MANUAL,2024-09-10 07:28:50,MANUAL_330,1.7166666666666668,1,9,Wet,7,61.0,0.11266666666666666,3.81,0.9659258262890683,-0.25881904510252063,-1.0,-1.8369701987210297e-16,14,2.5,21.4,0.5,2.4
MANUAL,2024-09-10 08:13:49,MANUAL_330,3.966666666666667,1,9,Wet,8,47.0,0.126,5.44,0.8660254037844387,-0.4999999999999998,-1.0,-1.8369701987210297e-16,19,2.1083333333333334,22.8,1.8,0.7
MANUAL,2024-09-10 08:38:12,MANUAL_330,1.2333333333333334,1,9,Wet,8,24.0,0.128,1.65,0.8660254037844387,-0.4999999999999998,-1.0,-1.8369701987210297e-16,21,2.727777777777778,22.8,1.8,0.7
MANUAL,2024-09-11 01:04:04,MANUAL_331,1.0833333333333333,1,9,Wet,1,45.0,0.07133333333333333,4.75,0.25881904510252074,0.9659258262890683,-1.0,-1.8369701987210297e-16,8,2.5694444444444446,21.8,3.0,0.4
MANUAL,2024-09-11 07:09:51,MANUAL_332,1.7333333333333334,1,9,Wet,7,53.0,0.08333333333333333,2.93,0.9659258262890683,-0.25881904510252063,-1.0,-1.8369701987210297e-16,19,2.5694444444444446,21.9,5.5,0.6
MANUAL,2024-09-11 07:34:45,MANUAL_332,1.5833333333333335,1,9,Wet,7,50.0,0.12333333333333334,1.94,0.9659258262890683,-0.25881904510252063,-1.0,-1.8369701987210297e-16,21,1.7333333333333334,21.9,5.5,0.6
MANUAL,2024-09-12 03:11:10,MANUAL_333,1.9333333333333333,1,9,Wet,3,67.0,0.10866666666666666,1.52,0.7071067811865476,0.7071067811865476,-1.0,-1.8369701987210297e-16,9,2.5694444444444446,21.7,8.5,0.4
MANUAL,2024-09-12 07:49:49,MANUAL_334,1.2666666666666666,1,9,Wet,7,71.0,0.09000000000000001,1.28,0.9659258262890683,-0.25881904510252063,-1.0,-1.8369701987210297e-16,15,2.5694444444444446,21.5,9.7,0.3
MANUAL,2024-09-12 08:30:30,MANUAL_334,4.45,1,9,Wet,8,63.0,1.0466666666666666,7.26,0.8660254037844387,-0.4999999999999998,-1.0,-1.8369701987210297e-16,25,1.2666666666666666,22.2,11.4,0.5
MANUAL,2024-09-12 08:51:03,MANUAL_334,1.4333333333333333,1,9,Wet,8,45.0,0.07933333333333333,1.6,0.8660254037844387,-0.4999999999999998,-1.0,-1.8369701987210297e-16,27,2.8583333333333334,22.2,11.4,0.5
MANUAL,2024-09-12 08:58:23,MANUAL_334,3.3666666666666667,1,9,Wet,8,64.0,0.356,8.37,0.8660254037844387,-0.4999999999999998,-1.0,-1.8369701987210297e-16,29,2.3833333333333333,22.2,11.4,0.5
MANUAL,2024-09-13 06:39:24,MANUAL_335,1.3333333333333333,1,9,Wet,6,40.0,0.19133333333333333,2.2,1.0,6.123233995736766e-17,-1.0,-1.8369701987210297e-16,4,2.5694444444444446,21.3,8.8,0.0
MANUAL,2024-09-13 07:39:49,MANUAL_336,1.3666666666666667,1,9,Wet,7,73.0,0.10533333333333333,1.76,0.9659258262890683,-0.25881904510252063,-1.0,-1.8369701987210297e-16,10,2.5694444444444446,21.6,10.2,0.0
MANUAL,2024-09-14 17:26:12,MANUAL_337,1.35,1,9,Wet,17,43.0,0.11666666666666667,1.91,-0.9659258262890683,-0.25881904510252063,-1.0,-1.8369701987210297e-16,8,2.5694444444444446,24.6,11.2,0.0
MANUAL,2024-09-14 17:29:49,MANUAL_337,5.016666666666667,1,9,Wet,17,100.0,0.512,9.19,-0.9659258262890683,-0.25881904510252063,-1.0,-1.8369701987210297e-16,9,1.35,24.6,11.2,0.0
MANUAL,2024-09-16 15:54:46,MANUAL_338,1.4833333333333334,1,9,Wet,15,28.0,0.062000000000000006,2.26,-0.7071067811865471,-0.7071067811865479,-1.0,-1.8369701987210297e-16,2,2.5694444444444446,25.6,14.2,0.4
MANUAL,2024-09-16 16:11:55,MANUAL_338,1.5166666666666666,1,9,Wet,16,25.0,0.050666666666666665,1.68,-0.8660254037844385,-0.5000000000000004,-1.0,-1.8369701987210297e-16,4,1.4833333333333334,25.2,9.7,2.8
MANUAL,2024-09-17 07:23:28,MANUAL_339,1.7833333333333332,1,9,Wet,7,20.0,0.068,1.23,0.9659258262890683,-0.25881904510252063,-1.0,-1.8369701987210297e-16,8,2.5694444444444446,21.5,7.3,0.3
MANUAL,2024-09-17 07:30:02,MANUAL_339,4.5,1,9,Wet,7,62.0,0.24733333333333332,11.76,0.9659258262890683,-0.25881904510252063,-1.0,-1.8369701987210297e-16,10,1.7833333333333332,21.5,7.3,0.3
MANUAL,2024-09-17 07:54:42,MANUAL_339,1.5333333333333332,1,9,Wet,7,30.0,0.092,1.33,0.9659258262890683,-0.25881904510252063,-1.0,-1.8369701987210297e-16,14,3.1416666666666666,21.5,7.3,0.3
MANUAL,2024-09-17 08:03:56,MANUAL_339,3.0166666666666666,1,9,Wet,8,41.0,0.218,5.36,0.8660254037844387,-0.4999999999999998,-1.0,-1.8369701987210297e-16,18,2.6055555555555556,22.9,9.4,0.2
MANUAL,2024-09-17 08:09:41,MANUAL_339,4.966666666666667,1,9,Wet,8,99.0,0.466,9.1,0.8660254037844387,-0.4999999999999998,-1.0,-1.8369701987210297e-16,19,3.016666666666667,22.9,9.4,0.2
MANUAL,2024-09-17 08:25:51,MANUAL_339,4.233333333333333,1,9,Wet,8,99.0,0.5073333333333333,11.63,0.8660254037844387,-0.4999999999999998,-1.0,-1.8369701987210297e-16,20,3.172222222222222,22.9,9.4,0.2
MANUAL,2024-09-17 08:31:49,MANUAL_339,2.6,1,9,Wet,8,56.0,0.24733333333333332,6.72,0.8660254037844387,-0.4999999999999998,-1.0,-1.8369701987210297e-16,21,4.072222222222222,22.9,9.4,0.2
MANUAL,2024-09-18 07:05:59,MANUAL_340,1.6166666666666667,1,9,Wet,7,37.0,0.024666666666666667,0.3,0.9659258262890683,-0.25881904510252063,-1.0,-1.8369701987210297e-16,2,2.5694444444444446,22.0,2.2,0.0
MANUAL,2024-09-18 07:36:19,MANUAL_340,1.5166666666666666,1,9,Wet,7,29.0,0.128,1.19,0.9659258262890683,-0.25881904510252063,-1.0,-1.8369701987210297e-16,9,1.6166666666666667,22.0,2.2,0.0
MANUAL,2024-09-18 07:45:40,MANUAL_340,2.066666666666667,1,9,Wet,7,42.0,0.17666666666666667,2.36,0.9659258262890683,-0.25881904510252063,-1.0,-1.8369701987210297e-16,13,1.5666666666666667,22.0,2.2,0.0
MANUAL,2024-09-18 08:07:57,MANUAL_340,2.183333333333333,1,9,Wet,8,53.0,0.19933333333333333,2.95,0.8660254037844387,-0.4999999999999998,-1.0,-1.8369701987210297e-16,16,1.7333333333333334,24.0,5.8,0.0
MANUAL,2024-09-18 08:12:09,MANUAL_340,3.783333333333333,1,9,Wet,8,100.0,0.3873333333333333,6.41,0.8660254037844387,-0.4999999999999998,-1.0,-1.8369701987210297e-16,17,1.9222222222222223,24.0,5.8,0.0
MANUAL,2024-09-18 16:22:33,MANUAL_341,1.1833333333333333,1,9,Wet,16,37.0,0.012666666666666666,0.17,-0.8660254037844385,-0.5000000000000004,-1.0,-1.8369701987210297e-16,28,2.5694444444444446,25.3,9.0,1.0
MANUAL,2024-09-18 16:26:21,MANUAL_341,1.6,1,9,Wet,16,100.0,0.11800000000000001,1.77,-0.8660254037844385,-0.5000000000000004,-1.0,-1.8369701987210297e-16,29,1.1833333333333333,25.3,9.0,1.0
MANUAL,2024-09-19 16:14:00,MANUAL_342,1.05,1,9,Wet,16,34.0,0.013333333333333334,0.06,-0.8660254037844385,-0.5000000000000004,-1.0,-1.8369701987210297e-16,11,2.5694444444444446,24.9,5.4,0.2
MANUAL,2024-09-19 16:24:54,MANUAL_342,1.0666666666666667,1,9,Wet,16,27.0,0.06266666666666666,0.69,-0.8660254037844385,-0.5000000000000004,-1.0,-1.8369701987210297e-16,15,1.05,24.9,5.4,0.2
MANUAL,2024-09-20 07:22:46,MANUAL_343,1.5333333333333332,1,9,Wet,7,33.0,0.017333333333333333,0.76,0.9659258262890683,-0.25881904510252063,-1.0,-1.8369701987210297e-16,6,2.5694444444444446,22.4,1.1,0.0
MANUAL,2024-09-20 07:46:07,MANUAL_343,1.5,1,9,Wet,7,50.0,0.11333333333333333,2.19,0.9659258262890683,-0.25881904510252063,-1.0,-1.8369701987210297e-16,8,1.5333333333333332,22.4,1.1,0.0
MANUAL,2024-09-21 06:41:12,MANUAL_344,1.4166666666666667,1,9,Wet,6,36.0,0.11800000000000001,1.5,1.0,6.123233995736766e-17,-1.0,-1.8369701987210297e-16,3,2.5694444444444446,22.0,3.6,0.0
MANUAL,2024-09-21 06:49:10,MANUAL_344,3.0166666666666666,1,9,Wet,6,56.0,0.5113333333333333,8.86,1.0,6.123233995736766e-17,-1.0,-1.8369701987210297e-16,6,1.4166666666666667,22.0,3.6,0.0
MANUAL,2024-09-21 07:14:09,MANUAL_344,1.5833333333333335,1,9,Wet,7,18.0,0.036000000000000004,1.54,0.9659258262890683,-0.25881904510252063,-1.0,-1.8369701987210297e-16,11,2.216666666666667,23.8,5.0,0.0
MANUAL,2024-09-21 07:24:46,MANUAL_344,1.7833333333333332,1,9,Wet,7,29.0,0.056666666666666664,3.59,0.9659258262890683,-0.25881904510252063,-1.0,-1.8369701987210297e-16,14,2.005555555555556,23.8,5.0,0.0
MANUAL,2024-09-21 07:28:59,MANUAL_344,1.5166666666666666,1,9,Wet,7,100.0,0.18933333333333333,3.97,0.9659258262890683,-0.25881904510252063,-1.0,-1.8369701987210297e-16,15,2.1277777777777778,23.8,5.0,0.0
MANUAL,2024-09-21 07:34:16,MANUAL_344,1.95,1,9,Wet,7,43.0,0.078,2.44,0.9659258262890683,-0.25881904510252063,-1.0,-1.8369701987210297e-16,17,1.6277777777777775,23.8,5.0,0.0
MANUAL,2024-09-22 08:04:21,MANUAL_345,1.8333333333333335,1,9,Wet,8,26.0,0.02,1.1,0.8660254037844387,-0.4999999999999998,-1.0,-1.8369701987210297e-16,6,2.5694444444444446,24.8,3.1,0.0
MANUAL,2024-09-23 06:26:46,MANUAL_346,2.533333333333333,1,9,Wet,6,68.0,0.25133333333333335,5.69,1.0,6.123233995736766e-17,-1.0,-1.8369701987210297e-16,5,2.5694444444444446,22.8,2.9,0.0
MANUAL,2024-09-23 06:31:59,MANUAL_346,3.2,1,9,Wet,6,100.0,0.3426666666666666,7.82,1.0,6.123233995736766e-17,-1.0,-1.8369701987210297e-16,6,2.533333333333333,22.8,2.9,0.0
MANUAL,2024-09-24 07:27:07,MANUAL_347,1.85,1,9,Wet,7,34.0,0.22133333333333333,3.4,0.9659258262890683,-0.25881904510252063,-1.0,-1.8369701987210297e-16,7,2.5694444444444446,23.8,2.2,0.0
MANUAL,2024-09-24 07:51:25,MANUAL_347,1.75,1,9,Wet,7,100.0,0.15933333333333335,3.39,0.9659258262890683,-0.25881904510252063,-1.0,-1.8369701987210297e-16,11,1.85,23.8,2.2,0.0
MANUAL,2024-09-25 06:16:50,MANUAL_348,1.1833333333333333,1,9,Wet,6,21.0,0.06933333333333333,1.34,1.0,6.123233995736766e-17,-1.0,-1.8369701987210297e-16,4,2.5694444444444446,21.5,2.4,0.0
MANUAL,2024-09-25 06:20:41,MANUAL_348,4.133333333333334,1,9,Wet,6,91.0,0.32466666666666666,13.34,1.0,6.123233995736766e-17,-1.0,-1.8369701987210297e-16,5,1.1833333333333333,21.5,2.4,0.0
MANUAL,2024-09-25 06:25:33,MANUAL_348,1.2666666666666666,1,9,Wet,6,37.0,0.07666666666666666,3.66,1.0,6.123233995736766e-17,-1.0,-1.8369701987210297e-16,6,2.6583333333333337,21.5,2.4,0.0
MANUAL,2024-09-25 06:49:43,MANUAL_348,2.9333333333333336,1,9,Wet,6,66.0,0.20133333333333334,7.31,1.0,6.123233995736766e-17,-1.0,-1.8369701987210297e-16,11,2.1944444444444446,21.5,2.4,0.0
MANUAL,2024-09-25 07:08:28,MANUAL_348,1.5833333333333335,1,9,Wet,7,44.0,0.152,3.25,0.9659258262890683,-0.25881904510252063,-1.0,-1.8369701987210297e-16,14,2.777777777777778,22.4,2.6,0.0
MANUAL,2024-09-27 07:01:36,MANUAL_349,1.1666666666666667,1,9,Wet,7,40.0,0.07200000000000001,1.39,0.9659258262890683,-0.25881904510252063,-1.0,-1.8369701987210297e-16,4,2.5694444444444446,22.5,2.2,0.0
MANUAL,2024-09-27 07:39:29,MANUAL_349,1.7,1,9,Wet,7,34.0,0.10200000000000001,2.65,0.9659258262890683,-0.25881904510252063,-1.0,-1.8369701987210297e-16,8,1.1666666666666667,22.5,2.2,0.0
MANUAL,2024-09-28 06:52:16,MANUAL_350,1.8,1,9,Wet,6,51.0,0.166,2.54,1.0,6.123233995736766e-17,-1.0,-1.8369701987210297e-16,2,2.5694444444444446,20.8,3.6,0.0
MANUAL,2024-09-28 06:56:16,MANUAL_350,3.9,1,9,Wet,6,98.0,0.5033333333333333,14.46,1.0,6.123233995736766e-17,-1.0,-1.8369701987210297e-16,3,1.8,20.8,3.6,0.0
MANUAL,2024-09-29 06:22:55,MANUAL_351,1.9833333333333334,1,9,Wet,6,78.0,0.29333333333333333,4.54,1.0,6.123233995736766e-17,-1.0,-1.8369701987210297e-16,9,2.5694444444444446,21.4,1.5,0.0
MANUAL,2024-09-30 06:17:11,MANUAL_352,1.7,1,9,Wet,6,30.0,0.17066666666666666,3.64,1.0,6.123233995736766e-17,-1.0,-1.8369701987210297e-16,3,2.5694444444444446,21.2,3.6,0.0
MANUAL,2024-09-30 06:26:10,MANUAL_352,2.9833333333333334,1,9,Wet,6,44.0,0.4,8.73,1.0,6.123233995736766e-17,-1.0,-1.8369701987210297e-16,5,1.7,21.2,3.6,0.0
MANUAL,2024-09-30 06:47:16,MANUAL_352,1.25,1,9,Wet,6,19.0,0.042,1.18,1.0,6.123233995736766e-17,-1.0,-1.8369701987210297e-16,10,2.341666666666667,21.2,3.6,0.0
MANUAL,2024-09-30 06:58:17,MANUAL_352,1.3,1,9,Wet,6,17.0,0.028,0.66,1.0,6.123233995736766e-17,-1.0,-1.8369701987210297e-16,13,1.9777777777777779,21.2,3.6,0.0
MANUAL,2024-09-30 07:01:45,MANUAL_352,2.0166666666666666,1,9,Wet,7,100.0,0.17933333333333332,5.57,0.9659258262890683,-0.25881904510252063,-1.0,-1.8369701987210297e-16,14,1.8444444444444443,23.4,2.2,0.0
MANUAL,2024-09-30 07:06:00,MANUAL_352,2.2333333333333334,1,9,Wet,7,56.0,0.08733333333333333,3.14,0.9659258262890683,-0.25881904510252063,-1.0,-1.8369701987210297e-16,15,1.5222222222222221,23.4,2.2,0.0
MANUAL,2024-10-01 07:08:32,MANUAL_353,1.4333333333333333,1,10,Wet,7,47.0,0.14466666666666667,3.09,0.9659258262890683,-0.25881904510252063,-0.8660254037844386,0.5000000000000001,4,2.5694444444444446,23.4,3.1,0.0
MANUAL,2024-10-01 07:12:06,MANUAL_353,3.1166666666666667,1,10,Wet,7,100.0,0.28800000000000003,8.94,0.9659258262890683,-0.25881904510252063,-0.8660254037844386,0.5000000000000001,5,1.4333333333333333,23.4,3.1,0.0
MANUAL,2024-10-01 07:53:36,MANUAL_353,1.35,1,10,Wet,7,38.0,0.028666666666666667,0.39,0.9659258262890683,-0.25881904510252063,-0.8660254037844386,0.5000000000000001,12,2.275,23.4,3.1,0.0
MANUAL,2024-10-01 08:22:57,MANUAL_353,1.5833333333333335,1,10,Wet,8,46.0,0.078,1.82,0.8660254037844387,-0.4999999999999998,-0.8660254037844386,0.5000000000000001,19,1.9666666666666668,24.8,3.0,0.0
MANUAL,2024-10-02 06:49:19,MANUAL_354,1.4666666666666668,1,10,Wet,6,13.0,0.058,2.49,1.0,6.123233995736766e-17,-0.8660254037844386,0.5000000000000001,3,2.5694444444444446,21.8,5.3,0.0
MANUAL,2024-10-02 07:00:12,MANUAL_354,2.066666666666667,1,10,Wet,7,29.0,0.13399999999999998,4.24,0.9659258262890683,-0.25881904510252063,-0.8660254037844386,0.5000000000000001,5,1.4666666666666668,24.0,4.7,0.0
MANUAL,2024-10-02 07:12:01,MANUAL_354,1.7833333333333332,1,10,Wet,7,27.0,0.232,3.78,0.9659258262890683,-0.25881904510252063,-0.8660254037844386,0.5000000000000001,9,1.7666666666666668,24.0,4.7,0.0
MANUAL,2024-10-02 07:19:44,MANUAL_354,2.85,1,10,Wet,7,61.0,0.37266666666666665,7.64,0.9659258262890683,-0.25881904510252063,-0.8660254037844386,0.5000000000000001,11,1.7722222222222221,24.0,4.7,0.0
MANUAL,2024-10-03 06:57:11,MANUAL_355,2.216666666666667,1,10,Wet,6,49.0,0.22666666666666666,5.07,1.0,6.123233995736766e-17,-0.8660254037844386,0.5000000000000001,13,2.5694444444444446,21.2,1.5,0.0
MANUAL,2024-10-03 07:01:44,MANUAL_355,3.783333333333333,1,10,Wet,7,98.0,0.5033333333333333,8.73,0.9659258262890683,-0.25881904510252063,-0.8660254037844386,0.5000000000000001,14,2.216666666666667,23.1,2.6,0.0
MANUAL,2024-10-03 08:06:43,MANUAL_356,2.716666666666667,1,10,Wet,8,57.0,0.5873333333333334,6.04,0.8660254037844387,-0.4999999999999998,-0.8660254037844386,0.5000000000000001,26,2.5694444444444446,24.5,2.2,0.0
MANUAL,2024-10-03 08:11:33,MANUAL_356,1.0666666666666667,1,10,Wet,8,100.0,0.16666666666666666,2.31,0.8660254037844387,-0.4999999999999998,-0.8660254037844386,0.5000000000000001,27,2.716666666666667,24.5,2.2,0.0
MANUAL,2024-10-03 08:14:53,MANUAL_356,2.033333333333333,1,10,Wet,8,70.0,0.178,2.76,0.8660254037844387,-0.4999999999999998,-0.8660254037844386,0.5000000000000001,29,1.8916666666666666,24.5,2.2,0.0
MANUAL,2024-10-04 00:52:53,MANUAL_357,1.0333333333333334,1,10,Wet,0,72.0,0.028,0.2,0.0,1.0,-0.8660254037844386,0.5000000000000001,2,2.5694444444444446,22.3,4.1,1.5
MANUAL,2024-10-04 01:21:55,MANUAL_357,1.25,1,10,Wet,1,100.0,0.3106666666666667,3.57,0.25881904510252074,0.9659258262890683,-0.8660254037844386,0.5000000000000001,9,1.0333333333333334,22.2,2.4,1.5
MANUAL,2024-10-04 01:24:31,MANUAL_357,1.8666666666666667,1,10,Wet,1,75.0,0.5646666666666668,6.58,0.25881904510252074,0.9659258262890683,-0.8660254037844386,0.5000000000000001,11,1.1416666666666666,22.2,2.4,1.5
MANUAL,2024-10-04 04:09:35,MANUAL_358,1.3166666666666667,1,10,Wet,4,99.0,0.04666666666666666,0.65,0.8660254037844386,0.5000000000000001,-0.8660254037844386,0.5000000000000001,13,2.5694444444444446,23.1,1.3,0.0
MANUAL,2024-10-04 04:20:33,MANUAL_358,1.2166666666666668,1,10,Wet,4,74.0,0.17066666666666666,1.68,0.8660254037844386,0.5000000000000001,-0.8660254037844386,0.5000000000000001,16,1.3166666666666667,23.1,1.3,0.0
MANUAL,2024-10-04 04:54:25,MANUAL_358,1.3333333333333333,1,10,Wet,4,78.0,0.094,1.49,0.8660254037844386,0.5000000000000001,-0.8660254037844386,0.5000000000000001,19,1.2666666666666666,23.1,1.3,0.0
MANUAL,2024-10-04 08:26:05,MANUAL_359,1.1333333333333333,1,10,Wet,8,33.0,0.07,0.91,0.8660254037844387,-0.4999999999999998,-0.8660254037844386,0.5000000000000001,26,2.5694444444444446,24.0,3.9,0.0
MANUAL,2024-10-04 08:52:38,MANUAL_359,2.6666666666666665,1,10,Wet,8,100.0,0.2753333333333333,9.71,0.8660254037844387,-0.4999999999999998,-0.8660254037844386,0.5000000000000001,31,1.1333333333333333,24.0,3.9,0.0
MANUAL,2024-10-04 08:57:14,MANUAL_359,1.2833333333333332,1,10,Wet,8,50.0,0.10933333333333332,2.23,0.8660254037844387,-0.4999999999999998,-0.8660254037844386,0.5000000000000001,32,1.9,24.0,3.9,0.0
MANUAL,2024-10-04 09:16:37,MANUAL_359,1.8333333333333335,1,10,Wet,9,29.0,0.09266666666666666,4.65,0.7071067811865476,-0.7071067811865475,-0.8660254037844386,0.5000000000000001,36,1.6944444444444444,25.2,6.1,0.0
MANUAL,2024-10-04 09:22:27,MANUAL_359,1.1333333333333333,1,10,Wet,9,80.0,0.078,5.21,0.7071067811865476,-0.7071067811865475,-0.8660254037844386,0.5000000000000001,38,1.9277777777777778,25.2,6.1,0.0
MANUAL,2024-10-04 09:25:42,MANUAL_359,1.4666666666666668,1,10,Wet,9,51.0,0.03066666666666667,2.22,0.7071067811865476,-0.7071067811865475,-0.8660254037844386,0.5000000000000001,40,1.4166666666666667,25.2,6.1,0.0
MANUAL,2024-10-04 09:41:20,MANUAL_359,1.9666666666666668,1,10,Wet,9,43.0,0.20400000000000001,3.68,0.7071067811865476,-0.7071067811865475,-0.8660254037844386,0.5000000000000001,44,1.4777777777777779,25.2,6.1,0.0
MANUAL,2024-10-05 07:20:40,MANUAL_360,1.75,1,10,Wet,7,71.0,0.23066666666666666,4.5,0.9659258262890683,-0.25881904510252063,-0.8660254037844386,0.5000000000000001,4,2.5694444444444446,22.4,1.7,0.0
MANUAL,2024-10-05 07:48:27,MANUAL_360,1.5166666666666666,1,10,Wet,7,39.0,0.048,2.35,0.9659258262890683,-0.25881904510252063,-0.8660254037844386,0.5000000000000001,7,1.75,22.4,1.7,0.0
MANUAL,2024-10-08 06:00:15,MANUAL_361,1.7666666666666666,1,10,Wet,6,46.0,0.1673333333333333,11.85,1.0,6.123233995736766e-17,-0.8660254037844386,0.5000000000000001,1,2.5694444444444446,22.0,0.8,0.0
MANUAL,2024-10-08 06:26:20,MANUAL_361,1.25,1,10,Wet,6,100.0,0.11466666666666667,5.61,1.0,6.123233995736766e-17,-0.8660254037844386,0.5000000000000001,4,1.7666666666666666,22.0,0.8,0.0
MANUAL,2024-10-08 06:29:07,MANUAL_361,2.8,1,10,Wet,6,70.0,0.32133333333333336,12.92,1.0,6.123233995736766e-17,-0.8660254037844386,0.5000000000000001,6,1.5083333333333333,22.0,0.8,0.0
MANUAL,2024-10-08 06:54:52,MANUAL_361,1.15,1,10,Wet,6,100.0,0.15533333333333335,8.94,1.0,6.123233995736766e-17,-0.8660254037844386,0.5000000000000001,8,1.9388888888888889,22.0,0.8,0.0
MANUAL,2024-10-08 07:01:59,MANUAL_361,1.8,1,10,Wet,7,21.0,0.17666666666666667,10.0,0.9659258262890683,-0.25881904510252063,-0.8660254037844386,0.5000000000000001,10,1.7333333333333332,23.0,1.5,0.0
MANUAL,2024-10-08 07:31:11,MANUAL_361,1.1333333333333333,1,10,Wet,7,100.0,0.14266666666666666,4.96,0.9659258262890683,-0.25881904510252063,-0.8660254037844386,0.5000000000000001,12,1.9166666666666667,23.0,1.5,0.0
MANUAL,2024-10-08 07:33:07,MANUAL_361,3.3833333333333333,1,10,Wet,7,81.0,0.33399999999999996,18.88,0.9659258262890683,-0.25881904510252063,-0.8660254037844386,0.5000000000000001,13,1.361111111111111,23.0,1.5,0.0
MANUAL,2024-10-08 15:52:16,MANUAL_362,1.35,1,10,Wet,15,22.0,0.126,2.72,-0.7071067811865471,-0.7071067811865479,-0.8660254037844386,0.5000000000000001,16,2.5694444444444446,26.1,5.6,1.7
MANUAL,2024-10-08 16:17:57,MANUAL_362,2.2,1,10,Wet,16,35.0,0.31,12.29,-0.8660254037844385,-0.5000000000000004,-0.8660254037844386,0.5000000000000001,22,1.35,25.4,5.0,0.1
MANUAL,2024-10-08 16:38:36,MANUAL_362,2.216666666666667,1,10,Wet,16,53.0,0.25466666666666665,7.09,-0.8660254037844385,-0.5000000000000004,-0.8660254037844386,0.5000000000000001,24,1.7750000000000001,25.4,5.0,0.1
MANUAL,2024-10-08 16:45:55,MANUAL_362,4.366666666666666,1,10,Wet,16,69.0,0.498,21.79,-0.8660254037844385,-0.5000000000000004,-0.8660254037844386,0.5000000000000001,26,1.9222222222222225,25.4,5.0,0.1
MANUAL,2024-10-08 17:16:10,MANUAL_362,2.0166666666666666,1,10,Wet,17,69.0,0.15733333333333333,5.67,-0.9659258262890683,-0.25881904510252063,-0.8660254037844386,0.5000000000000001,32,2.9277777777777776,23.6,6.8,0.4
MANUAL,2024-10-09 06:12:32,MANUAL_363,1.6,1,10,Wet,6,62.0,0.196,8.75,1.0,6.123233995736766e-17,-0.8660254037844386,0.5000000000000001,2,2.5694444444444446,21.5,2.9,0.0
MANUAL,2024-10-09 06:23:47,MANUAL_363,1.0333333333333334,1,10,Wet,6,26.0,0.10400000000000001,3.79,1.0,6.123233995736766e-17,-0.8660254037844386,0.5000000000000001,4,1.6,21.5,2.9,0.0
MANUAL,2024-10-09 06:43:26,MANUAL_363,1.4166666666666667,1,10,Wet,6,86.0,0.16066666666666668,4.86,1.0,6.123233995736766e-17,-0.8660254037844386,0.5000000000000001,9,1.3166666666666669,21.5,2.9,0.0
MANUAL,2024-10-09 06:45:41,MANUAL_363,1.75,1,10,Wet,6,69.0,0.196,6.24,1.0,6.123233995736766e-17,-0.8660254037844386,0.5000000000000001,10,1.3500000000000003,21.5,2.9,0.0
MANUAL,2024-10-09 16:32:06,MANUAL_364,1.5333333333333332,1,10,Wet,16,35.0,0.14800000000000002,4.93,-0.8660254037844385,-0.5000000000000004,-0.8660254037844386,0.5000000000000001,26,2.5694444444444446,25.9,4.3,0.0
MANUAL,2024-10-09 16:36:26,MANUAL_364,1.05,1,10,Wet,16,98.0,0.10133333333333333,3.34,-0.8660254037844385,-0.5000000000000004,-0.8660254037844386,0.5000000000000001,27,1.5333333333333332,25.9,4.3,0.0
MANUAL,2024-10-09 16:39:46,MANUAL_364,2.4,1,10,Wet,16,61.0,0.3333333333333333,11.73,-0.8660254037844385,-0.5000000000000004,-0.8660254037844386,0.5000000000000001,29,1.2916666666666665,25.9,4.3,0.0
MANUAL,2024-10-10 05:54:30,MANUAL_365,1.35,1,10,Wet,5,97.0,0.10400000000000001,5.23,0.9659258262890683,0.25881904510252074,-0.8660254037844386,0.5000000000000001,3,2.5694444444444446,23.0,2.5,0.0
MANUAL,2024-10-10 06:00:03,MANUAL_365,2.4166666666666665,1,10,Wet,6,33.0,0.332,10.82,1.0,6.123233995736766e-17,-0.8660254037844386,0.5000000000000001,5,1.35,22.0,3.2,0.0
MANUAL,2024-10-10 06:22:26,MANUAL_365,1.5166666666666666,1,10,Wet,6,18.0,0.042,3.76,1.0,6.123233995736766e-17,-0.8660254037844386,0.5000000000000001,10,1.8833333333333333,22.0,3.2,0.0
MANUAL,2024-10-10 06:34:01,MANUAL_365,1.7666666666666666,1,10,Wet,6,24.0,0.064,4.9,1.0,6.123233995736766e-17,-0.8660254037844386,0.5000000000000001,14,1.761111111111111,22.0,3.2,0.0
MANUAL,2024-10-10 06:38:19,MANUAL_365,2.0833333333333335,1,10,Wet,6,100.0,0.17733333333333334,14.45,1.0,6.123233995736766e-17,-0.8660254037844386,0.5000000000000001,15,1.8999999999999997,22.0,3.2,0.0
MANUAL,2024-10-10 06:42:57,MANUAL_365,1.7666666666666666,1,10,Wet,6,52.0,0.068,4.53,1.0,6.123233995736766e-17,-0.8660254037844386,0.5000000000000001,17,1.788888888888889,22.0,3.2,0.0
MANUAL,2024-10-11 06:17:10,MANUAL_366,1.5333333333333332,1,10,Wet,6,19.0,0.07400000000000001,4.64,1.0,6.123233995736766e-17,-0.8660254037844386,0.5000000000000001,3,2.5694444444444446,21.8,2.1,0.0
MANUAL,2024-10-11 06:25:53,MANUAL_366,1.25,1,10,Wet,6,49.0,0.07466666666666667,1.91,1.0,6.123233995736766e-17,-0.8660254037844386,0.5000000000000001,5,1.5333333333333332,21.8,2.1,0.0
MANUAL,2024-10-11 06:29:46,MANUAL_366,1.2833333333333332,1,10,Wet,6,21.0,0.06533333333333333,1.93,1.0,6.123233995736766e-17,-0.8660254037844386,0.5000000000000001,8,1.3916666666666666,21.8,2.1,0.0
MANUAL,2024-10-11 06:37:05,MANUAL_366,4.2,1,10,Wet,6,68.0,0.23399999999999999,27.22,1.0,6.123233995736766e-17,-0.8660254037844386,0.5000000000000001,10,1.3555555555555554,21.8,2.1,0.0
MANUAL,2024-10-11 07:05:12,MANUAL_366,1.5333333333333332,1,10,Wet,7,37.0,0.08800000000000001,4.26,0.9659258262890683,-0.25881904510252063,-0.8660254037844386,0.5000000000000001,14,2.2444444444444445,23.5,1.8,0.0
MANUAL,2024-10-11 07:14:16,MANUAL_366,3.0833333333333335,1,10,Wet,7,48.0,0.21866666666666665,13.68,0.9659258262890683,-0.25881904510252063,-0.8660254037844386,0.5000000000000001,18,2.338888888888889,23.5,1.8,0.0
MANUAL,2024-10-11 07:19:54,MANUAL_366,5.0,1,10,Wet,7,100.0,0.5066666666666666,22.91,0.9659258262890683,-0.25881904510252063,-0.8660254037844386,0.5000000000000001,19,2.9388888888888887,23.5,1.8,0.0
MANUAL,2024-10-11 07:36:47,MANUAL_366,4.133333333333334,1,10,Wet,7,100.0,0.506,22.43,0.9659258262890683,-0.25881904510252063,-0.8660254037844386,0.5000000000000001,20,3.2055555555555557,23.5,1.8,0.0
MANUAL,2024-10-12 06:22:46,MANUAL_367,2.35,1,10,Wet,6,51.0,0.232,13.56,1.0,6.123233995736766e-17,-0.8660254037844386,0.5000000000000001,2,2.5694444444444446,21.9,1.0,0.0
MANUAL,2024-10-12 06:27:29,MANUAL_367,4.0,1,10,Wet,6,97.0,0.4246666666666667,26.48,1.0,6.123233995736766e-17,-0.8660254037844386,0.5000000000000001,3,2.35,21.9,1.0,0.0
MANUAL,2024-10-12 07:31:41,MANUAL_368,1.3,1,10,Wet,7,40.0,0.020666666666666667,0.98,0.9659258262890683,-0.25881904510252063,-0.8660254037844386,0.5000000000000001,12,2.5694444444444446,23.3,1.3,0.0
MANUAL,2024-10-12 07:51:37,MANUAL_368,1.6833333333333333,1,10,Wet,7,43.0,0.050666666666666665,1.77,0.9659258262890683,-0.25881904510252063,-0.8660254037844386,0.5000000000000001,17,1.3,23.3,1.3,0.0
MANUAL,2024-10-14 07:30:05,MANUAL_369,1.4333333333333333,1,10,Wet,7,50.0,0.19066666666666665,6.08,0.9659258262890683,-0.25881904510252063,-0.8660254037844386,0.5000000000000001,3,2.5694444444444446,23.6,1.6,0.0
MANUAL,2024-10-14 16:08:42,MANUAL_370,1.4333333333333333,1,10,Wet,16,33.0,0.04733333333333333,2.13,-0.8660254037844385,-0.5000000000000004,-0.8660254037844386,0.5000000000000001,9,2.5694444444444446,24.8,3.7,0.0
MANUAL,2024-10-14 16:48:27,MANUAL_370,1.5833333333333335,1,10,Wet,16,33.0,0.10666666666666667,4.85,-0.8660254037844385,-0.5000000000000004,-0.8660254037844386,0.5000000000000001,14,1.4333333333333333,24.8,3.7,0.0
MANUAL,2024-10-14 16:52:07,MANUAL_370,7.716666666666667,1,10,Wet,16,100.0,0.7420000000000001,24.83,-0.8660254037844385,-0.5000000000000004,-0.8660254037844386,0.5000000000000001,15,1.5083333333333333,24.8,3.7,0.0
MANUAL,2024-10-15 06:07:53,MANUAL_371,1.0166666666666666,1,10,Wet,6,43.0,0.01933333333333333,0.6,1.0,6.123233995736766e-17,-0.8660254037844386,0.5000000000000001,2,2.5694444444444446,22.4,0.7,0.0
MANUAL,2024-10-15 06:36:07,MANUAL_371,1.7166666666666668,1,10,Wet,6,79.0,0.12000000000000001,4.45,1.0,6.123233995736766e-17,-0.8660254037844386,0.5000000000000001,8,1.0166666666666666,22.4,0.7,0.0
MANUAL,2024-10-16 02:49:17,MANUAL_372,4.1,1,10,Wet,2,62.0,0.59,12.32,0.49999999999999994,0.8660254037844387,-0.8660254037844386,0.5000000000000001,10,2.5694444444444446,22.4,5.2,0.0
MANUAL,2024-10-16 06:31:27,MANUAL_373,1.2166666666666668,1,10,Wet,6,32.0,0.07733333333333332,1.93,1.0,6.123233995736766e-17,-0.8660254037844386,0.5000000000000001,12,2.5694444444444446,22.3,0.4,0.0
MANUAL,2024-10-16 06:54:23,MANUAL_373,1.0,1,10,Wet,6,100.0,0.064,3.48,1.0,6.123233995736766e-17,-0.8660254037844386,0.5000000000000001,15,1.2166666666666668,22.3,0.4,0.0
MANUAL,2024-10-16 06:58:22,MANUAL_373,1.6666666666666665,1,10,Wet,6,62.0,0.048666666666666664,6.07,1.0,6.123233995736766e-17,-0.8660254037844386,0.5000000000000001,17,1.1083333333333334,22.3,0.4,0.0
MANUAL,2024-10-16 07:47:22,MANUAL_373,2.1333333333333333,1,10,Wet,7,81.0,0.322,7.77,0.9659258262890683,-0.25881904510252063,-0.8660254037844386,0.5000000000000001,22,1.2944444444444445,22.9,1.6,0.0
MANUAL,2024-10-17 02:02:08,MANUAL_374,1.0166666666666666,1,10,Wet,2,50.0,0.042666666666666665,0.48,0.49999999999999994,0.8660254037844387,-0.8660254037844386,0.5000000000000001,7,2.5694444444444446,22.7,3.6,0.0
MANUAL,2024-10-17 06:55:25,MANUAL_375,1.5166666666666666,1,10,Wet,6,67.0,0.17200000000000001,4.28,1.0,6.123233995736766e-17,-0.8660254037844386,0.5000000000000001,15,2.5694444444444446,21.8,2.6,0.0
MANUAL,2024-10-17 07:18:01,MANUAL_375,4.233333333333333,1,10,Wet,7,100.0,0.13133333333333333,14.48,0.9659258262890683,-0.25881904510252063,-0.8660254037844386,0.5000000000000001,17,1.5166666666666666,23.2,2.4,0.0
MANUAL,2024-10-17 22:58:19,MANUAL_376,1.6,1,10,Wet,22,100.0,0.19066666666666665,4.32,-0.5000000000000004,0.8660254037844384,-0.8660254037844386,0.5000000000000001,25,2.5694444444444446,22.7,1.2,0.0
MANUAL,2024-10-17 23:04:20,MANUAL_376,1.35,1,10,Wet,23,49.0,0.13333333333333333,2.1,-0.25881904510252157,0.9659258262890681,-0.8660254037844386,0.5000000000000001,27,1.6,22.5,1.6,0.0
MANUAL,2024-10-18 02:17:24,MANUAL_377,1.8,1,10,Wet,2,37.0,0.3093333333333333,7.4,0.49999999999999994,0.8660254037844387,-0.8660254037844386,0.5000000000000001,4,2.5694444444444446,23.7,0.7,0.0
MANUAL,2024-10-18 03:25:16,MANUAL_378,1.4333333333333333,1,10,Wet,3,61.0,0.15133333333333335,2.62,0.7071067811865476,0.7071067811865476,-0.8660254037844386,0.5000000000000001,10,2.5694444444444446,23.6,1.7,0.0
MANUAL,2024-10-18 06:00:54,MANUAL_379,1.1666666666666667,1,10,Wet,6,94.0,0.036000000000000004,0.4,1.0,6.123233995736766e-17,-0.8660254037844386,0.5000000000000001,11,2.5694444444444446,22.1,1.5,0.0
MANUAL,2024-10-18 06:11:56,MANUAL_379,1.1333333333333333,1,10,Wet,6,99.0,0.13533333333333333,3.76,1.0,6.123233995736766e-17,-0.8660254037844386,0.5000000000000001,15,1.1666666666666667,22.1,1.5,0.0
MANUAL,2024-10-18 06:19:00,MANUAL_379,1.5166666666666666,1,10,Wet,6,23.0,0.034666666666666665,3.97,1.0,6.123233995736766e-17,-0.8660254037844386,0.5000000000000001,19,1.15,22.1,1.5,0.0
MANUAL,2024-10-18 06:29:44,MANUAL_379,2.15,1,10,Wet,6,24.0,0.14533333333333334,12.54,1.0,6.123233995736766e-17,-0.8660254037844386,0.5000000000000001,23,1.2722222222222221,22.1,1.5,0.0
MANUAL,2024-10-18 06:58:09,MANUAL_379,2.6333333333333333,1,10,Wet,6,44.0,0.33066666666666666,8.95,1.0,6.123233995736766e-17,-0.8660254037844386,0.5000000000000001,26,1.5999999999999999,22.1,1.5,0.0
MANUAL,2024-10-18 07:03:40,MANUAL_379,1.5666666666666667,1,10,Wet,7,99.0,0.16066666666666668,3.87,0.9659258262890683,-0.25881904510252063,-0.8660254037844386,0.5000000000000001,27,2.1,23.2,1.8,0.0
MANUAL,2024-10-18 07:07:51,MANUAL_379,4.733333333333333,1,10,Wet,7,58.0,0.7246666666666666,17.43,0.9659258262890683,-0.25881904510252063,-0.8660254037844386,0.5000000000000001,29,2.1166666666666667,23.2,1.8,0.0
MANUAL,2024-10-19 06:57:14,MANUAL_380,1.0,1,10,Wet,6,100.0,0.09466666666666666,2.17,1.0,6.123233995736766e-17,-0.8660254037844386,0.5000000000000001,5,2.5694444444444446,21.7,0.6,0.0
MANUAL,2024-10-19 07:13:25,MANUAL_380,1.3333333333333333,1,10,Wet,7,30.0,0.152,4.3,0.9659258262890683,-0.25881904510252063,-0.8660254037844386,0.5000000000000001,11,1.0,23.0,2.3,0.0
MANUAL,2024-10-19 07:17:02,MANUAL_380,1.3166666666666667,1,10,Wet,7,99.0,0.12933333333333333,1.87,0.9659258262890683,-0.25881904510252063,-0.8660254037844386,0.5000000000000001,12,1.1666666666666665,23.0,2.3,0.0
MANUAL,2024-10-19 07:22:57,MANUAL_380,2.533333333333333,1,10,Wet,7,39.0,0.46066666666666667,16.9,0.9659258262890683,-0.25881904510252063,-0.8660254037844386,0.5000000000000001,16,1.2166666666666666,23.0,2.3,0.0
MANUAL,2024-10-20 06:15:46,MANUAL_381,1.9666666666666668,1,10,Wet,6,45.0,0.254,12.73,1.0,6.123233995736766e-17,-0.8660254037844386,0.5000000000000001,2,2.5694444444444446,21.4,2.8,0.4
MANUAL,2024-10-20 06:44:55,MANUAL_381,1.8666666666666667,1,10,Wet,6,80.0,0.24000000000000002,7.31,1.0,6.123233995736766e-17,-0.8660254037844386,0.5000000000000001,8,1.9666666666666668,21.4,2.8,0.4
MANUAL,2024-10-20 07:52:02,MANUAL_382,1.6333333333333333,1,10,Wet,7,100.0,0.12333333333333334,10.47,0.9659258262890683,-0.25881904510252063,-0.8660254037844386,0.5000000000000001,20,2.5694444444444446,21.7,2.2,0.5
MANUAL,2024-10-20 07:56:26,MANUAL_382,1.8833333333333333,1,10,Wet,7,62.0,0.04533333333333334,8.35,0.9659258262890683,-0.25881904510252063,-0.8660254037844386,0.5000000000000001,23,1.6333333333333333,21.7,2.2,0.5
MANUAL,2024-10-21 06:32:57,MANUAL_383,1.3833333333333333,1,10,Wet,6,27.0,0.10200000000000001,2.14,1.0,6.123233995736766e-17,-0.8660254037844386,0.5000000000000001,4,2.5694444444444446,21.5,6.2,1.5
MANUAL,2024-10-21 06:35:52,MANUAL_383,1.1333333333333333,1,10,Wet,6,100.0,0.10066666666666667,1.32,1.0,6.123233995736766e-17,-0.8660254037844386,0.5000000000000001,5,1.3833333333333333,21.5,6.2,1.5
MANUAL,2024-10-21 06:38:38,MANUAL_383,2.1166666666666667,1,10,Wet,6,74.0,0.22733333333333333,12.2,1.0,6.123233995736766e-17,-0.8660254037844386,0.5000000000000001,6,1.2583333333333333,21.5,6.2,1.5
MANUAL,2024-10-21 07:06:51,MANUAL_383,1.9666666666666668,1,10,Wet,7,75.0,0.2853333333333333,11.6,0.9659258262890683,-0.25881904510252063,-0.8660254037844386,0.5000000000000001,12,1.5444444444444443,21.8,11.7,0.9
MANUAL,2024-10-21 07:28:48,MANUAL_383,2.0,1,10,Wet,7,36.0,0.26666666666666666,8.4,0.9659258262890683,-0.25881904510252063,-0.8660254037844386,0.5000000000000001,16,1.738888888888889,21.8,11.7,0.9
MANUAL,2024-10-21 07:33:18,MANUAL_383,1.1666666666666667,1,10,Wet,7,100.0,0.09866666666666667,4.27,0.9659258262890683,-0.25881904510252063,-0.8660254037844386,0.5000000000000001,17,2.027777777777778,21.8,11.7,0.9
MANUAL,2024-10-21 07:38:14,MANUAL_383,3.183333333333333,1,10,Wet,7,48.0,0.394,11.52,0.9659258262890683,-0.25881904510252063,-0.8660254037844386,0.5000000000000001,18,1.7111111111111112,21.8,11.7,0.9
MANUAL,2024-10-21 07:52:06,MANUAL_383,1.0333333333333334,1,10,Wet,7,100.0,0.13133333333333333,5.15,0.9659258262890683,-0.25881904510252063,-0.8660254037844386,0.5000000000000001,19,2.1166666666666667,21.8,11.7,0.9
MANUAL,2024-10-21 07:59:47,MANUAL_383,1.6666666666666665,1,10,Wet,7,23.0,0.03066666666666667,6.21,0.9659258262890683,-0.25881904510252063,-0.8660254037844386,0.5000000000000001,24,1.7944444444444443,21.8,11.7,0.9
MANUAL,2024-10-21 08:03:30,MANUAL_383,1.3666666666666667,1,10,Wet,8,100.0,0.09933333333333333,9.3,0.8660254037844387,-0.4999999999999998,-0.8660254037844386,0.5000000000000001,25,1.961111111111111,21.9,9.9,1.8
MANUAL,2024-10-21 08:12:31,MANUAL_383,1.5,1,10,Wet,8,26.0,0.08133333333333333,3.09,0.8660254037844387,-0.4999999999999998,-0.8660254037844386,0.5000000000000001,31,1.3555555555555554,21.9,9.9,1.8
MANUAL,2024-10-21 08:16:02,MANUAL_383,2.2333333333333334,1,10,Wet,8,100.0,0.192,17.11,0.8660254037844387,-0.4999999999999998,-0.8660254037844386,0.5000000000000001,32,1.511111111111111,21.9,9.9,1.8
MANUAL,2024-10-21 08:19:02,MANUAL_383,2.15,1,10,Wet,8,71.0,0.154,11.82,0.8660254037844387,-0.4999999999999998,-0.8660254037844386,0.5000000000000001,33,1.7,21.9,9.9,1.8
MANUAL,2024-10-22 02:15:03,MANUAL_384,2.8666666666666667,1,10,Wet,2,31.0,0.3253333333333333,12.85,0.49999999999999994,0.8660254037844387,-0.8660254037844386,0.5000000000000001,5,2.5694444444444446,23.2,23.3,0.1
MANUAL,2024-10-22 03:15:54,MANUAL_385,3.033333333333333,1,10,Wet,3,83.0,0.31933333333333336,9.48,0.7071067811865476,0.7071067811865476,-0.8660254037844386,0.5000000000000001,9,2.5694444444444446,22.9,24.0,0.1
MANUAL,2024-10-23 07:45:17,MANUAL_386,1.1833333333333333,1,10,Wet,7,32.0,0.096,3.01,0.9659258262890683,-0.25881904510252063,-0.8660254037844386,0.5000000000000001,3,2.5694444444444446,22.1,12.6,0.0
MANUAL,2024-10-23 07:59:18,MANUAL_386,1.3333333333333333,1,10,Wet,7,30.0,0.13866666666666666,5.08,0.9659258262890683,-0.25881904510252063,-0.8660254037844386,0.5000000000000001,8,1.1833333333333333,22.1,12.6,0.0
MANUAL,2024-10-24 05:17:27,MANUAL_387,1.0,1,10,Wet,5,96.0,0.126,4.08,0.9659258262890683,0.25881904510252074,-0.8660254037844386,0.5000000000000001,0,2.5694444444444446,20.4,5.0,0.0
MANUAL,2024-10-24 05:25:43,MANUAL_387,1.6166666666666667,1,10,Wet,5,21.0,0.05333333333333334,6.18,0.9659258262890683,0.25881904510252074,-0.8660254037844386,0.5000000000000001,5,1.0,20.4,5.0,0.0
MANUAL,2024-10-24 05:35:41,MANUAL_387,2.3166666666666664,1,10,Wet,5,31.0,0.08133333333333333,13.61,0.9659258262890683,0.25881904510252074,-0.8660254037844386,0.5000000000000001,8,1.3083333333333333,20.4,5.0,0.0
MANUAL,2024-10-24 05:40:27,MANUAL_387,1.2833333333333332,1,10,Wet,5,97.0,0.10866666666666666,7.0,0.9659258262890683,0.25881904510252074,-0.8660254037844386,0.5000000000000001,9,1.6444444444444446,20.4,5.0,0.0
MANUAL,2024-10-24 05:45:20,MANUAL_387,2.6666666666666665,1,10,Wet,5,53.0,0.11533333333333333,8.39,0.9659258262890683,0.25881904510252074,-0.8660254037844386,0.5000000000000001,11,1.738888888888889,20.4,5.0,0.0
MANUAL,2024-10-24 06:05:25,MANUAL_387,2.35,1,10,Wet,6,31.0,0.29600000000000004,14.09,1.0,6.123233995736766e-17,-0.8660254037844386,0.5000000000000001,15,2.0888888888888886,20.7,6.0,0.0
MANUAL,2024-10-24 06:55:06,MANUAL_387,1.5333333333333332,1,10,Wet,6,100.0,0.15,5.31,1.0,6.123233995736766e-17,-0.8660254037844386,0.5000000000000001,24,2.1,20.7,6.0,0.0
MANUAL,2024-10-24 06:58:45,MANUAL_387,2.9,1,10,Wet,6,63.0,0.26333333333333336,17.72,1.0,6.123233995736766e-17,-0.8660254037844386,0.5000000000000001,26,2.183333333333333,20.7,6.0,0.0
MANUAL,2024-10-24 07:17:43,MANUAL_387,2.466666666666667,1,10,Wet,7,57.0,0.15266666666666667,7.46,0.9659258262890683,-0.25881904510252063,-0.8660254037844386,0.5000000000000001,28,2.261111111111111,22.0,8.2,0.0
MANUAL,2024-10-24 07:26:14,MANUAL_387,3.8166666666666664,1,10,Wet,7,62.0,0.26466666666666666,24.46,0.9659258262890683,-0.25881904510252063,-0.8660254037844386,0.5000000000000001,30,2.3000000000000003,22.0,8.2,0.0
MANUAL,2024-10-24 17:11:39,MANUAL_388,2.0166666666666666,1,10,Wet,17,68.0,0.08466666666666667,6.05,-0.9659258262890683,-0.25881904510252063,-0.8660254037844386,0.5000000000000001,39,2.5694444444444446,24.5,8.1,0.0
MANUAL,2024-10-25 06:36:21,MANUAL_389,1.2833333333333332,1,10,Wet,6,59.0,0.06266666666666666,4.51,1.0,6.123233995736766e-17,-0.8660254037844386,0.5000000000000001,4,2.5694444444444446,20.9,2.0,0.0
MANUAL,2024-10-25 06:39:55,MANUAL_389,6.516666666666667,1,10,Wet,6,100.0,0.49,31.99,1.0,6.123233995736766e-17,-0.8660254037844386,0.5000000000000001,5,1.2833333333333332,20.9,2.0,0.0
MANUAL,2024-10-25 07:07:03,MANUAL_389,1.7333333333333334,1,10,Wet,7,19.0,0.13533333333333333,6.6,0.9659258262890683,-0.25881904510252063,-0.8660254037844386,0.5000000000000001,7,3.9,22.1,3.5,0.1
MANUAL,2024-10-26 07:18:32,MANUAL_390,1.3,1,10,Wet,7,27.0,0.010666666666666666,0.47,0.9659258262890683,-0.25881904510252063,-0.8660254037844386,0.5000000000000001,5,2.5694444444444446,20.7,6.0,0.2
MANUAL,2024-10-26 07:41:54,MANUAL_390,1.1,1,10,Wet,7,23.0,0.03066666666666667,1.77,0.9659258262890683,-0.25881904510252063,-0.8660254037844386,0.5000000000000001,7,1.3,20.7,6.0,0.2
MANUAL,2024-10-26 07:44:56,MANUAL_390,4.9,1,10,Wet,7,100.0,0.22333333333333333,21.97,0.9659258262890683,-0.25881904510252063,-0.8660254037844386,0.5000000000000001,8,1.2000000000000002,20.7,6.0,0.2
MANUAL,2024-10-27 07:17:02,MANUAL_391,4.9,1,10,Wet,7,97.0,0.11133333333333333,13.97,0.9659258262890683,-0.25881904510252063,-0.8660254037844386,0.5000000000000001,4,2.5694444444444446,21.0,7.4,0.6
MANUAL,2024-10-28 07:11:56,MANUAL_392,2.1,1,10,Wet,7,45.0,0.044000000000000004,1.62,0.9659258262890683,-0.25881904510252063,-0.8660254037844386,0.5000000000000001,4,2.5694444444444446,21.0,8.9,0.8
MANUAL,2024-10-28 20:56:13,MANUAL_393,2.05,1,10,Wet,20,62.0,0.428,11.73,-0.8660254037844386,0.5000000000000001,-0.8660254037844386,0.5000000000000001,8,2.5694444444444446,24.3,7.1,0.1
MANUAL,2024-10-28 21:28:14,MANUAL_393,2.5833333333333335,1,10,Wet,21,33.0,0.392,7.25,-0.7071067811865477,0.7071067811865474,-0.8660254037844386,0.5000000000000001,11,2.05,24.5,8.2,0.0
MANUAL,2024-10-28 22:35:18,MANUAL_394,1.8666666666666667,1,10,Wet,22,53.0,0.428,7.88,-0.5000000000000004,0.8660254037844384,-0.8660254037844386,0.5000000000000001,19,2.5694444444444446,24.3,10.9,0.0
MANUAL,2024-10-29 17:10:04,MANUAL_395,1.9666666666666668,1,10,Wet,17,38.0,0.12533333333333332,4.24,-0.9659258262890683,-0.25881904510252063,-0.8660254037844386,0.5000000000000001,22,2.5694444444444446,23.3,5.5,0.4
MANUAL,2024-10-29 17:18:08,MANUAL_395,2.1333333333333333,1,10,Wet,17,53.0,0.078,5.79,-0.9659258262890683,-0.25881904510252063,-0.8660254037844386,0.5000000000000001,24,1.9666666666666668,23.3,5.5,0.4
MANUAL,2024-10-29 17:47:52,MANUAL_395,2.75,1,10,Wet,17,48.0,0.2806666666666667,9.25,-0.9659258262890683,-0.25881904510252063,-0.8660254037844386,0.5000000000000001,31,2.05,23.3,5.5,0.4
MANUAL,2024-10-29 18:01:37,MANUAL_395,4.033333333333333,1,10,Wet,18,99.0,0.37533333333333335,19.04,-1.0,-1.8369701987210297e-16,-0.8660254037844386,0.5000000000000001,32,2.283333333333333,22.8,3.1,0.1
MANUAL,2024-10-29 21:57:03,MANUAL_396,2.4,1,10,Wet,21,64.0,0.26,11.89,-0.7071067811865477,0.7071067811865474,-0.8660254037844386,0.5000000000000001,38,2.5694444444444446,24.3,6.5,0.0
MANUAL,2024-10-30 07:02:07,MANUAL_397,1.0166666666666666,1,10,Wet,7,43.0,0.03866666666666666,0.66,0.9659258262890683,-0.25881904510252063,-0.8660254037844386,0.5000000000000001,16,2.5694444444444446,22.0,5.0,0.0
MANUAL,2024-10-30 07:26:49,MANUAL_397,2.3833333333333333,1,10,Wet,7,67.0,0.20800000000000002,6.78,0.9659258262890683,-0.25881904510252063,-0.8660254037844386,0.5000000000000001,22,1.0166666666666666,22.0,5.0,0.0
MANUAL,2024-10-30 08:13:44,MANUAL_397,1.2,1,10,Wet,8,41.0,0.020666666666666667,0.6,0.8660254037844387,-0.4999999999999998,-0.8660254037844386,0.5000000000000001,28,1.7,22.9,6.5,0.0
MANUAL,2024-10-30 08:31:07,MANUAL_397,1.3666666666666667,1,10,Wet,8,45.0,0.059333333333333335,2.15,0.8660254037844387,-0.4999999999999998,-0.8660254037844386,0.5000000000000001,32,1.5333333333333332,22.9,6.5,0.0
MANUAL,2024-10-30 08:34:47,MANUAL_397,1.7166666666666668,1,10,Wet,8,100.0,0.14466666666666667,6.55,0.8660254037844387,-0.4999999999999998,-0.8660254037844386,0.5000000000000001,33,1.6500000000000001,22.9,6.5,0.0
MANUAL,2024-10-30 08:41:24,MANUAL_397,1.5666666666666667,1,10,Wet,8,44.0,0.01933333333333333,0.95,0.8660254037844387,-0.4999999999999998,-0.8660254037844386,0.5000000000000001,37,1.4277777777777778,22.9,6.5,0.0
MANUAL,2024-10-30 16:35:21,MANUAL_398,1.55,1,10,Wet,16,36.0,0.11733333333333333,3.6,-0.8660254037844385,-0.5000000000000004,-0.8660254037844386,0.5000000000000001,43,2.5694444444444446,23.2,5.3,2.6
MANUAL,2024-10-30 16:40:25,MANUAL_398,6.45,1,10,Wet,16,100.0,0.59,15.18,-0.8660254037844385,-0.5000000000000004,-0.8660254037844386,0.5000000000000001,44,1.55,23.2,5.3,2.6
MANUAL,2024-10-31 02:27:43,MANUAL_399,1.2666666666666666,1,10,Wet,2,24.0,0.13066666666666665,4.12,0.49999999999999994,0.8660254037844387,-0.8660254037844386,0.5000000000000001,12,2.5694444444444446,23.1,1.3,0.0
MANUAL,2024-10-31 07:28:13,MANUAL_400,1.3166666666666667,1,10,Wet,7,31.0,0.09466666666666666,1.91,0.9659258262890683,-0.25881904510252063,-0.8660254037844386,0.5000000000000001,25,2.5694444444444446,23.2,3.0,0.0
MANUAL,2024-10-31 07:31:32,MANUAL_400,1.7166666666666668,1,10,Wet,7,100.0,0.17600000000000002,7.17,0.9659258262890683,-0.25881904510252063,-0.8660254037844386,0.5000000000000001,26,1.3166666666666667,23.2,3.0,0.0
MANUAL,2024-10-31 07:37:18,MANUAL_400,1.6833333333333333,1,10,Wet,7,42.0,0.13866666666666666,2.38,0.9659258262890683,-0.25881904510252063,-0.8660254037844386,0.5000000000000001,29,1.5166666666666666,23.2,3.0,0.0
MANUAL,2024-10-31 07:56:38,MANUAL_400,1.7166666666666668,1,10,Wet,7,46.0,0.12333333333333334,5.79,0.9659258262890683,-0.25881904510252063,-0.8660254037844386,0.5000000000000001,33,1.5722222222222222,23.2,3.0,0.0
MANUAL,2024-10-31 08:00:22,MANUAL_400,4.816666666666666,1,10,Wet,8,100.0,0.372,19.55,0.8660254037844387,-0.4999999999999998,-0.8660254037844386,0.5000000000000001,34,1.7055555555555557,24.1,4.7,0.0
MANUAL,2024-10-31 15:57:37,MANUAL_401,1.0833333333333333,1,10,Wet,15,34.0,0.009333333333333334,0.66,-0.7071067811865471,-0.7071067811865479,-0.8660254037844386,0.5000000000000001,36,2.5694444444444446,25.4,7.3,4.1
MANUAL,2024-10-31 16:27:01,MANUAL_401,1.3666666666666667,1,10,Wet,16,55.0,0.08866666666666667,3.43,-0.8660254037844385,-0.5000000000000004,-0.8660254037844386,0.5000000000000001,40,1.0833333333333333,24.5,3.0,1.6
MANUAL,2024-11-01 06:28:24,MANUAL_402,1.6333333333333333,1,11,Wet,6,50.0,0.2,6.13,1.0,6.123233995736766e-17,-0.5000000000000004,0.8660254037844384,12,2.5694444444444446,20.8,2.4,0.0
MANUAL,2024-11-03 06:12:26,MANUAL_403,2.1166666666666667,1,11,Wet,6,48.0,0.10400000000000001,9.63,1.0,6.123233995736766e-17,-0.5000000000000004,0.8660254037844384,2,2.5694444444444446,22.8,2.0,0.0
MANUAL,2024-11-03 07:35:48,MANUAL_404,2.0166666666666666,1,11,Wet,7,29.0,0.17066666666666666,3.36,0.9659258262890683,-0.25881904510252063,-0.5000000000000004,0.8660254037844384,10,2.5694444444444446,23.2,2.0,0.0
MANUAL,2024-11-04 06:35:00,MANUAL_405,1.4,1,11,Wet,6,70.0,0.05733333333333333,2.75,1.0,6.123233995736766e-17,-0.5000000000000004,0.8660254037844384,2,2.5694444444444446,21.0,2.2,0.0
MANUAL,2024-11-04 07:04:07,MANUAL_405,1.6,1,11,Wet,7,67.0,0.056,2.66,0.9659258262890683,-0.25881904510252063,-0.5000000000000004,0.8660254037844384,5,1.4,22.4,4.0,0.0
MANUAL,2024-11-04 08:02:40,MANUAL_405,4.683333333333334,1,11,Wet,8,100.0,0.26666666666666666,20.05,0.8660254037844387,-0.4999999999999998,-0.5000000000000004,0.8660254037844384,11,1.5,23.4,3.1,0.0
MANUAL,2024-11-05 06:03:48,MANUAL_406,1.1666666666666667,1,11,Wet,6,50.0,0.15733333333333333,2.95,1.0,6.123233995736766e-17,-0.5000000000000004,0.8660254037844384,2,2.5694444444444446,21.0,1.7,0.0
MANUAL,2024-11-05 06:28:22,MANUAL_406,3.8833333333333333,1,11,Wet,6,100.0,0.49133333333333334,25.17,1.0,6.123233995736766e-17,-0.5000000000000004,0.8660254037844384,7,1.1666666666666667,21.0,1.7,0.0
MANUAL,2024-11-05 06:32:49,MANUAL_406,2.066666666666667,1,11,Wet,6,48.0,0.16666666666666666,8.7,1.0,6.123233995736766e-17,-0.5000000000000004,0.8660254037844384,8,2.525,21.0,1.7,0.0
MANUAL,2024-11-05 07:12:53,MANUAL_406,3.0833333333333335,1,11,Wet,7,48.0,0.3873333333333333,13.97,0.9659258262890683,-0.25881904510252063,-0.5000000000000004,0.8660254037844384,16,2.3722222222222222,21.2,0.6,0.0
MANUAL,2024-11-05 07:28:18,MANUAL_406,1.1333333333333333,1,11,Wet,7,100.0,0.08600000000000001,5.81,0.9659258262890683,-0.25881904510252063,-0.5000000000000004,0.8660254037844384,17,3.011111111111111,21.2,0.6,0.0
MANUAL,2024-11-05 07:35:15,MANUAL_406,1.6166666666666667,1,11,Wet,7,40.0,0.03066666666666667,1.97,0.9659258262890683,-0.25881904510252063,-0.5000000000000004,0.8660254037844384,21,2.0944444444444446,21.2,0.6,0.0
MANUAL,2024-11-05 07:39:00,MANUAL_406,1.7,1,11,Wet,7,100.0,0.10866666666666666,8.87,0.9659258262890683,-0.25881904510252063,-0.5000000000000004,0.8660254037844384,22,1.9444444444444446,21.2,0.6,0.0
MANUAL,2024-11-05 07:45:27,MANUAL_406,1.8,1,11,Wet,7,45.0,0.015333333333333334,3.25,0.9659258262890683,-0.25881904510252063,-0.5000000000000004,0.8660254037844384,26,1.4833333333333334,21.2,0.6,0.0
MANUAL,2024-11-06 05:52:11,MANUAL_407,3.3,1,11,Wet,5,41.0,0.18533333333333332,12.34,0.9659258262890683,0.25881904510252074,-0.5000000000000004,0.8660254037844384,3,2.5694444444444446,21.0,2.9,0.0
MANUAL,2024-11-06 06:16:06,MANUAL_407,1.3666666666666667,1,11,Wet,6,22.0,0.222,6.11,1.0,6.123233995736766e-17,-0.5000000000000004,0.8660254037844384,7,3.3,21.0,3.9,0.0
MANUAL,2024-11-06 06:41:46,MANUAL_407,2.183333333333333,1,11,Wet,6,61.0,0.22866666666666668,10.62,1.0,6.123233995736766e-17,-0.5000000000000004,0.8660254037844384,14,2.333333333333333,21.0,3.9,0.0
MANUAL,2024-11-06 07:05:13,MANUAL_407,1.1833333333333333,1,11,Wet,7,43.0,0.07333333333333333,2.21,0.9659258262890683,-0.25881904510252063,-0.5000000000000004,0.8660254037844384,19,2.283333333333333,21.9,2.9,0.0
MANUAL,2024-11-06 07:08:31,MANUAL_407,1.3,1,11,Wet,7,100.0,0.126,4.05,0.9659258262890683,-0.25881904510252063,-0.5000000000000004,0.8660254037844384,20,1.5777777777777777,21.9,2.9,0.0
MANUAL,2024-11-06 07:13:21,MANUAL_407,2.1,1,11,Wet,7,50.0,0.306,9.09,0.9659258262890683,-0.25881904510252063,-0.5000000000000004,0.8660254037844384,21,1.5555555555555554,21.9,2.9,0.0
MANUAL,2024-11-06 07:35:01,MANUAL_407,1.5833333333333335,1,11,Wet,7,14.0,0.16133333333333333,6.08,0.9659258262890683,-0.25881904510252063,-0.5000000000000004,0.8660254037844384,26,1.527777777777778,21.9,2.9,0.0
MANUAL,2024-11-07 06:47:41,MANUAL_408,1.7333333333333334,1,11,Wet,6,49.0,0.24000000000000002,7.35,1.0,6.123233995736766e-17,-0.5000000000000004,0.8660254037844384,9,2.5694444444444446,21.5,3.9,0.0
MANUAL,2024-11-07 07:19:05,MANUAL_408,2.0166666666666666,1,11,Wet,7,66.0,0.24333333333333332,8.59,0.9659258262890683,-0.25881904510252063,-0.5000000000000004,0.8660254037844384,14,1.7333333333333334,23.9,3.8,0.0
MANUAL,2024-11-07 07:45:40,MANUAL_408,1.8666666666666667,1,11,Wet,7,23.0,0.178,9.04,0.9659258262890683,-0.25881904510252063,-0.5000000000000004,0.8660254037844384,17,1.875,23.9,3.8,0.0
MANUAL,2024-11-07 15:49:21,MANUAL_409,1.1,1,11,Wet,15,31.0,0.011333333333333334,0.41,-0.7071067811865471,-0.7071067811865479,-0.5000000000000004,0.8660254037844384,25,2.5694444444444446,23.9,8.7,1.8
MANUAL,2024-11-07 16:14:10,MANUAL_409,1.4166666666666667,1,11,Wet,16,22.0,0.02733333333333333,0.45,-0.8660254037844385,-0.5000000000000004,-0.5000000000000004,0.8660254037844384,30,1.1,23.4,5.9,0.5
MANUAL,2024-11-07 16:25:24,MANUAL_409,1.8833333333333333,1,11,Wet,16,29.0,0.06666666666666667,1.66,-0.8660254037844385,-0.5000000000000004,-0.5000000000000004,0.8660254037844384,35,1.2583333333333333,23.4,5.9,0.5
MANUAL,2024-11-07 16:43:34,MANUAL_409,2.066666666666667,1,11,Wet,16,47.0,0.12133333333333333,3.17,-0.8660254037844385,-0.5000000000000004,-0.5000000000000004,0.8660254037844384,39,1.4666666666666668,23.4,5.9,0.5
MANUAL,2024-11-08 06:04:45,MANUAL_410,1.3166666666666667,1,11,Wet,6,20.0,0.020666666666666667,1.42,1.0,6.123233995736766e-17,-0.5000000000000004,0.8660254037844384,5,2.5694444444444446,22.4,1.0,0.0
MANUAL,2024-11-08 06:19:51,MANUAL_410,4.8,1,11,Wet,6,100.0,0.21866666666666665,18.85,1.0,6.123233995736766e-17,-0.5000000000000004,0.8660254037844384,10,1.3166666666666667,22.4,1.0,0.0
MANUAL,2024-11-08 06:42:53,MANUAL_410,1.3666666666666667,1,11,Wet,6,49.0,0.09533333333333333,3.1,1.0,6.123233995736766e-17,-0.5000000000000004,0.8660254037844384,14,3.058333333333333,22.4,1.0,0.0
MANUAL,2024-11-08 06:51:11,MANUAL_410,3.4833333333333334,1,11,Wet,6,54.0,0.35333333333333333,11.53,1.0,6.123233995736766e-17,-0.5000000000000004,0.8660254037844384,18,2.494444444444444,22.4,1.0,0.0
MANUAL,2024-11-08 07:06:56,MANUAL_410,3.7666666666666666,1,11,Wet,7,99.0,0.39333333333333337,19.15,0.9659258262890683,-0.25881904510252063,-0.5000000000000004,0.8660254037844384,19,3.216666666666667,23.2,3.4,0.0
MANUAL,2024-11-08 07:12:31,MANUAL_410,4.1,1,11,Wet,7,68.0,0.332,18.48,0.9659258262890683,-0.25881904510252063,-0.5000000000000004,0.8660254037844384,20,2.8722222222222222,23.2,3.4,0.0
MANUAL,2024-11-08 16:18:25,MANUAL_411,1.1833333333333333,1,11,Wet,16,14.0,0.018000000000000002,1.16,-0.8660254037844385,-0.5000000000000004,-0.5000000000000004,0.8660254037844384,25,2.5694444444444446,27.9,4.5,0.0
MANUAL,2024-11-08 16:35:51,MANUAL_411,1.45,1,11,Wet,16,37.0,0.13133333333333333,1.93,-0.8660254037844385,-0.5000000000000004,-0.5000000000000004,0.8660254037844384,28,1.1833333333333333,27.9,4.5,0.0
MANUAL,2024-11-08 16:46:36,MANUAL_411,1.3166666666666667,1,11,Wet,16,41.0,0.048,2.59,-0.8660254037844385,-0.5000000000000004,-0.5000000000000004,0.8660254037844384,32,1.3166666666666667,27.9,4.5,0.0
MANUAL,2024-11-08 16:57:02,MANUAL_411,1.6333333333333333,1,11,Wet,16,47.0,0.09266666666666666,3.67,-0.8660254037844385,-0.5000000000000004,-0.5000000000000004,0.8660254037844384,35,1.3166666666666667,27.9,4.5,0.0
MANUAL,2024-11-08 17:16:11,MANUAL_411,1.2333333333333334,1,11,Wet,17,56.0,0.032,1.36,-0.9659258262890683,-0.25881904510252063,-0.5000000000000004,0.8660254037844384,37,1.4666666666666666,26.2,4.2,0.0
MANUAL,2024-11-08 17:21:46,MANUAL_411,2.05,1,11,Wet,17,23.0,0.08866666666666667,7.17,-0.9659258262890683,-0.25881904510252063,-0.5000000000000004,0.8660254037844384,39,1.3944444444444446,26.2,4.2,0.0
MANUAL,2024-11-09 05:53:35,MANUAL_412,1.05,1,11,Wet,5,50.0,0.092,1.18,0.9659258262890683,0.25881904510252074,-0.5000000000000004,0.8660254037844384,2,2.5694444444444446,20.9,2.6,0.0
MANUAL,2024-11-09 06:20:04,MANUAL_412,1.9666666666666668,1,11,Wet,6,67.0,0.30866666666666664,9.33,1.0,6.123233995736766e-17,-0.5000000000000004,0.8660254037844384,8,1.05,21.6,3.0,0.0
MANUAL,2024-11-09 06:22:34,MANUAL_412,1.4666666666666668,1,11,Wet,6,48.0,0.098,2.46,1.0,6.123233995736766e-17,-0.5000000000000004,0.8660254037844384,9,1.5083333333333333,21.6,3.0,0.0
MANUAL,2024-11-09 06:59:33,MANUAL_412,1.7666666666666666,1,11,Wet,6,49.0,0.06333333333333332,2.35,1.0,6.123233995736766e-17,-0.5000000000000004,0.8660254037844384,16,1.4944444444444445,21.6,3.0,0.0
MANUAL,2024-11-09 07:18:16,MANUAL_412,1.3833333333333333,1,11,Wet,7,42.0,0.034666666666666665,2.04,0.9659258262890683,-0.25881904510252063,-0.5000000000000004,0.8660254037844384,20,1.7333333333333334,22.4,1.5,0.0
MANUAL,2024-11-09 07:28:27,MANUAL_412,2.216666666666667,1,11,Wet,7,51.0,0.07733333333333332,4.61,0.9659258262890683,-0.25881904510252063,-0.5000000000000004,0.8660254037844384,24,1.538888888888889,22.4,1.5,0.0
MANUAL,2024-11-11 07:59:09,MANUAL_413,1.25,1,11,Wet,7,25.0,0.05733333333333333,0.95,0.9659258262890683,-0.25881904510252063,-0.5000000000000004,0.8660254037844384,7,2.5694444444444446,23.2,2.0,0.0
MANUAL,2024-11-11 08:03:25,MANUAL_413,4.533333333333333,1,11,Wet,8,100.0,0.31666666666666665,16.32,0.8660254037844387,-0.4999999999999998,-0.5000000000000004,0.8660254037844384,8,1.25,24.5,1.8,0.0
MANUAL,2024-11-11 17:03:59,MANUAL_414,1.2666666666666666,1,11,Wet,17,24.0,0.02,0.38,-0.9659258262890683,-0.25881904510252063,-0.5000000000000004,0.8660254037844384,21,2.5694444444444446,24.6,3.5,0.3
MANUAL,2024-11-11 17:07:00,MANUAL_414,1.35,1,11,Wet,17,100.0,0.17666666666666667,5.39,-0.9659258262890683,-0.25881904510252063,-0.5000000000000004,0.8660254037844384,22,1.2666666666666666,24.6,3.5,0.3
MANUAL,2024-11-11 17:12:55,MANUAL_414,1.8,1,11,Wet,17,49.0,0.054000000000000006,1.27,-0.9659258262890683,-0.25881904510252063,-0.5000000000000004,0.8660254037844384,26,1.3083333333333333,24.6,3.5,0.3
MANUAL,2024-11-12 05:59:05,MANUAL_415,1.5166666666666666,1,11,Wet,5,51.0,0.128,6.3,0.9659258262890683,0.25881904510252074,-0.5000000000000004,0.8660254037844384,3,2.5694444444444446,20.0,1.6,0.0
MANUAL,2024-11-12 06:02:31,MANUAL_415,3.6,1,11,Wet,6,100.0,0.34600000000000003,15.87,1.0,6.123233995736766e-17,-0.5000000000000004,0.8660254037844384,4,1.5166666666666666,21.4,0.3,0.0
MANUAL,2024-11-12 07:14:59,MANUAL_416,1.9666666666666668,1,11,Wet,7,48.0,0.06066666666666667,5.86,0.9659258262890683,-0.25881904510252063,-0.5000000000000004,0.8660254037844384,16,2.5694444444444446,22.6,1.3,0.0
MANUAL,2024-11-14 07:51:21,MANUAL_417,1.1166666666666667,1,11,Wet,7,25.0,0.058666666666666666,1.77,0.9659258262890683,-0.25881904510252063,-0.5000000000000004,0.8660254037844384,9,2.5694444444444446,23.6,4.4,0.0
MANUAL,2024-11-14 08:13:31,MANUAL_417,1.35,1,11,Wet,8,22.0,0.022000000000000002,1.81,0.8660254037844387,-0.4999999999999998,-0.5000000000000004,0.8660254037844384,14,1.1166666666666667,25.3,4.9,0.0
MANUAL,2024-11-14 08:16:35,MANUAL_417,1.5666666666666667,1,11,Wet,8,100.0,0.10066666666666667,5.77,0.8660254037844387,-0.4999999999999998,-0.5000000000000004,0.8660254037844384,15,1.2333333333333334,25.3,4.9,0.0
MANUAL,2024-11-14 08:20:01,MANUAL_417,2.4,1,11,Wet,8,68.0,0.08666666666666667,6.06,0.8660254037844387,-0.4999999999999998,-0.5000000000000004,0.8660254037844384,17,1.3444444444444443,25.3,4.9,0.0
MANUAL,2024-11-15 07:27:29,MANUAL_418,1.6,1,11,Wet,7,25.0,0.198,7.67,0.9659258262890683,-0.25881904510252063,-0.5000000000000004,0.8660254037844384,2,2.5694444444444446,23.0,3.4,0.0
MANUAL,2024-11-15 07:51:23,MANUAL_418,2.066666666666667,1,11,Wet,7,65.0,0.25666666666666665,7.06,0.9659258262890683,-0.25881904510252063,-0.5000000000000004,0.8660254037844384,10,1.6,23.0,3.4,0.0
MANUAL,2024-11-15 08:13:09,MANUAL_418,1.2666666666666666,1,11,Wet,8,26.0,0.11866666666666667,2.58,0.8660254037844387,-0.4999999999999998,-0.5000000000000004,0.8660254037844384,14,1.8333333333333335,24.9,2.0,0.0
MANUAL,2024-11-15 08:17:01,MANUAL_418,1.5166666666666666,1,11,Wet,8,100.0,0.192,3.65,0.8660254037844387,-0.4999999999999998,-0.5000000000000004,0.8660254037844384,15,1.6444444444444446,24.9,2.0,0.0
MANUAL,2024-11-15 08:21:44,MANUAL_418,2.25,1,11,Wet,8,51.0,0.24866666666666667,8.89,0.8660254037844387,-0.4999999999999998,-0.5000000000000004,0.8660254037844384,18,1.6166666666666665,24.9,2.0,0.0
MANUAL,2024-11-15 08:55:21,MANUAL_418,1.55,1,11,Wet,8,21.0,0.082,2.33,0.8660254037844387,-0.4999999999999998,-0.5000000000000004,0.8660254037844384,25,1.6777777777777778,24.9,2.0,0.0
MANUAL,2024-11-16 06:50:43,MANUAL_419,2.066666666666667,1,11,Wet,6,75.0,0.442,15.0,1.0,6.123233995736766e-17,-0.5000000000000004,0.8660254037844384,7,2.5694444444444446,21.0,1.0,0.0
MANUAL,2024-11-16 06:53:36,MANUAL_419,2.15,1,11,Wet,6,49.0,0.126,2.83,1.0,6.123233995736766e-17,-0.5000000000000004,0.8660254037844384,8,2.066666666666667,21.0,1.0,0.0
MANUAL,2024-11-16 06:57:01,MANUAL_419,1.0166666666666666,1,11,Wet,6,25.0,0.08600000000000001,2.48,1.0,6.123233995736766e-17,-0.5000000000000004,0.8660254037844384,9,2.1083333333333334,21.0,1.0,0.0
MANUAL,2024-11-16 07:33:36,MANUAL_419,1.3333333333333333,1,11,Wet,7,45.0,0.09933333333333333,3.55,0.9659258262890683,-0.25881904510252063,-0.5000000000000004,0.8660254037844384,16,1.7444444444444445,22.0,0.9,0.0
MANUAL,2024-11-16 07:52:17,MANUAL_419,1.35,1,11,Wet,7,41.0,0.052000000000000005,2.79,0.9659258262890683,-0.25881904510252063,-0.5000000000000004,0.8660254037844384,20,1.5,22.0,0.9,0.0
MANUAL,2024-11-16 08:01:07,MANUAL_419,1.7166666666666668,1,11,Wet,8,51.0,0.06133333333333334,3.44,0.8660254037844387,-0.4999999999999998,-0.5000000000000004,0.8660254037844384,24,1.2333333333333334,23.0,7.4,0.0
MANUAL,2024-11-17 06:58:19,MANUAL_420,2.75,1,11,Wet,6,56.0,0.262,10.1,1.0,6.123233995736766e-17,-0.5000000000000004,0.8660254037844384,2,2.5694444444444446,21.4,2.8,0.0
MANUAL,2024-11-17 07:35:15,MANUAL_420,2.0166666666666666,1,11,Wet,7,42.0,0.07933333333333333,5.39,0.9659258262890683,-0.25881904510252063,-0.5000000000000004,0.8660254037844384,5,2.75,23.1,3.8,0.0
MANUAL,2024-11-17 07:52:50,MANUAL_420,4.233333333333333,1,11,Wet,7,100.0,0.3186666666666667,22.42,0.9659258262890683,-0.25881904510252063,-0.5000000000000004,0.8660254037844384,6,2.3833333333333333,23.1,3.8,0.0
MANUAL,2024-11-18 06:39:19,MANUAL_421,1.95,1,11,Wet,6,42.0,0.10333333333333333,4.72,1.0,6.123233995736766e-17,-0.5000000000000004,0.8660254037844384,3,2.5694444444444446,21.0,3.5,0.0
MANUAL,2024-11-18 06:43:42,MANUAL_421,1.2666666666666666,1,11,Wet,6,100.0,0.064,1.47,1.0,6.123233995736766e-17,-0.5000000000000004,0.8660254037844384,4,1.95,21.0,3.5,0.0
MANUAL,2024-11-18 07:03:04,MANUAL_421,1.8666666666666667,1,11,Wet,7,32.0,0.07733333333333332,3.15,0.9659258262890683,-0.25881904510252063,-0.5000000000000004,0.8660254037844384,8,1.6083333333333334,23.3,8.2,0.0
MANUAL,2024-11-18 07:19:19,MANUAL_421,2.3833333333333333,1,11,Wet,7,100.0,0.094,8.3,0.9659258262890683,-0.25881904510252063,-0.5000000000000004,0.8660254037844384,10,1.6944444444444444,23.3,8.2,0.0
MANUAL,2024-11-18 07:25:26,MANUAL_421,1.6666666666666665,1,11,Wet,7,40.0,0.04133333333333333,1.63,0.9659258262890683,-0.25881904510252063,-0.5000000000000004,0.8660254037844384,12,1.8388888888888888,23.3,8.2,0.0
MANUAL,2024-11-21 06:47:27,MANUAL_422,1.2,1,11,Wet,6,23.0,0.13466666666666666,4.43,1.0,6.123233995736766e-17,-0.5000000000000004,0.8660254037844384,4,2.5694444444444446,20.6,4.6,0.0
MANUAL,2024-11-21 06:57:34,MANUAL_422,1.4166666666666667,1,11,Wet,6,28.0,0.12400000000000001,4.58,1.0,6.123233995736766e-17,-0.5000000000000004,0.8660254037844384,9,1.2,20.6,4.6,0.0
MANUAL,2024-11-21 07:23:23,MANUAL_422,1.8166666666666667,1,11,Wet,7,20.0,0.13066666666666665,4.96,0.9659258262890683,-0.25881904510252063,-0.5000000000000004,0.8660254037844384,13,1.3083333333333333,23.1,5.3,0.0
MANUAL,2024-11-21 07:36:13,MANUAL_422,2.0,1,11,Wet,7,21.0,0.09933333333333333,6.8,0.9659258262890683,-0.25881904510252063,-0.5000000000000004,0.8660254037844384,19,1.4777777777777779,23.1,5.3,0.0
MANUAL,2024-11-21 07:55:35,MANUAL_422,2.183333333333333,1,11,Wet,7,26.0,0.22266666666666665,10.31,0.9659258262890683,-0.25881904510252063,-0.5000000000000004,0.8660254037844384,22,1.7444444444444445,23.1,5.3,0.0
MANUAL,2024-11-22 06:38:54,MANUAL_423,1.9166666666666665,1,11,Wet,6,19.0,0.03866666666666666,1.24,1.0,6.123233995736766e-17,-0.5000000000000004,0.8660254037844384,4,2.5694444444444446,21.8,4.0,0.0
MANUAL,2024-11-22 07:08:23,MANUAL_423,1.5166666666666666,1,11,Wet,7,29.0,0.166,4.88,0.9659258262890683,-0.25881904510252063,-0.5000000000000004,0.8660254037844384,7,1.9166666666666665,23.9,6.0,0.0
MANUAL,2024-11-22 07:25:31,MANUAL_423,1.4,1,11,Wet,7,97.0,0.12400000000000001,4.12,0.9659258262890683,-0.25881904510252063,-0.5000000000000004,0.8660254037844384,11,1.7166666666666666,23.9,6.0,0.0
MANUAL,2024-11-22 07:29:13,MANUAL_423,2.85,1,11,Wet,7,62.0,0.4746666666666667,19.07,0.9659258262890683,-0.25881904510252063,-0.5000000000000004,0.8660254037844384,13,1.611111111111111,23.9,6.0,0.0
MANUAL,2024-11-22 07:55:12,MANUAL_423,1.3,1,11,Wet,7,43.0,0.04133333333333333,1.35,0.9659258262890683,-0.25881904510252063,-0.5000000000000004,0.8660254037844384,16,1.9222222222222223,23.9,6.0,0.0
MANUAL,2024-11-23 06:45:05,MANUAL_424,1.4,1,11,Wet,6,55.0,0.19933333333333333,6.35,1.0,6.123233995736766e-17,-0.5000000000000004,0.8660254037844384,2,2.5694444444444446,21.2,4.4,0.0
MANUAL,2024-11-23 07:07:57,MANUAL_424,1.0,1,11,Wet,7,31.0,0.07466666666666667,3.28,0.9659258262890683,-0.25881904510252063,-0.5000000000000004,0.8660254037844384,4,1.4,23.1,4.9,0.0
MANUAL,2024-11-23 07:23:29,MANUAL_424,2.75,1,11,Wet,7,83.0,0.47866666666666663,24.15,0.9659258262890683,-0.25881904510252063,-0.5000000000000004,0.8660254037844384,9,1.2,23.1,4.9,0.0
MANUAL,2024-11-23 07:27:03,MANUAL_424,1.7,1,11,Wet,7,49.0,0.19933333333333333,5.79,0.9659258262890683,-0.25881904510252063,-0.5000000000000004,0.8660254037844384,10,1.7166666666666668,23.1,4.9,0.0
MANUAL,2024-11-23 08:05:48,MANUAL_424,3.0166666666666666,1,11,Wet,8,51.0,0.382,16.38,0.8660254037844387,-0.4999999999999998,-0.5000000000000004,0.8660254037844384,17,1.8166666666666667,24.3,4.6,0.0
MANUAL,2024-11-23 08:26:21,MANUAL_424,2.0,1,11,Wet,8,30.0,0.21,9.22,0.8660254037844387,-0.4999999999999998,-0.5000000000000004,0.8660254037844384,21,2.488888888888889,24.3,4.6,0.0
MANUAL,2024-11-23 08:36:10,MANUAL_424,1.8166666666666667,1,11,Wet,8,50.0,0.18133333333333335,5.23,0.8660254037844387,-0.4999999999999998,-0.5000000000000004,0.8660254037844384,25,2.238888888888889,24.3,4.6,0.0
MANUAL,2024-11-23 22:47:16,MANUAL_425,1.9,1,11,Wet,22,30.0,0.362,4.61,-0.5000000000000004,0.8660254037844384,-0.5000000000000004,0.8660254037844384,34,2.5694444444444446,23.7,7.9,0.0
MANUAL,2024-11-23 23:15:17,MANUAL_425,1.5666666666666667,1,11,Wet,23,66.0,0.2533333333333333,4.03,-0.25881904510252157,0.9659258262890681,-0.5000000000000004,0.8660254037844384,38,1.9,23.3,8.5,0.0
MANUAL,2024-11-24 01:39:13,MANUAL_426,1.2166666666666668,1,11,Wet,1,36.0,0.20466666666666666,4.19,0.25881904510252074,0.9659258262890683,-0.5000000000000004,0.8660254037844384,4,2.5694444444444446,23.2,8.8,0.0
MANUAL,2024-11-24 07:39:28,MANUAL_427,1.6333333333333333,1,11,Wet,7,71.0,0.16466666666666668,6.98,0.9659258262890683,-0.25881904510252063,-0.5000000000000004,0.8660254037844384,8,2.5694444444444446,23.4,6.1,0.0
MANUAL,2024-11-24 08:17:04,MANUAL_427,2.533333333333333,1,11,Wet,8,63.0,0.20466666666666666,14.93,0.8660254037844387,-0.4999999999999998,-0.5000000000000004,0.8660254037844384,12,1.6333333333333333,24.8,6.0,0.0
MANUAL,2024-11-25 06:04:12,MANUAL_428,1.4166666666666667,1,11,Wet,6,45.0,0.18133333333333335,4.18,1.0,6.123233995736766e-17,-0.5000000000000004,0.8660254037844384,5,2.5694444444444446,21.2,4.2,0.0
MANUAL,2024-11-25 06:10:56,MANUAL_428,4.633333333333333,1,11,Wet,6,100.0,0.21600000000000003,35.85,1.0,6.123233995736766e-17,-0.5000000000000004,0.8660254037844384,8,1.4166666666666667,21.2,4.2,0.0
MANUAL,2024-11-25 06:34:44,MANUAL_428,2.5666666666666664,1,11,Wet,6,29.0,0.28800000000000003,12.33,1.0,6.123233995736766e-17,-0.5000000000000004,0.8660254037844384,12,3.025,21.2,4.2,0.0
MANUAL,2024-11-25 06:44:28,MANUAL_428,3.7666666666666666,1,11,Wet,6,46.0,0.386,20.88,1.0,6.123233995736766e-17,-0.5000000000000004,0.8660254037844384,15,2.8722222222222222,21.2,4.2,0.0
