latitude,longitude,elevation,utc_offset_seconds,timezone,timezone_abbreviation
7.9789104,125.04697,622.0,28800,Asia/Singapore,GMT+8

time,temperature_2m (°C),wind_speed_10m (km/h),wind_direction_10m (°),relative_humidity_2m (%),precipitation (mm)
2024-01-01T00:00,22.1,4.3,336,89,0.00
2024-01-01T01:00,21.5,4.2,329,88,0.00
2024-01-01T02:00,21.2,4.5,331,85,0.00
2024-01-01T03:00,21.1,6.3,347,83,0.00
2024-01-01T04:00,21.0,5.4,356,81,0.00
2024-01-01T05:00,20.9,6.2,324,79,0.00
2024-01-01T06:00,20.8,5.8,356,81,0.00
2024-01-01T07:00,23.5,6.2,350,72,0.00
2024-01-01T08:00,25.0,6.8,65,73,0.00
2024-01-01T09:00,25.8,8.0,82,80,0.00
2024-01-01T10:00,25.6,5.1,315,81,0.20
2024-01-01T11:00,26.2,8.6,57,78,0.50
2024-01-01T12:00,26.9,6.4,344,76,0.40
2024-01-01T13:00,26.2,8.4,20,85,8.10
2024-01-01T14:00,26.8,8.4,50,80,1.60
2024-01-01T15:00,26.0,5.0,30,81,3.30
2024-01-01T16:00,25.6,8.5,62,80,0.10
2024-01-01T17:00,24.7,5.9,349,85,0.00
2024-01-01T18:00,23.8,4.0,5,89,0.00
2024-01-01T19:00,23.0,3.6,360,92,0.00
2024-01-01T20:00,22.8,3.6,354,92,0.00
2024-01-01T21:00,23.2,4.3,355,91,0.00
2024-01-01T22:00,22.5,3.8,343,93,0.00
2024-01-01T23:00,22.5,4.0,355,91,0.00
2024-01-02T00:00,22.0,4.0,355,92,0.00
2024-01-02T01:00,21.6,5.0,339,91,0.00
2024-01-02T02:00,21.9,4.7,4,90,0.00
2024-01-02T03:00,21.8,5.9,349,88,0.00
2024-01-02T04:00,22.1,4.7,32,88,0.00
2024-01-02T05:00,21.4,4.3,42,93,0.00
2024-01-02T06:00,22.0,6.2,324,90,0.40
2024-01-02T07:00,22.5,2.6,344,87,1.10
2024-01-02T08:00,23.2,6.5,341,85,0.40
2024-01-02T09:00,24.8,4.7,351,73,0.20
2024-01-02T10:00,25.8,6.2,10,71,0.20
2024-01-02T11:00,25.8,6.5,19,74,0.10
2024-01-02T12:00,25.9,6.5,34,76,0.10
2024-01-02T13:00,25.4,5.2,16,79,0.60
2024-01-02T14:00,25.9,6.8,357,76,0.20
2024-01-02T15:00,26.4,7.2,3,72,0.00
2024-01-02T16:00,26.0,5.8,360,74,0.00
2024-01-02T17:00,25.4,3.6,45,81,0.00
2024-01-02T18:00,22.9,4.7,360,91,0.00
2024-01-02T19:00,22.5,3.9,338,89,0.00
2024-01-02T20:00,22.2,4.5,331,88,0.00
2024-01-02T21:00,22.4,6.2,339,84,0.00
2024-01-02T22:00,22.8,4.0,350,81,0.00
2024-01-02T23:00,22.7,3.4,328,80,0.00
2024-01-03T00:00,21.7,5.0,339,84,0.00
2024-01-03T01:00,21.3,5.6,345,86,0.00
2024-01-03T02:00,20.9,5.6,345,87,0.00
2024-01-03T03:00,21.0,5.2,348,86,0.00
2024-01-03T04:00,21.0,5.2,326,85,0.00
2024-01-03T05:00,21.3,4.7,351,82,0.00
2024-01-03T06:00,20.5,6.4,344,87,0.00
2024-01-03T07:00,23.3,5.4,352,79,0.00
2024-01-03T08:00,24.7,4.3,24,78,0.00
2024-01-03T09:00,24.6,3.9,22,80,0.00
2024-01-03T10:00,25.8,5.2,34,76,0.10
2024-01-03T11:00,26.3,7.0,55,76,0.00
2024-01-03T12:00,27.0,6.0,33,75,0.00
2024-01-03T13:00,27.4,8.5,62,75,0.30
2024-01-03T14:00,27.0,5.6,40,75,0.10
2024-01-03T15:00,26.9,6.4,63,77,0.00
2024-01-03T16:00,26.4,6.1,93,79,0.00
2024-01-03T17:00,25.4,3.6,45,85,0.00
2024-01-03T18:00,24.8,3.6,360,87,0.00
2024-01-03T19:00,24.0,3.6,354,89,0.00
2024-01-03T20:00,23.4,3.2,333,90,0.00
2024-01-03T21:00,23.1,8.0,333,92,1.10
2024-01-03T22:00,23.2,6.7,306,90,0.50
2024-01-03T23:00,23.0,4.1,322,91,0.10
2024-01-04T00:00,22.3,3.4,328,93,0.00
2024-01-04T01:00,21.9,2.8,320,92,0.00
2024-01-04T02:00,21.2,3.9,338,92,0.00
2024-01-04T03:00,20.9,4.7,337,91,0.00
2024-01-04T04:00,20.7,5.2,335,89,0.00
2024-01-04T05:00,20.8,5.8,356,87,0.00
2024-01-04T06:00,20.5,6.2,7,87,0.00
2024-01-04T07:00,22.8,5.8,7,83,0.00
2024-01-04T08:00,24.1,4.6,18,80,0.00
2024-01-04T09:00,25.5,5.2,12,73,0.00
2024-01-04T10:00,26.4,6.7,16,72,0.00
2024-01-04T11:00,27.0,7.4,39,71,0.00
2024-01-04T12:00,27.5,6.8,25,71,0.00
2024-01-04T13:00,28.1,6.6,22,68,0.00
2024-01-04T14:00,28.2,7.5,35,65,0.00
2024-01-04T15:00,27.9,6.2,54,67,0.00
2024-01-04T16:00,27.4,8.3,72,70,0.00
2024-01-04T17:00,25.9,8.1,77,78,0.00
2024-01-04T18:00,23.9,5.5,58,88,0.00
2024-01-04T19:00,23.6,2.1,329,90,0.00
2024-01-04T20:00,23.4,3.4,342,89,0.00
2024-01-04T21:00,23.8,4.5,346,86,0.00
2024-01-04T22:00,23.0,4.3,336,89,0.00
2024-01-04T23:00,22.2,3.7,331,88,0.00
2024-01-05T00:00,21.1,4.7,351,88,0.00
2024-01-05T01:00,20.6,5.7,18,87,0.00
2024-01-05T02:00,19.9,6.5,360,87,0.00
2024-01-05T03:00,19.6,6.2,353,84,0.00
2024-01-05T04:00,19.6,5.8,356,79,0.00
2024-01-05T05:00,20.0,5.4,4,76,0.00
2024-01-05T06:00,20.4,5.4,360,74,0.00
2024-01-05T07:00,22.6,3.8,17,63,0.00
2024-01-05T08:00,23.6,5.2,16,63,0.00
2024-01-05T09:00,25.0,4.2,31,57,0.00
2024-01-05T10:00,26.4,4.4,35,56,0.00
2024-01-05T11:00,27.4,4.6,39,54,0.00
2024-01-05T12:00,28.0,5.6,50,60,0.00
2024-01-05T13:00,28.5,6.7,54,60,0.00
2024-01-05T14:00,28.6,9.5,81,58,0.00
2024-01-05T15:00,28.2,9.8,84,59,0.00
2024-01-05T16:00,27.5,7.3,70,63,0.00
2024-01-05T17:00,26.0,4.1,45,76,0.00
2024-01-05T18:00,23.8,5.0,360,83,0.00
2024-01-05T19:00,23.3,4.8,347,84,0.00
2024-01-05T20:00,23.6,5.4,318,81,0.00
2024-01-05T21:00,23.0,4.9,324,81,0.00
2024-01-05T22:00,22.1,6.4,344,83,0.00
2024-01-05T23:00,21.6,6.3,336,82,0.00
2024-01-06T00:00,21.4,6.4,344,82,0.00
2024-01-06T01:00,21.2,6.1,3,81,0.00
2024-01-06T02:00,21.4,5.8,356,79,0.00
2024-01-06T03:00,21.5,5.8,360,77,0.00
2024-01-06T04:00,20.8,6.1,357,77,0.00
2024-01-06T05:00,20.5,7.2,342,76,0.00
2024-01-06T06:00,21.4,6.4,344,73,0.00
2024-01-06T07:00,22.7,4.7,351,73,0.00
2024-01-06T08:00,24.0,5.1,4,69,0.00
2024-01-06T09:00,24.0,9.7,312,75,1.50
2024-01-06T10:00,25.2,4.3,360,70,0.10
2024-01-06T11:00,26.0,6.3,31,72,0.00
2024-01-06T12:00,26.8,10.5,38,71,0.10
2024-01-06T13:00,27.0,11.2,40,72,0.10
2024-01-06T14:00,26.8,9.1,34,75,0.50
2024-01-06T15:00,25.8,5.8,22,77,0.90
2024-01-06T16:00,24.5,9.8,28,83,0.70
2024-01-06T17:00,24.0,8.4,313,85,1.10
2024-01-06T18:00,23.7,6.4,317,85,0.00
2024-01-06T19:00,23.1,4.8,318,87,0.00
2024-01-06T20:00,22.5,3.5,336,88,0.00
2024-01-06T21:00,22.8,3.9,338,82,0.00
2024-01-06T22:00,22.5,5.1,4,86,0.00
2024-01-06T23:00,22.7,3.7,11,81,0.00
2024-01-07T00:00,21.6,5.2,348,86,0.00
2024-01-07T01:00,21.5,5.2,344,85,0.00
2024-01-07T02:00,21.4,5.0,339,84,0.00
2024-01-07T03:00,21.1,5.4,340,85,0.00
2024-01-07T04:00,20.5,6.2,353,86,0.00
2024-01-07T05:00,20.3,6.3,347,87,0.00
2024-01-07T06:00,20.7,6.6,338,85,0.00
2024-01-07T07:00,23.2,5.8,7,78,0.00
2024-01-07T08:00,24.2,6.0,335,78,0.00
2024-01-07T09:00,25.5,8.3,355,77,0.00
2024-01-07T10:00,26.1,11.6,22,75,0.00
2024-01-07T11:00,26.8,12.1,37,75,0.40
2024-01-07T12:00,27.1,11.8,38,74,0.40
2024-01-07T13:00,27.6,11.5,39,71,0.10
2024-01-07T14:00,27.9,11.2,33,69,0.20
2024-01-07T15:00,27.5,9.9,33,69,0.00
2024-01-07T16:00,26.9,7.1,24,71,0.00
2024-01-07T17:00,25.6,5.1,356,78,0.00
2024-01-07T18:00,24.0,5.1,352,83,0.00
2024-01-07T19:00,23.4,4.3,336,84,0.00
2024-01-07T20:00,22.9,3.8,319,83,0.00
2024-01-07T21:00,23.1,4.7,328,83,0.00
2024-01-07T22:00,22.5,3.9,326,83,0.00
2024-01-07T23:00,22.0,3.4,342,84,0.00
2024-01-08T00:00,21.5,4.7,337,84,0.00
2024-01-08T01:00,21.1,4.9,343,83,0.00
2024-01-08T02:00,21.7,4.8,347,80,0.00
2024-01-08T03:00,21.4,4.7,4,82,0.00
2024-01-08T04:00,20.9,4.6,342,83,0.00
2024-01-08T05:00,20.8,4.8,347,82,0.00
2024-01-08T06:00,21.0,4.6,342,82,0.00
2024-01-08T07:00,23.2,4.7,351,78,0.00
2024-01-08T08:00,24.9,4.0,27,72,0.00
2024-01-08T09:00,25.7,7.8,22,71,0.00
2024-01-08T10:00,26.8,10.8,37,70,0.10
2024-01-08T11:00,27.9,15.9,57,66,0.00
2024-01-08T12:00,27.5,17.6,59,66,0.10
2024-01-08T13:00,27.6,16.0,54,65,0.00
2024-01-08T14:00,28.2,15.3,49,60,0.00
2024-01-08T15:00,27.8,14.5,48,62,0.00
2024-01-08T16:00,27.0,13.3,52,65,0.00
2024-01-08T17:00,25.5,7.4,23,73,0.00
2024-01-08T18:00,24.2,4.5,14,78,0.00
2024-01-08T19:00,23.2,4.2,20,82,0.00
2024-01-08T20:00,23.0,2.6,16,85,0.00
2024-01-08T21:00,22.9,3.7,331,84,0.00
2024-01-08T22:00,22.5,3.3,354,85,0.00
2024-01-08T23:00,22.3,4.2,329,84,0.10
2024-01-09T00:00,22.5,3.3,354,83,0.00
2024-01-09T01:00,22.1,3.4,342,84,0.00
2024-01-09T02:00,22.0,3.5,336,83,0.10
2024-01-09T03:00,21.8,4.5,346,85,0.00
2024-01-09T04:00,21.7,3.6,323,84,0.00
2024-01-09T05:00,21.6,3.5,336,88,0.00
2024-01-09T06:00,22.2,3.6,315,85,0.00
2024-01-09T07:00,23.4,6.6,319,85,0.00
2024-01-09T08:00,24.2,7.1,336,81,0.00
2024-01-09T09:00,25.0,6.1,360,78,0.30
2024-01-09T10:00,25.2,7.9,16,81,0.10
2024-01-09T11:00,26.5,11.6,54,76,0.10
2024-01-09T12:00,26.4,6.5,34,77,1.60
2024-01-09T13:00,26.3,11.0,23,76,1.80
2024-01-09T14:00,26.9,10.2,18,72,0.20
2024-01-09T15:00,26.5,9.2,39,73,0.20
2024-01-09T16:00,25.5,6.9,6,76,0.30
2024-01-09T17:00,25.3,6.3,347,78,0.00
2024-01-09T18:00,24.0,5.3,332,81,0.00
2024-01-09T19:00,23.8,4.5,331,82,0.00
2024-01-09T20:00,23.0,3.4,328,84,0.00
2024-01-09T21:00,23.1,4.8,318,79,0.00
2024-01-09T22:00,22.2,4.4,325,81,0.00
2024-01-09T23:00,22.0,4.8,333,83,0.00
2024-01-10T00:00,21.4,4.7,337,84,0.00
2024-01-10T01:00,21.5,4.8,333,84,0.00
2024-01-10T02:00,21.6,4.8,333,83,0.00
2024-01-10T03:00,21.8,5.1,356,84,0.00
2024-01-10T04:00,21.5,5.4,360,85,0.00
2024-01-10T05:00,21.6,5.4,352,85,0.00
2024-01-10T06:00,21.6,5.2,348,86,0.00
2024-01-10T07:00,23.9,5.4,356,79,0.00
2024-01-10T08:00,25.0,6.0,17,77,0.00
2024-01-10T09:00,25.6,6.4,47,78,0.10
2024-01-10T10:00,26.0,8.2,49,77,0.30
2024-01-10T11:00,26.9,8.1,45,75,0.30
2024-01-10T12:00,27.4,8.7,48,73,0.20
2024-01-10T13:00,27.6,8.1,69,72,0.00
2024-01-10T14:00,27.8,6.2,80,71,0.00
2024-01-10T15:00,27.9,8.2,61,68,0.00
2024-01-10T16:00,27.7,9.4,58,68,0.00
2024-01-10T17:00,26.6,9.9,80,73,0.00
2024-01-10T18:00,24.9,5.6,63,79,0.00
2024-01-10T19:00,24.0,5.7,18,85,0.00
2024-01-10T20:00,23.5,5.7,35,85,0.00
2024-01-10T21:00,22.9,4.7,356,87,0.00
2024-01-10T22:00,22.6,3.4,342,87,0.00
2024-01-10T23:00,22.3,3.2,333,88,0.00
2024-01-11T00:00,21.3,3.2,333,90,0.10
2024-01-11T01:00,20.7,4.6,321,90,0.00
2024-01-11T02:00,20.5,3.6,315,86,0.00
2024-01-11T03:00,20.4,2.9,330,84,0.00
2024-01-11T04:00,20.2,4.2,340,83,0.00
2024-01-11T05:00,20.0,4.6,342,82,0.00
2024-01-11T06:00,20.0,4.6,342,81,0.00
2024-01-11T07:00,22.7,5.2,12,72,0.00
2024-01-11T08:00,23.8,5.0,21,80,0.00
2024-01-11T09:00,24.6,5.5,11,78,0.20
2024-01-11T10:00,26.0,8.0,27,75,0.10
2024-01-11T11:00,27.6,13.3,52,68,0.00
2024-01-11T12:00,28.4,14.9,58,64,0.00
2024-01-11T13:00,28.5,14.5,60,62,0.00
2024-01-11T14:00,28.5,13.2,55,60,0.00
2024-01-11T15:00,28.3,12.9,60,60,0.00
2024-01-11T16:00,27.1,11.3,53,65,0.00
2024-01-11T17:00,25.9,5.5,23,74,0.00
2024-01-11T18:00,24.2,4.7,356,79,0.00
2024-01-11T19:00,23.8,5.8,7,80,0.00
2024-01-11T20:00,22.5,4.7,356,87,0.00
2024-01-11T21:00,22.5,3.8,343,86,0.00
2024-01-11T22:00,22.1,4.7,328,84,0.00
2024-01-11T23:00,21.7,5.1,321,84,0.00
2024-01-12T00:00,21.2,5.4,318,84,0.00
2024-01-12T01:00,21.0,6.9,317,84,0.00
2024-01-12T02:00,20.7,6.6,319,83,0.00
2024-01-12T03:00,20.5,5.9,322,80,0.00
2024-01-12T04:00,20.5,3.9,326,77,0.00
2024-01-12T05:00,20.1,5.0,339,79,0.00
2024-01-12T06:00,20.4,5.7,342,76,0.00
2024-01-12T07:00,22.8,6.2,353,71,0.00
2024-01-12T08:00,24.4,6.1,3,69,0.00
2024-01-12T09:00,25.0,6.1,50,71,0.00
2024-01-12T10:00,25.5,6.1,50,69,0.00
2024-01-12T11:00,26.9,11.3,53,67,0.00
2024-01-12T12:00,27.6,11.8,59,64,0.00
2024-01-12T13:00,27.4,13.7,76,66,0.00
2024-01-12T14:00,27.1,15.0,66,70,0.00
2024-01-12T15:00,26.4,13.0,46,73,0.10
2024-01-12T16:00,26.0,11.2,45,74,0.10
2024-01-12T17:00,25.2,8.9,43,78,0.10
2024-01-12T18:00,23.9,5.9,38,84,0.00
2024-01-12T19:00,22.9,3.3,6,90,0.00
2024-01-12T20:00,22.6,3.0,346,91,0.00
2024-01-12T21:00,23.4,4.0,350,88,0.00
2024-01-12T22:00,22.6,3.3,354,91,0.00
2024-01-12T23:00,22.2,3.1,339,91,0.00
2024-01-13T00:00,21.7,4.7,328,90,0.00
2024-01-13T01:00,21.4,5.4,323,85,0.00
2024-01-13T02:00,21.2,5.0,330,81,0.00
2024-01-13T03:00,20.2,4.1,345,84,0.00
2024-01-13T04:00,20.0,4.8,333,83,0.00
2024-01-13T05:00,19.7,5.6,333,81,0.00
2024-01-13T06:00,19.7,6.0,343,79,0.00
2024-01-13T07:00,22.6,5.4,356,72,0.00
2024-01-13T08:00,24.4,6.3,347,67,0.00
2024-01-13T09:00,25.3,5.8,4,69,0.00
2024-01-13T10:00,25.8,9.6,34,71,0.00
2024-01-13T11:00,26.4,14.3,47,71,0.10
2024-01-13T12:00,27.0,15.3,47,70,0.30
2024-01-13T13:00,26.6,15.3,47,71,0.20
2024-01-13T14:00,27.0,13.2,43,70,0.00
2024-01-13T15:00,26.6,15.3,45,71,0.10
2024-01-13T16:00,25.4,10.3,36,77,0.10
2024-01-13T17:00,25.0,8.5,36,78,0.00
2024-01-13T18:00,23.3,5.6,15,86,0.50
2024-01-13T19:00,22.6,3.6,354,90,0.00
2024-01-13T20:00,21.7,4.5,346,92,0.00
2024-01-13T21:00,22.5,4.8,318,85,0.00
2024-01-13T22:00,22.0,6.1,315,83,0.00
2024-01-13T23:00,21.1,4.3,312,81,0.00
2024-01-14T00:00,21.0,4.4,325,75,0.00
2024-01-14T01:00,20.7,5.0,339,74,0.00
2024-01-14T02:00,20.3,5.8,353,76,0.00
2024-01-14T03:00,20.5,4.9,343,77,0.00
2024-01-14T04:00,20.8,5.4,356,78,0.00
2024-01-14T05:00,20.9,4.8,347,77,0.00
2024-01-14T06:00,21.0,4.4,9,79,0.00
2024-01-14T07:00,22.4,6.7,344,77,0.20
2024-01-14T08:00,23.8,5.2,12,75,0.10
2024-01-14T09:00,23.9,8.3,2,79,0.60
2024-01-14T10:00,25.0,10.1,356,75,0.10
2024-01-14T11:00,26.2,16.9,34,73,0.50
2024-01-14T12:00,26.6,17.5,53,73,0.50
2024-01-14T13:00,26.9,20.8,60,70,0.00
2024-01-14T14:00,26.2,17.4,50,71,0.20
2024-01-14T15:00,25.6,15.1,33,74,0.10
2024-01-14T16:00,25.3,11.0,38,75,0.00
2024-01-14T17:00,24.6,4.7,9,79,0.00
2024-01-14T18:00,23.5,6.3,24,83,0.00
2024-01-14T19:00,23.2,5.4,360,84,0.00
2024-01-14T20:00,23.1,5.7,342,83,0.10
2024-01-14T21:00,22.8,3.7,331,82,0.00
2024-01-14T22:00,22.5,4.1,315,81,0.00
2024-01-14T23:00,22.0,4.3,336,82,0.00
2024-01-15T00:00,21.9,4.7,356,80,0.00
2024-01-15T01:00,21.2,4.6,342,83,0.00
2024-01-15T02:00,21.0,3.9,338,84,0.00
2024-01-15T03:00,20.8,4.5,346,85,0.00
2024-01-15T04:00,21.2,3.7,331,81,0.00
2024-01-15T05:00,21.2,3.5,336,82,0.00
2024-01-15T06:00,20.8,3.8,343,85,0.00
2024-01-15T07:00,23.1,5.0,339,78,0.00
2024-01-15T08:00,24.9,5.0,30,74,0.00
2024-01-15T09:00,26.0,8.4,25,72,0.00
2024-01-15T10:00,26.8,13.2,43,71,0.10
2024-01-15T11:00,27.1,12.6,53,72,0.10
2024-01-15T12:00,25.9,9.7,59,75,0.30
2024-01-15T13:00,26.5,15.5,68,75,2.00
2024-01-15T14:00,26.0,8.8,35,80,3.40
2024-01-15T15:00,26.5,6.5,56,74,0.60
2024-01-15T16:00,23.7,10.2,51,88,0.60
2024-01-15T17:00,23.7,5.1,8,86,0.10
2024-01-15T18:00,23.0,4.7,356,91,0.10
2024-01-15T19:00,22.6,4.3,355,91,0.10
2024-01-15T20:00,22.5,6.8,328,88,0.60
2024-01-15T21:00,22.9,3.5,24,92,0.90
2024-01-15T22:00,22.7,4.2,31,93,1.30
2024-01-15T23:00,22.5,4.3,48,96,2.70
2024-01-16T00:00,22.5,5.1,8,95,4.60
2024-01-16T01:00,22.5,4.7,9,92,3.10
2024-01-16T02:00,22.2,4.1,38,93,2.20
2024-01-16T03:00,22.0,2.1,31,95,1.60
2024-01-16T04:00,21.9,2.5,45,96,2.10
2024-01-16T05:00,21.9,4.0,350,93,1.90
2024-01-16T06:00,21.9,4.0,355,92,1.20
2024-01-16T07:00,22.3,3.7,349,90,0.40
2024-01-16T08:00,23.2,5.7,18,85,0.30
2024-01-16T09:00,22.4,6.8,342,88,1.00
2024-01-16T10:00,23.0,6.6,13,84,0.30
2024-01-16T11:00,23.2,6.1,40,84,0.30
2024-01-16T12:00,23.8,7.9,39,83,0.10
2024-01-16T13:00,23.9,6.9,43,83,0.20
2024-01-16T14:00,23.9,6.7,36,84,0.50
2024-01-16T15:00,23.5,7.9,47,87,0.10
2024-01-16T16:00,23.4,6.7,16,89,0.10
2024-01-16T17:00,23.4,6.5,34,88,0.00
2024-01-16T18:00,22.2,4.8,27,92,0.00
2024-01-16T19:00,21.0,4.3,5,95,0.00
2024-01-16T20:00,20.4,4.6,342,93,0.00
2024-01-16T21:00,21.2,5.5,32,94,0.00
2024-01-16T22:00,20.6,4.7,356,95,0.00
2024-01-16T23:00,21.2,3.4,342,93,0.00
2024-01-17T00:00,21.0,2.6,326,90,0.00
2024-01-17T01:00,21.0,3.2,333,88,0.00
2024-01-17T02:00,20.9,3.3,354,88,0.10
2024-01-17T03:00,21.0,3.3,354,88,0.00
2024-01-17T04:00,21.2,3.6,6,86,0.00
2024-01-17T05:00,20.5,3.7,349,89,0.00
2024-01-17T06:00,20.6,4.0,333,87,0.00
2024-01-17T07:00,22.0,5.2,335,84,0.00
2024-01-17T08:00,23.6,5.8,30,80,0.00
2024-01-17T09:00,23.7,4.2,20,82,0.10
2024-01-17T10:00,24.4,6.8,25,83,0.10
2024-01-17T11:00,24.5,8.0,36,82,0.30
2024-01-17T12:00,24.7,13.7,55,80,0.30
2024-01-17T13:00,24.5,12.0,46,82,0.20
2024-01-17T14:00,25.8,14.1,38,76,0.10
2024-01-17T15:00,25.5,13.5,44,75,0.10
2024-01-17T16:00,25.5,12.5,46,73,0.00
2024-01-17T17:00,24.2,7.5,55,82,0.00
2024-01-17T18:00,23.0,4.9,54,87,0.00
2024-01-17T19:00,21.9,3.9,34,93,0.00
2024-01-17T20:00,22.0,3.6,360,91,0.10
2024-01-17T21:00,22.1,3.5,24,94,0.00
2024-01-17T22:00,21.4,4.0,10,95,0.00
2024-01-17T23:00,21.8,3.2,360,93,0.00
2024-01-18T00:00,21.4,3.6,354,91,0.00
2024-01-18T01:00,21.0,4.0,350,88,0.00
2024-01-18T02:00,21.3,4.0,360,86,0.00
2024-01-18T03:00,21.2,3.6,354,86,0.00
2024-01-18T04:00,20.8,4.1,345,87,0.00
2024-01-18T05:00,20.9,3.7,349,88,0.00
2024-01-18T06:00,21.1,3.8,343,86,0.00
2024-01-18T07:00,22.5,4.9,343,85,0.00
2024-01-18T08:00,23.8,7.0,339,79,0.00
2024-01-18T09:00,23.3,6.1,320,86,1.30
2024-01-18T10:00,24.6,5.8,353,78,0.10
2024-01-18T11:00,25.2,10.5,38,79,0.10
2024-01-18T12:00,26.0,9.2,21,78,0.10
2024-01-18T13:00,25.3,6.5,34,81,0.30
2024-01-18T14:00,24.5,11.5,39,85,9.30
2024-01-18T15:00,24.5,8.2,23,83,3.40
2024-01-18T16:00,23.8,8.3,18,85,3.90
2024-01-18T17:00,23.4,8.1,21,89,1.30
2024-01-18T18:00,22.5,7.6,3,94,0.90
2024-01-18T19:00,22.5,4.3,336,91,0.10
2024-01-18T20:00,22.5,5.2,344,89,0.10
2024-01-18T21:00,22.5,6.3,329,86,0.30
2024-01-18T22:00,22.1,5.9,322,88,0.00
2024-01-18T23:00,22.1,5.7,325,87,0.00
2024-01-19T00:00,21.9,4.5,346,88,0.00
2024-01-19T01:00,20.4,4.4,351,92,0.00
2024-01-19T02:00,20.2,4.4,351,90,0.00
2024-01-19T03:00,19.6,5.7,342,89,0.00
2024-01-19T04:00,19.5,5.2,344,87,0.00
2024-01-19T05:00,19.2,5.8,353,87,0.00
2024-01-19T06:00,19.9,5.2,344,86,0.00
2024-01-19T07:00,22.6,5.1,356,79,0.00
2024-01-19T08:00,23.8,5.2,12,80,0.00
2024-01-19T09:00,24.8,5.9,349,82,0.00
2024-01-19T10:00,24.5,3.8,17,84,0.00
2024-01-19T11:00,25.5,8.5,36,85,0.50
2024-01-19T12:00,26.3,7.4,43,81,0.10
2024-01-19T13:00,26.8,13.0,62,81,0.10
2024-01-19T14:00,26.2,12.1,53,77,0.40
2024-01-19T15:00,26.1,12.5,46,76,0.20
2024-01-19T16:00,25.0,10.9,46,82,0.50
2024-01-19T17:00,24.2,4.8,27,84,0.20
2024-01-19T18:00,23.1,3.0,346,91,0.00
2024-01-19T19:00,22.8,2.9,353,93,0.00
2024-01-19T20:00,22.6,2.9,7,93,0.00
2024-01-19T21:00,22.5,4.0,5,91,0.00
2024-01-19T22:00,22.1,3.7,11,92,0.00
2024-01-19T23:00,21.9,3.3,13,93,0.00
2024-01-20T00:00,21.4,3.1,21,95,0.00
2024-01-20T01:00,20.9,3.3,13,96,0.00
2024-01-20T02:00,20.6,3.6,360,95,0.00
2024-01-20T03:00,20.4,4.0,27,94,0.00
2024-01-20T04:00,20.4,4.0,5,93,0.00
2024-01-20T05:00,20.0,4.3,360,91,0.00
2024-01-20T06:00,19.9,4.3,360,91,0.00
2024-01-20T07:00,21.4,5.8,360,85,0.00
2024-01-20T08:00,22.9,4.8,42,81,0.00
2024-01-20T09:00,24.1,4.7,23,79,0.00
2024-01-20T10:00,25.4,8.2,61,76,0.00
2024-01-20T11:00,26.0,9.7,51,74,0.30
2024-01-20T12:00,26.4,9.4,58,72,0.10
2024-01-20T13:00,26.5,8.4,59,72,0.00
2024-01-20T14:00,26.3,9.8,73,73,0.00
2024-01-20T15:00,26.0,12.6,63,74,0.00
2024-01-20T16:00,25.4,9.3,62,77,0.00
2024-01-20T17:00,24.4,7.1,66,80,0.00
2024-01-20T18:00,23.3,5.4,48,85,0.00
2024-01-20T19:00,22.9,3.0,14,88,0.00
2024-01-20T20:00,22.8,2.6,344,88,0.00
2024-01-20T21:00,22.7,2.9,330,90,0.00
2024-01-20T22:00,22.8,2.7,23,90,0.00
2024-01-20T23:00,22.4,2.9,360,91,0.00
2024-01-21T00:00,22.0,3.2,360,92,0.00
2024-01-21T01:00,21.6,4.0,355,93,0.00
2024-01-21T02:00,21.3,3.3,13,94,0.00
2024-01-21T03:00,21.0,3.5,24,94,0.00
2024-01-21T04:00,20.5,3.8,41,96,0.00
2024-01-21T05:00,20.5,3.3,13,96,0.00
2024-01-21T06:00,20.7,3.2,27,96,0.00
2024-01-21T07:00,22.0,3.9,34,89,0.00
2024-01-21T08:00,23.0,5.2,65,86,0.00
2024-01-21T09:00,24.8,6.8,72,79,0.00
2024-01-21T10:00,25.7,8.8,71,75,0.00
2024-01-21T11:00,26.5,9.8,66,72,0.00
2024-01-21T12:00,27.5,11.2,69,67,0.00
2024-01-21T13:00,28.3,11.1,77,62,0.00
2024-01-21T14:00,28.6,11.5,90,59,0.00
2024-01-21T15:00,28.5,11.6,74,58,0.00
2024-01-21T16:00,27.7,13.8,81,62,0.00
2024-01-21T17:00,25.5,11.5,88,74,0.00
2024-01-21T18:00,24.4,5.9,76,78,0.00
2024-01-21T19:00,23.8,4.3,85,82,0.00
2024-01-21T20:00,23.1,4.0,85,89,0.00
2024-01-21T21:00,23.2,2.4,27,87,0.10
2024-01-21T22:00,23.0,2.5,8,93,0.00
2024-01-21T23:00,22.4,2.5,352,92,0.00
2024-01-22T00:00,21.9,3.1,339,94,0.00
2024-01-22T01:00,21.8,3.0,346,94,0.00
2024-01-22T02:00,21.2,3.9,34,96,0.00
2024-01-22T03:00,20.8,3.3,6,98,0.00
2024-01-22T04:00,20.8,3.3,354,95,0.00
2024-01-22T05:00,20.6,4.6,18,93,0.00
2024-01-22T06:00,20.6,4.0,27,93,0.00
2024-01-22T07:00,22.0,4.3,24,85,0.00
2024-01-22T08:00,23.0,4.8,42,83,0.00
2024-01-22T09:00,24.6,4.1,52,81,0.00
2024-01-22T10:00,25.8,7.7,62,75,0.10
2024-01-22T11:00,26.5,8.8,55,71,0.10
2024-01-22T12:00,27.6,12.9,63,66,0.00
2024-01-22T13:00,27.9,15.1,78,63,0.00
2024-01-22T14:00,27.4,14.4,86,65,0.00
2024-01-22T15:00,26.8,10.5,84,67,0.00
2024-01-22T16:00,26.0,7.6,65,71,0.00
2024-01-22T17:00,25.1,5.5,58,77,0.00
2024-01-22T18:00,23.8,4.5,29,83,0.00
2024-01-22T19:00,23.1,3.3,13,87,0.00
2024-01-22T20:00,22.7,3.4,18,89,0.00
2024-01-22T21:00,23.2,4.0,5,85,0.00
2024-01-22T22:00,22.9,3.7,331,87,0.00
2024-01-22T23:00,22.5,4.3,336,87,0.00
2024-01-23T00:00,21.5,3.7,349,90,0.00
2024-01-23T01:00,21.1,4.4,351,89,0.00
2024-01-23T02:00,20.9,4.8,347,88,0.00
2024-01-23T03:00,20.0,5.4,4,87,0.00
2024-01-23T04:00,19.8,5.8,360,86,0.00
2024-01-23T05:00,19.9,5.5,349,82,0.00
2024-01-23T06:00,19.5,5.9,346,83,0.00
2024-01-23T07:00,22.4,4.0,355,75,0.00
2024-01-23T08:00,23.6,3.4,18,73,0.00
2024-01-23T09:00,25.1,3.6,37,75,0.00
2024-01-23T10:00,25.8,9.2,51,74,0.10
2024-01-23T11:00,25.9,12.1,53,76,0.30
2024-01-23T12:00,26.5,13.5,65,73,0.40
2024-01-23T13:00,27.0,12.6,66,73,0.00
2024-01-23T14:00,25.8,13.4,54,76,0.30
2024-01-23T15:00,26.3,15.0,63,73,0.20
2024-01-23T16:00,25.2,14.0,72,76,0.20
2024-01-23T17:00,24.2,10.5,68,80,0.20
2024-01-23T18:00,23.3,5.6,75,85,0.10
2024-01-23T19:00,23.1,3.4,72,87,0.10
2024-01-23T20:00,22.5,4.1,38,92,0.00
2024-01-23T21:00,22.9,3.3,354,86,0.00
2024-01-23T22:00,21.9,3.2,360,90,0.00
2024-01-23T23:00,21.2,3.6,354,91,0.00
2024-01-24T00:00,20.9,4.2,329,89,0.00
2024-01-24T01:00,20.5,4.5,331,87,0.00
2024-01-24T02:00,19.5,4.7,351,90,0.00
2024-01-24T03:00,19.4,4.4,351,90,0.00
2024-01-24T04:00,19.1,5.0,339,90,0.00
2024-01-24T05:00,18.9,4.9,324,88,0.00
2024-01-24T06:00,18.6,4.6,321,87,0.00
2024-01-24T07:00,20.5,5.7,325,81,0.00
2024-01-24T08:00,23.0,4.7,4,68,0.00
2024-01-24T09:00,24.5,5.4,70,70,0.00
2024-01-24T10:00,25.5,6.8,72,66,0.00
2024-01-24T11:00,26.9,6.5,56,65,0.00
2024-01-24T12:00,27.9,8.9,58,61,0.00
2024-01-24T13:00,28.5,8.1,69,59,0.00
2024-01-24T14:00,28.2,16.4,71,59,0.10
2024-01-24T15:00,26.5,14.4,68,71,0.20
2024-01-24T16:00,27.0,11.8,63,68,0.00
2024-01-24T17:00,25.8,10.6,66,73,0.00
2024-01-24T18:00,23.8,6.0,73,82,0.00
2024-01-24T19:00,22.5,3.8,41,90,0.00
2024-01-24T20:00,22.2,4.6,18,91,0.10
2024-01-24T21:00,22.4,7.6,3,90,0.30
2024-01-24T22:00,22.1,5.0,360,88,0.10
2024-01-24T23:00,21.5,5.7,35,90,0.10
2024-01-25T00:00,21.0,6.0,327,95,2.60
2024-01-25T01:00,21.6,5.5,328,85,0.20
2024-01-25T02:00,20.9,4.1,345,89,0.10
2024-01-25T03:00,20.5,4.3,360,88,0.00
2024-01-25T04:00,20.1,4.1,345,89,0.00
2024-01-25T05:00,20.1,4.4,351,88,0.00
2024-01-25T06:00,19.9,5.1,356,89,0.00
2024-01-25T07:00,21.9,4.2,20,82,0.00
2024-01-25T08:00,23.0,6.0,57,84,0.00
2024-01-25T09:00,24.2,9.5,61,80,0.00
2024-01-25T10:00,25.1,12.9,67,75,0.00
2024-01-25T11:00,26.0,16.2,69,68,0.00
2024-01-25T12:00,27.0,17.9,68,62,0.00
2024-01-25T13:00,27.5,18.2,65,59,0.00
2024-01-25T14:00,27.5,16.1,63,57,0.00
2024-01-25T15:00,27.0,15.1,65,58,0.00
2024-01-25T16:00,26.2,15.3,63,62,0.00
2024-01-25T17:00,24.9,10.9,56,69,0.00
2024-01-25T18:00,23.2,6.4,47,74,0.00
2024-01-25T19:00,22.5,5.7,35,78,0.00
2024-01-25T20:00,21.5,4.9,17,84,0.00
2024-01-25T21:00,21.6,4.0,333,85,0.00
2024-01-25T22:00,21.5,5.2,326,83,0.00
2024-01-25T23:00,20.6,5.5,328,83,0.00
2024-01-26T00:00,20.2,4.9,324,80,0.00
2024-01-26T01:00,19.9,4.2,340,77,0.00
2024-01-26T02:00,19.5,4.2,340,76,0.00
2024-01-26T03:00,19.4,4.7,337,76,0.00
2024-01-26T04:00,19.0,5.6,345,78,0.00
2024-01-26T05:00,18.9,5.4,340,77,0.00
2024-01-26T06:00,18.8,5.8,353,78,0.00
2024-01-26T07:00,21.9,5.4,360,71,0.00
2024-01-26T08:00,23.1,5.5,32,69,0.00
2024-01-26T09:00,24.3,4.7,32,66,0.00
2024-01-26T10:00,24.2,7.4,61,72,0.00
2024-01-26T11:00,24.4,7.1,24,79,1.60
2024-01-26T12:00,25.7,9.2,42,75,0.20
2024-01-26T13:00,26.5,12.9,36,72,0.10
2024-01-26T14:00,26.4,14.3,43,69,0.40
2024-01-26T15:00,23.7,16.4,57,80,3.50
2024-01-26T16:00,24.5,10.4,56,80,0.10
2024-01-26T17:00,23.8,10.8,75,82,0.00
2024-01-26T18:00,22.3,7.8,68,89,0.00
2024-01-26T19:00,21.8,5.4,48,91,0.00
2024-01-26T20:00,21.9,5.1,51,92,0.00
2024-01-26T21:00,22.1,6.1,62,89,0.00
2024-01-26T22:00,21.2,4.6,45,92,0.00
2024-01-26T23:00,20.0,4.7,32,95,0.00
2024-01-27T00:00,18.6,6.2,7,96,0.00
2024-01-27T01:00,18.0,5.2,348,96,0.00
2024-01-27T02:00,18.5,5.0,360,94,0.00
2024-01-27T03:00,18.5,4.7,356,90,0.00
2024-01-27T04:00,19.8,3.6,360,83,0.00
2024-01-27T05:00,17.6,4.5,346,89,0.00
2024-01-27T06:00,17.0,4.9,343,88,0.00
2024-01-27T07:00,19.7,2.9,353,80,0.00
2024-01-27T08:00,21.0,4.1,38,78,0.00
2024-01-27T09:00,23.2,8.6,68,73,0.00
2024-01-27T10:00,25.1,11.3,53,62,0.00
2024-01-27T11:00,26.3,13.4,54,56,0.00
2024-01-27T12:00,27.1,16.8,59,54,0.00
2024-01-27T13:00,27.0,17.4,63,53,0.00
2024-01-27T14:00,26.5,18.0,70,55,0.00
2024-01-27T15:00,26.4,17.7,73,54,0.00
2024-01-27T16:00,25.1,16.2,78,63,0.00
2024-01-27T17:00,24.0,11.7,72,70,0.00
2024-01-27T18:00,22.0,6.7,54,76,0.00
2024-01-27T19:00,20.9,5.4,37,82,0.00
2024-01-27T20:00,20.4,4.9,36,85,0.00
2024-01-27T21:00,21.4,4.0,27,82,0.00
2024-01-27T22:00,20.5,4.9,17,88,0.00
2024-01-27T23:00,20.5,5.1,45,88,0.00
2024-01-28T00:00,18.9,5.4,4,92,0.00
2024-01-28T01:00,19.2,4.2,340,87,0.00
2024-01-28T02:00,18.5,4.1,345,85,0.00
2024-01-28T03:00,17.9,4.4,351,86,0.00
2024-01-28T04:00,18.1,4.1,345,80,0.00
2024-01-28T05:00,18.0,4.5,346,81,0.00
2024-01-28T06:00,17.8,3.4,328,80,0.00
2024-01-28T07:00,20.3,4.5,331,74,0.00
2024-01-28T08:00,22.5,5.5,67,70,0.00
2024-01-28T09:00,24.1,5.5,67,68,0.00
2024-01-28T10:00,25.7,6.9,62,64,0.00
2024-01-28T11:00,27.4,12.1,60,59,0.00
2024-01-28T12:00,27.8,17.3,73,56,0.00
2024-01-28T13:00,27.6,16.6,68,58,0.00
2024-01-28T14:00,26.9,14.6,57,62,0.10
2024-01-28T15:00,26.4,14.2,63,64,0.00
2024-01-28T16:00,25.8,15.1,65,65,0.00
2024-01-28T17:00,24.8,11.0,71,72,0.00
2024-01-28T18:00,23.3,7.8,77,78,0.00
2024-01-28T19:00,22.2,5.6,50,83,0.00
2024-01-28T20:00,21.3,4.8,42,89,0.00
2024-01-28T21:00,22.0,3.8,17,87,0.00
2024-01-28T22:00,21.1,4.0,355,91,0.00
2024-01-28T23:00,20.8,4.0,5,89,0.00
2024-01-29T00:00,20.9,3.9,338,84,0.00
2024-01-29T01:00,20.5,3.3,347,82,0.00
2024-01-29T02:00,20.4,3.0,346,81,0.00
2024-01-29T03:00,20.5,3.6,354,79,0.00
2024-01-29T04:00,20.6,3.8,343,79,0.00
2024-01-29T05:00,20.2,2.9,330,80,0.00
2024-01-29T06:00,20.1,4.0,355,83,0.00
2024-01-29T07:00,22.1,4.7,337,78,0.00
2024-01-29T08:00,23.4,5.5,58,76,0.00
2024-01-29T09:00,24.1,3.3,49,75,0.30
2024-01-29T10:00,25.0,7.6,65,75,0.00
2024-01-29T11:00,25.6,6.7,54,74,0.00
2024-01-29T12:00,26.0,9.1,56,73,0.00
2024-01-29T13:00,26.1,11.3,63,74,0.90
2024-01-29T14:00,24.9,10.5,63,81,0.20
2024-01-29T15:00,24.5,7.7,62,82,0.80
2024-01-29T16:00,24.2,9.5,53,84,0.20
2024-01-29T17:00,24.0,7.0,55,86,0.10
2024-01-29T18:00,23.0,8.0,63,92,0.10
2024-01-29T19:00,22.5,6.7,54,93,0.10
2024-01-29T20:00,22.0,4.7,32,96,0.30
2024-01-29T21:00,22.6,3.9,34,95,0.20
2024-01-29T22:00,22.5,4.0,27,96,0.20
2024-01-29T23:00,22.1,2.3,51,97,0.10
2024-01-30T00:00,22.2,1.8,360,96,0.00
2024-01-30T01:00,22.0,2.3,18,96,0.40
2024-01-30T02:00,21.8,2.9,30,96,0.90
2024-01-30T03:00,21.8,2.2,360,95,0.00
2024-01-30T04:00,22.1,3.3,6,92,0.20
2024-01-30T05:00,21.5,3.4,32,93,4.60
2024-01-30T06:00,21.5,3.6,323,91,9.40
2024-01-30T07:00,21.8,5.6,333,89,5.90
2024-01-30T08:00,22.0,6.2,350,89,3.10
2024-01-30T09:00,23.0,7.1,330,83,1.20
2024-01-30T10:00,23.8,9.0,344,82,0.30
2024-01-30T11:00,24.5,9.9,341,79,0.30
2024-01-30T12:00,24.5,11.0,23,80,0.40
2024-01-30T13:00,25.0,8.7,30,82,0.10
2024-01-30T14:00,25.5,6.6,45,81,0.00
2024-01-30T15:00,25.4,6.1,45,79,0.50
2024-01-30T16:00,25.4,8.4,47,75,0.50
2024-01-30T17:00,24.1,5.1,4,82,0.40
2024-01-30T18:00,23.2,3.3,347,89,0.00
2024-01-30T19:00,22.6,5.3,332,90,0.10
2024-01-30T20:00,22.8,6.2,339,88,0.20
2024-01-30T21:00,22.4,4.2,340,87,0.10
2024-01-30T22:00,22.0,3.2,360,89,0.10
2024-01-30T23:00,21.9,3.3,347,89,0.00
2024-01-31T00:00,21.9,3.1,339,88,0.10
2024-01-31T01:00,21.8,3.5,336,88,0.10
2024-01-31T02:00,21.8,5.0,330,89,0.10
2024-01-31T03:00,21.5,4.3,360,89,0.10
2024-01-31T04:00,21.4,4.0,350,90,0.10
2024-01-31T05:00,21.6,5.0,330,88,0.10
2024-01-31T06:00,21.5,3.8,343,87,0.00
2024-01-31T07:00,22.5,4.8,347,86,0.00
2024-01-31T08:00,23.5,5.5,23,83,0.00
2024-01-31T09:00,24.0,4.4,35,81,0.00
2024-01-31T10:00,24.5,5.9,38,80,0.20
2024-01-31T11:00,23.7,8.4,50,86,1.10
2024-01-31T12:00,24.0,5.6,15,86,0.60
2024-01-31T13:00,24.2,5.9,349,83,1.20
2024-01-31T14:00,24.6,5.2,25,80,0.10
2024-01-31T15:00,23.5,6.4,27,87,1.00
2024-01-31T16:00,23.6,5.4,8,86,0.90
2024-01-31T17:00,23.0,5.4,4,91,0.50
2024-01-31T18:00,22.5,5.1,356,92,0.40
2024-01-31T19:00,22.2,3.1,339,92,0.30
2024-01-31T20:00,22.1,3.3,347,91,0.20
2024-01-31T21:00,22.4,4.6,321,89,4.40
2024-01-31T22:00,22.2,7.4,321,87,3.50
2024-01-31T23:00,22.2,6.1,320,88,0.90
2024-02-01T00:00,22.0,5.6,320,87,0.10
2024-02-01T01:00,21.8,6.4,317,89,0.10
2024-02-01T02:00,21.5,2.9,360,91,0.30
2024-02-01T03:00,21.3,3.9,338,90,0.30
2024-02-01T04:00,21.5,5.4,323,88,0.20
2024-02-01T05:00,21.5,3.7,349,88,0.20
2024-02-01T06:00,21.4,3.2,360,89,0.10
2024-02-01T07:00,22.2,3.2,360,86,0.00
2024-02-01T08:00,23.5,5.6,333,80,0.00
2024-02-01T09:00,24.3,5.4,352,79,0.20
2024-02-01T10:00,24.9,5.8,7,78,0.00
2024-02-01T11:00,24.5,5.8,7,82,0.30
2024-02-01T12:00,25.6,6.0,25,80,0.10
2024-02-01T13:00,24.8,11.3,37,80,3.10
2024-02-01T14:00,25.2,5.7,18,81,0.20
2024-02-01T15:00,24.6,10.7,33,81,1.80
2024-02-01T16:00,23.9,10.6,28,82,2.70
2024-02-01T17:00,23.8,8.8,19,85,0.40
2024-02-01T18:00,23.0,5.4,360,87,0.30
2024-02-01T19:00,22.8,4.8,347,90,0.10
2024-02-01T20:00,22.7,3.3,354,91,0.40
2024-02-01T21:00,22.8,3.1,339,91,0.30
2024-02-01T22:00,22.6,3.8,311,92,0.60
2024-02-01T23:00,22.6,3.3,319,92,0.50
2024-02-02T00:00,22.5,4.7,337,90,0.20
2024-02-02T01:00,22.2,5.7,325,90,0.10
2024-02-02T02:00,22.3,5.1,321,89,0.00
2024-02-02T03:00,22.2,3.2,333,90,0.00
2024-02-02T04:00,21.8,4.1,15,92,0.00
2024-02-02T05:00,21.4,4.7,351,93,0.00
2024-02-02T06:00,21.6,4.0,333,91,0.00
2024-02-02T07:00,22.8,3.7,331,87,0.00
2024-02-02T08:00,23.3,3.7,11,86,0.20
2024-02-02T09:00,24.2,6.3,13,79,0.00
2024-02-02T10:00,24.9,7.6,45,80,0.00
2024-02-02T11:00,25.0,9.2,59,83,0.10
2024-02-02T12:00,25.4,9.7,48,81,0.50
2024-02-02T13:00,24.5,6.9,6,86,0.30
2024-02-02T14:00,25.9,10.7,45,79,0.50
2024-02-02T15:00,23.5,6.9,332,86,1.60
2024-02-02T16:00,24.1,8.2,299,82,0.20
2024-02-02T17:00,23.9,7.9,357,84,0.20
2024-02-02T18:00,22.5,4.2,340,90,0.00
2024-02-02T19:00,21.7,5.6,15,93,0.40
2024-02-02T20:00,21.9,4.8,13,94,0.30
2024-02-02T21:00,22.8,3.5,24,92,0.30
2024-02-02T22:00,22.5,3.1,45,92,0.40
2024-02-02T23:00,21.9,2.9,353,97,0.00
2024-02-03T00:00,21.1,3.1,324,97,0.00
2024-02-03T01:00,20.8,3.7,331,96,0.00
2024-02-03T02:00,20.1,3.6,323,95,0.00
2024-02-03T03:00,20.5,4.1,322,92,0.00
2024-02-03T04:00,20.2,4.6,315,89,0.00
2024-02-03T05:00,19.8,3.6,323,87,0.00
2024-02-03T06:00,19.0,4.5,331,86,0.00
2024-02-03T07:00,21.8,4.8,347,79,0.00
2024-02-03T08:00,23.3,6.2,350,74,0.00
2024-02-03T09:00,24.4,8.7,30,74,0.00
2024-02-03T10:00,25.4,7.0,12,74,0.00
2024-02-03T11:00,26.6,11.0,52,68,0.00
2024-02-03T12:00,27.3,11.9,61,65,0.00
2024-02-03T13:00,27.3,13.6,68,66,0.00
2024-02-03T14:00,26.0,13.7,67,72,0.00
2024-02-03T15:00,25.1,6.3,24,78,0.00
2024-02-03T16:00,25.5,8.5,28,75,0.00
2024-02-03T17:00,24.4,7.3,20,81,0.20
2024-02-03T18:00,23.5,7.1,345,85,0.20
2024-02-03T19:00,23.3,7.6,329,84,0.10
2024-02-03T20:00,22.8,7.7,311,87,0.10
2024-02-03T21:00,23.0,6.6,311,90,0.80
2024-02-03T22:00,23.1,7.6,341,88,0.30
2024-02-03T23:00,22.5,8.2,331,90,0.60
2024-02-04T00:00,22.3,7.9,317,91,0.20
2024-02-04T01:00,22.4,5.4,323,90,0.50
2024-02-04T02:00,22.1,5.0,330,91,0.20
2024-02-04T03:00,22.1,5.7,325,91,0.20
2024-02-04T04:00,21.9,4.6,321,91,0.10
2024-02-04T05:00,21.6,3.6,323,92,0.10
2024-02-04T06:00,20.7,4.9,343,93,0.00
2024-02-04T07:00,22.6,4.8,347,88,0.00
2024-02-04T08:00,23.5,5.8,7,84,0.00
2024-02-04T09:00,25.0,8.4,10,72,0.00
2024-02-04T10:00,25.8,7.9,24,71,0.00
2024-02-04T11:00,26.1,8.7,48,72,0.00
2024-02-04T12:00,27.0,10.6,55,69,0.10
2024-02-04T13:00,27.2,12.1,60,72,0.10
2024-02-04T14:00,27.0,12.4,54,71,0.20
2024-02-04T15:00,24.7,10.1,63,81,1.10
2024-02-04T16:00,25.0,7.1,45,79,0.30
2024-02-04T17:00,23.7,8.9,58,84,0.70
2024-02-04T18:00,22.3,5.2,326,93,1.50
2024-02-04T19:00,22.6,2.9,353,92,0.20
2024-02-04T20:00,22.4,4.0,355,92,0.40
2024-02-04T21:00,22.5,3.4,18,94,0.40
2024-02-04T22:00,22.5,3.6,360,92,0.10
2024-02-04T23:00,22.3,2.9,360,93,0.00
2024-02-05T00:00,22.1,2.9,360,93,0.10
2024-02-05T01:00,21.5,3.4,18,95,0.00
2024-02-05T02:00,20.6,4.9,17,96,0.00
2024-02-05T03:00,19.8,5.1,8,96,0.00
2024-02-05T04:00,19.9,4.0,360,95,0.00
2024-02-05T05:00,19.7,3.5,336,94,0.00
2024-02-05T06:00,19.5,3.9,338,91,0.00
2024-02-05T07:00,21.4,3.8,343,84,0.00
2024-02-05T08:00,22.6,2.9,30,84,0.00
2024-02-05T09:00,24.4,5.1,39,69,0.00
2024-02-05T10:00,25.4,7.1,66,69,0.00
2024-02-05T11:00,26.0,8.9,76,70,0.00
2024-02-05T12:00,26.6,8.8,78,66,0.00
2024-02-05T13:00,27.0,12.0,74,63,0.00
2024-02-05T14:00,26.9,11.1,61,62,0.00
2024-02-05T15:00,26.8,8.5,54,62,0.00
2024-02-05T16:00,26.4,6.5,34,63,0.00
2024-02-05T17:00,25.5,5.5,337,69,0.00
2024-02-05T18:00,23.5,6.2,324,72,0.00
2024-02-05T19:00,22.0,5.4,352,77,0.00
2024-02-05T20:00,21.7,4.4,325,77,0.00
2024-02-05T21:00,21.6,4.5,331,79,0.00
2024-02-05T22:00,21.1,4.4,325,80,0.00
2024-02-05T23:00,20.9,4.9,324,80,0.00
2024-02-06T00:00,20.1,5.0,339,82,0.00
2024-02-06T01:00,19.8,5.0,339,81,0.00
2024-02-06T02:00,21.3,3.8,343,69,0.00
2024-02-06T03:00,19.0,6.4,344,79,0.00
2024-02-06T04:00,19.2,6.3,336,75,0.00
2024-02-06T05:00,20.1,5.6,345,71,0.00
2024-02-06T06:00,21.0,4.9,343,63,0.00
2024-02-06T07:00,22.2,4.4,351,64,0.00
2024-02-06T08:00,23.1,4.8,27,65,0.00
2024-02-06T09:00,24.5,3.9,34,64,0.00
2024-02-06T10:00,25.3,4.9,54,63,0.00
2024-02-06T11:00,25.1,5.2,34,64,0.00
2024-02-06T12:00,24.5,4.2,20,65,0.00
2024-02-06T13:00,25.6,5.2,78,65,0.00
2024-02-06T14:00,26.4,5.1,45,67,0.00
2024-02-06T15:00,26.5,5.8,60,68,0.00
2024-02-06T16:00,26.0,5.4,37,67,0.00
2024-02-06T17:00,24.9,3.3,347,74,0.00
2024-02-06T18:00,23.2,3.6,323,78,0.00
2024-02-06T19:00,23.0,6.9,309,70,0.00
2024-02-06T20:00,22.4,7.6,295,69,0.00
2024-02-06T21:00,22.3,4.7,302,75,0.00
2024-02-06T22:00,21.6,4.0,333,76,0.00
2024-02-06T23:00,21.1,5.0,330,76,0.00
2024-02-07T00:00,22.1,4.6,18,67,0.00
2024-02-07T01:00,20.8,6.2,350,78,0.00
2024-02-07T02:00,20.7,6.0,335,72,0.00
2024-02-07T03:00,22.1,3.9,338,63,0.00
2024-02-07T04:00,22.6,2.0,315,59,0.00
2024-02-07T05:00,22.4,2.3,72,63,0.00
2024-02-07T06:00,20.3,5.7,342,79,0.00
2024-02-07T07:00,22.5,3.0,14,70,0.00
2024-02-07T08:00,23.4,3.5,66,71,0.10
2024-02-07T09:00,24.0,3.4,72,77,0.20
2024-02-07T10:00,25.0,5.7,72,76,0.90
2024-02-07T11:00,25.2,5.2,56,77,2.40
2024-02-07T12:00,25.0,5.7,72,80,1.00
2024-02-07T13:00,25.8,8.6,68,79,0.40
2024-02-07T14:00,24.2,7.8,68,87,0.60
2024-02-07T15:00,24.5,7.0,78,85,1.40
2024-02-07T16:00,24.3,5.4,98,86,0.30
2024-02-07T17:00,22.6,4.6,51,92,7.70
2024-02-07T18:00,22.6,4.1,345,93,1.00
2024-02-07T19:00,22.8,1.9,22,94,0.20
2024-02-07T20:00,22.5,2.2,99,96,0.10
2024-02-07T21:00,22.3,2.6,344,95,0.00
2024-02-07T22:00,22.0,4.4,351,94,0.00
2024-02-07T23:00,21.4,4.7,360,95,0.00
2024-02-08T00:00,22.4,3.0,14,88,0.00
2024-02-08T01:00,22.2,2.9,7,88,0.00
2024-02-08T02:00,20.4,4.7,360,94,0.00
2024-02-08T03:00,20.8,4.3,360,92,0.00
2024-02-08T04:00,20.7,4.5,14,92,0.00
2024-02-08T05:00,20.4,4.7,4,91,0.00
2024-02-08T06:00,20.1,4.3,336,90,0.00
2024-02-08T07:00,22.5,3.6,6,81,0.00
2024-02-08T08:00,23.4,3.9,22,83,0.00
2024-02-08T09:00,23.5,2.6,34,81,0.20
2024-02-08T10:00,23.5,4.0,63,84,0.10
2024-02-08T11:00,23.6,3.9,56,86,0.00
2024-02-08T12:00,24.4,5.1,51,83,0.00
2024-02-08T13:00,24.9,6.6,68,82,0.00
2024-02-08T14:00,24.7,4.7,86,83,0.00
2024-02-08T15:00,24.9,4.9,73,81,0.00
2024-02-08T16:00,24.5,5.4,8,82,0.10
2024-02-08T17:00,24.5,4.7,23,83,0.00
2024-02-08T18:00,23.5,3.9,34,89,0.00
2024-02-08T19:00,23.1,3.2,27,91,0.00
2024-02-08T20:00,22.9,3.5,24,92,0.10
2024-02-08T21:00,23.1,3.6,45,93,0.30
2024-02-08T22:00,23.0,3.9,34,94,0.50
2024-02-08T23:00,22.8,3.9,34,94,0.70
2024-02-09T00:00,22.5,3.9,34,94,0.50
2024-02-09T01:00,22.2,3.9,22,95,0.30
2024-02-09T02:00,22.1,4.1,45,94,0.30
2024-02-09T03:00,22.0,3.5,24,96,0.10
2024-02-09T04:00,22.0,2.9,360,95,0.00
2024-02-09T05:00,21.5,3.2,360,96,0.00
2024-02-09T06:00,21.2,3.8,17,97,0.00
2024-02-09T07:00,22.4,4.3,24,92,0.00
2024-02-09T08:00,23.3,5.1,45,88,0.00
2024-02-09T09:00,24.0,6.6,45,86,0.10
2024-02-09T10:00,25.2,6.7,54,79,0.10
2024-02-09T11:00,25.9,7.9,51,76,0.10
2024-02-09T12:00,26.6,8.0,54,75,0.10
2024-02-09T13:00,27.2,9.9,57,74,0.10
2024-02-09T14:00,26.5,15.7,53,74,0.90
2024-02-09T15:00,25.5,12.0,49,81,1.40
2024-02-09T16:00,24.6,11.6,64,81,0.10
2024-02-09T17:00,24.0,10.2,58,82,0.00
2024-02-09T18:00,23.4,8.8,55,83,0.00
2024-02-09T19:00,22.9,9.9,44,84,0.00
2024-02-09T20:00,22.9,6.3,31,82,0.00
2024-02-09T21:00,22.2,3.7,11,90,0.00
2024-02-09T22:00,21.5,4.5,14,93,0.00
2024-02-09T23:00,21.1,3.3,354,92,0.00
2024-02-10T00:00,20.0,4.7,356,94,0.00
2024-02-10T01:00,19.1,5.8,360,94,0.00
2024-02-10T02:00,19.1,5.4,352,92,0.00
2024-02-10T03:00,19.0,5.2,344,90,0.00
2024-02-10T04:00,18.9,5.2,344,87,0.00
2024-02-10T05:00,18.6,5.5,349,86,0.00
2024-02-10T06:00,18.5,5.4,340,86,0.00
2024-02-10T07:00,21.3,6.6,351,80,0.00
2024-02-10T08:00,23.3,4.7,23,74,0.00
2024-02-10T09:00,24.4,5.6,45,74,0.00
2024-02-10T10:00,25.6,13.1,53,72,0.00
2024-02-10T11:00,26.7,17.3,59,66,0.00
2024-02-10T12:00,27.1,17.7,57,63,0.00
2024-02-10T13:00,27.6,16.1,56,62,0.00
2024-02-10T14:00,27.4,15.1,57,63,0.00
2024-02-10T15:00,27.0,13.5,56,65,0.00
2024-02-10T16:00,26.4,13.5,56,67,0.00
2024-02-10T17:00,25.0,10.5,63,74,0.00
2024-02-10T18:00,23.0,5.6,45,82,0.00
2024-02-10T19:00,22.4,4.8,27,84,0.00
2024-02-10T20:00,21.9,4.2,20,88,0.00
2024-02-10T21:00,22.5,5.0,21,85,0.00
2024-02-10T22:00,22.3,5.1,4,86,0.00
2024-02-10T23:00,22.1,4.4,9,87,0.00
2024-02-11T00:00,21.9,4.0,360,88,0.00
2024-02-11T01:00,22.0,3.8,41,88,0.00
2024-02-11T02:00,22.0,4.3,42,88,0.00
2024-02-11T03:00,20.8,4.8,42,93,0.10
2024-02-11T04:00,20.4,4.0,355,94,0.10
2024-02-11T05:00,20.3,4.0,10,93,0.00
2024-02-11T06:00,20.0,3.3,347,91,0.00
2024-02-11T07:00,21.9,4.9,17,85,0.00
2024-02-11T08:00,23.2,7.1,60,79,0.00
2024-02-11T09:00,21.4,5.4,37,90,0.90
2024-02-11T10:00,24.0,7.1,66,80,0.00
2024-02-11T11:00,25.7,11.0,38,72,0.00
2024-02-11T12:00,26.2,19.2,56,66,0.00
2024-02-11T13:00,26.5,18.5,53,66,0.00
2024-02-11T14:00,26.6,19.9,48,65,0.00
2024-02-11T15:00,26.5,18.8,58,67,0.00
2024-02-11T16:00,26.0,18.4,64,68,0.00
2024-02-11T17:00,24.5,17.0,69,75,0.00
2024-02-11T18:00,23.0,10.0,52,80,0.00
2024-02-11T19:00,22.4,9.2,39,82,0.00
2024-02-11T20:00,21.5,6.9,9,86,0.00
2024-02-11T21:00,21.3,6.6,347,86,0.00
2024-02-11T22:00,20.1,4.1,345,90,0.00
2024-02-11T23:00,20.3,4.7,351,84,0.00
2024-02-12T00:00,20.3,5.1,352,77,0.00
2024-02-12T01:00,19.8,5.2,344,75,0.00
2024-02-12T02:00,20.0,5.2,348,75,0.00
2024-02-12T03:00,19.8,5.2,348,77,0.00
2024-02-12T04:00,19.3,6.1,357,81,0.00
2024-02-12T05:00,19.1,5.8,360,81,0.00
2024-02-12T06:00,18.5,6.8,360,84,0.00
2024-02-12T07:00,22.0,5.1,356,74,0.00
2024-02-12T08:00,23.5,6.6,49,74,0.00
2024-02-12T09:00,24.5,10.6,35,71,0.00
2024-02-12T10:00,25.5,18.9,42,67,0.00
2024-02-12T11:00,26.1,17.1,44,68,0.00
2024-02-12T12:00,27.3,18.7,50,65,0.00
2024-02-12T13:00,27.4,19.0,57,64,0.00
2024-02-12T14:00,26.9,17.1,62,67,0.00
2024-02-12T15:00,26.4,16.1,56,70,0.00
2024-02-12T16:00,25.6,17.2,61,72,0.00
2024-02-12T17:00,24.1,13.7,60,79,0.00
2024-02-12T18:00,22.9,7.4,43,83,0.00
2024-02-12T19:00,21.5,5.2,34,90,0.20
2024-02-12T20:00,20.8,4.1,15,93,0.10
2024-02-12T21:00,21.4,4.0,360,93,0.00
2024-02-12T22:00,20.9,4.5,346,93,0.00
2024-02-12T23:00,19.8,4.2,340,91,0.00
2024-02-13T00:00,19.2,4.3,336,88,0.00
2024-02-13T01:00,18.9,4.7,328,81,0.00
2024-02-13T02:00,18.9,4.9,324,71,0.00
2024-02-13T03:00,18.0,5.6,345,73,0.00
2024-02-13T04:00,18.3,6.0,335,69,0.00
2024-02-13T05:00,18.5,5.0,330,70,0.00
2024-02-13T06:00,18.5,5.2,335,75,0.00
2024-02-13T07:00,21.4,4.3,355,72,0.00
2024-02-13T08:00,22.2,5.0,330,71,0.00
2024-02-13T09:00,24.0,4.7,32,68,0.00
2024-02-13T10:00,24.9,11.5,46,70,0.00
2024-02-13T11:00,26.0,13.8,47,65,0.00
2024-02-13T12:00,27.0,16.8,43,60,0.00
2024-02-13T13:00,27.4,17.3,48,56,0.00
2024-02-13T14:00,27.5,17.5,53,56,0.00
2024-02-13T15:00,27.2,15.8,47,56,0.00
2024-02-13T16:00,27.2,14.0,46,55,0.00
2024-02-13T17:00,25.1,12.9,63,67,0.00
2024-02-13T18:00,22.6,6.3,31,75,0.00
2024-02-13T19:00,22.0,6.5,19,78,0.00
2024-02-13T20:00,21.6,5.8,4,82,0.00
2024-02-13T21:00,23.1,5.4,4,76,0.00
2024-02-13T22:00,23.0,4.3,355,78,0.00
2024-02-13T23:00,22.5,3.7,349,80,0.00
2024-02-14T00:00,21.3,3.8,343,83,0.00
2024-02-14T01:00,21.5,3.5,336,79,0.00
2024-02-14T02:00,20.9,5.1,356,81,0.00
2024-02-14T03:00,21.0,5.2,16,78,0.00
2024-02-14T04:00,20.6,5.4,8,79,0.00
2024-02-14T05:00,20.1,6.1,357,78,0.00
2024-02-14T06:00,19.5,6.1,357,80,0.00
2024-02-14T07:00,22.2,4.3,5,70,0.00
2024-02-14T08:00,23.2,7.1,24,76,0.00
2024-02-14T09:00,24.2,14.8,45,76,0.20
2024-02-14T10:00,25.0,15.5,48,75,0.10
2024-02-14T11:00,26.4,17.1,51,68,0.00
2024-02-14T12:00,26.6,17.9,60,67,0.00
2024-02-14T13:00,27.2,19.7,62,64,0.00
2024-02-14T14:00,26.8,19.0,65,66,0.00
2024-02-14T15:00,26.5,18.0,64,67,0.00
2024-02-14T16:00,26.2,17.5,58,66,0.00
2024-02-14T17:00,25.1,12.7,55,69,0.00
2024-02-14T18:00,23.1,8.4,40,73,0.00
2024-02-14T19:00,21.2,5.8,360,83,0.00
2024-02-14T20:00,20.6,4.6,321,84,0.00
2024-02-14T21:00,21.6,5.6,320,80,0.00
2024-02-14T22:00,20.5,3.6,323,79,0.00
2024-02-14T23:00,19.6,5.0,330,81,0.00
2024-02-15T00:00,18.9,4.4,325,81,0.00
2024-02-15T01:00,19.2,3.8,319,76,0.00
2024-02-15T02:00,19.4,4.5,331,74,0.00
2024-02-15T03:00,19.0,5.7,325,73,0.00
2024-02-15T04:00,19.0,6.6,331,74,0.00
2024-02-15T05:00,19.0,7.2,333,74,0.00
2024-02-15T06:00,19.6,8.9,339,74,0.00
2024-02-15T07:00,21.3,10.3,335,75,0.00
2024-02-15T08:00,23.4,11.5,346,64,0.00
2024-02-15T09:00,24.3,10.8,21,70,0.00
2024-02-15T10:00,25.1,13.2,43,70,0.00
2024-02-15T11:00,25.9,11.0,49,69,0.10
2024-02-15T12:00,26.9,11.8,63,65,0.00
2024-02-15T13:00,27.5,12.1,60,62,0.00
2024-02-15T14:00,28.1,8.5,28,59,0.00
2024-02-15T15:00,28.4,7.8,13,56,0.00
2024-02-15T16:00,27.9,8.2,38,57,0.00
2024-02-15T17:00,26.1,7.9,47,69,0.00
2024-02-15T18:00,23.5,4.9,343,78,0.00
2024-02-15T19:00,23.0,6.1,320,78,0.00
2024-02-15T20:00,22.6,4.1,315,76,0.00
2024-02-15T21:00,23.6,7.1,311,69,0.00
2024-02-15T22:00,22.8,2.5,315,73,0.00
2024-02-15T23:00,22.2,4.8,13,81,0.00
2024-02-16T00:00,22.8,2.9,353,78,0.00
2024-02-16T01:00,22.6,2.9,360,78,0.00
2024-02-16T02:00,22.4,2.9,360,81,0.00
2024-02-16T03:00,22.0,3.0,346,82,0.00
2024-02-16T04:00,21.0,4.5,331,83,0.00
2024-02-16T05:00,20.5,4.9,324,83,0.00
2024-02-16T06:00,21.7,5.2,335,81,0.00
2024-02-16T07:00,23.3,4.9,17,75,0.00
2024-02-16T08:00,24.5,5.1,8,73,0.00
2024-02-16T09:00,25.0,5.4,4,72,0.00
2024-02-16T10:00,26.0,8.3,34,70,0.00
2024-02-16T11:00,26.4,9.4,43,70,0.20
2024-02-16T12:00,27.0,10.9,44,68,0.30
2024-02-16T13:00,26.8,8.9,40,71,0.20
2024-02-16T14:00,27.0,13.5,46,69,0.40
2024-02-16T15:00,25.1,16.8,55,76,0.60
2024-02-16T16:00,24.4,7.4,23,86,0.80
2024-02-16T17:00,24.2,8.0,10,85,0.10
2024-02-16T18:00,24.0,6.8,360,82,0.00
2024-02-16T19:00,23.0,5.1,4,85,0.10
2024-02-16T20:00,22.5,4.0,360,88,0.00
2024-02-16T21:00,21.4,4.0,333,93,0.00
2024-02-16T22:00,20.5,3.9,326,92,0.00
2024-02-16T23:00,19.7,4.6,315,90,0.00
2024-02-17T00:00,19.4,5.5,328,87,0.00
2024-02-17T01:00,19.0,6.2,339,85,0.00
2024-02-17T02:00,19.0,6.2,353,82,0.00
2024-02-17T03:00,19.2,5.8,356,80,0.00
2024-02-17T04:00,19.1,5.8,360,80,0.00
2024-02-17T05:00,19.0,5.4,360,81,0.00
2024-02-17T06:00,18.5,6.2,350,82,0.00
2024-02-17T07:00,21.7,5.1,356,72,0.00
2024-02-17T08:00,23.0,5.1,8,69,0.00
2024-02-17T09:00,24.3,6.4,16,68,0.00
2024-02-17T10:00,25.5,8.1,32,65,0.00
2024-02-17T11:00,26.8,11.7,45,63,0.00
2024-02-17T12:00,27.2,10.8,53,61,0.00
2024-02-17T13:00,27.8,10.9,56,60,0.00
2024-02-17T14:00,27.6,8.9,32,61,0.00
2024-02-17T15:00,27.2,10.4,20,64,0.00
2024-02-17T16:00,26.9,10.1,35,66,0.00
2024-02-17T17:00,25.8,7.6,31,73,0.00
2024-02-17T18:00,23.4,4.3,355,84,0.00
2024-02-17T19:00,22.8,3.7,331,84,0.00
2024-02-17T20:00,22.2,4.1,315,83,0.00
2024-02-17T21:00,23.1,5.9,313,80,0.00
2024-02-17T22:00,22.8,4.6,321,80,0.00
2024-02-17T23:00,22.3,3.9,326,81,0.00
2024-02-18T00:00,21.6,3.6,323,82,0.00
2024-02-18T01:00,22.2,4.8,318,80,0.00
2024-02-18T02:00,22.5,2.8,320,81,0.00
2024-02-18T03:00,22.1,3.7,29,87,0.00
2024-02-18T04:00,22.1,5.1,309,83,0.10
2024-02-18T05:00,22.0,5.9,308,86,0.10
2024-02-18T06:00,22.2,5.4,312,88,0.10
2024-02-18T07:00,23.2,8.7,322,86,0.10
2024-02-18T08:00,24.0,8.2,23,84,0.50
2024-02-18T09:00,24.9,8.1,21,84,0.20
2024-02-18T10:00,25.8,13.4,54,80,0.10
2024-02-18T11:00,26.6,13.4,54,75,0.20
2024-02-18T12:00,27.2,15.7,53,73,0.00
2024-02-18T13:00,26.7,14.1,50,74,0.20
2024-02-18T14:00,26.7,13.6,40,74,0.10
2024-02-18T15:00,26.3,12.2,34,76,0.20
2024-02-18T16:00,25.7,12.5,46,77,0.00
2024-02-18T17:00,24.7,9.8,36,81,0.10
2024-02-18T18:00,23.5,4.7,32,86,0.00
2024-02-18T19:00,22.5,4.7,58,88,0.00
2024-02-18T20:00,21.8,5.2,25,91,0.00
2024-02-18T21:00,22.1,2.5,315,92,0.00
2024-02-18T22:00,21.2,2.3,309,93,0.00
2024-02-18T23:00,20.8,2.5,315,92,0.00
2024-02-19T00:00,20.0,2.3,321,91,0.00
2024-02-19T01:00,19.8,3.3,311,87,0.00
2024-02-19T02:00,18.9,3.5,336,88,0.00
2024-02-19T03:00,18.5,4.9,343,86,0.00
2024-02-19T04:00,18.2,5.4,340,83,0.00
2024-02-19T05:00,17.9,5.7,342,83,0.00
2024-02-19T06:00,18.3,5.5,328,79,0.00
2024-02-19T07:00,21.5,6.3,329,72,0.00
2024-02-19T08:00,23.9,6.9,354,59,0.00
2024-02-19T09:00,25.0,9.7,4,55,0.00
2024-02-19T10:00,25.5,10.5,27,63,0.00
2024-02-19T11:00,26.2,12.5,46,64,0.00
2024-02-19T12:00,27.4,15.1,52,63,0.00
2024-02-19T13:00,28.0,17.7,63,62,0.00
2024-02-19T14:00,27.6,16.7,57,64,0.10
2024-02-19T15:00,27.9,12.0,46,64,0.00
2024-02-19T16:00,27.2,11.5,44,64,0.00
2024-02-19T17:00,25.9,10.2,45,70,0.00
2024-02-19T18:00,23.2,4.4,9,84,0.00
2024-02-19T19:00,22.6,3.9,338,84,0.00
2024-02-19T20:00,22.0,3.4,328,85,0.00
2024-02-19T21:00,22.5,5.1,315,81,0.00
2024-02-19T22:00,21.9,3.6,315,81,0.00
2024-02-19T23:00,21.6,4.0,360,84,0.10
2024-02-20T00:00,21.5,5.2,335,85,0.40
2024-02-20T01:00,21.3,5.4,323,84,0.00
2024-02-20T02:00,20.2,4.7,337,86,0.00
2024-02-20T03:00,19.9,5.2,348,83,0.00
2024-02-20T04:00,21.8,3.4,18,73,0.00
2024-02-20T05:00,19.4,6.3,329,83,0.00
2024-02-20T06:00,19.9,6.2,339,84,0.00
2024-02-20T07:00,22.1,6.5,341,81,0.20
2024-02-20T08:00,23.4,8.3,355,81,0.20
2024-02-20T09:00,25.0,9.8,17,75,0.00
2024-02-20T10:00,25.9,13.0,46,75,0.20
2024-02-20T11:00,26.9,12.9,54,71,0.10
2024-02-20T12:00,28.0,14.3,51,66,0.10
2024-02-20T13:00,28.2,14.0,48,63,0.00
2024-02-20T14:00,27.9,11.9,35,64,0.00
2024-02-20T15:00,27.6,13.2,43,64,0.00
2024-02-20T16:00,26.9,13.4,31,66,0.10
2024-02-20T17:00,25.9,10.4,358,70,0.00
2024-02-20T18:00,24.0,8.1,328,76,0.00
2024-02-20T19:00,22.7,6.9,317,76,0.00
2024-02-20T20:00,22.0,3.8,319,70,0.00
2024-02-20T21:00,22.6,5.4,318,70,0.00
2024-02-20T22:00,21.8,4.1,315,67,0.00
2024-02-20T23:00,21.5,4.8,318,64,0.00
2024-02-21T00:00,21.2,4.8,333,69,0.00
2024-02-21T01:00,21.0,4.8,333,73,0.00
2024-02-21T02:00,20.5,4.2,329,78,0.00
2024-02-21T03:00,20.0,3.9,338,82,0.00
2024-02-21T04:00,19.8,4.6,342,85,0.00
2024-02-21T05:00,19.9,4.6,342,85,0.00
2024-02-21T06:00,20.0,4.1,345,85,0.00
2024-02-21T07:00,22.2,5.9,346,81,0.00
2024-02-21T08:00,24.2,6.6,347,77,0.00
2024-02-21T09:00,23.9,7.2,354,80,0.80
2024-02-21T10:00,24.0,8.3,360,83,1.00
2024-02-21T11:00,25.2,8.8,9,79,0.30
2024-02-21T12:00,25.8,8.9,21,77,0.10
2024-02-21T13:00,27.6,13.6,53,74,0.10
2024-02-21T14:00,27.4,15.0,55,71,0.10
2024-02-21T15:00,25.9,14.5,42,76,0.40
2024-02-21T16:00,25.8,10.0,30,76,1.60
2024-02-21T17:00,25.0,8.5,36,78,0.50
2024-02-21T18:00,24.0,3.2,360,87,0.10
2024-02-21T19:00,23.4,3.6,360,90,0.00
2024-02-21T20:00,23.0,3.3,347,92,0.00
2024-02-21T21:00,23.1,3.8,319,87,0.00
2024-02-21T22:00,23.1,4.3,312,86,0.00
2024-02-21T23:00,23.2,4.1,308,85,0.00
2024-02-22T00:00,23.0,2.6,326,89,0.00
2024-02-22T01:00,23.0,3.4,328,87,0.10
2024-02-22T02:00,22.8,1.9,338,90,0.20
2024-02-22T03:00,22.6,4.0,333,90,0.40
2024-02-22T04:00,23.0,8.2,311,87,0.00
2024-02-22T05:00,22.9,6.1,310,87,0.00
2024-02-22T06:00,22.7,2.0,315,92,0.40
2024-02-22T07:00,23.0,3.3,354,90,0.80
2024-02-22T08:00,23.4,4.9,343,87,1.00
2024-02-22T09:00,24.4,4.7,4,82,0.50
2024-02-22T10:00,24.2,6.0,327,84,0.40
2024-02-22T11:00,26.2,6.9,47,78,0.40
2024-02-22T12:00,25.8,8.2,52,79,0.30
2024-02-22T13:00,26.0,9.5,37,80,0.40
2024-02-22T14:00,25.6,7.6,352,81,0.60
2024-02-22T15:00,26.1,11.0,52,78,0.00
2024-02-22T16:00,25.9,7.6,45,78,0.00
2024-02-22T17:00,24.8,6.1,360,82,0.30
2024-02-22T18:00,24.2,5.2,335,82,0.10
2024-02-22T19:00,24.0,7.5,343,83,0.00
2024-02-22T20:00,23.5,6.3,347,86,0.10
2024-02-22T21:00,23.4,8.6,327,85,0.30
2024-02-22T22:00,23.0,6.9,321,86,0.00
2024-02-22T23:00,22.8,4.8,318,88,0.10
2024-02-23T00:00,22.6,3.3,319,89,0.00
2024-02-23T01:00,22.1,4.1,315,92,0.40
2024-02-23T02:00,22.4,3.3,311,91,0.30
2024-02-23T03:00,22.0,3.2,333,91,0.10
2024-02-23T04:00,22.3,2.9,353,91,0.00
2024-02-23T05:00,22.2,2.3,342,92,0.10
2024-02-23T06:00,22.1,2.5,352,91,0.10
2024-02-23T07:00,23.0,4.0,360,87,0.00
2024-02-23T08:00,23.7,4.5,14,86,0.10
2024-02-23T09:00,24.0,5.1,45,85,0.20
2024-02-23T10:00,24.0,7.9,47,84,0.80
2024-02-23T11:00,24.1,4.6,18,87,0.40
2024-02-23T12:00,24.7,4.7,23,83,0.40
2024-02-23T13:00,25.2,8.3,34,81,2.20
2024-02-23T14:00,26.2,8.4,43,80,0.20
2024-02-23T15:00,24.9,8.2,41,81,1.70
2024-02-23T16:00,25.1,7.7,349,81,0.20
2024-02-23T17:00,24.5,7.4,23,82,0.30
2024-02-23T18:00,23.8,4.5,14,87,0.40
2024-02-23T19:00,23.3,4.4,9,89,0.30
2024-02-23T20:00,23.0,3.8,17,91,0.30
2024-02-23T21:00,23.2,4.5,331,89,0.10
2024-02-23T22:00,22.6,2.9,330,92,0.00
2024-02-23T23:00,22.2,2.6,304,93,0.10
2024-02-24T00:00,22.4,3.4,302,92,0.10
2024-02-24T01:00,21.7,3.7,331,94,0.10
2024-02-24T02:00,21.9,2.7,337,93,0.10
2024-02-24T03:00,21.8,2.5,352,92,0.10
2024-02-24T04:00,21.4,3.3,354,92,0.00
2024-02-24T05:00,20.8,4.3,5,93,0.00
2024-02-24T06:00,20.5,4.4,351,93,0.00
2024-02-24T07:00,22.6,5.1,352,85,0.00
2024-02-24T08:00,23.8,4.9,17,82,0.00
2024-02-24T09:00,24.9,6.6,61,81,0.10
2024-02-24T10:00,25.9,8.8,71,77,0.30
2024-02-24T11:00,27.1,10.0,69,72,0.10
2024-02-24T12:00,28.2,10.7,76,66,0.00
2024-02-24T13:00,28.9,9.4,83,61,0.00
2024-02-24T14:00,29.0,11.8,78,59,0.00
2024-02-24T15:00,28.8,11.9,88,59,0.00
2024-02-24T16:00,27.9,13.7,72,62,0.00
2024-02-24T17:00,26.7,8.7,66,71,0.00
2024-02-24T18:00,24.6,9.1,72,82,0.00
2024-02-24T19:00,23.3,3.3,49,90,0.00
2024-02-24T20:00,22.8,3.3,13,93,0.00
2024-02-24T21:00,23.2,2.8,50,91,0.00
2024-02-24T22:00,22.7,3.3,41,94,0.00
2024-02-24T23:00,22.1,2.6,16,96,0.00
2024-02-25T00:00,21.4,3.3,354,97,0.00
2024-02-25T01:00,20.8,3.5,336,95,0.00
2024-02-25T02:00,20.5,3.9,326,90,0.00
2024-02-25T03:00,20.1,4.3,336,84,0.00
2024-02-25T04:00,19.5,6.5,357,84,0.00
2024-02-25T05:00,19.2,7.0,348,81,0.00
2024-02-25T06:00,19.1,7.0,348,80,0.00
2024-02-25T07:00,22.6,4.8,347,70,0.00
2024-02-25T08:00,23.9,6.5,3,74,0.00
2024-02-25T09:00,24.5,6.5,6,72,0.00
2024-02-25T10:00,25.8,8.2,38,70,0.10
2024-02-25T11:00,26.6,10.7,48,68,0.20
2024-02-25T12:00,27.3,11.5,41,66,0.20
2024-02-25T13:00,27.6,12.3,40,64,0.10
2024-02-25T14:00,27.1,11.7,43,66,0.10
2024-02-25T15:00,27.0,11.5,46,68,0.00
2024-02-25T16:00,26.2,10.9,56,72,0.10
2024-02-25T17:00,25.1,11.0,58,77,0.00
2024-02-25T18:00,23.5,5.1,39,85,0.00
2024-02-25T19:00,22.5,2.9,353,90,0.00
2024-02-25T20:00,21.4,3.4,342,93,0.00
2024-02-25T21:00,22.1,3.8,343,91,0.00
2024-02-25T22:00,21.6,4.0,333,91,0.00
2024-02-25T23:00,21.3,4.2,329,90,0.00
2024-02-26T00:00,21.1,4.2,329,89,0.00
2024-02-26T01:00,21.0,4.2,329,87,0.00
2024-02-26T02:00,20.5,4.0,333,86,0.00
2024-02-26T03:00,19.6,3.7,331,87,0.00
2024-02-26T04:00,19.1,3.4,328,86,0.00
2024-02-26T05:00,19.0,4.2,329,83,0.00
2024-02-26T06:00,18.5,4.0,333,83,0.00
2024-02-26T07:00,21.1,6.0,343,78,0.00
2024-02-26T08:00,23.0,5.5,11,76,0.00
2024-02-26T09:00,24.9,5.9,11,65,0.00
2024-02-26T10:00,26.5,7.7,41,60,0.00
2024-02-26T11:00,27.3,14.4,53,61,0.00
2024-02-26T12:00,27.6,12.2,43,59,0.00
2024-02-26T13:00,28.4,12.3,52,57,0.00
2024-02-26T14:00,28.0,17.2,79,61,0.00
2024-02-26T15:00,27.0,18.9,77,67,0.00
2024-02-26T16:00,25.6,16.5,74,73,0.00
2024-02-26T17:00,24.5,11.3,73,77,0.00
2024-02-26T18:00,23.4,3.9,68,83,0.00
2024-02-26T19:00,22.8,3.1,36,87,0.00
2024-02-26T20:00,22.4,3.9,22,89,0.00
2024-02-26T21:00,22.6,6.0,57,88,0.00
2024-02-26T22:00,22.2,3.7,29,90,0.00
2024-02-26T23:00,21.7,3.3,13,93,0.00
2024-02-27T00:00,21.5,2.9,353,94,0.00
2024-02-27T01:00,21.1,3.2,360,94,0.00
2024-02-27T02:00,20.9,3.3,347,92,0.00
2024-02-27T03:00,20.4,3.6,354,92,0.00
2024-02-27T04:00,20.4,2.9,353,91,0.10
2024-02-27T05:00,20.8,3.0,346,88,0.10
2024-02-27T06:00,21.1,4.0,355,85,0.00
2024-02-27T07:00,22.4,4.4,9,84,0.00
2024-02-27T08:00,23.9,7.3,70,80,0.00
2024-02-27T09:00,24.7,9.9,57,75,0.00
2024-02-27T10:00,25.4,14.1,50,70,0.10
2024-02-27T11:00,26.4,15.1,62,66,0.10
2024-02-27T12:00,27.7,18.9,51,59,0.00
2024-02-27T13:00,27.2,18.5,66,61,0.00
2024-02-27T14:00,27.4,20.7,67,61,0.00
2024-02-27T15:00,26.7,20.5,68,64,0.00
2024-02-27T16:00,26.2,21.0,68,65,0.00
2024-02-27T17:00,24.6,17.6,62,71,0.00
2024-02-27T18:00,23.3,7.7,53,77,0.00
2024-02-27T19:00,22.7,7.3,33,79,0.00
2024-02-27T20:00,21.6,5.1,8,85,0.00
2024-02-27T21:00,21.6,4.2,31,84,0.00
2024-02-27T22:00,21.0,4.6,18,86,0.00
2024-02-27T23:00,20.7,4.3,5,86,0.00
2024-02-28T00:00,20.4,4.7,356,85,0.00
2024-02-28T01:00,20.3,5.8,330,78,0.00
2024-02-28T02:00,20.1,5.3,332,70,0.00
2024-02-28T03:00,19.9,4.3,336,67,0.00
2024-02-28T04:00,19.9,4.8,333,66,0.00
2024-02-28T05:00,19.6,4.3,336,67,0.00
2024-02-28T06:00,19.8,5.0,339,70,0.00
2024-02-28T07:00,22.6,6.1,357,65,0.00
2024-02-28T08:00,24.3,6.9,62,63,0.00
2024-02-28T09:00,25.1,9.9,44,66,0.00
2024-02-28T10:00,26.0,14.8,51,65,0.00
2024-02-28T11:00,26.5,17.0,54,62,0.00
2024-02-28T12:00,26.0,15.8,55,65,0.00
2024-02-28T13:00,26.4,15.4,53,64,0.00
2024-02-28T14:00,26.5,15.2,54,65,0.00
2024-02-28T15:00,25.5,15.3,81,70,0.00
2024-02-28T16:00,23.9,11.6,83,79,0.00
2024-02-28T17:00,23.0,8.1,69,84,0.20
2024-02-28T18:00,22.6,5.1,45,86,0.00
2024-02-28T19:00,22.4,5.1,39,88,0.00
2024-02-28T20:00,22.2,5.4,352,89,0.00
2024-02-28T21:00,22.3,4.0,27,86,0.00
2024-02-28T22:00,21.5,3.3,354,89,0.00
2024-02-28T23:00,22.4,4.6,342,83,0.00
2024-02-29T00:00,22.5,4.3,360,81,0.00
2024-02-29T01:00,22.4,6.2,350,80,0.00
2024-02-29T02:00,22.5,7.4,337,79,0.00
2024-02-29T03:00,22.4,7.3,340,79,0.00
2024-02-29T04:00,22.6,6.3,336,78,0.10
2024-02-29T05:00,22.6,6.7,344,80,0.00
2024-02-29T06:00,22.5,6.4,344,82,0.00
2024-02-29T07:00,23.0,8.4,10,82,0.00
2024-02-29T08:00,23.8,12.6,20,80,0.00
2024-02-29T09:00,23.9,7.8,347,80,0.40
2024-02-29T10:00,24.0,8.8,9,82,0.10
2024-02-29T11:00,24.1,11.2,40,83,0.20
2024-02-29T12:00,26.0,15.8,41,76,0.30
2024-02-29T13:00,26.8,17.1,55,72,0.20
2024-02-29T14:00,26.0,14.3,47,74,0.70
2024-02-29T15:00,26.5,13.3,41,74,0.30
2024-02-29T16:00,24.5,11.0,52,82,1.80
2024-02-29T17:00,24.3,7.9,43,83,0.50
2024-02-29T18:00,23.0,5.1,39,90,0.10
2024-02-29T19:00,22.8,5.0,339,93,0.20
2024-02-29T20:00,22.7,3.9,326,92,0.10
2024-02-29T21:00,23.0,2.4,333,91,0.20
2024-02-29T22:00,22.6,3.7,349,90,0.20
2024-02-29T23:00,22.4,4.4,325,90,0.00
2024-03-01T00:00,22.5,3.9,326,89,0.00
2024-03-01T01:00,21.9,3.9,326,91,0.00
2024-03-01T02:00,22.4,5.4,318,88,0.00
2024-03-01T03:00,22.1,6.1,320,87,0.00
2024-03-01T04:00,22.1,5.7,325,87,0.00
2024-03-01T05:00,21.6,3.6,323,89,0.00
2024-03-01T06:00,21.7,3.8,319,89,0.30
2024-03-01T07:00,23.0,6.5,326,88,0.30
2024-03-01T08:00,23.6,7.3,351,84,0.10
2024-03-01T09:00,24.5,11.1,36,81,0.00
2024-03-01T10:00,25.8,12.3,52,75,0.00
2024-03-01T11:00,26.5,11.5,58,72,0.00
2024-03-01T12:00,26.8,11.3,63,70,0.00
2024-03-01T13:00,27.6,13.5,48,67,0.00
2024-03-01T14:00,27.8,12.5,51,65,0.00
2024-03-01T15:00,27.6,14.5,60,66,0.10
2024-03-01T16:00,26.5,15.6,61,71,0.00
2024-03-01T17:00,25.5,12.6,66,74,0.00
2024-03-01T18:00,23.9,8.1,58,82,0.00
2024-03-01T19:00,22.9,5.2,25,87,0.00
2024-03-01T20:00,22.7,5.2,12,88,0.00
2024-03-01T21:00,22.8,6.0,17,86,0.00
2024-03-01T22:00,22.5,4.7,4,88,0.00
2024-03-01T23:00,21.8,2.9,360,93,0.00
2024-03-02T00:00,21.6,2.5,360,93,0.00
2024-03-02T01:00,21.0,2.5,352,96,0.00
2024-03-02T02:00,20.9,3.1,339,96,0.00
2024-03-02T03:00,21.0,4.8,333,93,0.00
2024-03-02T04:00,20.4,4.7,337,92,0.00
2024-03-02T05:00,20.0,4.0,333,89,0.00
2024-03-02T06:00,19.6,4.2,340,87,0.00
2024-03-02T07:00,22.1,5.6,15,78,0.00
2024-03-02T08:00,23.6,6.3,24,71,0.00
2024-03-02T09:00,25.0,8.7,42,72,0.00
2024-03-02T10:00,26.6,13.4,54,66,0.00
2024-03-02T11:00,27.9,14.7,62,59,0.00
2024-03-02T12:00,28.9,15.1,72,53,0.00
2024-03-02T13:00,29.0,16.6,86,52,0.00
2024-03-02T14:00,29.0,16.6,90,53,0.00
2024-03-02T15:00,28.4,15.9,86,56,0.00
2024-03-02T16:00,27.6,14.4,86,61,0.00
2024-03-02T17:00,26.0,14.4,86,69,0.00
2024-03-02T18:00,24.3,8.7,73,76,0.00
2024-03-02T19:00,23.1,6.6,45,85,0.00
2024-03-02T20:00,22.5,5.4,356,88,0.10
2024-03-02T21:00,22.5,6.0,343,88,0.00
2024-03-02T22:00,22.4,5.6,345,89,0.10
2024-03-02T23:00,22.1,4.0,10,90,0.10
2024-03-03T00:00,22.0,4.5,29,91,0.00
2024-03-03T01:00,21.5,4.3,24,93,0.00
2024-03-03T02:00,21.1,4.1,15,94,0.00
2024-03-03T03:00,20.8,4.0,10,95,0.00
2024-03-03T04:00,20.5,4.0,5,95,0.00
2024-03-03T05:00,20.0,4.0,5,97,0.00
2024-03-03T06:00,19.8,5.0,360,98,0.00
2024-03-03T07:00,21.2,6.5,6,90,0.00
2024-03-03T08:00,22.9,6.2,21,75,0.00
2024-03-03T09:00,23.5,6.9,28,73,0.00
2024-03-03T10:00,25.5,9.7,39,65,0.00
2024-03-03T11:00,26.6,11.3,53,61,0.00
2024-03-03T12:00,27.4,12.7,61,59,0.00
2024-03-03T13:00,28.1,14.0,67,55,0.00
2024-03-03T14:00,28.2,14.4,68,52,0.00
2024-03-03T15:00,27.5,13.6,68,52,0.00
2024-03-03T16:00,26.9,12.9,60,54,0.00
2024-03-03T17:00,25.8,9.1,34,58,0.00
2024-03-03T18:00,23.7,5.1,356,66,0.00
2024-03-03T19:00,23.2,6.1,3,68,0.00
2024-03-03T20:00,22.1,5.6,15,77,0.00
2024-03-03T21:00,22.1,5.0,21,81,0.00
2024-03-03T22:00,22.0,5.2,34,85,0.00
2024-03-03T23:00,21.2,4.9,343,89,0.00
2024-03-04T00:00,21.0,8.7,322,86,0.00
2024-03-04T01:00,20.3,5.4,323,81,0.00
2024-03-04T02:00,19.9,4.5,331,78,0.00
2024-03-04T03:00,19.2,5.8,356,78,0.00
2024-03-04T04:00,19.3,5.5,349,77,0.00
2024-03-04T05:00,19.2,5.2,344,74,0.00
2024-03-04T06:00,19.2,5.5,349,75,0.00
2024-03-04T07:00,21.9,6.2,7,68,0.00
2024-03-04T08:00,23.2,8.0,5,71,0.00
2024-03-04T09:00,24.5,11.0,32,74,0.00
2024-03-04T10:00,25.9,12.5,46,70,0.00
2024-03-04T11:00,26.5,12.1,60,65,0.00
2024-03-04T12:00,27.3,11.3,59,63,0.00
2024-03-04T13:00,27.5,10.5,52,62,0.00
2024-03-04T14:00,27.6,10.2,45,63,0.10
2024-03-04T15:00,27.4,12.0,49,64,0.10
2024-03-04T16:00,26.4,12.5,46,68,0.10
2024-03-04T17:00,25.2,10.4,44,72,0.00
2024-03-04T18:00,24.1,8.7,24,76,0.00
2024-03-04T19:00,23.8,9.7,31,77,0.00
2024-03-04T20:00,22.7,5.8,30,82,0.00
2024-03-04T21:00,22.9,4.2,31,83,0.00
2024-03-04T22:00,22.6,4.8,27,83,0.00
2024-03-04T23:00,22.0,3.7,349,87,0.00
2024-03-05T00:00,21.7,5.4,323,88,0.00
2024-03-05T01:00,21.3,4.6,321,86,0.00
2024-03-05T02:00,20.8,3.5,336,85,0.00
2024-03-05T03:00,20.2,5.1,356,85,0.00
2024-03-05T04:00,20.0,5.4,352,83,0.00
2024-03-05T05:00,20.0,5.2,348,80,0.00
2024-03-05T06:00,19.8,5.4,356,81,0.00
2024-03-05T07:00,22.7,5.4,20,71,0.00
2024-03-05T08:00,24.2,6.9,51,69,0.00
2024-03-05T09:00,25.6,6.5,19,65,0.00
2024-03-05T10:00,27.1,10.2,42,63,0.00
2024-03-05T11:00,28.3,10.3,54,59,0.00
2024-03-05T12:00,27.9,11.5,58,62,0.00
2024-03-05T13:00,29.0,10.4,46,61,0.30
2024-03-05T14:00,29.2,10.7,42,59,0.10
2024-03-05T15:00,28.6,11.8,50,61,0.10
2024-03-05T16:00,27.7,12.9,54,66,0.00
2024-03-05T17:00,26.5,13.3,57,72,0.00
2024-03-05T18:00,24.8,8.7,38,79,0.00
2024-03-05T19:00,23.9,4.7,351,85,0.00
2024-03-05T20:00,23.6,5.2,335,86,0.00
2024-03-05T21:00,23.7,3.4,328,85,0.00
2024-03-05T22:00,23.5,3.4,328,85,0.00
2024-03-05T23:00,23.0,3.4,328,86,0.00
2024-03-06T00:00,22.6,2.1,329,86,0.00
2024-03-06T01:00,21.8,3.2,333,87,0.00
2024-03-06T02:00,21.4,3.4,328,85,0.00
2024-03-06T03:00,21.2,4.2,329,83,0.00
2024-03-06T04:00,20.9,5.0,339,81,0.00
2024-03-06T05:00,20.1,6.8,357,84,0.00
2024-03-06T06:00,20.3,6.1,360,82,0.00
2024-03-06T07:00,23.4,6.2,10,70,0.00
2024-03-06T08:00,25.1,5.2,34,65,0.00
2024-03-06T09:00,26.6,6.5,34,64,0.00
2024-03-06T10:00,27.7,9.4,40,64,0.00
2024-03-06T11:00,28.0,9.4,32,64,0.00
2024-03-06T12:00,29.1,8.7,45,60,0.00
2024-03-06T13:00,29.7,11.0,52,58,0.00
2024-03-06T14:00,30.1,12.2,62,56,0.10
2024-03-06T15:00,29.9,14.6,57,57,0.00
2024-03-06T16:00,29.0,13.0,56,58,0.10
2024-03-06T17:00,26.8,10.0,64,69,0.30
2024-03-06T18:00,25.5,5.2,78,78,0.10
2024-03-06T19:00,24.2,4.2,70,85,0.00
2024-03-06T20:00,23.7,4.3,42,87,0.00
2024-03-06T21:00,23.6,4.6,18,88,0.00
2024-03-06T22:00,23.0,3.7,11,92,0.00
2024-03-06T23:00,22.8,3.3,347,93,0.00
2024-03-07T00:00,22.5,3.2,360,93,0.00
2024-03-07T01:00,20.7,5.5,11,96,0.00
2024-03-07T02:00,20.1,5.6,15,97,0.00
2024-03-07T03:00,19.5,5.4,360,98,0.00
2024-03-07T04:00,19.7,4.4,351,96,0.00
2024-03-07T05:00,19.5,4.5,346,94,0.00
2024-03-07T06:00,19.3,4.5,346,92,0.00
2024-03-07T07:00,21.9,5.8,360,87,0.00
2024-03-07T08:00,23.2,7.9,39,82,0.00
2024-03-07T09:00,24.6,8.9,40,75,0.00
2024-03-07T10:00,26.9,11.5,49,63,0.00
2024-03-07T11:00,28.8,13.9,59,54,0.00
2024-03-07T12:00,29.5,14.8,67,50,0.00
2024-03-07T13:00,30.6,15.5,65,45,0.00
2024-03-07T14:00,30.2,17.1,68,47,0.00
2024-03-07T15:00,29.0,19.8,87,56,0.00
2024-03-07T16:00,28.0,19.1,90,59,0.00
2024-03-07T17:00,26.8,15.5,89,64,0.00
2024-03-07T18:00,25.2,9.1,97,70,0.00
2024-03-07T19:00,24.1,8.6,75,77,0.00
2024-03-07T20:00,23.2,5.9,38,82,0.00
2024-03-07T21:00,22.8,6.7,36,82,0.00
2024-03-07T22:00,21.7,4.5,29,88,0.00
2024-03-07T23:00,21.2,5.1,8,91,0.10
2024-03-08T00:00,21.1,6.1,360,91,0.10
2024-03-08T01:00,20.0,5.2,348,96,0.00
2024-03-08T02:00,19.5,3.7,349,96,0.00
2024-03-08T03:00,19.1,4.5,331,95,0.00
2024-03-08T04:00,18.5,5.2,326,93,0.00
2024-03-08T05:00,18.4,4.4,325,85,0.00
2024-03-08T06:00,17.8,4.9,343,79,0.00
2024-03-08T07:00,21.2,6.3,13,61,0.00
2024-03-08T08:00,23.0,7.2,360,57,0.00
2024-03-08T09:00,25.9,8.0,10,46,0.00
2024-03-08T10:00,27.0,10.5,27,54,0.00
2024-03-08T11:00,28.8,12.7,47,50,0.00
2024-03-08T12:00,30.2,15.9,65,46,0.00
2024-03-08T13:00,29.1,18.6,72,53,0.00
2024-03-08T14:00,28.7,12.7,65,57,0.00
2024-03-08T15:00,28.4,11.2,48,59,0.10
2024-03-08T16:00,28.0,12.0,49,60,0.00
2024-03-08T17:00,26.1,10.0,52,69,0.00
2024-03-08T18:00,24.6,4.6,45,76,0.00
2024-03-08T19:00,23.5,2.6,16,83,0.00
2024-03-08T20:00,23.0,3.5,336,86,0.00
2024-03-08T21:00,23.1,3.6,6,87,0.20
2024-03-08T22:00,23.1,3.0,14,88,0.10
2024-03-08T23:00,22.9,4.5,14,90,0.00
2024-03-09T00:00,22.5,3.9,338,92,0.00
2024-03-09T01:00,22.2,3.7,331,92,0.00
2024-03-09T02:00,21.5,3.0,346,93,0.00
2024-03-09T03:00,21.5,3.0,346,91,0.00
2024-03-09T04:00,20.5,3.7,349,92,0.00
2024-03-09T05:00,19.9,4.0,350,91,0.00
2024-03-09T06:00,19.9,4.2,340,89,0.00
2024-03-09T07:00,22.9,5.8,7,76,0.00
2024-03-09T08:00,24.2,6.9,39,72,0.00
2024-03-09T09:00,25.4,14.1,40,67,0.00
2024-03-09T10:00,27.1,16.1,48,60,0.10
2024-03-09T11:00,27.5,16.2,58,57,0.00
2024-03-09T12:00,28.9,16.3,59,52,0.00
2024-03-09T13:00,28.7,17.9,60,54,0.00
2024-03-09T14:00,29.1,18.6,58,53,0.00
2024-03-09T15:00,28.2,20.0,64,56,0.00
2024-03-09T16:00,27.1,18.3,70,61,0.00
2024-03-09T17:00,25.7,16.6,63,68,0.00
2024-03-09T18:00,24.2,11.1,54,74,0.00
2024-03-09T19:00,23.8,10.4,46,77,0.00
2024-03-09T20:00,23.1,7.7,41,80,0.00
2024-03-09T21:00,22.5,4.9,36,86,0.00
2024-03-09T22:00,22.0,3.6,45,89,0.00
2024-03-09T23:00,21.4,3.1,21,93,0.00
2024-03-10T00:00,20.9,3.2,333,94,0.00
2024-03-10T01:00,20.9,5.3,332,90,0.00
2024-03-10T02:00,20.5,5.8,330,86,0.00
2024-03-10T03:00,20.5,5.2,326,82,0.00
2024-03-10T04:00,20.3,4.6,321,81,0.00
2024-03-10T05:00,20.2,4.1,322,81,0.00
2024-03-10T06:00,19.6,3.7,331,84,0.00
2024-03-10T07:00,22.6,6.1,360,71,0.00
2024-03-10T08:00,24.2,7.9,24,65,0.00
2024-03-10T09:00,26.2,14.8,45,61,0.00
2024-03-10T10:00,27.1,18.0,53,58,0.00
2024-03-10T11:00,27.8,20.3,63,56,0.00
2024-03-10T12:00,29.4,18.4,51,50,0.00
2024-03-10T13:00,29.4,18.9,59,49,0.00
2024-03-10T14:00,29.4,20.5,68,49,0.00
2024-03-10T15:00,28.3,21.5,72,53,0.00
2024-03-10T16:00,28.0,20.1,69,55,0.00
2024-03-10T17:00,26.4,18.0,64,62,0.00
2024-03-10T18:00,25.1,12.7,61,66,0.00
2024-03-10T19:00,24.2,10.5,49,71,0.00
2024-03-10T20:00,23.2,6.2,21,77,0.00
2024-03-10T21:00,22.7,4.5,14,79,0.00
2024-03-10T22:00,21.7,4.1,345,84,0.00
2024-03-10T23:00,20.8,5.3,332,88,0.00
2024-03-11T00:00,19.8,5.7,325,85,0.00
2024-03-11T01:00,19.6,4.7,328,70,0.00
2024-03-11T02:00,19.1,4.9,343,65,0.00
2024-03-11T03:00,18.2,6.2,353,68,0.00
2024-03-11T04:00,17.7,6.2,350,70,0.00
2024-03-11T05:00,17.5,6.0,343,69,0.00
2024-03-11T06:00,17.6,5.4,340,69,0.00
2024-03-11T07:00,21.2,8.0,342,60,0.00
2024-03-11T08:00,24.4,7.7,349,45,0.00
2024-03-11T09:00,24.9,8.0,8,54,0.00
2024-03-11T10:00,26.3,11.6,36,55,0.00
2024-03-11T11:00,28.0,13.2,55,48,0.00
2024-03-11T12:00,28.2,14.8,64,48,0.00
2024-03-11T13:00,28.6,15.0,63,48,0.00
2024-03-11T14:00,28.7,14.5,63,49,0.00
2024-03-11T15:00,27.8,15.5,54,55,0.00
2024-03-11T16:00,27.0,12.5,46,58,0.00
2024-03-11T17:00,26.6,10.2,42,59,0.00
2024-03-11T18:00,24.2,4.8,347,68,0.00
2024-03-11T19:00,22.9,4.1,345,74,0.00
2024-03-11T20:00,22.5,4.5,346,75,0.00
2024-03-11T21:00,22.0,2.8,310,74,0.00
2024-03-11T22:00,21.5,3.6,323,72,0.00
2024-03-11T23:00,21.3,4.6,321,68,0.00
2024-03-12T00:00,20.5,5.4,356,69,0.00
2024-03-12T01:00,19.7,6.6,351,70,0.00
2024-03-12T02:00,19.9,6.3,336,67,0.00
2024-03-12T03:00,20.4,5.0,360,65,0.00
2024-03-12T04:00,19.9,6.2,353,69,0.00
2024-03-12T05:00,20.2,5.5,349,68,0.00
2024-03-12T06:00,20.2,5.8,356,73,0.00
2024-03-12T07:00,23.3,4.5,14,59,0.00
2024-03-12T08:00,24.6,3.6,45,60,0.00
2024-03-12T09:00,25.5,5.2,78,62,0.00
2024-03-12T10:00,26.0,4.3,66,64,0.20
2024-03-12T11:00,26.8,9.7,48,64,0.00
2024-03-12T12:00,28.0,16.6,49,64,0.20
2024-03-12T13:00,28.8,14.3,47,64,0.70
2024-03-12T14:00,29.0,14.5,67,62,0.10
2024-03-12T15:00,26.1,14.8,56,73,0.50
2024-03-12T16:00,26.9,7.6,25,70,0.30
2024-03-12T17:00,24.0,10.2,18,87,1.40
2024-03-12T18:00,24.2,7.4,337,84,0.20
2024-03-12T19:00,23.9,6.2,339,84,0.00
2024-03-12T20:00,23.4,4.4,351,86,0.10
2024-03-12T21:00,23.5,7.2,323,84,0.10
2024-03-12T22:00,23.2,4.5,346,87,0.10
2024-03-12T23:00,23.0,3.6,354,90,0.40
2024-03-13T00:00,22.8,4.4,325,88,0.20
2024-03-13T01:00,22.1,4.2,329,88,0.00
2024-03-13T02:00,22.2,4.0,333,90,0.20
2024-03-13T03:00,21.6,3.8,319,88,0.10
2024-03-13T04:00,20.8,3.9,338,91,0.00
2024-03-13T05:00,20.5,3.1,324,90,0.00
2024-03-13T06:00,20.8,3.1,324,87,0.00
2024-03-13T07:00,23.1,4.1,345,82,0.00
2024-03-13T08:00,24.4,5.6,15,78,0.00
2024-03-13T09:00,25.0,10.0,41,80,0.10
2024-03-13T10:00,26.2,14.8,47,74,0.10
2024-03-13T11:00,27.8,17.8,48,63,0.20
2024-03-13T12:00,28.9,17.2,57,57,0.00
2024-03-13T13:00,28.9,19.7,66,57,0.00
2024-03-13T14:00,29.0,21.9,70,57,0.00
2024-03-13T15:00,28.4,22.3,69,57,0.00
2024-03-13T16:00,27.5,20.6,65,60,0.00
2024-03-13T17:00,26.5,17.7,66,63,0.00
2024-03-13T18:00,25.0,12.9,54,68,0.00
2024-03-13T19:00,24.2,9.2,48,73,0.00
2024-03-13T20:00,23.1,11.1,65,81,0.00
2024-03-13T21:00,22.6,5.1,45,82,0.00
2024-03-13T22:00,20.9,4.8,13,92,0.00
2024-03-13T23:00,20.6,4.8,333,91,0.00
2024-03-14T00:00,20.2,7.9,321,86,0.00
2024-03-14T01:00,19.5,5.1,321,75,0.00
2024-03-14T02:00,19.2,3.9,326,63,0.00
2024-03-14T03:00,18.5,5.6,345,64,0.00
2024-03-14T04:00,18.4,5.9,346,65,0.00
2024-03-14T05:00,18.5,5.9,346,67,0.00
2024-03-14T06:00,18.4,6.1,360,73,0.00
2024-03-14T07:00,22.0,7.2,6,66,0.00
2024-03-14T08:00,24.0,5.5,23,64,0.00
2024-03-14T09:00,25.9,11.7,47,65,0.00
2024-03-14T10:00,27.0,16.6,56,62,0.00
2024-03-14T11:00,28.3,18.4,55,57,0.00
2024-03-14T12:00,28.0,18.4,59,58,0.00
2024-03-14T13:00,28.4,17.2,57,57,0.00
2024-03-14T14:00,28.2,17.1,55,57,0.00
2024-03-14T15:00,28.1,17.7,51,57,0.00
2024-03-14T16:00,27.8,16.7,53,58,0.00
2024-03-14T17:00,26.6,12.9,54,62,0.00
2024-03-14T18:00,24.9,6.6,61,69,0.00
2024-03-14T19:00,23.6,5.6,50,76,0.00
2024-03-14T20:00,23.7,3.6,354,75,0.00
2024-03-14T21:00,22.7,3.1,306,79,0.00
2024-03-14T22:00,22.1,3.6,323,80,0.00
2024-03-14T23:00,21.5,4.9,324,82,0.00
2024-03-15T00:00,21.5,5.4,360,79,0.00
2024-03-15T01:00,21.0,5.5,349,78,0.00
2024-03-15T02:00,21.2,5.4,340,76,0.00
2024-03-15T03:00,21.0,5.0,330,77,0.00
2024-03-15T04:00,20.5,4.7,328,80,0.00
2024-03-15T05:00,21.0,4.7,328,78,0.00
2024-03-15T06:00,20.9,4.1,322,80,0.00
2024-03-15T07:00,23.5,7.3,349,74,0.00
2024-03-15T08:00,24.5,10.5,27,73,0.00
2024-03-15T09:00,25.0,10.7,40,74,0.10
2024-03-15T10:00,26.0,13.8,49,70,0.10
2024-03-15T11:00,27.1,16.5,54,66,0.10
2024-03-15T12:00,28.2,17.1,62,59,0.10
2024-03-15T13:00,28.6,20.6,61,56,0.00
2024-03-15T14:00,28.4,20.2,59,56,0.00
2024-03-15T15:00,27.9,18.2,60,58,0.00
2024-03-15T16:00,26.8,18.8,58,63,0.10
2024-03-15T17:00,25.8,14.4,53,66,0.00
2024-03-15T18:00,24.2,6.6,22,73,0.00
2024-03-15T19:00,23.3,4.6,342,77,0.00
2024-03-15T20:00,22.6,4.8,318,78,0.00
2024-03-15T21:00,22.8,5.9,322,73,0.00
2024-03-15T22:00,22.2,5.5,328,68,0.00
2024-03-15T23:00,21.5,5.3,332,64,0.00
2024-03-16T00:00,20.9,5.0,339,63,0.00
2024-03-16T01:00,20.6,4.8,333,63,0.00
2024-03-16T02:00,20.2,5.3,332,65,0.00
2024-03-16T03:00,19.7,5.4,340,68,0.00
2024-03-16T04:00,19.2,5.0,339,71,0.00
2024-03-16T05:00,19.1,5.2,335,70,0.00
2024-03-16T06:00,19.8,5.2,335,70,0.00
2024-03-16T07:00,22.6,5.8,360,64,0.00
2024-03-16T08:00,24.5,5.5,11,59,0.00
2024-03-16T09:00,26.1,7.3,9,54,0.00
2024-03-16T10:00,27.5,11.1,36,54,0.00
2024-03-16T11:00,29.2,14.0,46,49,0.00
2024-03-16T12:00,30.4,16.1,51,44,0.00
2024-03-16T13:00,30.9,17.1,55,43,0.00
2024-03-16T14:00,29.9,17.4,66,46,0.00
2024-03-16T15:00,28.9,18.8,61,52,0.00
2024-03-16T16:00,27.5,17.7,63,60,0.00
2024-03-16T17:00,25.9,15.0,66,68,0.00
2024-03-16T18:00,24.4,7.8,56,74,0.00
2024-03-16T19:00,23.5,5.6,27,79,0.00
2024-03-16T20:00,23.4,6.0,25,80,0.00
2024-03-16T21:00,23.0,4.7,4,81,0.00
2024-03-16T22:00,22.1,3.6,354,85,0.00
2024-03-16T23:00,21.5,3.4,342,86,0.00
2024-03-17T00:00,21.0,4.1,322,84,0.00
2024-03-17T01:00,20.4,4.1,315,82,0.00
2024-03-17T02:00,20.1,3.8,319,81,0.00
2024-03-17T03:00,19.9,3.6,323,81,0.00
2024-03-17T04:00,19.6,3.7,331,81,0.00
2024-03-17T05:00,19.0,5.4,340,83,0.00
2024-03-17T06:00,18.8,5.8,356,85,0.00
2024-03-17T07:00,22.0,5.0,21,74,0.00
2024-03-17T08:00,23.7,6.5,56,73,0.00
2024-03-17T09:00,25.9,11.3,59,66,0.00
2024-03-17T10:00,27.6,13.7,60,56,0.00
2024-03-17T11:00,29.1,15.6,61,49,0.00
2024-03-17T12:00,30.2,18.2,65,45,0.00
2024-03-17T13:00,31.2,18.8,64,40,0.00
2024-03-17T14:00,31.4,20.9,69,40,0.00
2024-03-17T15:00,30.6,21.8,74,43,0.00
2024-03-17T16:00,29.2,21.4,77,48,0.00
2024-03-17T17:00,27.5,20.1,81,55,0.00
2024-03-17T18:00,25.6,13.5,81,62,0.00
2024-03-17T19:00,24.5,8.7,60,67,0.00
2024-03-17T20:00,23.2,7.3,57,75,0.00
2024-03-17T21:00,22.4,4.2,31,81,0.00
2024-03-17T22:00,22.1,3.6,354,81,0.00
2024-03-17T23:00,21.8,4.0,355,82,0.00
2024-03-18T00:00,20.9,3.8,343,84,0.00
2024-03-18T01:00,19.9,3.4,328,86,0.00
2024-03-18T02:00,19.6,4.3,318,82,0.00
2024-03-18T03:00,19.4,4.1,322,78,0.00
2024-03-18T04:00,19.2,3.9,326,76,0.00
2024-03-18T05:00,19.0,3.2,333,75,0.00
2024-03-18T06:00,18.8,3.5,336,76,0.00
2024-03-18T07:00,21.5,4.3,24,69,0.00
2024-03-18T08:00,23.0,5.5,58,71,0.00
2024-03-18T09:00,24.9,7.2,87,68,0.00
2024-03-18T10:00,26.8,9.4,83,60,0.00
2024-03-18T11:00,28.4,12.8,80,54,0.00
2024-03-18T12:00,29.0,15.5,89,49,0.00
2024-03-18T13:00,30.0,15.3,105,44,0.00
2024-03-18T14:00,30.1,16.4,119,42,0.00
2024-03-18T15:00,29.8,16.3,104,43,0.00
2024-03-18T16:00,28.8,14.1,75,46,0.00
2024-03-18T17:00,27.0,14.3,49,55,0.00
2024-03-18T18:00,25.9,10.2,45,61,0.00
2024-03-18T19:00,25.0,11.1,61,65,0.00
2024-03-18T20:00,23.5,10.0,60,76,0.00
2024-03-18T21:00,23.2,6.8,58,78,0.00
2024-03-18T22:00,22.9,4.3,24,81,0.00
2024-03-18T23:00,22.6,4.4,9,83,0.00
2024-03-19T00:00,21.8,3.6,6,87,0.00
2024-03-19T01:00,20.8,4.0,360,92,0.00
2024-03-19T02:00,20.5,4.2,340,91,0.00
2024-03-19T03:00,20.4,4.0,333,89,0.00
2024-03-19T04:00,20.1,3.4,342,87,0.00
2024-03-19T05:00,19.9,3.7,349,87,0.00
2024-03-19T06:00,20.0,3.3,347,85,0.00
2024-03-19T07:00,22.2,4.2,31,79,0.00
2024-03-19T08:00,24.0,5.5,58,73,0.00
2024-03-19T09:00,25.5,6.6,68,66,0.00
2024-03-19T10:00,26.9,8.9,69,58,0.00
2024-03-19T11:00,28.2,8.6,75,52,0.00
2024-03-19T12:00,29.4,7.0,102,48,0.00
2024-03-19T13:00,30.0,4.9,107,46,0.00
2024-03-19T14:00,29.5,4.3,48,48,0.00
2024-03-19T15:00,28.4,9.5,335,55,0.30
2024-03-19T16:00,28.3,7.9,336,56,0.10
2024-03-19T17:00,27.7,8.2,38,57,0.20
2024-03-19T18:00,25.7,7.0,55,69,0.30
2024-03-19T19:00,24.8,5.3,62,74,0.00
2024-03-19T20:00,24.5,5.8,60,74,0.00
2024-03-19T21:00,23.6,4.4,351,80,0.60
2024-03-19T22:00,23.5,3.8,343,84,0.20
2024-03-19T23:00,22.8,3.2,27,92,0.00
2024-03-20T00:00,22.2,3.3,13,92,0.00
2024-03-20T01:00,21.1,4.3,355,95,0.00
2024-03-20T02:00,21.0,3.9,338,94,0.00
2024-03-20T03:00,20.5,3.4,328,92,0.00
2024-03-20T04:00,20.6,3.1,324,87,0.00
2024-03-20T05:00,20.4,4.2,329,84,0.00
2024-03-20T06:00,20.1,5.1,352,81,0.00
2024-03-20T07:00,22.9,3.7,29,72,0.00
2024-03-20T08:00,24.1,5.3,62,75,0.00
2024-03-20T09:00,26.0,8.0,72,70,0.00
2024-03-20T10:00,27.9,10.7,70,60,0.00
2024-03-20T11:00,29.3,13.0,76,52,0.00
2024-03-20T12:00,30.2,14.5,84,47,0.00
2024-03-20T13:00,31.4,13.0,96,42,0.00
2024-03-20T14:00,31.6,8.7,73,42,0.10
2024-03-20T15:00,31.3,8.9,43,43,0.20
2024-03-20T16:00,30.6,11.7,45,44,0.00
2024-03-20T17:00,28.5,16.2,77,52,0.10
2024-03-20T18:00,25.7,13.3,88,69,0.00
2024-03-20T19:00,24.6,10.8,86,77,0.00
2024-03-20T20:00,23.6,6.8,65,83,0.00
2024-03-20T21:00,23.4,4.4,35,84,0.00
2024-03-20T22:00,22.6,3.6,6,88,0.00
2024-03-20T23:00,21.9,4.8,333,91,0.00
2024-03-21T00:00,21.5,4.9,324,88,0.00
2024-03-21T01:00,21.3,4.3,318,83,0.00
2024-03-21T02:00,20.9,3.6,323,81,0.00
2024-03-21T03:00,20.5,3.2,333,82,0.00
2024-03-21T04:00,20.1,4.0,333,82,0.00
2024-03-21T05:00,19.9,4.3,336,80,0.00
2024-03-21T06:00,20.0,3.5,336,81,0.00
2024-03-21T07:00,22.8,5.0,21,73,0.00
2024-03-21T08:00,24.4,6.1,45,73,0.00
2024-03-21T09:00,26.5,7.5,55,65,0.00
2024-03-21T10:00,28.1,10.3,54,58,0.00
2024-03-21T11:00,29.4,14.0,64,54,0.10
2024-03-21T12:00,30.2,15.3,66,52,0.00
2024-03-21T13:00,30.4,14.2,74,53,0.10
2024-03-21T14:00,30.2,19.8,80,53,0.00
2024-03-21T15:00,27.5,16.6,60,61,0.80
2024-03-21T16:00,26.3,10.5,59,68,0.50
2024-03-21T17:00,26.1,11.5,76,68,0.20
2024-03-21T18:00,24.0,10.0,49,80,0.60
2024-03-21T19:00,23.4,6.8,65,83,0.30
2024-03-21T20:00,22.9,5.4,53,87,0.50
2024-03-21T21:00,23.1,4.9,17,87,0.20
2024-03-21T22:00,22.9,4.3,42,90,0.10
2024-03-21T23:00,22.5,3.9,22,92,0.10
2024-03-22T00:00,21.6,2.9,353,96,0.10
2024-03-22T01:00,21.7,3.2,360,95,0.00
2024-03-22T02:00,21.4,2.9,7,95,0.00
2024-03-22T03:00,20.7,4.0,5,95,0.00
2024-03-22T04:00,20.2,3.8,343,95,0.00
2024-03-22T05:00,20.5,2.8,320,93,0.00
2024-03-22T06:00,20.5,3.3,319,90,0.00
2024-03-22T07:00,22.5,5.4,356,85,0.00
2024-03-22T08:00,24.1,7.1,30,71,0.00
2024-03-22T09:00,25.6,9.7,31,61,0.00
2024-03-22T10:00,27.2,11.2,50,55,0.00
2024-03-22T11:00,28.5,13.7,63,49,0.00
2024-03-22T12:00,29.5,14.6,70,47,0.00
2024-03-22T13:00,30.8,13.1,53,42,0.00
2024-03-22T14:00,30.0,15.3,51,44,0.00
2024-03-22T15:00,29.0,15.7,74,47,0.00
2024-03-22T16:00,28.4,16.9,70,49,0.00
2024-03-22T17:00,27.6,11.7,72,49,0.00
2024-03-22T18:00,26.1,8.4,59,54,0.00
2024-03-22T19:00,24.7,9.4,40,62,0.00
2024-03-22T20:00,23.6,9.1,34,68,0.00
2024-03-22T21:00,23.2,9.8,36,71,0.00
2024-03-22T22:00,22.8,6.5,19,73,0.00
2024-03-22T23:00,22.5,4.3,360,75,0.00
2024-03-23T00:00,22.0,3.3,347,77,0.00
2024-03-23T01:00,21.0,4.5,346,81,0.00
2024-03-23T02:00,20.4,4.7,351,81,0.00
2024-03-23T03:00,20.1,4.7,351,78,0.00
2024-03-23T04:00,19.9,4.7,356,74,0.00
2024-03-23T05:00,19.5,5.2,348,68,0.00
2024-03-23T06:00,19.9,4.6,342,62,0.00
2024-03-23T07:00,23.4,6.5,3,51,0.00
2024-03-23T08:00,24.9,8.4,25,57,0.00
2024-03-23T09:00,26.5,12.0,49,58,0.00
2024-03-23T10:00,28.5,15.0,55,50,0.00
2024-03-23T11:00,29.4,15.1,65,47,0.00
2024-03-23T12:00,30.0,15.2,68,45,0.00
2024-03-23T13:00,29.4,16.5,74,48,0.00
2024-03-23T14:00,29.6,15.0,60,49,0.10
2024-03-23T15:00,29.4,17.9,52,49,0.10
2024-03-23T16:00,28.6,16.4,52,51,0.00
2024-03-23T17:00,27.2,15.9,57,56,0.00
2024-03-23T18:00,25.5,9.7,51,64,0.00
2024-03-23T19:00,24.3,8.4,47,70,0.00
2024-03-23T20:00,23.1,5.4,42,77,0.00
2024-03-23T21:00,22.7,3.4,342,80,0.00
2024-03-23T22:00,22.3,4.6,315,78,0.00
2024-03-23T23:00,21.8,3.9,326,73,0.00
2024-03-24T00:00,21.1,5.2,344,73,0.00
2024-03-24T01:00,20.9,5.6,345,72,0.00
2024-03-24T02:00,20.6,5.1,352,73,0.00
2024-03-24T03:00,20.5,4.7,360,74,0.00
2024-03-24T04:00,20.6,4.1,345,74,0.00
2024-03-24T05:00,20.7,4.4,351,75,0.00
2024-03-24T06:00,21.1,3.8,343,76,0.00
2024-03-24T07:00,24.0,6.2,10,68,0.00
2024-03-24T08:00,25.5,6.0,25,68,0.00
2024-03-24T09:00,25.7,9.0,29,67,0.00
2024-03-24T10:00,26.9,14.1,40,65,0.00
2024-03-24T11:00,28.3,15.8,45,62,0.20
2024-03-24T12:00,29.7,14.9,53,56,0.20
2024-03-24T13:00,29.8,21.8,56,54,0.40
2024-03-24T14:00,28.9,21.1,63,55,0.30
2024-03-24T15:00,28.5,21.4,57,57,0.20
2024-03-24T16:00,28.0,17.9,50,53,0.00
2024-03-24T17:00,27.1,14.2,36,53,0.00
2024-03-24T18:00,25.2,8.9,21,61,0.00
2024-03-24T19:00,23.9,5.5,23,69,0.00
2024-03-24T20:00,22.5,5.2,348,79,0.00
2024-03-24T21:00,23.4,4.7,328,76,0.00
2024-03-24T22:00,23.1,5.7,325,76,0.00
2024-03-24T23:00,22.9,6.6,319,76,0.00
2024-03-25T00:00,22.5,8.7,315,76,0.00
2024-03-25T01:00,22.1,5.6,315,76,0.00
2024-03-25T02:00,22.0,3.4,328,75,0.00
2024-03-25T03:00,21.5,3.4,328,77,0.00
2024-03-25T04:00,21.2,3.3,319,76,0.00
2024-03-25T05:00,22.2,2.9,330,74,0.00
2024-03-25T06:00,22.1,3.5,24,78,0.00
2024-03-25T07:00,24.0,5.4,4,70,0.00
2024-03-25T08:00,25.5,10.4,20,68,0.00
2024-03-25T09:00,27.1,11.3,27,64,0.00
2024-03-25T10:00,28.0,12.1,53,62,0.00
2024-03-25T11:00,29.0,13.8,57,58,0.10
2024-03-25T12:00,29.9,15.3,49,56,0.20
2024-03-25T13:00,30.0,15.1,57,55,0.40
2024-03-25T14:00,29.8,14.3,51,58,0.60
2024-03-25T15:00,30.0,14.8,61,60,0.20
2024-03-25T16:00,28.8,13.9,65,62,0.30
2024-03-25T17:00,27.4,10.5,68,68,0.00
2024-03-25T18:00,25.7,3.8,41,77,0.00
2024-03-25T19:00,24.9,3.1,21,81,0.00
2024-03-25T20:00,24.5,2.3,321,84,0.00
2024-03-25T21:00,24.7,6.4,313,81,0.00
2024-03-25T22:00,24.0,3.1,315,83,0.00
2024-03-25T23:00,23.7,2.4,333,83,0.00
2024-03-26T00:00,23.2,3.5,336,83,0.00
2024-03-26T01:00,22.9,3.7,331,81,0.00
2024-03-26T02:00,22.5,4.3,336,80,0.00
2024-03-26T03:00,22.1,4.7,328,80,0.00
2024-03-26T04:00,22.4,5.2,335,78,0.00
2024-03-26T05:00,22.7,4.3,360,74,0.00
2024-03-26T06:00,22.4,4.6,342,78,0.00
2024-03-26T07:00,25.2,4.4,9,66,0.00
2024-03-26T08:00,26.5,6.5,19,68,0.00
2024-03-26T09:00,27.2,7.5,17,69,0.10
2024-03-26T10:00,28.7,8.0,18,64,0.10
2024-03-26T11:00,29.7,10.5,27,60,0.10
2024-03-26T12:00,30.3,11.0,41,56,0.30
2024-03-26T13:00,30.7,10.6,55,57,0.30
2024-03-26T14:00,29.2,10.4,56,61,0.50
2024-03-26T15:00,27.8,7.5,325,70,0.70
2024-03-26T16:00,27.7,6.8,18,71,1.40
2024-03-26T17:00,26.5,7.9,321,74,0.90
2024-03-26T18:00,25.6,7.9,309,77,0.00
2024-03-26T19:00,24.5,2.8,310,84,0.00
2024-03-26T20:00,24.0,5.4,42,86,0.00
2024-03-26T21:00,24.3,4.6,321,84,0.00
2024-03-26T22:00,23.8,5.2,326,86,0.00
2024-03-26T23:00,23.3,4.9,324,84,0.00
2024-03-27T00:00,23.0,4.3,336,80,0.00
2024-03-27T01:00,22.0,5.9,346,81,0.00
2024-03-27T02:00,22.1,5.2,348,76,0.00
2024-03-27T03:00,22.0,5.8,353,75,0.00
2024-03-27T04:00,22.0,5.8,338,71,0.00
2024-03-27T05:00,21.6,5.8,353,70,0.00
2024-03-27T06:00,21.7,5.5,349,73,0.00
2024-03-27T07:00,25.0,5.1,4,58,0.00
2024-03-27T08:00,26.5,6.8,360,60,0.00
2024-03-27T09:00,28.0,5.8,360,57,0.00
2024-03-27T10:00,29.3,9.2,39,56,0.10
2024-03-27T11:00,30.2,12.9,60,54,0.10
2024-03-27T12:00,30.9,15.5,62,52,0.10
2024-03-27T13:00,30.8,16.3,55,52,0.10
2024-03-27T14:00,28.9,16.1,63,58,0.60
2024-03-27T15:00,28.5,16.4,52,62,0.70
2024-03-27T16:00,28.0,10.3,54,67,0.00
2024-03-27T17:00,27.5,10.4,46,66,0.00
2024-03-27T18:00,26.0,7.3,33,72,0.00
2024-03-27T19:00,24.6,3.6,6,80,0.00
2024-03-27T20:00,23.9,3.3,354,83,0.00
2024-03-27T21:00,24.5,2.9,7,81,0.00
2024-03-27T22:00,24.1,3.0,346,84,0.00
2024-03-27T23:00,23.7,3.4,328,86,0.00
2024-03-28T00:00,22.8,2.7,337,90,0.00
2024-03-28T01:00,22.3,3.4,328,88,0.00
2024-03-28T02:00,21.7,5.1,356,86,0.00
2024-03-28T03:00,21.5,5.9,346,83,0.00
2024-03-28T04:00,21.4,6.4,344,78,0.00
2024-03-28T05:00,21.2,6.6,338,77,0.00
2024-03-28T06:00,21.8,5.7,342,76,0.00
2024-03-28T07:00,24.9,6.6,9,65,0.00
2024-03-28T08:00,26.2,7.7,349,64,0.00
2024-03-28T09:00,27.6,10.5,38,63,0.10
2024-03-28T10:00,28.6,15.1,57,61,0.20
2024-03-28T11:00,28.1,12.5,41,65,1.20
2024-03-28T12:00,29.9,15.0,60,60,0.10
2024-03-28T13:00,30.0,15.0,55,58,1.00
2024-03-28T14:00,29.0,18.0,57,58,0.90
2024-03-28T15:00,27.4,12.0,39,68,1.20
2024-03-28T16:00,27.9,9.9,44,66,0.30
2024-03-28T17:00,26.9,10.8,64,68,0.20
2024-03-28T18:00,25.1,4.8,27,79,0.00
2024-03-28T19:00,24.4,4.3,360,84,0.00
2024-03-28T20:00,24.0,4.3,336,85,0.00
2024-03-28T21:00,24.4,7.0,325,80,0.00
2024-03-28T22:00,23.9,5.9,322,80,0.00
2024-03-28T23:00,23.5,5.5,328,80,0.00
2024-03-29T00:00,23.2,4.7,328,79,0.00
2024-03-29T01:00,22.5,5.8,353,81,0.00
2024-03-29T02:00,22.5,5.4,360,79,0.00
2024-03-29T03:00,22.1,6.0,343,79,0.00
2024-03-29T04:00,21.4,6.3,347,82,0.00
2024-03-29T05:00,21.0,6.2,350,83,0.00
2024-03-29T06:00,21.3,5.2,348,83,0.00
2024-03-29T07:00,24.4,4.1,15,69,0.00
2024-03-29T08:00,25.9,5.3,28,67,0.00
2024-03-29T09:00,27.2,7.0,55,66,0.00
2024-03-29T10:00,27.6,12.9,54,63,0.50
2024-03-29T11:00,26.9,10.7,42,70,0.80
2024-03-29T12:00,28.6,11.0,67,64,0.10
2024-03-29T13:00,26.9,15.9,57,67,0.10
2024-03-29T14:00,28.5,13.9,65,64,0.00
2024-03-29T15:00,28.2,17.9,65,60,0.40
2024-03-29T16:00,25.8,9.4,67,74,0.80
2024-03-29T17:00,24.5,7.4,23,82,3.30
2024-03-29T18:00,24.2,5.4,8,85,0.90
2024-03-29T19:00,23.9,5.9,52,84,0.70
2024-03-29T20:00,23.4,4.3,42,87,0.10
2024-03-29T21:00,23.1,3.9,22,90,0.10
2024-03-29T22:00,22.6,2.9,7,92,0.00
2024-03-29T23:00,22.2,3.1,339,94,0.00
2024-03-30T00:00,21.5,3.9,326,94,0.00
2024-03-30T01:00,20.9,3.6,323,92,0.00
2024-03-30T02:00,20.5,3.9,326,89,0.00
2024-03-30T03:00,19.8,5.0,339,87,0.00
2024-03-30T04:00,19.9,5.4,356,83,0.00
2024-03-30T05:00,19.4,6.1,357,84,0.00
2024-03-30T06:00,20.0,5.5,349,81,0.00
2024-03-30T07:00,23.2,4.8,13,67,0.00
2024-03-30T08:00,25.1,5.3,28,58,0.00
2024-03-30T09:00,26.4,5.3,28,58,0.00
2024-03-30T10:00,27.7,10.0,52,58,0.00
2024-03-30T11:00,28.9,10.7,50,55,0.00
2024-03-30T12:00,30.0,11.5,51,50,0.00
2024-03-30T13:00,30.6,12.6,59,46,0.00
2024-03-30T14:00,30.5,14.5,60,45,0.00
2024-03-30T15:00,30.3,11.3,37,47,0.00
2024-03-30T16:00,30.2,8.2,38,47,0.00
2024-03-30T17:00,28.0,14.8,76,59,0.00
2024-03-30T18:00,25.9,8.3,56,69,0.00
2024-03-30T19:00,24.6,5.8,30,76,0.00
2024-03-30T20:00,24.2,5.8,4,79,0.00
2024-03-30T21:00,24.3,5.6,345,78,0.00
2024-03-30T22:00,23.8,4.2,329,79,0.00
2024-03-30T23:00,22.9,2.8,320,81,0.00
2024-03-31T00:00,22.0,3.3,319,81,0.00
2024-03-31T01:00,21.6,5.0,330,79,0.00
2024-03-31T02:00,21.7,6.8,342,75,0.00
2024-03-31T03:00,22.2,6.2,353,70,0.00
2024-03-31T04:00,22.5,4.4,351,69,0.00
2024-03-31T05:00,22.1,4.0,333,73,0.00
2024-03-31T06:00,22.1,2.6,326,77,0.00
2024-03-31T07:00,24.4,5.7,342,75,0.00
2024-03-31T08:00,25.6,11.0,38,72,0.00
2024-03-31T09:00,26.4,11.3,31,72,0.10
2024-03-31T10:00,27.6,12.2,43,67,0.10
2024-03-31T11:00,29.3,12.6,53,59,0.10
2024-03-31T12:00,30.2,13.4,66,55,0.00
2024-03-31T13:00,30.7,14.2,63,53,0.00
2024-03-31T14:00,30.5,13.2,55,52,0.00
2024-03-31T15:00,30.2,13.9,59,52,0.00
2024-03-31T16:00,28.4,16.0,59,60,0.00
2024-03-31T17:00,27.4,12.8,52,63,0.00
2024-03-31T18:00,25.7,7.9,39,69,0.00
2024-03-31T19:00,24.5,7.3,33,74,0.00
2024-03-31T20:00,23.5,4.8,13,79,0.00
2024-03-31T21:00,23.2,3.1,339,81,0.00
2024-03-31T22:00,22.4,3.8,311,82,0.00
2024-03-31T23:00,21.4,4.3,312,80,0.00
2024-04-01T00:00,20.8,4.1,308,74,0.00
2024-04-01T01:00,20.5,3.3,319,67,0.00
2024-04-01T02:00,20.5,4.5,331,61,0.00
2024-04-01T03:00,20.2,6.2,353,58,0.00
2024-04-01T04:00,19.8,6.8,3,58,0.00
2024-04-01T05:00,19.8,6.9,9,58,0.00
2024-04-01T06:00,20.5,5.0,360,58,0.00
2024-04-01T07:00,23.2,6.6,13,50,0.00
2024-04-01T08:00,25.2,6.5,19,52,0.00
2024-04-01T09:00,26.9,8.2,38,52,0.00
2024-04-01T10:00,28.5,10.2,42,52,0.00
2024-04-01T11:00,30.5,11.0,58,45,0.00
2024-04-01T12:00,31.7,13.4,70,40,0.00
2024-04-01T13:00,32.2,14.9,70,39,0.00
2024-04-01T14:00,32.5,17.6,64,37,0.00
2024-04-01T15:00,30.6,19.0,63,45,0.00
2024-04-01T16:00,30.0,16.8,62,49,0.00
2024-04-01T17:00,28.4,15.4,57,53,0.00
2024-04-01T18:00,26.5,11.4,55,61,0.00
2024-04-01T19:00,25.0,7.0,35,68,0.00
2024-04-01T20:00,23.5,4.7,9,75,0.00
2024-04-01T21:00,23.2,4.7,4,75,0.00
2024-04-01T22:00,22.5,3.1,324,77,0.00
2024-04-01T23:00,21.8,4.5,346,78,0.00
2024-04-02T00:00,21.5,3.9,326,75,0.00
2024-04-02T01:00,21.0,5.2,348,74,0.00
2024-04-02T02:00,20.5,4.7,337,73,0.00
2024-04-02T03:00,20.2,4.5,331,73,0.00
2024-04-02T04:00,20.0,4.8,333,75,0.00
2024-04-02T05:00,19.9,5.9,349,76,0.00
2024-04-02T06:00,20.5,4.7,351,75,0.00
2024-04-02T07:00,24.0,4.4,9,64,0.00
2024-04-02T08:00,25.5,8.1,32,65,0.00
2024-04-02T09:00,26.5,10.5,49,64,0.30
2024-04-02T10:00,28.0,11.3,53,58,0.20
2024-04-02T11:00,29.3,12.4,54,52,0.10
2024-04-02T12:00,30.4,14.7,62,48,0.10
2024-04-02T13:00,30.8,15.6,61,47,0.10
2024-04-02T14:00,30.5,14.3,56,47,0.10
2024-04-02T15:00,30.1,16.1,56,48,0.00
2024-04-02T16:00,28.5,16.0,54,55,0.20
2024-04-02T17:00,27.0,13.8,62,61,0.10
2024-04-02T18:00,25.3,10.7,57,70,0.00
2024-04-02T19:00,24.7,11.0,52,73,0.00
2024-04-02T20:00,24.0,6.9,39,77,0.00
2024-04-02T21:00,23.8,4.7,32,80,0.00
2024-04-02T22:00,23.0,2.5,360,84,0.00
2024-04-02T23:00,22.3,3.8,319,86,0.00
2024-04-03T00:00,21.7,3.3,319,82,0.00
2024-04-03T01:00,21.3,3.2,333,78,0.00
2024-04-03T02:00,20.8,4.7,337,77,0.00
2024-04-03T03:00,20.8,4.6,342,73,0.00
2024-04-03T04:00,20.6,4.5,346,72,0.00
2024-04-03T05:00,20.6,4.0,333,71,0.00
2024-04-03T06:00,20.8,3.7,331,71,0.00
2024-04-03T07:00,24.0,5.9,14,61,0.00
2024-04-03T08:00,26.0,7.4,29,50,0.00
2024-04-03T09:00,27.7,9.2,48,51,0.00
2024-04-03T10:00,28.7,12.3,58,51,0.00
2024-04-03T11:00,29.8,12.8,58,46,0.00
2024-04-03T12:00,30.5,13.8,62,43,0.00
2024-04-03T13:00,31.0,14.5,60,41,0.00
2024-04-03T14:00,30.7,14.0,55,41,0.00
2024-04-03T15:00,30.8,11.3,63,41,0.00
2024-04-03T16:00,30.1,12.5,72,44,0.00
2024-04-03T17:00,28.9,10.9,63,48,0.00
2024-04-03T18:00,26.9,3.9,34,55,0.00
2024-04-03T19:00,26.0,4.7,23,59,0.00
2024-04-03T20:00,25.1,5.5,23,67,0.00
2024-04-03T21:00,24.8,5.8,338,69,0.00
2024-04-03T22:00,24.0,4.0,360,71,0.00
2024-04-03T23:00,23.1,4.7,360,76,0.00
2024-04-04T00:00,22.6,5.0,21,77,0.00
2024-04-04T01:00,22.1,4.0,27,83,0.00
2024-04-04T02:00,22.3,4.3,336,79,0.00
2024-04-04T03:00,21.9,4.1,322,73,0.00
2024-04-04T04:00,21.5,3.9,338,72,0.00
2024-04-04T05:00,21.4,3.9,338,68,0.00
2024-04-04T06:00,22.1,3.3,347,62,0.00
2024-04-04T07:00,25.0,6.6,351,59,0.00
2024-04-04T08:00,26.4,7.2,27,63,0.00
2024-04-04T09:00,27.0,10.3,54,62,0.00
2024-04-04T10:00,27.5,12.7,47,62,0.00
2024-04-04T11:00,28.8,11.2,48,58,0.00
2024-04-04T12:00,30.2,13.2,61,52,0.00
2024-04-04T13:00,31.4,15.6,64,48,0.00
2024-04-04T14:00,30.3,16.6,68,50,0.10
2024-04-04T15:00,30.5,15.3,66,49,0.00
2024-04-04T16:00,29.5,14.5,55,49,0.00
2024-04-04T17:00,28.6,12.8,52,50,0.00
2024-04-04T18:00,26.9,11.3,53,58,0.00
2024-04-04T19:00,25.1,8.6,33,71,0.00
2024-04-04T20:00,24.4,5.8,7,74,0.00
2024-04-04T21:00,24.2,4.1,345,75,0.00
2024-04-04T22:00,24.0,4.0,350,74,0.00
2024-04-04T23:00,23.4,3.7,349,76,0.00
2024-04-05T00:00,22.8,4.2,20,79,0.00
2024-04-05T01:00,22.5,3.6,360,79,0.00
2024-04-05T02:00,22.0,3.8,343,78,0.00
2024-04-05T03:00,21.8,4.4,351,75,0.00
2024-04-05T04:00,21.5,4.8,347,73,0.00
2024-04-05T05:00,21.2,4.8,347,72,0.00
2024-04-05T06:00,22.2,3.8,343,69,0.00
2024-04-05T07:00,24.8,5.8,4,66,0.00
2024-04-05T08:00,26.1,10.6,28,65,0.00
2024-04-05T09:00,27.1,12.2,43,66,0.20
2024-04-05T10:00,29.0,15.1,65,58,0.00
2024-04-05T11:00,29.6,16.3,68,54,0.20
2024-04-05T12:00,30.5,15.6,67,52,0.20
2024-04-05T13:00,31.0,17.0,69,51,0.20
2024-04-05T14:00,30.5,18.3,68,52,0.00
2024-04-05T15:00,30.0,17.1,62,54,0.00
2024-04-05T16:00,28.6,16.1,63,58,0.00
2024-04-05T17:00,27.3,14.9,58,64,0.00
2024-04-05T18:00,26.1,10.8,53,69,0.00
2024-04-05T19:00,25.1,6.6,41,74,0.00
2024-04-05T20:00,24.3,3.3,13,78,0.00
2024-04-05T21:00,24.5,4.3,355,77,0.00
2024-04-05T22:00,24.2,3.3,354,78,0.00
2024-04-05T23:00,23.5,4.0,355,80,0.00
2024-04-06T00:00,23.1,3.8,17,81,0.00
2024-04-06T01:00,22.8,3.6,354,81,0.00
2024-04-06T02:00,22.4,4.5,331,77,0.00
2024-04-06T03:00,23.1,4.4,325,69,0.00
2024-04-06T04:00,23.6,5.4,323,68,0.00
2024-04-06T05:00,23.6,6.0,327,72,0.00
2024-04-06T06:00,23.9,4.7,328,74,0.00
2024-04-06T07:00,25.5,5.9,14,72,0.00
2024-04-06T08:00,25.5,10.0,38,73,0.30
2024-04-06T09:00,26.8,11.8,50,70,0.70
2024-04-06T10:00,25.2,8.9,43,80,12.20
2024-04-06T11:00,25.0,8.1,32,80,4.30
2024-04-06T12:00,26.0,10.7,48,78,11.30
2024-04-06T13:00,25.5,9.2,48,77,23.80
2024-04-06T14:00,26.0,13.4,31,78,1.30
2024-04-06T15:00,26.0,12.8,38,77,0.10
2024-04-06T16:00,26.0,12.2,43,74,0.20
2024-04-06T17:00,25.8,10.0,52,73,0.00
2024-04-06T18:00,24.8,8.2,52,75,0.00
2024-04-06T19:00,23.9,4.8,27,81,0.00
2024-04-06T20:00,23.2,4.3,318,84,0.00
2024-04-06T21:00,23.4,3.6,315,82,0.00
2024-04-06T22:00,22.5,3.1,324,82,0.00
2024-04-06T23:00,21.8,5.0,339,84,0.00
2024-04-07T00:00,22.0,3.9,326,80,0.00
2024-04-07T01:00,22.4,5.2,335,77,0.00
2024-04-07T02:00,21.8,4.7,337,81,0.00
2024-04-07T03:00,20.4,6.9,354,86,0.00
2024-04-07T04:00,20.1,5.6,333,86,0.00
2024-04-07T05:00,20.2,4.9,324,82,0.00
2024-04-07T06:00,21.1,5.6,315,73,0.00
2024-04-07T07:00,24.1,8.9,339,59,0.00
2024-04-07T08:00,25.4,10.1,358,58,0.00
2024-04-07T09:00,27.0,13.4,27,57,0.00
2024-04-07T10:00,28.9,15.3,47,50,0.00
2024-04-07T11:00,29.9,16.8,62,48,0.00
2024-04-07T12:00,30.1,17.1,68,48,0.00
2024-04-07T13:00,30.7,17.2,64,45,0.00
2024-04-07T14:00,31.3,16.7,65,44,0.00
2024-04-07T15:00,30.0,14.5,63,49,0.00
2024-04-07T16:00,28.8,13.4,63,55,0.00
2024-04-07T17:00,27.6,11.4,55,61,0.00
2024-04-07T18:00,25.2,4.7,32,70,0.00
2024-04-07T19:00,23.8,4.9,17,76,0.00
2024-04-07T20:00,22.7,4.1,345,81,0.00
2024-04-07T21:00,22.8,4.3,336,76,0.00
2024-04-07T22:00,21.9,4.2,340,77,0.00
2024-04-07T23:00,21.3,4.9,343,74,0.00
2024-04-08T00:00,20.2,6.0,343,72,0.00
2024-04-08T01:00,19.6,6.0,343,69,0.00
2024-04-08T02:00,19.0,6.7,344,64,0.00
2024-04-08T03:00,18.6,7.1,345,59,0.00
2024-04-08T04:00,18.4,7.5,343,52,0.00
2024-04-08T05:00,18.0,8.2,345,44,0.00
2024-04-08T06:00,19.5,7.6,355,45,0.00
2024-04-08T07:00,23.9,6.2,10,32,0.00
2024-04-08T08:00,26.3,5.7,18,32,0.00
2024-04-08T09:00,28.2,8.7,5,33,0.00
2024-04-08T10:00,29.6,10.3,25,38,0.00
2024-04-08T11:00,31.0,12.1,53,44,0.00
2024-04-08T12:00,31.2,11.6,60,45,0.00
2024-04-08T13:00,30.1,7.6,65,50,0.10
2024-04-08T14:00,30.5,17.3,67,49,0.60
2024-04-08T15:00,26.5,18.5,77,73,0.70
2024-04-08T16:00,25.5,5.3,28,80,0.40
2024-04-08T17:00,26.3,5.9,14,74,0.00
2024-04-08T18:00,25.5,5.2,16,78,0.20
2024-04-08T19:00,24.2,3.2,360,86,0.00
2024-04-08T20:00,23.9,3.3,13,88,0.00
2024-04-08T21:00,23.9,4.8,347,89,0.00
2024-04-08T22:00,23.3,4.8,333,90,0.00
2024-04-08T23:00,22.8,5.1,321,89,0.00
2024-04-09T00:00,22.1,5.4,318,85,0.00
2024-04-09T01:00,21.5,5.4,323,78,0.00
2024-04-09T02:00,20.9,5.2,335,72,0.00
2024-04-09T03:00,20.4,6.9,354,67,0.00
2024-04-09T04:00,19.8,6.9,351,64,0.00
2024-04-09T05:00,19.5,5.9,346,61,0.00
2024-04-09T06:00,20.4,5.9,349,60,0.00
2024-04-09T07:00,24.1,5.6,15,47,0.00
2024-04-09T08:00,25.9,7.6,5,54,0.00
2024-04-09T09:00,27.4,8.9,21,56,0.00
2024-04-09T10:00,29.1,9.9,46,52,0.00
2024-04-09T11:00,30.9,12.6,66,45,0.00
2024-04-09T12:00,30.8,12.9,72,45,0.10
2024-04-09T13:00,31.3,11.9,61,44,0.10
2024-04-09T14:00,31.6,12.4,60,42,0.00
2024-04-09T15:00,31.0,13.9,65,44,0.00
2024-04-09T16:00,30.1,15.5,72,47,0.00
2024-04-09T17:00,28.5,16.6,72,56,0.00
2024-04-09T18:00,26.5,12.1,73,65,0.00
2024-04-09T19:00,25.1,5.4,53,73,0.00
2024-04-09T20:00,24.5,5.4,360,77,0.00
2024-04-09T21:00,24.6,4.7,356,77,0.00
2024-04-09T22:00,24.2,4.2,340,80,0.00
2024-04-09T23:00,23.4,3.6,315,83,0.00
2024-04-10T00:00,23.2,3.1,315,80,0.00
2024-04-10T01:00,22.8,3.3,311,79,0.00
2024-04-10T02:00,22.9,3.8,311,76,0.00
2024-04-10T03:00,22.5,3.8,319,76,0.00
2024-04-10T04:00,22.2,3.5,336,77,0.00
2024-04-10T05:00,22.2,4.5,346,79,0.10
2024-04-10T06:00,22.2,6.7,344,78,0.00
2024-04-10T07:00,24.1,6.8,18,74,0.20
2024-04-10T08:00,25.5,6.6,22,69,0.20
2024-04-10T09:00,24.4,6.0,17,77,0.20
2024-04-10T10:00,27.1,8.5,36,64,0.00
2024-04-10T11:00,29.0,14.1,52,58,0.40
2024-04-10T12:00,29.5,14.3,49,57,0.70
2024-04-10T13:00,30.9,15.6,64,49,0.10
2024-04-10T14:00,31.0,18.2,72,47,0.10
2024-04-10T15:00,28.8,19.3,57,57,0.30
2024-04-10T16:00,28.0,17.9,56,60,0.40
2024-04-10T17:00,27.2,16.5,58,63,0.00
2024-04-10T18:00,25.0,10.9,63,75,0.00
2024-04-10T19:00,24.2,7.7,41,79,0.00
2024-04-10T20:00,23.8,6.3,31,82,0.00
2024-04-10T21:00,23.9,7.4,39,81,0.00
2024-04-10T22:00,23.6,6.0,25,83,0.10
2024-04-10T23:00,22.9,3.6,37,87,0.10
2024-04-11T00:00,22.1,3.9,56,92,0.10
2024-04-11T01:00,21.4,2.6,16,96,0.00
2024-04-11T02:00,21.1,3.5,336,96,0.00
2024-04-11T03:00,21.0,5.5,337,94,0.00
2024-04-11T04:00,21.0,5.2,344,89,0.00
2024-04-11T05:00,20.1,3.5,336,90,0.00
2024-04-11T06:00,20.4,4.0,333,82,0.00
2024-04-11T07:00,23.5,5.2,12,59,0.00
2024-04-11T08:00,25.9,6.4,16,48,0.00
2024-04-11T09:00,27.1,8.1,32,53,0.00
2024-04-11T10:00,28.7,9.7,59,50,0.00
2024-04-11T11:00,30.1,11.0,71,44,0.00
2024-04-11T12:00,31.4,12.4,80,40,0.00
2024-04-11T13:00,32.1,10.9,84,37,0.00
2024-04-11T14:00,32.2,11.3,73,37,0.00
2024-04-11T15:00,30.8,13.0,66,45,0.00
2024-04-11T16:00,30.0,12.1,80,49,0.00
2024-04-11T17:00,28.5,11.5,70,55,0.00
2024-04-11T18:00,26.8,7.6,59,64,0.00
2024-04-11T19:00,25.5,5.2,25,70,0.00
2024-04-11T20:00,25.0,6.6,13,73,0.00
2024-04-11T21:00,24.8,5.2,348,75,0.00
2024-04-11T22:00,24.1,4.3,336,77,0.00
2024-04-11T23:00,23.5,4.6,321,79,0.00
2024-04-12T00:00,22.9,4.8,318,78,0.00
2024-04-12T01:00,22.2,5.1,321,79,0.00
2024-04-12T02:00,21.5,5.9,317,80,0.00
2024-04-12T03:00,21.2,5.9,313,78,0.00
2024-04-12T04:00,21.1,5.4,312,76,0.00
2024-04-12T05:00,21.1,4.1,315,75,0.00
2024-04-12T06:00,21.6,3.1,324,72,0.00
2024-04-12T07:00,24.5,3.8,41,62,0.00
2024-04-12T08:00,26.4,5.1,45,57,0.00
2024-04-12T09:00,27.9,7.9,51,55,0.00
2024-04-12T10:00,29.6,11.4,55,51,0.00
2024-04-12T11:00,30.8,10.2,51,45,0.00
2024-04-12T12:00,31.8,11.0,67,41,0.00
2024-04-12T13:00,30.8,11.5,76,45,0.20
2024-04-12T14:00,31.0,11.1,65,46,0.20
2024-04-12T15:00,30.7,12.9,67,45,0.00
2024-04-12T16:00,29.6,14.7,79,52,0.00
2024-04-12T17:00,28.2,14.8,72,59,0.00
2024-04-12T18:00,26.7,12.1,63,63,0.00
2024-04-12T19:00,25.8,10.0,49,68,0.00
2024-04-12T20:00,24.8,8.0,36,75,0.00
2024-04-12T21:00,24.5,7.4,29,78,0.00
2024-04-12T22:00,23.8,5.8,22,83,0.00
2024-04-12T23:00,23.1,4.0,5,86,0.00
2024-04-13T00:00,22.6,3.0,346,89,0.00
2024-04-13T01:00,22.1,3.1,339,91,0.00
2024-04-13T02:00,21.5,3.2,333,94,0.00
2024-04-13T03:00,21.5,3.3,319,93,0.00
2024-04-13T04:00,21.5,4.3,318,88,0.00
2024-04-13T05:00,21.2,3.4,328,85,0.00
2024-04-13T06:00,21.6,4.2,340,81,0.00
2024-04-13T07:00,24.1,4.7,23,67,0.00
2024-04-13T08:00,26.1,6.5,34,59,0.00
2024-04-13T09:00,27.6,9.7,48,59,0.00
2024-04-13T10:00,28.4,12.5,57,57,0.20
2024-04-13T11:00,29.6,12.3,50,53,0.20
2024-04-13T12:00,30.8,12.9,60,47,0.10
2024-04-13T13:00,31.5,12.9,60,44,0.10
2024-04-13T14:00,31.7,13.8,62,43,0.10
2024-04-13T15:00,31.4,14.8,64,43,0.10
2024-04-13T16:00,29.9,15.4,74,51,0.00
2024-04-13T17:00,28.7,14.7,73,56,0.00
2024-04-13T18:00,26.9,13.4,70,64,0.00
2024-04-13T19:00,25.5,12.1,63,73,0.10
2024-04-13T20:00,24.7,7.9,39,79,0.00
2024-04-13T21:00,24.6,6.3,13,78,0.00
2024-04-13T22:00,24.1,5.2,16,81,0.00
2024-04-13T23:00,23.7,5.8,353,83,0.00
2024-04-14T00:00,23.6,6.5,341,79,0.00
2024-04-14T01:00,22.8,4.0,333,80,0.00
2024-04-14T02:00,22.1,3.2,333,79,0.00
2024-04-14T03:00,21.8,4.0,333,78,0.00
2024-04-14T04:00,21.3,4.5,346,77,0.00
2024-04-14T05:00,20.9,5.8,360,77,0.00
2024-04-14T06:00,21.6,4.7,356,74,0.00
2024-04-14T07:00,24.9,4.9,17,56,0.00
2024-04-14T08:00,26.8,6.8,25,54,0.00
2024-04-14T09:00,28.5,10.4,44,54,0.00
2024-04-14T10:00,29.6,13.6,58,51,0.00
2024-04-14T11:00,30.0,13.7,67,50,0.10
2024-04-14T12:00,30.9,12.0,57,47,0.00
2024-04-14T13:00,31.5,12.6,59,44,0.00
2024-04-14T14:00,31.6,12.6,59,43,0.00
2024-04-14T15:00,31.1,13.4,63,45,0.10
2024-04-14T16:00,29.8,12.6,59,48,0.10
2024-04-14T17:00,28.1,11.4,55,57,0.20
2024-04-14T18:00,26.7,8.3,34,66,0.00
2024-04-14T19:00,25.8,6.6,13,71,0.00
2024-04-14T20:00,24.8,4.8,13,77,0.00
2024-04-14T21:00,25.0,5.9,346,76,0.00
2024-04-14T22:00,24.1,3.9,326,76,0.00
2024-04-14T23:00,23.5,3.3,347,75,0.00
2024-04-15T00:00,22.6,5.8,356,76,0.00
2024-04-15T01:00,22.1,6.2,353,74,0.00
2024-04-15T02:00,21.9,5.8,338,68,0.00
2024-04-15T03:00,22.0,5.1,352,64,0.00
2024-04-15T04:00,21.6,5.4,360,64,0.00
2024-04-15T05:00,21.6,5.2,348,63,0.00
2024-04-15T06:00,22.9,3.9,338,60,0.00
2024-04-15T07:00,25.6,5.7,18,56,0.00
2024-04-15T08:00,27.1,8.2,38,60,0.00
2024-04-15T09:00,29.2,10.5,38,56,0.00
2024-04-15T10:00,30.0,13.7,55,55,0.20
2024-04-15T11:00,28.8,16.1,61,63,0.90
2024-04-15T12:00,31.2,14.0,64,55,0.10
2024-04-15T13:00,31.8,13.8,62,51,0.10
2024-04-15T14:00,31.7,12.9,63,51,0.00
2024-04-15T15:00,28.2,15.4,37,61,0.40
2024-04-15T16:00,28.1,8.7,38,65,0.30
2024-04-15T17:00,27.5,9.3,16,67,0.50
2024-04-15T18:00,26.1,9.2,45,74,0.00
2024-04-15T19:00,25.4,7.3,33,78,0.00
2024-04-15T20:00,25.0,3.8,17,80,0.00
2024-04-15T21:00,24.9,3.7,29,83,0.00
2024-04-15T22:00,24.1,3.1,21,89,0.00
2024-04-15T23:00,23.0,3.7,11,95,0.00
2024-04-16T00:00,22.9,3.0,346,95,0.00
2024-04-16T01:00,22.1,3.1,339,95,0.00
2024-04-16T02:00,21.6,3.2,333,91,0.00
2024-04-16T03:00,20.9,4.5,331,89,0.00
2024-04-16T04:00,20.8,4.9,343,85,0.00
2024-04-16T05:00,20.6,5.2,348,82,0.00
2024-04-16T06:00,21.2,4.3,355,78,0.00
2024-04-16T07:00,24.1,6.2,353,64,0.00
2024-04-16T08:00,26.2,5.8,4,57,0.00
2024-04-16T09:00,28.2,9.3,54,57,0.00
2024-04-16T10:00,29.9,10.8,53,51,0.00
2024-04-16T11:00,31.4,12.8,68,45,0.00
2024-04-16T12:00,31.6,13.1,69,44,0.00
2024-04-16T13:00,32.3,14.7,73,41,0.00
2024-04-16T14:00,31.6,17.2,80,43,0.00
2024-04-16T15:00,31.0,16.0,81,48,0.00
2024-04-16T16:00,29.1,17.7,78,57,0.00
2024-04-16T17:00,27.5,13.8,62,66,0.00
2024-04-16T18:00,26.0,7.9,30,72,0.00
2024-04-16T19:00,25.0,8.2,38,78,0.00
2024-04-16T20:00,24.5,7.7,28,82,0.00
2024-04-16T21:00,24.6,6.0,335,80,0.10
2024-04-16T22:00,24.7,4.5,346,79,0.00
2024-04-16T23:00,24.4,4.2,340,81,0.00
2024-04-17T00:00,23.7,2.6,344,84,0.00
2024-04-17T01:00,22.9,2.9,353,88,0.00
2024-04-17T02:00,22.3,3.1,339,88,0.00
2024-04-17T03:00,22.0,3.2,333,86,0.00
2024-04-17T04:00,21.9,4.2,340,85,0.00
2024-04-17T05:00,21.6,5.1,356,84,0.00
2024-04-17T06:00,22.6,3.6,360,79,0.00
2024-04-17T07:00,24.9,5.9,14,70,0.00
2024-04-17T08:00,26.5,6.4,27,64,0.00
2024-04-17T09:00,28.5,9.4,58,59,0.00
2024-04-17T10:00,30.4,12.8,68,49,0.00
2024-04-17T11:00,31.7,14.5,71,42,0.00
2024-04-17T12:00,32.5,14.9,70,39,0.00
2024-04-17T13:00,33.0,16.6,68,35,0.00
2024-04-17T14:00,32.7,17.7,66,33,0.00
2024-04-17T15:00,31.9,16.9,74,38,0.00
2024-04-17T16:00,31.0,15.1,78,43,0.00
2024-04-17T17:00,30.0,14.9,82,46,0.00
2024-04-17T18:00,28.0,12.9,72,55,0.00
2024-04-17T19:00,26.5,9.7,59,66,0.00
2024-04-17T20:00,25.5,7.9,39,73,0.00
2024-04-17T21:00,25.0,6.7,36,75,0.00
2024-04-17T22:00,24.2,4.2,20,80,0.00
2024-04-17T23:00,23.6,3.2,360,84,0.00
2024-04-18T00:00,23.2,4.4,351,85,0.00
2024-04-18T01:00,22.3,4.5,331,87,0.00
2024-04-18T02:00,21.5,4.6,321,89,0.00
2024-04-18T03:00,21.0,4.1,322,88,0.00
2024-04-18T04:00,21.0,4.6,315,84,0.00
2024-04-18T05:00,21.0,4.3,318,82,0.00
2024-04-18T06:00,21.8,5.1,321,78,0.00
2024-04-18T07:00,24.0,3.9,56,75,0.00
2024-04-18T08:00,25.9,6.3,77,68,0.00
2024-04-18T09:00,27.7,6.8,65,59,0.00
2024-04-18T10:00,29.9,9.0,67,49,0.00
2024-04-18T11:00,31.5,11.6,68,42,0.00
2024-04-18T12:00,32.5,15.5,78,38,0.00
2024-04-18T13:00,33.1,15.0,80,36,0.00
2024-04-18T14:00,33.2,15.5,85,36,0.00
2024-04-18T15:00,32.9,15.5,86,37,0.00
2024-04-18T16:00,32.5,16.6,88,39,0.00
2024-04-18T17:00,30.9,18.8,93,45,0.00
2024-04-18T18:00,28.5,14.6,81,56,0.00
2024-04-18T19:00,27.2,10.4,70,61,0.00
2024-04-18T20:00,26.0,6.2,80,70,0.00
2024-04-18T21:00,25.0,6.1,40,79,0.00
2024-04-18T22:00,24.8,5.2,12,81,0.10
2024-04-18T23:00,24.6,5.8,7,81,0.10
2024-04-19T00:00,24.2,5.0,30,83,0.00
2024-04-19T01:00,23.8,4.7,23,85,0.00
2024-04-19T02:00,23.0,4.0,5,90,0.00
2024-04-19T03:00,22.5,3.6,354,93,0.00
2024-04-19T04:00,22.1,3.8,343,93,0.00
2024-04-19T05:00,21.7,4.1,322,92,0.00
2024-04-19T06:00,21.8,4.3,312,87,0.00
2024-04-19T07:00,24.4,4.7,23,75,0.00
2024-04-19T08:00,26.5,6.3,66,64,0.00
2024-04-19T09:00,28.0,7.5,55,59,0.00
2024-04-19T10:00,29.2,12.5,57,55,0.20
2024-04-19T11:00,30.4,13.2,55,51,0.30
2024-04-19T12:00,31.0,14.5,63,48,0.40
2024-04-19T13:00,32.2,15.5,72,45,0.10
2024-04-19T14:00,32.0,16.2,73,43,0.00
2024-04-19T15:00,31.8,16.6,72,43,0.00
2024-04-19T16:00,31.0,17.2,74,45,0.00
2024-04-19T17:00,29.4,18.4,79,52,0.00
2024-04-19T18:00,27.1,15.0,73,61,0.00
2024-04-19T19:00,25.5,14.2,60,74,0.00
2024-04-19T20:00,24.5,13.0,51,79,0.10
2024-04-19T21:00,24.1,8.8,35,82,0.10
2024-04-19T22:00,23.5,5.6,27,84,0.00
2024-04-19T23:00,23.0,6.6,13,85,0.00
2024-04-20T00:00,22.0,3.5,336,90,0.00
2024-04-20T01:00,21.3,2.8,320,87,0.00
2024-04-20T02:00,20.8,3.7,331,83,0.00
2024-04-20T03:00,20.4,4.9,343,79,0.00
2024-04-20T04:00,20.0,5.8,356,76,0.00
2024-04-20T05:00,20.0,6.2,353,69,0.00
2024-04-20T06:00,21.5,4.0,355,59,0.00
2024-04-20T07:00,24.3,6.1,3,53,0.00
2024-04-20T08:00,26.1,6.5,19,58,0.00
2024-04-20T09:00,28.5,10.2,42,50,0.00
2024-04-20T10:00,30.0,12.2,56,46,0.00
2024-04-20T11:00,32.3,13.2,64,37,0.00
2024-04-20T12:00,34.2,16.3,72,32,0.00
2024-04-20T13:00,32.0,18.8,78,43,0.20
2024-04-20T14:00,31.0,15.1,62,48,1.10
2024-04-20T15:00,30.5,17.3,67,50,0.30
2024-04-20T16:00,29.5,18.3,58,54,0.20
2024-04-20T17:00,28.0,18.1,55,59,0.10
2024-04-20T18:00,26.5,15.1,52,63,0.00
2024-04-20T19:00,25.5,10.9,44,68,0.00
2024-04-20T20:00,24.6,4.7,9,73,0.00
2024-04-20T21:00,24.4,4.4,351,72,0.00
2024-04-20T22:00,24.2,4.0,333,69,0.00
2024-04-20T23:00,24.0,4.0,333,63,0.00
2024-04-21T00:00,23.8,5.4,356,59,0.00
2024-04-21T01:00,23.5,5.8,7,59,0.00
2024-04-21T02:00,23.1,5.6,15,63,0.00
2024-04-21T03:00,23.4,4.3,336,63,0.00
2024-04-21T04:00,23.7,4.0,333,62,0.00
2024-04-21T05:00,23.1,4.3,360,68,0.00
2024-04-21T06:00,24.1,3.7,349,64,0.00
2024-04-21T07:00,26.0,7.0,12,65,0.00
2024-04-21T08:00,27.5,12.6,37,63,0.00
2024-04-21T09:00,26.5,11.6,16,72,3.00
2024-04-21T10:00,26.0,8.8,12,75,1.20
2024-04-21T11:00,26.8,12.5,39,74,4.20
2024-04-21T12:00,27.0,11.7,34,74,12.10
2024-04-21T13:00,27.6,11.3,31,74,5.80
2024-04-21T14:00,27.0,9.8,36,73,2.20
2024-04-21T15:00,26.5,11.5,44,76,0.30
2024-04-21T16:00,26.0,8.4,43,80,0.40
2024-04-21T17:00,25.8,6.9,28,80,0.10
2024-04-21T18:00,24.8,4.0,350,86,0.10
2024-04-21T19:00,24.3,3.6,360,88,0.00
2024-04-21T20:00,23.7,4.0,360,91,0.00
2024-04-21T21:00,24.1,3.3,347,86,0.00
2024-04-21T22:00,24.0,5.1,321,86,0.10
2024-04-21T23:00,23.7,4.6,315,86,0.00
2024-04-22T00:00,23.5,4.6,315,86,0.00
2024-04-22T01:00,23.1,5.9,313,86,0.00
2024-04-22T02:00,23.0,4.8,318,85,0.00
2024-04-22T03:00,22.8,3.1,324,84,0.00
2024-04-22T04:00,22.2,4.5,346,84,0.00
2024-04-22T05:00,21.9,5.6,345,83,0.00
2024-04-22T06:00,23.2,4.1,345,79,0.00
2024-04-22T07:00,25.6,5.4,360,68,0.00
2024-04-22T08:00,27.0,7.2,354,63,0.00
2024-04-22T09:00,28.5,8.8,9,58,0.00
2024-04-22T10:00,29.5,10.5,38,59,0.00
2024-04-22T11:00,30.5,12.5,51,55,0.80
2024-04-22T12:00,31.2,15.0,60,54,0.20
2024-04-22T13:00,31.6,13.7,55,52,0.00
2024-04-22T14:00,30.6,14.3,51,55,0.40
2024-04-22T15:00,29.1,13.4,27,64,0.70
2024-04-22T16:00,28.9,11.5,32,65,0.00
2024-04-22T17:00,27.6,7.9,43,69,0.10
2024-04-22T18:00,26.0,4.3,24,78,0.00
2024-04-22T19:00,25.4,5.0,21,81,0.10
2024-04-22T20:00,25.1,5.0,339,82,0.00
2024-04-22T21:00,25.5,3.3,347,81,0.00
2024-04-22T22:00,24.8,4.4,325,83,0.10
2024-04-22T23:00,24.4,4.5,331,84,0.10
2024-04-23T00:00,24.2,5.9,317,84,0.50
2024-04-23T01:00,23.7,3.8,319,85,0.00
2024-04-23T02:00,23.7,3.7,349,85,0.10
2024-04-23T03:00,23.3,3.8,343,86,0.00
2024-04-23T04:00,22.9,4.1,345,85,0.00
2024-04-23T05:00,23.0,5.2,326,81,0.00
2024-04-23T06:00,23.8,6.5,326,77,0.00
2024-04-23T07:00,25.5,8.6,358,71,0.00
2024-04-23T08:00,26.5,10.5,356,68,0.00
2024-04-23T09:00,27.6,9.9,33,67,0.10
2024-04-23T10:00,28.9,13.0,48,62,0.00
2024-04-23T11:00,30.1,13.9,53,57,0.00
2024-04-23T12:00,31.6,17.0,73,52,0.00
2024-04-23T13:00,31.7,18.3,70,51,0.00
2024-04-23T14:00,30.8,14.7,65,52,0.00
2024-04-23T15:00,29.5,17.4,63,55,0.20
2024-04-23T16:00,28.0,8.4,70,63,0.50
2024-04-23T17:00,27.4,12.9,63,64,0.10
2024-04-23T18:00,25.5,6.5,6,76,0.10
2024-04-23T19:00,25.5,6.9,9,76,0.00
2024-04-23T20:00,24.8,5.7,342,79,0.00
2024-04-23T21:00,25.0,4.8,333,77,0.00
2024-04-23T22:00,24.6,3.9,326,75,0.00
2024-04-23T23:00,24.5,3.7,331,75,0.00
2024-04-24T00:00,24.0,5.2,344,78,0.00
2024-04-24T01:00,24.1,4.6,342,76,0.00
2024-04-24T02:00,24.1,4.8,347,77,0.00
2024-04-24T03:00,24.0,4.5,346,78,0.00
2024-04-24T04:00,23.5,4.7,328,78,0.00
2024-04-24T05:00,23.8,4.6,342,76,0.00
2024-04-24T06:00,24.3,5.5,337,74,0.00
2024-04-24T07:00,25.9,8.9,21,73,0.00
2024-04-24T08:00,26.6,9.5,37,72,0.00
2024-04-24T09:00,27.8,11.7,43,68,0.10
2024-04-24T10:00,29.1,11.7,56,63,0.40
2024-04-24T11:00,30.2,12.1,63,58,0.20
2024-04-24T12:00,31.5,13.9,65,55,0.00
2024-04-24T13:00,32.2,15.7,70,53,0.00
2024-04-24T14:00,31.5,14.8,61,53,0.60
2024-04-24T15:00,29.4,8.1,103,63,0.50
2024-04-24T16:00,26.5,10.0,339,75,2.80
2024-04-24T17:00,26.0,9.5,331,76,0.40
2024-04-24T18:00,25.5,6.3,347,81,0.10
2024-04-24T19:00,24.9,5.6,40,83,0.00
2024-04-24T20:00,24.1,4.6,39,85,0.00
2024-04-24T21:00,24.8,4.8,42,82,0.00
2024-04-24T22:00,24.1,4.0,360,86,0.00
2024-04-24T23:00,23.6,5.7,325,85,0.00
2024-04-25T00:00,23.1,3.8,319,79,0.00
2024-04-25T01:00,22.7,3.5,336,71,0.00
2024-04-25T02:00,22.1,5.4,340,69,0.00
2024-04-25T03:00,22.1,5.4,4,67,0.00
2024-04-25T04:00,21.7,5.8,360,69,0.00
2024-04-25T05:00,21.3,5.8,353,71,0.00
2024-04-25T06:00,22.5,4.0,355,70,0.00
2024-04-25T07:00,25.5,4.4,35,55,0.00
2024-04-25T08:00,27.5,4.8,42,45,0.00
2024-04-25T09:00,28.8,4.6,39,45,0.00
2024-04-25T10:00,30.5,6.9,47,42,0.00
2024-04-25T11:00,31.9,8.2,52,38,0.00
2024-04-25T12:00,33.0,8.7,52,34,0.00
2024-04-25T13:00,33.4,9.7,48,34,0.00
2024-04-25T14:00,33.3,9.9,57,36,0.00
2024-04-25T15:00,32.9,10.6,62,37,0.00
2024-04-25T16:00,31.9,12.2,76,40,0.00
2024-04-25T17:00,30.4,11.6,74,44,0.00
2024-04-25T18:00,28.5,5.1,45,53,0.00
2024-04-25T19:00,27.4,5.2,34,60,0.00
2024-04-25T20:00,26.2,5.4,42,68,0.00
2024-04-25T21:00,25.9,5.2,348,72,0.00
2024-04-25T22:00,25.2,5.0,339,75,0.00
2024-04-25T23:00,24.8,3.9,338,77,0.00
2024-04-26T00:00,24.4,3.7,331,77,0.00
2024-04-26T01:00,24.0,4.0,5,79,0.00
2024-04-26T02:00,23.5,4.4,351,79,0.00
2024-04-26T03:00,23.5,3.5,336,76,0.00
2024-04-26T04:00,23.3,4.3,360,75,0.00
2024-04-26T05:00,23.1,4.0,360,75,0.00
2024-04-26T06:00,24.2,4.2,340,68,0.00
2024-04-26T07:00,26.0,5.0,21,66,0.00
2024-04-26T08:00,27.5,6.6,41,65,0.00
2024-04-26T09:00,29.0,8.7,48,60,0.00
2024-04-26T10:00,30.6,11.9,61,55,0.10
2024-04-26T11:00,32.0,13.7,60,50,0.10
2024-04-26T12:00,32.5,15.1,62,48,1.30
2024-04-26T13:00,30.0,13.6,53,60,5.30
2024-04-26T14:00,29.4,7.0,12,59,0.20
2024-04-26T15:00,29.4,10.9,44,60,0.40
2024-04-26T16:00,28.5,9.1,34,64,0.10
2024-04-26T17:00,25.2,7.9,344,79,2.10
2024-04-26T18:00,24.8,4.8,333,82,0.80
2024-04-26T19:00,24.8,9.2,315,83,1.20
2024-04-26T20:00,24.3,7.6,329,86,1.70
2024-04-26T21:00,24.9,3.3,347,85,0.00
2024-04-26T22:00,24.5,4.3,336,86,0.00
2024-04-26T23:00,23.4,4.3,5,91,0.00
2024-04-27T00:00,23.1,4.5,29,92,0.00
2024-04-27T01:00,23.2,4.0,360,91,0.00
2024-04-27T02:00,23.1,4.0,333,87,0.00
2024-04-27T03:00,23.1,4.0,355,85,0.00
2024-04-27T04:00,23.0,4.3,360,84,0.00
2024-04-27T05:00,22.2,5.5,349,86,0.00
2024-04-27T06:00,23.7,3.4,342,79,0.00
2024-04-27T07:00,25.6,3.7,29,69,0.00
2024-04-27T08:00,26.7,5.0,21,68,0.00
2024-04-27T09:00,28.0,6.0,17,65,0.10
2024-04-27T10:00,29.4,7.4,29,60,0.10
2024-04-27T11:00,30.8,12.1,53,57,0.10
2024-04-27T12:00,28.2,10.9,56,69,1.60
2024-04-27T13:00,29.2,13.5,42,61,0.80
2024-04-27T14:00,26.9,10.2,51,74,4.80
2024-04-27T15:00,26.9,6.5,19,76,0.10
2024-04-27T16:00,25.8,6.5,56,80,4.40
2024-04-27T17:00,25.1,8.0,333,82,0.30
2024-04-27T18:00,24.8,4.4,325,83,0.00
2024-04-27T19:00,24.1,4.0,350,87,0.00
2024-04-27T20:00,23.9,4.1,322,86,0.00
2024-04-27T21:00,24.5,3.3,6,85,0.00
2024-04-27T22:00,23.8,3.6,354,89,0.00
2024-04-27T23:00,23.6,5.7,325,86,0.00
2024-04-28T00:00,23.5,5.5,328,83,0.00
2024-04-28T01:00,22.8,5.2,335,83,0.00
2024-04-28T02:00,22.5,5.5,337,82,0.00
2024-04-28T03:00,21.7,6.5,341,84,0.00
2024-04-28T04:00,21.7,6.3,336,82,0.00
2024-04-28T05:00,22.3,5.7,325,79,0.00
2024-04-28T06:00,23.4,5.8,330,77,0.00
2024-04-28T07:00,25.0,8.6,358,73,0.00
2024-04-28T08:00,26.2,9.7,356,69,0.00
2024-04-28T09:00,27.6,9.6,34,66,0.00
2024-04-28T10:00,28.4,12.3,50,64,0.10
2024-04-28T11:00,29.5,12.0,51,59,0.10
2024-04-28T12:00,30.9,13.9,69,54,0.00
2024-04-28T13:00,31.3,15.0,69,52,0.00
2024-04-28T14:00,31.4,15.5,65,49,0.00
2024-04-28T15:00,31.0,13.5,65,49,0.00
2024-04-28T16:00,30.3,14.2,63,52,0.00
2024-04-28T17:00,28.9,13.4,59,58,0.00
2024-04-28T18:00,26.7,7.4,51,65,0.00
2024-04-28T19:00,24.3,6.0,17,80,0.00
2024-04-28T20:00,23.1,4.9,343,83,0.00
2024-04-28T21:00,23.6,5.4,360,80,0.00
2024-04-28T22:00,23.2,5.1,8,80,0.00
2024-04-28T23:00,22.9,5.1,352,78,0.00
2024-04-29T00:00,22.0,5.8,7,77,0.00
2024-04-29T01:00,21.2,6.9,354,74,0.00
2024-04-29T02:00,21.3,6.3,336,62,0.00
2024-04-29T03:00,22.5,5.0,360,52,0.00
2024-04-29T04:00,21.6,6.3,347,57,0.00
2024-04-29T05:00,21.9,5.7,342,61,0.00
2024-04-29T06:00,23.2,3.9,338,61,0.00
2024-04-29T07:00,25.8,6.1,3,60,0.00
2024-04-29T08:00,27.2,5.9,52,63,0.00
2024-04-29T09:00,26.5,10.6,332,69,0.40
2024-04-29T10:00,28.5,8.8,19,63,0.10
2024-04-29T11:00,29.8,13.5,42,60,0.30
2024-04-29T12:00,30.4,13.4,54,59,0.50
2024-04-29T13:00,30.8,16.6,63,58,0.40
2024-04-29T14:00,30.8,17.6,67,57,0.20
2024-04-29T15:00,30.1,14.5,67,60,0.20
2024-04-29T16:00,29.4,15.6,52,62,0.00
2024-04-29T17:00,28.0,15.3,56,67,0.00
2024-04-29T18:00,26.2,11.5,51,75,0.00
2024-04-29T19:00,25.4,6.9,28,79,0.00
2024-04-29T20:00,24.8,3.2,360,83,0.00
2024-04-29T21:00,24.6,2.3,18,89,0.00
2024-04-29T22:00,24.6,2.5,360,87,0.10
2024-04-29T23:00,23.5,3.7,29,91,1.90
2024-04-30T00:00,23.0,5.4,323,91,4.20
2024-04-30T01:00,23.4,4.9,343,90,0.20
2024-04-30T02:00,23.5,3.4,342,87,0.10
2024-04-30T03:00,23.0,3.2,360,89,0.00
2024-04-30T04:00,23.2,5.0,339,87,0.10
2024-04-30T05:00,23.1,5.2,335,87,0.00
2024-04-30T06:00,23.6,5.4,323,85,0.00
2024-04-30T07:00,24.9,5.4,360,79,0.00
2024-04-30T08:00,25.2,7.0,35,80,0.10
2024-04-30T09:00,26.6,7.0,35,77,0.10
2024-04-30T10:00,26.8,8.5,36,74,4.40
2024-04-30T11:00,28.7,10.2,67,69,0.60
2024-04-30T12:00,27.9,16.4,57,69,0.50
2024-04-30T13:00,25.8,8.7,17,83,1.40
2024-04-30T14:00,27.5,10.1,55,73,1.80
2024-04-30T15:00,27.5,9.7,39,70,4.80
2024-04-30T16:00,25.3,9.7,22,78,1.30
2024-04-30T17:00,25.0,5.8,7,79,0.60
2024-04-30T18:00,24.4,7.4,331,83,0.30
2024-04-30T19:00,24.4,4.8,347,83,0.00
2024-04-30T20:00,23.8,3.6,354,86,0.10
2024-04-30T21:00,23.9,3.9,338,85,0.00
2024-04-30T22:00,23.6,4.0,350,86,0.00
2024-04-30T23:00,23.0,3.7,349,90,0.00
2024-05-01T00:00,23.2,2.5,352,86,0.00
2024-05-01T01:00,22.1,3.5,336,91,0.00
2024-05-01T02:00,21.8,3.9,338,89,0.00
2024-05-01T03:00,21.2,4.7,351,88,0.00
2024-05-01T04:00,21.0,5.4,352,87,0.00
2024-05-01T05:00,20.7,6.2,353,88,0.00
2024-05-01T06:00,22.2,3.6,354,83,0.00
2024-05-01T07:00,24.1,4.0,27,76,0.00
2024-05-01T08:00,25.8,4.4,55,71,0.00
2024-05-01T09:00,27.6,5.4,37,64,0.00
2024-05-01T10:00,28.6,8.8,55,63,0.00
2024-05-01T11:00,29.5,11.2,57,61,0.00
2024-05-01T12:00,30.2,11.8,50,58,0.00
2024-05-01T13:00,30.8,11.5,58,56,0.00
2024-05-01T14:00,30.5,8.7,83,56,0.00
2024-05-01T15:00,30.1,8.3,88,56,0.00
2024-05-01T16:00,29.3,9.7,117,58,0.10
2024-05-01T17:00,27.4,10.3,155,67,0.10
2024-05-01T18:00,24.8,0.7,270,86,0.70
2024-05-01T19:00,24.5,5.2,12,87,1.30
2024-05-01T20:00,24.1,6.8,18,90,1.30
2024-05-01T21:00,24.0,3.4,18,86,0.20
2024-05-01T22:00,23.6,5.4,360,90,0.20
2024-05-01T23:00,23.5,4.8,333,92,0.10
2024-05-02T00:00,23.6,2.9,360,88,0.10
2024-05-02T01:00,23.4,1.8,11,92,0.00
2024-05-02T02:00,22.2,3.6,354,95,0.00
2024-05-02T03:00,21.9,3.4,342,95,0.00
2024-05-02T04:00,21.5,3.7,331,95,0.00
2024-05-02T05:00,21.0,3.2,333,93,0.00
2024-05-02T06:00,22.0,3.4,342,87,0.00
2024-05-02T07:00,23.9,4.1,38,82,0.00
2024-05-02T08:00,25.2,5.4,53,76,0.00
2024-05-02T09:00,26.8,6.9,47,69,0.00
2024-05-02T10:00,28.3,10.7,50,63,0.00
2024-05-02T11:00,29.9,10.3,54,56,0.00
2024-05-02T12:00,31.4,12.2,76,50,0.00
2024-05-02T13:00,31.5,15.5,86,48,0.00
2024-05-02T14:00,31.4,15.9,86,47,0.00
2024-05-02T15:00,30.7,17.0,86,48,0.00
2024-05-02T16:00,29.8,17.1,83,53,0.00
2024-05-02T17:00,28.0,16.7,83,62,0.00
2024-05-02T18:00,26.5,14.0,72,69,0.00
2024-05-02T19:00,25.0,12.7,61,77,0.00
2024-05-02T20:00,24.3,10.4,46,82,0.00
2024-05-02T21:00,24.1,6.6,13,82,0.00
2024-05-02T22:00,24.0,5.7,18,81,0.00
2024-05-02T23:00,23.5,4.1,15,83,0.00
2024-05-03T00:00,23.0,2.7,23,87,0.00
2024-05-03T01:00,22.5,2.7,23,89,0.00
2024-05-03T02:00,22.1,2.9,7,91,0.00
2024-05-03T03:00,22.0,3.2,360,90,0.00
2024-05-03T04:00,21.6,3.3,6,90,0.00
2024-05-03T05:00,20.6,4.0,355,91,0.00
2024-05-03T06:00,21.9,3.3,354,83,0.00
2024-05-03T07:00,23.8,5.2,25,74,0.00
2024-05-03T08:00,25.6,5.7,55,68,0.00
2024-05-03T09:00,27.1,8.3,72,64,0.00
2024-05-03T10:00,28.6,11.4,72,57,0.00
2024-05-03T11:00,29.6,11.1,65,52,0.00
2024-05-03T12:00,30.9,12.8,79,45,0.00
2024-05-03T13:00,31.5,14.5,84,42,0.00
2024-05-03T14:00,31.7,14.4,87,41,0.00
2024-05-03T15:00,31.5,13.3,88,40,0.00
2024-05-03T16:00,30.2,17.0,84,48,0.00
2024-05-03T17:00,28.1,15.2,85,59,0.00
2024-05-03T18:00,26.5,10.4,76,65,0.00
2024-05-03T19:00,25.2,11.9,61,72,0.00
2024-05-03T20:00,24.2,11.2,40,76,0.00
2024-05-03T21:00,24.5,8.9,32,76,0.00
2024-05-03T22:00,24.1,5.0,360,79,0.00
2024-05-03T23:00,23.0,3.5,336,84,0.00
2024-05-04T00:00,23.0,3.3,319,82,0.00
2024-05-04T01:00,22.6,2.8,320,81,0.00
2024-05-04T02:00,22.5,3.6,315,79,0.00
2024-05-04T03:00,22.0,2.5,315,79,0.00
2024-05-04T04:00,21.6,4.6,342,82,0.00
2024-05-04T05:00,22.4,4.1,315,74,0.00
2024-05-04T06:00,23.8,2.3,342,75,0.00
2024-05-04T07:00,25.2,3.3,41,63,0.00
2024-05-04T08:00,26.6,4.1,38,63,0.00
2024-05-04T09:00,27.7,7.4,39,62,0.00
2024-05-04T10:00,27.6,8.1,45,64,0.10
2024-05-04T11:00,29.4,10.6,55,57,0.10
2024-05-04T12:00,29.8,11.2,57,55,0.20
2024-05-04T13:00,28.8,7.2,37,60,0.10
2024-05-04T14:00,30.4,9.8,54,54,0.00
2024-05-04T15:00,30.4,14.3,72,52,0.00
2024-05-04T16:00,27.4,11.7,72,65,1.70
2024-05-04T17:00,26.0,8.9,43,74,0.50
2024-05-04T18:00,24.8,8.6,338,85,0.60
2024-05-04T19:00,24.6,6.9,332,85,0.10
2024-05-04T20:00,24.3,4.7,360,85,0.10
2024-05-04T21:00,24.1,5.0,339,87,0.10
2024-05-04T22:00,23.9,2.9,360,89,0.10
2024-05-04T23:00,23.1,2.9,360,93,0.00
2024-05-05T00:00,22.7,3.2,360,95,0.00
2024-05-05T01:00,22.0,4.3,5,96,0.00
2024-05-05T02:00,21.5,3.4,342,96,0.00
2024-05-05T03:00,21.5,2.9,330,94,0.00
2024-05-05T04:00,21.4,2.8,320,91,0.00
2024-05-05T05:00,21.1,2.8,320,89,0.00
2024-05-05T06:00,21.8,4.4,325,85,0.00
2024-05-05T07:00,23.9,4.8,27,80,0.00
2024-05-05T08:00,25.7,5.9,43,73,0.00
2024-05-05T09:00,27.2,6.8,18,63,0.00
2024-05-05T10:00,29.0,8.7,38,58,0.00
2024-05-05T11:00,30.3,10.9,56,54,0.10
2024-05-05T12:00,31.7,13.6,73,49,0.00
2024-05-05T13:00,32.0,16.9,79,45,0.00
2024-05-05T14:00,31.2,17.6,79,47,0.00
2024-05-05T15:00,30.9,17.1,82,48,0.00
2024-05-05T16:00,30.3,15.5,77,46,0.00
2024-05-05T17:00,29.6,12.9,72,48,0.00
2024-05-05T18:00,27.5,7.4,76,57,0.00
2024-05-05T19:00,26.0,7.7,28,67,0.00
2024-05-05T20:00,25.4,6.0,327,71,0.00
2024-05-05T21:00,25.6,4.6,315,73,0.00
2024-05-05T22:00,25.2,2.4,333,76,0.00
2024-05-05T23:00,24.7,2.2,351,79,0.00
2024-05-06T00:00,24.2,2.3,321,81,0.00
2024-05-06T01:00,23.9,3.1,324,84,0.00
2024-05-06T02:00,23.5,2.8,320,82,0.00
2024-05-06T03:00,22.9,2.4,333,82,0.00
2024-05-06T04:00,23.2,2.1,329,79,0.00
2024-05-06T05:00,23.8,1.5,14,74,0.00
2024-05-06T06:00,23.6,2.2,360,76,0.00
2024-05-06T07:00,25.4,2.8,40,69,0.00
2024-05-06T08:00,26.9,4.7,90,68,0.00
2024-05-06T09:00,28.0,6.0,65,63,0.00
2024-05-06T10:00,30.0,9.3,77,55,0.00
2024-05-06T11:00,31.3,10.7,76,50,0.00
2024-05-06T12:00,32.2,12.6,85,47,0.00
2024-05-06T13:00,32.5,15.5,91,44,0.00
2024-05-06T14:00,32.7,14.6,81,43,0.00
2024-05-06T15:00,30.0,20.2,74,54,0.00
2024-05-06T16:00,30.2,11.3,81,55,0.00
2024-05-06T17:00,26.5,13.7,88,72,0.60
2024-05-06T18:00,25.4,6.6,77,80,0.10
2024-05-06T19:00,24.6,4.0,207,83,0.00
2024-05-06T20:00,24.5,2.9,270,82,0.40
2024-05-06T21:00,24.3,3.3,193,83,0.00
2024-05-06T22:00,23.5,2.2,189,88,0.20
2024-05-06T23:00,23.2,2.6,214,91,0.70
2024-05-07T00:00,23.2,1.3,214,92,0.50
2024-05-07T01:00,22.9,2.4,207,94,0.40
2024-05-07T02:00,22.7,1.5,194,95,0.60
2024-05-07T03:00,22.6,0.8,153,95,0.40
2024-05-07T04:00,22.5,0.4,90,96,0.40
2024-05-07T05:00,22.6,4.6,342,94,0.30
2024-05-07T06:00,23.0,5.2,348,89,0.00
2024-05-07T07:00,24.3,3.3,41,84,0.00
2024-05-07T08:00,25.8,5.9,79,78,0.00
2024-05-07T09:00,27.4,4.7,58,63,0.00
2024-05-07T10:00,29.0,8.0,63,51,0.00
2024-05-07T11:00,30.3,8.2,52,49,0.00
2024-05-07T12:00,31.5,8.2,61,47,0.00
2024-05-07T13:00,31.9,11.4,79,47,0.10
2024-05-07T14:00,31.8,11.5,86,47,0.10
2024-05-07T15:00,31.5,11.9,92,48,0.20
2024-05-07T16:00,30.1,13.0,93,53,0.20
2024-05-07T17:00,28.2,12.4,82,65,0.00
2024-05-07T18:00,26.5,7.6,45,74,0.10
2024-05-07T19:00,24.4,2.7,293,84,0.80
2024-05-07T20:00,23.4,7.0,258,92,1.00
2024-05-07T21:00,25.0,5.8,60,80,0.20
2024-05-07T22:00,24.5,6.3,347,82,0.50
2024-05-07T23:00,24.5,4.5,331,82,0.00
2024-05-08T00:00,23.4,3.9,34,90,0.00
2024-05-08T01:00,23.1,3.1,36,91,0.00
2024-05-08T02:00,23.2,2.3,39,91,0.00
2024-05-08T03:00,23.0,1.8,37,91,0.10
2024-05-08T04:00,23.0,2.2,9,91,0.00
2024-05-08T05:00,22.3,3.6,37,95,0.00
2024-05-08T06:00,22.5,2.9,360,93,0.00
2024-05-08T07:00,24.0,2.9,30,86,0.00
2024-05-08T08:00,25.9,3.6,84,75,0.00
2024-05-08T09:00,27.6,4.1,52,62,0.00
2024-05-08T10:00,29.2,8.1,69,55,0.00
2024-05-08T11:00,30.5,9.3,62,50,0.00
2024-05-08T12:00,32.0,9.7,75,45,0.00
2024-05-08T13:00,32.4,10.9,81,42,0.10
2024-05-08T14:00,32.3,13.7,85,43,0.30
2024-05-08T15:00,30.9,15.8,91,51,0.20
2024-05-08T16:00,30.4,13.2,79,51,0.10
2024-05-08T17:00,27.8,17.3,89,63,0.10
2024-05-08T18:00,25.5,7.6,65,75,0.10
2024-05-08T19:00,25.1,1.5,135,78,0.10
2024-05-08T20:00,24.6,2.2,351,79,0.20
2024-05-08T21:00,24.7,5.5,337,82,0.40
2024-05-08T22:00,23.8,3.2,27,92,0.10
2024-05-08T23:00,23.1,4.0,355,94,0.00
2024-05-09T00:00,23.2,3.4,342,93,0.00
2024-05-09T01:00,23.1,3.2,333,92,0.00
2024-05-09T02:00,22.8,4.0,10,90,0.00
2024-05-09T03:00,21.9,4.3,5,93,0.00
2024-05-09T04:00,21.5,4.6,342,92,0.00
2024-05-09T05:00,21.3,5.2,348,90,0.00
2024-05-09T06:00,23.0,2.9,360,83,0.00
2024-05-09T07:00,24.9,4.7,23,75,0.00
2024-05-09T08:00,26.5,6.3,13,67,0.00
2024-05-09T09:00,28.1,5.6,45,63,0.00
2024-05-09T10:00,29.8,7.9,47,56,0.10
2024-05-09T11:00,30.7,10.5,63,52,0.20
2024-05-09T12:00,31.1,13.1,69,52,0.40
2024-05-09T13:00,30.5,10.6,72,59,1.30
2024-05-09T14:00,30.8,6.5,56,58,0.10
2024-05-09T15:00,28.0,15.0,69,65,0.60
2024-05-09T16:00,25.6,8.9,310,81,4.80
2024-05-09T17:00,23.7,8.0,63,90,1.40
2024-05-09T18:00,23.0,6.9,313,92,0.70
2024-05-09T19:00,23.6,4.1,285,86,0.10
2024-05-09T20:00,23.4,3.1,315,91,0.00
2024-05-09T21:00,23.1,3.1,339,90,0.10
2024-05-09T22:00,22.9,1.9,68,93,0.00
2024-05-09T23:00,23.0,2.5,360,92,0.00
2024-05-10T00:00,22.6,2.5,45,95,0.00
2024-05-10T01:00,22.2,2.9,360,96,0.00
2024-05-10T02:00,21.6,4.0,350,95,0.00
2024-05-10T03:00,21.4,4.7,360,93,0.00
2024-05-10T04:00,21.2,4.7,356,92,0.00
2024-05-10T05:00,21.3,5.4,340,89,0.00
2024-05-10T06:00,23.0,3.4,18,86,0.00
2024-05-10T07:00,24.5,3.9,22,75,0.00
2024-05-10T08:00,25.8,5.4,356,72,0.00
2024-05-10T09:00,27.2,4.2,20,68,0.00
2024-05-10T10:00,28.5,5.1,51,63,0.00
2024-05-10T11:00,29.4,8.3,72,63,0.00
2024-05-10T12:00,29.3,11.9,61,62,0.30
2024-05-10T13:00,29.4,8.9,47,62,0.90
2024-05-10T14:00,29.6,14.9,75,61,0.40
2024-05-10T15:00,27.5,10.2,8,71,1.40
2024-05-10T16:00,26.1,4.6,45,77,0.30
2024-05-10T17:00,26.0,6.0,25,78,0.20
2024-05-10T18:00,22.8,4.8,13,91,1.10
2024-05-10T19:00,23.6,9.4,302,85,0.70
2024-05-10T20:00,23.4,4.3,318,86,0.00
2024-05-10T21:00,24.1,3.1,324,88,0.00
2024-05-10T22:00,23.9,4.7,356,88,0.10
2024-05-10T23:00,23.6,6.4,317,86,0.00
2024-05-11T00:00,22.9,3.6,315,86,0.00
2024-05-11T01:00,22.0,4.4,351,88,0.00
2024-05-11T02:00,21.7,5.1,352,89,0.00
2024-05-11T03:00,21.5,5.1,352,88,0.00
2024-05-11T04:00,21.5,5.2,335,86,0.00
2024-05-11T05:00,21.6,4.7,328,82,0.00
2024-05-11T06:00,23.0,3.3,347,79,0.00
2024-05-11T07:00,25.1,6.1,360,72,0.00
2024-05-11T08:00,26.2,8.4,353,70,0.00
2024-05-11T09:00,28.0,9.2,31,64,0.00
2024-05-11T10:00,29.0,9.9,44,62,0.00
2024-05-11T11:00,30.0,10.5,52,58,0.00
2024-05-11T12:00,30.8,9.9,57,54,0.00
2024-05-11T13:00,30.8,8.4,47,53,0.00
2024-05-11T14:00,30.8,8.0,54,54,0.00
2024-05-11T15:00,29.9,13.5,65,57,0.00
2024-05-11T16:00,28.2,13.6,53,62,0.60
2024-05-11T17:00,27.1,7.4,29,70,0.40
2024-05-11T18:00,24.8,4.4,305,82,0.40
2024-05-11T19:00,24.8,3.6,307,84,0.10
2024-05-11T20:00,24.5,3.3,319,87,0.00
2024-05-11T21:00,24.8,5.9,313,84,0.00
2024-05-11T22:00,24.4,2.4,333,87,0.00
2024-05-11T23:00,23.8,2.9,353,88,0.00
2024-05-12T00:00,23.5,3.1,339,87,0.00
2024-05-12T01:00,23.1,3.1,339,86,0.00
2024-05-12T02:00,22.6,4.5,346,86,0.00
2024-05-12T03:00,22.5,4.8,347,84,0.00
2024-05-12T04:00,22.1,4.2,340,84,0.00
2024-05-12T05:00,22.3,5.2,344,82,0.00
2024-05-12T06:00,23.6,3.6,360,82,0.00
2024-05-12T07:00,25.2,4.7,4,72,0.00
2024-05-12T08:00,26.5,6.0,33,70,0.00
2024-05-12T09:00,28.0,7.1,45,66,0.00
2024-05-12T10:00,29.0,10.9,56,61,1.00
2024-05-12T11:00,29.0,10.4,56,67,5.10
2024-05-12T12:00,27.9,8.6,327,71,3.80
2024-05-12T13:00,26.7,13.7,67,77,10.50
2024-05-12T14:00,25.8,12.7,313,80,4.40
2024-05-12T15:00,26.6,5.9,349,74,0.10
2024-05-12T16:00,25.9,8.4,329,75,0.20
2024-05-12T17:00,25.9,7.2,333,75,0.00
2024-05-12T18:00,25.0,5.5,328,78,0.00
2024-05-12T19:00,24.4,4.1,322,80,0.00
2024-05-12T20:00,23.9,3.9,326,83,0.00
2024-05-12T21:00,24.4,3.9,338,85,0.00
2024-05-12T22:00,23.9,4.9,343,85,0.00
2024-05-12T23:00,23.4,5.7,342,84,0.00
2024-05-13T00:00,23.1,5.6,345,81,0.00
2024-05-13T01:00,22.8,5.4,356,81,0.00
2024-05-13T02:00,22.8,5.2,344,77,0.00
2024-05-13T03:00,22.6,5.2,344,77,0.00
2024-05-13T04:00,22.3,5.9,346,77,0.00
2024-05-13T05:00,22.4,5.4,340,76,0.00
2024-05-13T06:00,23.5,2.9,353,77,0.00
2024-05-13T07:00,25.5,3.5,24,66,0.00
2024-05-13T08:00,26.8,5.2,16,65,0.00
2024-05-13T09:00,28.0,6.9,28,65,0.00
2024-05-13T10:00,29.2,8.7,48,62,0.00
2024-05-13T11:00,29.9,12.6,63,60,0.30
2024-05-13T12:00,29.5,12.3,58,66,4.10
2024-05-13T13:00,29.5,10.1,27,68,3.40
2024-05-13T14:00,29.6,12.3,40,67,0.40
2024-05-13T15:00,28.4,9.5,29,71,1.50
2024-05-13T16:00,28.7,5.2,56,69,1.70
2024-05-13T17:00,25.6,9.4,302,80,3.10
2024-05-13T18:00,25.3,4.8,318,80,0.10
2024-05-13T19:00,24.1,4.6,315,88,0.20
2024-05-13T20:00,24.5,2.6,326,90,0.30
2024-05-13T21:00,24.7,6.1,332,88,0.10
2024-05-13T22:00,24.5,5.0,330,88,0.00
2024-05-13T23:00,23.9,5.0,330,90,0.10
2024-05-14T00:00,23.2,4.1,322,91,0.00
2024-05-14T01:00,22.4,2.6,326,89,0.00
2024-05-14T02:00,21.8,4.9,343,87,0.00
2024-05-14T03:00,21.1,6.2,350,87,0.00
2024-05-14T04:00,21.8,5.1,4,80,0.00
2024-05-14T05:00,22.0,4.8,13,77,0.00
2024-05-14T06:00,22.4,4.0,360,82,0.00
2024-05-14T07:00,24.6,3.6,37,70,0.00
2024-05-14T08:00,26.3,5.7,35,69,0.00
2024-05-14T09:00,27.8,5.5,58,67,0.00
2024-05-14T10:00,28.8,7.0,55,64,0.00
2024-05-14T11:00,29.9,9.8,66,60,0.10
2024-05-14T12:00,30.5,11.4,72,58,0.10
2024-05-14T13:00,30.9,11.7,79,56,0.00
2024-05-14T14:00,31.0,10.7,78,54,0.10
2024-05-14T15:00,31.1,10.2,80,52,0.20
2024-05-14T16:00,30.4,12.8,74,54,0.10
2024-05-14T17:00,29.3,10.5,59,58,0.00
2024-05-14T18:00,27.4,12.3,69,66,0.00
2024-05-14T19:00,26.1,11.3,81,74,0.00
2024-05-14T20:00,25.2,6.4,63,79,0.40
2024-05-14T21:00,25.2,1.9,22,82,0.20
2024-05-14T22:00,25.3,3.8,343,82,0.30
2024-05-14T23:00,24.9,2.0,45,87,0.20
2024-05-15T00:00,24.0,3.7,11,90,0.20
2024-05-15T01:00,23.8,3.3,347,91,0.20
2024-05-15T02:00,23.9,1.8,79,89,0.10
2024-05-15T03:00,23.1,1.6,153,93,0.00
2024-05-15T04:00,23.0,1.4,180,92,0.00
2024-05-15T05:00,22.2,3.4,328,96,0.00
2024-05-15T06:00,23.1,4.5,331,91,0.00
2024-05-15T07:00,25.0,4.6,18,80,0.00
2024-05-15T08:00,26.2,5.4,48,74,0.00
2024-05-15T09:00,27.9,8.1,45,69,0.00
2024-05-15T10:00,29.4,9.8,54,63,0.00
2024-05-15T11:00,30.3,11.1,54,58,0.00
2024-05-15T12:00,31.0,10.7,70,54,0.00
2024-05-15T13:00,31.8,10.2,82,51,0.00
2024-05-15T14:00,31.9,8.7,83,50,0.00
2024-05-15T15:00,31.5,9.8,73,50,0.00
2024-05-15T16:00,30.8,12.0,74,53,0.00
2024-05-15T17:00,29.0,11.3,68,62,0.00
2024-05-15T18:00,27.0,7.7,62,73,0.40
2024-05-15T19:00,25.2,5.0,360,83,0.70
2024-05-15T20:00,25.0,4.3,360,85,0.30
2024-05-15T21:00,24.8,3.4,18,86,0.10
2024-05-15T22:00,24.6,3.9,68,85,0.30
2024-05-15T23:00,24.0,2.8,40,89,0.60
2024-05-16T00:00,23.9,1.1,108,90,0.10
2024-05-16T01:00,23.8,1.8,349,91,0.00
2024-05-16T02:00,23.6,0.8,117,91,0.10
2024-05-16T03:00,23.2,2.1,211,93,0.20
2024-05-16T04:00,23.1,2.1,211,93,0.10
2024-05-16T05:00,22.8,0.8,243,94,0.00
2024-05-16T06:00,23.1,3.1,324,92,0.00
2024-05-16T07:00,24.4,3.1,54,85,0.00
2024-05-16T08:00,25.7,5.2,74,79,0.00
2024-05-16T09:00,27.4,7.9,66,73,0.10
2024-05-16T10:00,29.0,7.4,67,65,0.00
2024-05-16T11:00,30.2,6.2,80,58,0.00
2024-05-16T12:00,31.0,6.1,90,54,0.00
2024-05-16T13:00,31.5,7.9,90,51,0.00
2024-05-16T14:00,32.2,9.8,82,48,0.00
2024-05-16T15:00,31.4,10.6,108,47,0.10
2024-05-16T16:00,30.3,8.4,97,51,0.30
2024-05-16T17:00,26.0,6.2,80,72,0.80
2024-05-16T18:00,25.0,2.7,293,78,0.60
2024-05-16T19:00,23.0,6.1,62,91,0.90
2024-05-16T20:00,22.9,3.3,319,91,0.80
2024-05-16T21:00,24.6,0.0,270,81,0.00
2024-05-16T22:00,24.5,1.1,72,82,0.00
2024-05-16T23:00,24.2,1.9,22,84,0.00
2024-05-17T00:00,23.6,3.5,24,89,0.00
2024-05-17T01:00,23.6,2.0,45,90,0.00
2024-05-17T02:00,23.0,2.6,16,93,0.00
2024-05-17T03:00,22.6,3.4,342,93,0.00
2024-05-17T04:00,22.5,3.7,331,92,0.00
2024-05-17T05:00,22.1,3.5,336,91,0.00
2024-05-17T06:00,22.7,4.5,331,86,0.00
2024-05-17T07:00,24.8,4.7,23,73,0.00
2024-05-17T08:00,26.4,5.4,48,63,0.00
2024-05-17T09:00,27.6,5.2,65,62,0.00
2024-05-17T10:00,28.8,8.5,78,60,0.00
2024-05-17T11:00,30.0,10.3,78,56,0.00
2024-05-17T12:00,30.9,11.2,84,52,0.00
2024-05-17T13:00,31.4,11.6,85,50,0.00
2024-05-17T14:00,31.0,12.0,81,49,0.00
2024-05-17T15:00,30.5,12.1,63,49,0.00
2024-05-17T16:00,29.9,10.7,50,50,0.00
2024-05-17T17:00,29.0,7.7,53,51,0.00
2024-05-17T18:00,27.6,3.7,349,57,0.00
2024-05-17T19:00,27.1,6.5,19,59,0.00
2024-05-17T20:00,25.8,5.2,344,61,0.00
2024-05-17T21:00,25.3,3.7,331,66,0.00
2024-05-17T22:00,26.3,1.5,14,62,0.00
2024-05-17T23:00,25.5,3.4,162,66,0.00
2024-05-18T00:00,24.9,2.1,211,69,0.00
2024-05-18T01:00,24.2,1.5,76,74,0.00
2024-05-18T02:00,22.9,3.3,354,82,0.00
2024-05-18T03:00,22.5,3.2,360,82,0.00
2024-05-18T04:00,22.5,2.7,23,81,0.00
2024-05-18T05:00,22.4,3.1,21,81,0.00
2024-05-18T06:00,23.0,3.7,349,76,0.00
2024-05-18T07:00,25.0,3.6,90,69,0.00
2024-05-18T08:00,26.4,6.0,107,67,0.00
2024-05-18T09:00,28.1,7.0,111,62,0.00
2024-05-18T10:00,29.6,6.2,111,56,0.00
2024-05-18T11:00,31.0,5.9,104,50,0.00
2024-05-18T12:00,32.0,6.1,90,46,0.00
2024-05-18T13:00,32.9,6.2,97,42,0.00
2024-05-18T14:00,32.8,7.0,102,41,0.00
2024-05-18T15:00,32.8,6.8,108,41,0.00
2024-05-18T16:00,32.0,9.9,109,42,0.00
2024-05-18T17:00,30.5,9.2,135,48,0.00
2024-05-18T18:00,27.9,9.1,171,65,0.00
2024-05-18T19:00,26.8,4.8,222,73,0.00
2024-05-18T20:00,25.9,4.7,171,77,0.00
2024-05-18T21:00,25.0,3.3,167,80,0.10
2024-05-18T22:00,24.7,2.9,270,80,0.00
2024-05-18T23:00,25.0,2.2,360,77,0.00
2024-05-19T00:00,24.7,3.1,36,80,0.00
2024-05-19T01:00,24.1,2.5,82,84,0.00
2024-05-19T02:00,24.1,2.5,82,83,0.00
2024-05-19T03:00,23.6,0.8,117,86,0.00
2024-05-19T04:00,23.1,0.5,315,89,0.00
2024-05-19T05:00,22.0,3.2,270,94,0.00
2024-05-19T06:00,23.0,2.2,270,85,0.00
2024-05-19T07:00,24.8,1.1,108,73,0.00
2024-05-19T08:00,26.6,3.2,117,64,0.00
2024-05-19T09:00,28.6,2.4,117,59,0.00
2024-05-19T10:00,30.2,5.6,140,53,0.00
2024-05-19T11:00,31.0,8.0,144,50,0.00
2024-05-19T12:00,31.8,8.4,140,48,0.00
2024-05-19T13:00,32.2,8.2,151,46,0.00
2024-05-19T14:00,31.5,8.0,175,48,0.00
2024-05-19T15:00,31.5,5.0,159,47,0.00
2024-05-19T16:00,30.1,10.5,164,54,0.00
2024-05-19T17:00,28.4,9.4,182,62,0.10
2024-05-19T18:00,26.6,5.5,203,66,0.00
2024-05-19T19:00,26.2,4.2,200,68,0.00
2024-05-19T20:00,25.2,3.4,198,75,0.00
2024-05-19T21:00,25.7,5.9,169,79,0.10
2024-05-19T22:00,25.0,4.1,225,81,0.10
2024-05-19T23:00,24.6,3.9,202,82,0.00
2024-05-20T00:00,24.2,4.1,232,82,0.00
2024-05-20T01:00,23.9,2.4,207,85,0.00
2024-05-20T02:00,23.5,3.1,324,85,0.00
2024-05-20T03:00,23.3,4.6,315,83,0.00
2024-05-20T04:00,23.2,4.1,315,79,0.00
2024-05-20T05:00,22.8,1.8,307,79,0.00
2024-05-20T06:00,23.5,3.6,315,74,0.00
2024-05-20T07:00,25.8,3.3,41,67,0.00
2024-05-20T08:00,27.6,5.2,56,59,0.00
2024-05-20T09:00,29.5,6.9,62,53,0.00
2024-05-20T10:00,31.0,8.9,63,49,0.10
2024-05-20T11:00,32.1,13.6,68,46,0.10
2024-05-20T12:00,30.2,17.3,67,57,0.90
2024-05-20T13:00,30.5,8.7,42,60,1.00
2024-05-20T14:00,31.7,11.7,56,54,0.00
2024-05-20T15:00,29.2,19.6,54,60,0.30
2024-05-20T16:00,29.1,9.2,59,63,0.10
2024-05-20T17:00,27.0,7.9,51,71,1.70
2024-05-20T18:00,26.1,5.6,345,79,1.20
2024-05-20T19:00,26.0,6.7,16,79,0.10
2024-05-20T20:00,25.5,4.9,17,81,0.00
2024-05-20T21:00,25.4,5.0,339,84,0.10
2024-05-20T22:00,24.9,3.7,331,85,0.00
2024-05-20T23:00,24.4,3.7,331,87,0.00
2024-05-21T00:00,23.6,3.4,342,88,0.00
2024-05-21T01:00,23.1,3.5,336,87,0.00
2024-05-21T02:00,22.9,4.3,355,85,0.00
2024-05-21T03:00,23.0,4.0,10,82,0.00
2024-05-21T04:00,22.6,4.7,351,82,0.00
2024-05-21T05:00,23.0,4.4,351,77,0.00
2024-05-21T06:00,24.1,2.2,360,74,0.00
2024-05-21T07:00,25.6,3.5,24,69,0.00
2024-05-21T08:00,26.9,5.2,12,68,0.00
2024-05-21T09:00,28.1,7.4,39,66,0.20
2024-05-21T10:00,29.3,8.9,50,62,0.30
2024-05-21T11:00,30.5,12.1,67,58,0.10
2024-05-21T12:00,31.5,12.1,67,55,0.00
2024-05-21T13:00,31.8,12.0,69,54,0.00
2024-05-21T14:00,31.8,15.1,89,52,0.20
2024-05-21T15:00,28.0,10.4,46,68,1.20
2024-05-21T16:00,27.8,7.7,49,71,1.70
2024-05-21T17:00,26.9,7.4,23,71,0.30
2024-05-21T18:00,26.2,4.8,13,75,0.00
2024-05-21T19:00,25.5,3.6,354,79,0.20
2024-05-21T20:00,25.4,4.3,5,82,0.00
2024-05-21T21:00,24.7,1.5,256,85,1.30
2024-05-21T22:00,23.5,0.8,243,93,3.10
2024-05-21T23:00,23.0,0.8,153,96,1.30
2024-05-22T00:00,23.2,4.8,297,92,0.10
2024-05-22T01:00,23.3,4.3,294,90,0.00
2024-05-22T02:00,23.0,3.1,324,91,0.00
2024-05-22T03:00,22.8,3.1,339,92,0.00
2024-05-22T04:00,23.2,3.0,346,89,0.00
2024-05-22T05:00,23.5,2.8,50,90,0.00
2024-05-22T06:00,23.6,2.1,59,89,0.00
2024-05-22T07:00,24.6,1.3,56,84,0.00
2024-05-22T08:00,26.0,2.4,63,74,0.00
2024-05-22T09:00,28.1,1.5,104,64,0.00
2024-05-22T10:00,29.6,2.2,99,57,0.00
2024-05-22T11:00,30.9,4.8,103,52,0.00
2024-05-22T12:00,31.3,3.1,144,51,0.00
2024-05-22T13:00,32.5,3.9,146,47,0.00
2024-05-22T14:00,32.4,9.6,77,47,0.20
2024-05-22T15:00,29.7,12.9,72,59,0.30
2024-05-22T16:00,28.0,8.1,69,64,1.20
2024-05-22T17:00,27.5,1.8,360,68,1.60
2024-05-22T18:00,25.2,14.4,94,82,0.50
2024-05-22T19:00,22.0,9.7,31,98,0.40
2024-05-22T20:00,22.6,9.7,333,94,6.50
2024-05-22T21:00,24.0,8.1,13,90,0.90
2024-05-22T22:00,24.2,6.5,360,87,0.20
2024-05-22T23:00,23.9,5.8,4,87,0.10
2024-05-23T00:00,23.7,3.2,360,86,0.00
2024-05-23T01:00,23.6,2.7,337,86,0.00
2024-05-23T02:00,22.6,3.5,336,92,0.00
2024-05-23T03:00,23.5,2.5,360,84,0.00
2024-05-23T04:00,23.4,2.2,351,84,0.00
2024-05-23T05:00,23.4,2.9,330,81,0.00
2024-05-23T06:00,23.0,2.5,352,85,0.00
2024-05-23T07:00,24.8,3.7,29,76,0.00
2024-05-23T08:00,26.9,2.7,23,64,0.00
2024-05-23T09:00,28.3,6.5,84,65,0.00
2024-05-23T10:00,29.6,5.1,51,59,0.00
2024-05-23T11:00,31.4,7.4,61,51,0.00
2024-05-23T12:00,32.0,11.1,65,46,0.00
2024-05-23T13:00,32.0,10.5,63,43,0.00
2024-05-23T14:00,32.3,12.0,69,41,0.00
2024-05-23T15:00,31.6,12.7,82,46,0.00
2024-05-23T16:00,29.4,14.9,82,61,0.00
2024-05-23T17:00,27.4,9.4,47,72,0.00
2024-05-23T18:00,26.2,5.4,352,77,0.00
2024-05-23T19:00,26.1,8.3,326,77,0.00
2024-05-23T20:00,26.0,3.3,354,81,0.00
2024-05-23T21:00,25.9,2.2,189,82,1.00
2024-05-23T22:00,25.0,3.3,221,83,1.30
2024-05-23T23:00,24.5,4.0,27,86,0.10
2024-05-24T00:00,24.5,0.8,117,85,0.10
2024-05-24T01:00,23.1,3.9,146,97,0.00
2024-05-24T02:00,23.8,1.9,68,92,0.00
2024-05-24T03:00,23.6,1.6,207,93,0.00
2024-05-24T04:00,23.0,2.9,210,96,0.00
2024-05-24T05:00,23.1,1.8,217,95,0.00
2024-05-24T06:00,23.2,1.5,135,95,0.10
2024-05-24T07:00,24.2,4.6,162,91,0.00
2024-05-24T08:00,25.7,6.4,142,84,0.20
2024-05-24T09:00,26.6,5.2,155,75,0.00
2024-05-24T10:00,26.4,7.6,149,76,0.00
2024-05-24T11:00,28.0,8.0,144,70,2.00
2024-05-24T12:00,27.6,6.8,162,75,3.70
2024-05-24T13:00,27.8,7.9,141,72,5.50
2024-05-24T14:00,25.2,10.0,165,87,5.60
2024-05-24T15:00,24.7,4.0,85,88,8.70
2024-05-24T16:00,24.3,7.2,108,91,3.90
2024-05-24T17:00,24.0,6.4,128,94,4.00
2024-05-24T18:00,23.5,5.4,176,95,6.10
2024-05-24T19:00,23.6,4.0,185,95,1.30
2024-05-24T20:00,23.2,4.0,185,98,1.50
2024-05-24T21:00,23.5,3.8,139,94,1.40
2024-05-24T22:00,23.4,3.3,167,97,1.00
2024-05-24T23:00,23.1,4.3,156,98,0.20
2024-05-25T00:00,23.0,3.9,158,98,0.10
2024-05-25T01:00,22.9,3.9,146,98,0.20
2024-05-25T02:00,22.7,3.1,144,98,0.30
2024-05-25T03:00,22.6,2.3,198,99,0.20
2024-05-25T04:00,22.6,0.7,270,99,0.20
2024-05-25T05:00,22.6,1.3,236,98,0.30
2024-05-25T06:00,22.6,2.6,214,98,0.20
2024-05-25T07:00,23.1,4.2,149,97,0.20
2024-05-25T08:00,24.5,7.1,156,89,0.40
2024-05-25T09:00,24.2,6.1,130,95,0.30
2024-05-25T10:00,25.4,6.8,155,89,0.30
2024-05-25T11:00,27.2,6.0,155,82,0.40
2024-05-25T12:00,27.5,4.6,162,82,0.20
2024-05-25T13:00,28.6,4.3,180,75,0.10
2024-05-25T14:00,29.9,8.4,173,66,0.10
2024-05-25T15:00,28.6,7.1,204,70,1.50
2024-05-25T16:00,28.2,7.5,197,70,1.90
2024-05-25T17:00,27.4,2.3,198,73,1.50
2024-05-25T18:00,26.1,3.6,180,84,0.00
2024-05-25T19:00,26.2,2.4,243,81,0.00
2024-05-25T20:00,24.9,2.9,300,89,0.10
2024-05-25T21:00,24.8,2.6,106,86,3.70
2024-05-25T22:00,24.0,3.9,68,93,0.20
2024-05-25T23:00,23.5,2.6,344,95,0.10
2024-05-26T00:00,24.0,1.1,198,91,0.00
2024-05-26T01:00,23.8,1.3,34,93,0.00
2024-05-26T02:00,23.4,1.6,27,94,0.00
2024-05-26T03:00,22.0,2.0,315,98,0.00
2024-05-26T04:00,21.9,3.1,306,96,0.00
2024-05-26T05:00,21.6,3.7,299,94,0.00
2024-05-26T06:00,22.6,1.9,292,88,0.00
2024-05-26T07:00,24.5,1.1,252,83,0.00
2024-05-26T08:00,25.5,4.6,135,83,0.00
2024-05-26T09:00,27.4,6.3,167,76,0.00
2024-05-26T10:00,28.2,6.9,171,72,0.00
2024-05-26T11:00,29.2,7.4,166,67,0.00
2024-05-26T12:00,30.0,9.0,180,62,0.00
2024-05-26T13:00,29.2,8.7,187,66,0.00
2024-05-26T14:00,29.7,9.6,167,66,0.00
2024-05-26T15:00,26.5,4.0,170,78,15.10
2024-05-26T16:00,25.0,5.4,8,83,4.60
2024-05-26T17:00,23.6,1.1,108,91,1.20
2024-05-26T18:00,23.7,3.5,114,90,1.10
2024-05-26T19:00,23.2,4.2,301,94,0.50
2024-05-26T20:00,22.8,5.4,160,97,0.40
2024-05-26T21:00,23.4,2.4,207,94,1.00
2024-05-26T22:00,23.8,2.9,270,91,0.20
2024-05-26T23:00,23.3,3.1,135,95,0.00
2024-05-27T00:00,22.8,2.3,252,98,0.00
2024-05-27T01:00,22.8,2.9,187,97,0.00
2024-05-27T02:00,22.2,2.9,150,99,0.00
2024-05-27T03:00,22.5,0.8,63,100,0.00
2024-05-27T04:00,21.5,4.0,333,98,0.00
2024-05-27T05:00,21.8,4.0,350,94,0.00
2024-05-27T06:00,23.2,1.1,18,91,0.00
2024-05-27T07:00,24.3,4.0,100,88,0.00
2024-05-27T08:00,25.0,4.0,95,89,0.00
2024-05-27T09:00,26.9,4.4,99,79,0.00
2024-05-27T10:00,28.0,5.4,127,72,0.00
2024-05-27T11:00,28.0,2.2,189,70,0.00
2024-05-27T12:00,29.2,2.5,225,65,0.00
2024-05-27T13:00,28.8,8.6,165,68,0.00
2024-05-27T14:00,27.1,6.4,137,76,0.00
2024-05-27T15:00,24.4,7.4,137,91,0.10
2024-05-27T16:00,24.1,2.9,60,91,0.40
2024-05-27T17:00,23.8,0.0,270,94,0.80
2024-05-27T18:00,24.1,1.6,63,92,0.50
2024-05-27T19:00,23.9,1.3,236,95,0.20
2024-05-27T20:00,24.1,2.2,171,94,0.10
2024-05-27T21:00,23.2,2.6,196,98,0.10
2024-05-27T22:00,23.1,2.6,214,98,0.00
2024-05-27T23:00,22.8,2.3,162,99,0.10
2024-05-28T00:00,22.9,1.9,202,99,0.10
2024-05-28T01:00,22.9,0.7,360,98,0.00
2024-05-28T02:00,22.8,0.0,270,98,0.00
2024-05-28T03:00,22.8,0.4,270,97,0.00
2024-05-28T04:00,22.7,0.0,270,97,0.00
2024-05-28T05:00,22.0,2.5,45,99,0.00
2024-05-28T06:00,22.6,2.2,360,97,0.00
2024-05-28T07:00,23.7,1.9,112,92,0.00
2024-05-28T08:00,24.7,3.9,146,88,0.00
2024-05-28T09:00,26.1,4.0,153,82,0.10
2024-05-28T10:00,27.1,5.0,180,75,0.00
2024-05-28T11:00,27.5,5.2,205,74,0.00
2024-05-28T12:00,28.1,6.9,219,70,0.00
2024-05-28T13:00,27.5,5.4,132,73,0.00
2024-05-28T14:00,26.5,3.3,139,80,0.30
2024-05-28T15:00,24.7,2.9,60,88,0.80
2024-05-28T16:00,26.0,3.1,45,82,0.20
2024-05-28T17:00,25.0,7.8,77,89,0.00
2024-05-28T18:00,24.3,2.3,39,95,0.00
2024-05-28T19:00,24.5,1.0,135,92,0.00
2024-05-28T20:00,23.8,2.1,59,96,0.00
2024-05-28T21:00,22.5,1.5,166,98,0.20
2024-05-28T22:00,23.1,5.6,310,93,0.20
2024-05-28T23:00,22.6,2.8,130,96,0.10
2024-05-29T00:00,22.9,0.8,243,95,0.00
2024-05-29T01:00,23.0,1.1,198,93,0.00
2024-05-29T02:00,22.7,1.1,252,94,0.00
2024-05-29T03:00,22.7,1.0,315,93,0.00
2024-05-29T04:00,21.8,3.1,324,93,0.00
2024-05-29T05:00,21.0,3.9,326,93,0.00
2024-05-29T06:00,22.3,3.1,315,87,0.00
2024-05-29T07:00,23.9,1.6,27,86,0.00
2024-05-29T08:00,25.4,1.8,101,75,0.00
2024-05-29T09:00,26.8,1.9,112,64,0.00
2024-05-29T10:00,27.7,2.3,129,62,0.00
2024-05-29T11:00,28.5,1.8,127,59,0.00
2024-05-29T12:00,29.3,1.8,101,57,0.00
2024-05-29T13:00,29.4,1.1,108,57,0.00
2024-05-29T14:00,29.4,4.3,204,58,0.00
2024-05-29T15:00,28.1,7.8,146,68,0.20
2024-05-29T16:00,25.5,9.9,147,84,0.20
2024-05-29T17:00,23.9,6.2,21,90,0.50
2024-05-29T18:00,23.8,3.0,256,86,0.40
2024-05-29T19:00,23.9,2.3,39,87,0.10
2024-05-29T20:00,22.9,4.0,27,93,0.00
2024-05-29T21:00,23.0,3.3,354,96,0.00
2024-05-29T22:00,23.5,4.5,331,89,0.10
2024-05-29T23:00,23.6,3.8,49,88,0.00
2024-05-30T00:00,22.6,4.8,347,92,0.00
2024-05-30T01:00,22.2,4.7,4,93,0.00
2024-05-30T02:00,22.2,4.9,343,91,0.00
2024-05-30T03:00,22.8,5.2,348,85,0.00
2024-05-30T04:00,23.1,5.1,352,81,0.00
2024-05-30T05:00,23.3,4.0,5,78,0.00
2024-05-30T06:00,23.4,2.2,351,83,0.00
2024-05-30T07:00,24.6,2.9,7,78,0.00
2024-05-30T08:00,26.0,4.0,355,74,0.00
2024-05-30T09:00,27.0,3.1,36,73,0.00
2024-05-30T10:00,27.8,5.5,67,71,0.00
2024-05-30T11:00,29.0,5.8,60,65,0.00
2024-05-30T12:00,29.3,5.4,70,65,0.20
2024-05-30T13:00,28.9,4.9,343,67,0.00
2024-05-30T14:00,27.8,8.2,23,72,6.20
2024-05-30T15:00,26.1,4.9,234,80,2.90
2024-05-30T16:00,26.4,4.8,27,78,0.00
2024-05-30T17:00,26.0,6.4,27,79,0.10
2024-05-30T18:00,24.5,4.0,355,89,0.10
2024-05-30T19:00,24.0,3.7,349,90,0.00
2024-05-30T20:00,23.5,4.7,351,91,0.00
2024-05-30T21:00,24.6,4.3,360,85,0.00
2024-05-30T22:00,23.9,5.8,338,87,0.00
2024-05-30T23:00,23.4,5.8,4,87,0.00
2024-05-31T00:00,23.1,5.4,356,88,0.00
2024-05-31T01:00,22.9,5.4,352,87,0.00
2024-05-31T02:00,22.6,5.4,4,86,0.00
2024-05-31T03:00,22.2,6.1,357,86,0.00
2024-05-31T04:00,22.0,6.6,351,85,0.00
2024-05-31T05:00,22.0,5.8,7,83,0.00
2024-05-31T06:00,23.4,4.3,355,79,0.00
2024-05-31T07:00,25.8,5.4,356,67,0.00
2024-05-31T08:00,27.0,6.2,10,65,0.00
2024-05-31T09:00,28.5,5.7,35,59,0.00
2024-05-31T10:00,29.0,8.0,63,64,0.00
2024-05-31T11:00,29.5,10.2,51,66,0.10
2024-05-31T12:00,29.4,12.1,53,65,1.60
2024-05-31T13:00,29.9,12.0,57,69,0.60
2024-05-31T14:00,26.0,10.0,319,82,5.30
2024-05-31T15:00,26.6,7.3,327,78,0.60
2024-05-31T16:00,27.0,5.8,7,76,0.00
2024-05-31T17:00,26.2,6.1,357,79,0.10
2024-05-31T18:00,24.9,4.7,351,87,0.00
2024-05-31T19:00,24.5,5.1,352,86,0.00
2024-05-31T20:00,24.2,5.6,333,83,0.00
2024-05-31T21:00,24.4,4.2,329,82,0.00
2024-05-31T22:00,23.8,5.6,27,82,0.30
2024-05-31T23:00,23.8,9.7,309,79,1.70
2024-06-01T00:00,23.7,6.9,313,81,0.00
2024-06-01T01:00,23.4,4.5,331,84,0.00
2024-06-01T02:00,23.0,4.5,346,86,0.00
2024-06-01T03:00,22.4,5.4,8,88,0.00
2024-06-01T04:00,22.2,4.9,343,87,0.00
2024-06-01T05:00,22.6,5.0,339,82,0.00
2024-06-01T06:00,23.7,5.0,339,79,0.00
2024-06-01T07:00,25.4,5.8,356,74,0.10
2024-06-01T08:00,25.6,7.1,336,73,0.40
2024-06-01T09:00,27.5,11.0,38,72,0.00
2024-06-01T10:00,28.0,13.0,56,72,0.40
2024-06-01T11:00,28.3,11.6,54,73,0.40
2024-06-01T12:00,28.9,13.1,58,71,0.10
2024-06-01T13:00,29.2,11.6,54,68,0.80
2024-06-01T14:00,28.2,8.1,45,69,3.20
2024-06-01T15:00,28.3,9.6,34,67,0.70
2024-06-01T16:00,27.5,9.8,36,73,0.50
2024-06-01T17:00,26.5,7.2,342,78,0.60
2024-06-01T18:00,25.3,4.2,340,86,0.50
2024-06-01T19:00,24.7,7.1,315,88,0.10
2024-06-01T20:00,24.2,4.8,312,89,0.00
2024-06-01T21:00,24.6,3.6,307,86,0.00
2024-06-01T22:00,23.9,3.1,315,87,0.00
2024-06-01T23:00,23.1,4.8,333,87,0.00
2024-06-02T00:00,23.3,4.1,345,83,0.00
2024-06-02T01:00,22.5,5.0,360,85,0.00
2024-06-02T02:00,21.8,5.5,349,86,0.00
2024-06-02T03:00,22.0,5.0,360,83,0.00
2024-06-02T04:00,22.5,5.1,4,78,0.00
2024-06-02T05:00,21.0,7.1,345,84,0.00
2024-06-02T06:00,23.0,4.0,350,77,0.00
2024-06-02T07:00,24.8,4.6,39,72,0.00
2024-06-02T08:00,25.8,4.6,45,76,0.00
2024-06-02T09:00,27.2,3.6,45,71,0.00
2024-06-02T10:00,28.0,5.4,37,70,0.00
2024-06-02T11:00,28.8,5.9,43,67,0.00
2024-06-02T12:00,29.5,6.4,38,62,0.00
2024-06-02T13:00,29.9,6.9,47,60,0.00
2024-06-02T14:00,29.9,6.9,51,59,0.00
2024-06-02T15:00,30.0,4.7,67,58,0.00
2024-06-02T16:00,29.0,5.3,118,60,0.00
2024-06-02T17:00,27.2,5.7,198,69,0.00
2024-06-02T18:00,25.6,2.6,236,83,0.00
2024-06-02T19:00,24.5,2.2,171,91,0.00
2024-06-02T20:00,23.5,2.3,231,93,0.00
2024-06-02T21:00,23.0,4.7,157,96,0.10
2024-06-02T22:00,22.8,2.7,157,97,0.10
2024-06-02T23:00,22.7,2.3,72,98,0.10
2024-06-03T00:00,22.5,5.4,70,98,0.10
2024-06-03T01:00,22.2,3.4,58,99,0.20
2024-06-03T02:00,22.4,2.2,81,98,0.10
2024-06-03T03:00,22.0,1.1,90,98,0.00
2024-06-03T04:00,21.9,1.8,90,98,0.00
2024-06-03T05:00,21.8,2.6,196,99,0.00
2024-06-03T06:00,22.5,3.6,307,95,0.00
2024-06-03T07:00,23.5,3.6,143,92,0.00
2024-06-03T08:00,24.8,3.0,166,85,0.00
2024-06-03T09:00,25.5,9.0,151,86,0.10
2024-06-03T10:00,26.3,6.9,171,82,0.20
2024-06-03T11:00,27.9,6.2,173,74,0.10
2024-06-03T12:00,29.1,8.7,163,70,0.00
2024-06-03T13:00,28.4,8.1,159,72,0.30
2024-06-03T14:00,28.1,5.4,228,73,0.10
2024-06-03T15:00,28.8,6.3,149,67,0.10
2024-06-03T16:00,26.0,1.5,45,78,1.20
2024-06-03T17:00,26.0,1.3,146,78,0.50
2024-06-03T18:00,24.8,5.1,98,88,0.00
2024-06-03T19:00,23.4,3.3,229,96,0.00
2024-06-03T20:00,23.5,2.3,108,94,0.50
2024-06-03T21:00,24.1,3.5,114,92,0.30
2024-06-03T22:00,23.2,1.6,207,96,0.10
2024-06-03T23:00,23.0,2.7,203,96,1.10
2024-06-04T00:00,22.5,2.2,180,97,0.10
2024-06-04T01:00,22.3,1.3,214,97,0.00
2024-06-04T02:00,22.5,1.9,68,94,0.00
2024-06-04T03:00,21.6,3.4,148,99,0.00
2024-06-04T04:00,21.2,2.4,243,99,0.00
2024-06-04T05:00,20.8,3.9,236,99,0.00
2024-06-04T06:00,21.5,4.8,283,96,0.00
2024-06-04T07:00,23.1,5.6,140,93,0.00
2024-06-04T08:00,24.0,6.9,133,89,0.00
2024-06-04T09:00,24.0,7.6,149,89,0.00
2024-06-04T10:00,25.3,5.5,148,85,0.00
2024-06-04T11:00,26.0,7.7,152,81,0.30
2024-06-04T12:00,26.8,6.6,158,82,0.20
2024-06-04T13:00,27.0,4.8,167,82,0.30
2024-06-04T14:00,26.0,4.5,104,83,4.60
2024-06-04T15:00,25.5,5.4,160,88,0.20
2024-06-04T16:00,25.3,5.5,148,87,0.20
2024-06-04T17:00,24.7,1.5,166,90,0.70
2024-06-04T18:00,24.1,2.8,140,91,0.60
2024-06-04T19:00,23.5,3.3,221,94,3.00
2024-06-04T20:00,23.4,3.1,201,95,0.10
2024-06-04T21:00,23.8,4.3,204,93,1.40
2024-06-04T22:00,23.4,2.3,231,94,0.20
2024-06-04T23:00,23.2,1.6,297,94,0.00
2024-06-05T00:00,23.4,1.1,18,89,0.00
2024-06-05T01:00,22.5,0.8,297,94,1.00
2024-06-05T02:00,22.6,0.5,315,90,0.30
2024-06-05T03:00,22.0,1.8,349,94,0.10
2024-06-05T04:00,22.7,0.8,333,86,0.00
2024-06-05T05:00,22.5,1.9,338,87,0.00
2024-06-05T06:00,22.3,0.0,270,90,0.00
2024-06-05T07:00,23.1,1.3,146,92,0.00
2024-06-05T08:00,24.6,2.6,146,86,0.00
2024-06-05T09:00,25.2,4.7,122,86,0.10
2024-06-05T10:00,26.6,4.3,114,80,0.00
2024-06-05T11:00,27.4,3.6,135,77,0.00
2024-06-05T12:00,27.9,5.6,165,73,0.00
2024-06-05T13:00,28.5,4.0,190,69,0.00
2024-06-05T14:00,27.9,5.1,129,68,0.50
2024-06-05T15:00,28.1,6.3,156,69,0.50
2024-06-05T16:00,25.5,7.4,247,81,7.60
2024-06-05T17:00,24.9,4.7,274,82,0.90
2024-06-05T18:00,24.7,2.9,330,87,0.50
2024-06-05T19:00,24.6,1.9,22,88,0.10
2024-06-05T20:00,23.5,4.4,351,92,0.60
2024-06-05T21:00,24.5,1.9,68,86,0.00
2024-06-05T22:00,24.1,1.1,90,90,0.00
2024-06-05T23:00,23.9,0.4,360,91,0.00
2024-06-06T00:00,23.2,3.4,198,92,0.00
2024-06-06T01:00,22.2,7.6,87,97,0.10
2024-06-06T02:00,22.0,7.1,294,94,0.10
2024-06-06T03:00,22.3,3.5,114,92,0.00
2024-06-06T04:00,21.9,1.1,360,95,0.00
2024-06-06T05:00,21.8,2.5,360,93,0.00
2024-06-06T06:00,22.4,1.3,34,90,0.00
2024-06-06T07:00,23.3,2.3,129,91,0.00
2024-06-06T08:00,24.4,3.3,131,89,0.00
2024-06-06T09:00,25.5,5.9,128,85,0.00
2024-06-06T10:00,25.9,3.6,143,82,0.00
2024-06-06T11:00,27.4,4.4,189,72,0.00
2024-06-06T12:00,28.2,6.6,171,67,0.00
2024-06-06T13:00,28.0,9.5,171,68,0.30
2024-06-06T14:00,26.2,7.9,270,77,2.80
2024-06-06T15:00,27.6,3.6,186,67,0.00
2024-06-06T16:00,24.9,7.3,189,82,0.00
2024-06-06T17:00,24.5,5.5,148,84,0.00
2024-06-06T18:00,23.9,4.7,81,87,0.00
2024-06-06T19:00,22.8,1.8,53,94,0.00
2024-06-06T20:00,22.6,4.0,355,94,0.00
2024-06-06T21:00,23.0,2.1,121,94,0.00
2024-06-06T22:00,23.1,0.7,90,92,0.00
2024-06-06T23:00,22.4,2.9,330,96,0.00
2024-06-07T00:00,22.9,2.5,180,93,0.00
2024-06-07T01:00,22.4,2.1,149,96,0.10
2024-06-07T02:00,22.0,1.9,248,98,0.20
2024-06-07T03:00,22.2,2.2,270,97,0.80
2024-06-07T04:00,22.4,0.8,63,95,1.00
2024-06-07T05:00,21.9,2.3,141,98,0.30
2024-06-07T06:00,22.0,2.3,198,98,0.10
2024-06-07T07:00,23.0,2.5,172,93,0.00
2024-06-07T08:00,24.3,3.8,163,86,0.00
2024-06-07T09:00,25.0,4.7,122,86,0.00
2024-06-07T10:00,25.6,5.1,129,86,0.00
2024-06-07T11:00,26.3,0.8,153,82,0.00
2024-06-07T12:00,28.0,2.1,149,71,0.00
2024-06-07T13:00,28.0,5.8,150,72,0.00
2024-06-07T14:00,28.0,5.6,207,72,0.00
2024-06-07T15:00,27.1,8.0,172,74,1.20
2024-06-07T16:00,26.1,2.2,189,79,0.50
2024-06-07T17:00,25.8,5.1,86,81,0.00
2024-06-07T18:00,24.1,3.1,144,93,0.10
2024-06-07T19:00,24.0,2.8,230,93,1.00
2024-06-07T20:00,23.7,1.9,68,94,0.00
2024-06-07T21:00,23.2,2.3,108,94,1.20
2024-06-07T22:00,23.0,2.3,231,94,0.70
2024-06-07T23:00,22.8,1.6,63,96,0.10
2024-06-08T00:00,22.0,3.7,331,97,0.00
2024-06-08T01:00,22.6,1.5,315,94,0.00
2024-06-08T02:00,22.5,1.8,101,95,0.00
2024-06-08T03:00,22.2,2.8,320,94,0.00
2024-06-08T04:00,21.9,3.3,354,93,0.00
2024-06-08T05:00,21.6,4.4,351,90,0.00
2024-06-08T06:00,22.8,2.2,351,87,0.00
2024-06-08T07:00,24.3,2.3,39,80,0.00
2024-06-08T08:00,25.3,4.4,99,78,0.00
2024-06-08T09:00,26.0,1.9,112,76,0.00
2024-06-08T10:00,27.0,1.8,143,71,0.00
2024-06-08T11:00,27.6,2.5,172,69,0.00
2024-06-08T12:00,28.0,2.7,203,69,0.00
2024-06-08T13:00,28.2,5.4,270,68,0.10
2024-06-08T14:00,26.8,8.0,153,74,2.70
2024-06-08T15:00,24.4,2.9,353,86,8.40
2024-06-08T16:00,23.1,0.8,333,94,1.50
2024-06-08T17:00,23.8,1.0,45,88,1.70
2024-06-08T18:00,23.6,1.1,270,89,1.10
2024-06-08T19:00,23.4,0.4,360,92,0.20
2024-06-08T20:00,22.6,3.6,186,94,0.00
2024-06-08T21:00,23.0,1.8,217,95,0.50
2024-06-08T22:00,23.2,1.1,342,95,0.10
2024-06-08T23:00,23.0,1.8,79,96,0.00
2024-06-09T00:00,22.5,2.3,162,98,0.00
2024-06-09T01:00,22.0,3.2,180,100,0.00
2024-06-09T02:00,21.8,1.1,288,99,0.00
2024-06-09T03:00,22.0,2.6,304,97,0.00
2024-06-09T04:00,21.6,2.5,352,96,0.00
2024-06-09T05:00,21.2,2.9,330,95,0.00
2024-06-09T06:00,22.0,2.3,342,90,0.00
2024-06-09T07:00,23.4,3.3,347,89,0.00
2024-06-09T08:00,24.8,4.3,90,85,0.00
2024-06-09T09:00,26.2,3.9,124,76,0.00
2024-06-09T10:00,27.0,3.3,131,73,0.00
2024-06-09T11:00,28.0,2.8,140,67,0.00
2024-06-09T12:00,28.7,4.2,160,65,0.00
2024-06-09T13:00,28.2,1.8,169,67,0.00
2024-06-09T14:00,28.6,3.8,197,64,0.10
2024-06-09T15:00,25.1,10.4,88,83,0.10
2024-06-09T16:00,24.0,4.3,132,89,0.30
2024-06-09T17:00,23.0,2.7,293,96,0.10
2024-06-09T18:00,23.5,3.9,124,90,0.80
2024-06-09T19:00,22.6,1.1,108,97,0.20
2024-06-09T20:00,22.6,2.1,31,96,0.10
2024-06-09T21:00,22.6,3.1,126,99,0.40
2024-06-09T22:00,23.0,1.3,236,96,0.60
2024-06-09T23:00,22.9,2.3,51,96,0.10
2024-06-10T00:00,22.9,0.0,270,95,0.00
2024-06-10T01:00,22.5,2.3,219,98,0.00
2024-06-10T02:00,22.8,0.8,297,94,0.00
2024-06-10T03:00,22.1,2.6,286,96,0.00
2024-06-10T04:00,23.2,1.8,281,87,0.00
2024-06-10T05:00,23.0,1.8,191,89,0.00
2024-06-10T06:00,22.5,2.0,225,94,0.00
2024-06-10T07:00,23.4,3.1,126,93,0.00
2024-06-10T08:00,24.1,1.8,143,89,0.00
2024-06-10T09:00,25.2,3.6,127,85,0.00
2024-06-10T10:00,25.6,3.8,131,83,0.00
2024-06-10T11:00,26.9,3.3,167,73,0.00
2024-06-10T12:00,25.0,2.6,326,81,1.00
2024-06-10T13:00,25.2,3.3,41,81,0.50
2024-06-10T14:00,25.5,3.6,90,81,0.40
2024-06-10T15:00,24.9,6.2,111,82,0.40
2024-06-10T16:00,24.8,2.7,337,86,0.40
2024-06-10T17:00,24.5,4.8,138,88,0.20
2024-06-10T18:00,23.4,2.5,188,96,0.10
2024-06-10T19:00,23.6,2.4,207,95,0.00
2024-06-10T20:00,22.6,4.9,163,97,0.00
2024-06-10T21:00,23.6,2.5,225,90,0.20
2024-06-10T22:00,22.5,4.1,165,95,0.00
2024-06-10T23:00,22.3,3.0,194,97,0.00
2024-06-11T00:00,23.0,2.1,301,91,0.00
2024-06-11T01:00,22.6,3.3,174,95,0.00
2024-06-11T02:00,22.4,2.3,129,96,0.00
2024-06-11T03:00,22.4,2.6,326,94,0.00
2024-06-11T04:00,22.5,2.9,97,93,0.00
2024-06-11T05:00,21.9,3.1,36,97,0.00
2024-06-11T06:00,21.8,2.8,220,97,0.00
2024-06-11T07:00,22.8,0.0,270,95,0.00
2024-06-11T08:00,24.0,5.1,141,89,0.10
2024-06-11T09:00,25.2,7.4,119,87,0.10
2024-06-11T10:00,26.4,7.9,120,82,0.00
2024-06-11T11:00,27.0,6.1,140,81,0.10
2024-06-11T12:00,27.5,3.2,180,78,0.00
2024-06-11T13:00,28.3,1.9,202,73,0.00
2024-06-11T14:00,28.2,5.2,56,69,0.20
2024-06-11T15:00,28.0,4.7,176,68,1.00
2024-06-11T16:00,24.4,4.5,151,87,0.90
2024-06-11T17:00,24.0,3.1,135,88,0.60
2024-06-11T18:00,23.0,1.8,217,94,1.60
2024-06-11T19:00,23.0,5.6,207,95,1.80
2024-06-11T20:00,22.6,2.5,98,96,0.10
2024-06-11T21:00,23.0,0.8,117,92,0.00
2024-06-11T22:00,22.1,1.5,135,99,0.00
2024-06-11T23:00,22.4,3.2,360,96,0.20
2024-06-12T00:00,22.0,3.2,27,96,0.00
2024-06-12T01:00,22.0,1.6,297,95,0.00
2024-06-12T02:00,21.6,1.5,284,95,0.00
2024-06-12T03:00,22.4,0.5,315,90,0.00
2024-06-12T04:00,22.4,1.3,146,90,0.00
2024-06-12T05:00,22.2,3.1,324,90,0.00
2024-06-12T06:00,22.0,1.1,360,92,0.00
2024-06-12T07:00,23.1,1.3,34,87,0.00
2024-06-12T08:00,23.8,3.3,103,88,0.00
2024-06-12T09:00,25.8,4.1,135,80,0.00
2024-06-12T10:00,26.8,5.1,141,77,0.00
2024-06-12T11:00,27.4,1.8,191,74,0.00
2024-06-12T12:00,28.0,3.3,167,69,0.00
2024-06-12T13:00,27.6,7.4,166,72,0.00
2024-06-12T14:00,25.9,8.0,175,82,0.00
2024-06-12T15:00,25.1,7.4,141,83,0.80
2024-06-12T16:00,24.4,9.5,299,83,1.30
2024-06-12T17:00,24.6,3.6,96,82,0.00
2024-06-12T18:00,23.8,1.3,124,89,0.10
2024-06-12T19:00,23.1,3.1,339,92,0.00
2024-06-12T20:00,23.7,2.1,211,89,0.00
2024-06-12T21:00,23.4,3.4,108,94,0.00
2024-06-12T22:00,23.4,2.5,278,93,0.00
2024-06-12T23:00,23.2,2.2,270,91,0.00
2024-06-13T00:00,23.5,1.8,191,88,0.00
2024-06-13T01:00,23.2,2.6,196,90,0.00
2024-06-13T02:00,22.5,2.7,157,96,0.00
2024-06-13T03:00,21.8,4.6,231,98,0.00
2024-06-13T04:00,22.1,3.3,174,96,0.00
2024-06-13T05:00,22.0,2.5,172,99,0.00
2024-06-13T06:00,22.4,2.1,211,96,0.00
2024-06-13T07:00,23.4,1.0,135,90,0.00
2024-06-13T08:00,24.0,3.7,119,88,0.00
2024-06-13T09:00,25.1,5.0,150,84,0.00
2024-06-13T10:00,26.1,5.5,148,76,0.10
2024-06-13T11:00,26.0,2.7,203,79,0.10
2024-06-13T12:00,26.5,8.0,162,71,0.90
2024-06-13T13:00,24.4,6.1,230,84,0.30
2024-06-13T14:00,24.0,6.6,131,91,1.50
2024-06-13T15:00,23.7,4.8,193,92,1.30
2024-06-13T16:00,23.7,4.7,203,91,1.70
2024-06-13T17:00,23.1,3.3,193,94,1.40
2024-06-13T18:00,23.0,3.9,158,96,0.30
2024-06-13T19:00,22.5,3.1,144,98,0.10
2024-06-13T20:00,22.3,1.4,180,98,0.10
2024-06-13T21:00,22.6,2.5,262,94,0.50
2024-06-13T22:00,22.0,2.9,180,97,0.00
2024-06-13T23:00,21.5,3.4,198,98,0.00
2024-06-14T00:00,21.6,2.2,171,99,0.00
2024-06-14T01:00,21.6,1.5,166,98,0.00
2024-06-14T02:00,20.8,3.9,158,100,0.00
2024-06-14T03:00,21.5,1.6,207,99,0.00
2024-06-14T04:00,21.5,1.6,207,99,0.00
2024-06-14T05:00,21.8,0.4,270,97,0.00
2024-06-14T06:00,22.0,1.8,180,96,0.00
2024-06-14T07:00,22.0,1.3,146,97,0.00
2024-06-14T08:00,23.0,4.0,153,94,0.00
2024-06-14T09:00,24.3,8.0,162,88,0.10
2024-06-14T10:00,25.6,6.5,174,81,0.10
2024-06-14T11:00,26.3,7.5,163,79,0.00
2024-06-14T12:00,27.0,8.0,172,79,0.00
2024-06-14T13:00,27.6,9.3,164,76,0.00
2024-06-14T14:00,26.8,8.3,175,77,0.40
2024-06-14T15:00,25.6,10.9,186,81,2.20
2024-06-14T16:00,25.2,1.1,180,82,0.20
2024-06-14T17:00,23.8,5.6,153,89,1.10
2024-06-14T18:00,23.2,5.2,205,92,0.20
2024-06-14T19:00,23.0,1.9,202,94,0.10
2024-06-14T20:00,22.6,2.2,171,96,0.10
2024-06-14T21:00,23.1,2.3,219,94,0.00
2024-06-14T22:00,23.0,1.9,202,91,0.00
2024-06-14T23:00,22.3,2.9,210,96,0.00
2024-06-15T00:00,22.0,2.4,243,97,0.10
2024-06-15T01:00,22.0,0.5,315,96,0.00
2024-06-15T02:00,21.8,2.3,231,97,0.00
2024-06-15T03:00,21.5,2.6,16,98,0.00
2024-06-15T04:00,21.1,1.1,270,98,0.00
2024-06-15T05:00,21.2,2.8,220,97,0.00
2024-06-15T06:00,21.0,2.0,225,99,0.00
2024-06-15T07:00,21.8,2.5,82,96,0.00
2024-06-15T08:00,22.8,6.2,100,92,0.00
2024-06-15T09:00,23.2,6.2,111,93,0.00
2024-06-15T10:00,25.3,4.9,107,83,0.00
2024-06-15T11:00,25.6,7.1,120,86,0.00
2024-06-15T12:00,26.2,3.2,180,83,2.00
2024-06-15T13:00,27.3,8.2,131,72,6.20
2024-06-15T14:00,24.8,2.6,74,84,14.30
2024-06-15T15:00,24.0,3.3,41,87,6.30
2024-06-15T16:00,24.6,4.8,103,84,4.00
2024-06-15T17:00,23.0,2.6,124,93,6.50
2024-06-15T18:00,23.0,1.9,68,93,1.90
2024-06-15T19:00,22.8,3.0,14,95,1.10
2024-06-15T20:00,22.5,1.4,360,97,0.50
2024-06-15T21:00,22.5,3.2,243,94,2.00
2024-06-15T22:00,22.2,2.4,27,94,0.10
2024-06-15T23:00,22.3,1.5,14,96,0.10
2024-06-16T00:00,22.2,1.4,360,96,0.50
2024-06-16T01:00,22.1,1.3,124,96,0.40
2024-06-16T02:00,21.9,1.8,307,97,0.20
2024-06-16T03:00,22.5,1.8,191,90,0.00
2024-06-16T04:00,22.3,2.5,172,91,0.00
2024-06-16T05:00,22.0,2.3,72,93,0.00
2024-06-16T06:00,21.9,1.8,259,95,0.00
2024-06-16T07:00,22.9,2.5,180,90,0.00
2024-06-16T08:00,23.5,4.7,148,91,0.00
2024-06-16T09:00,25.1,5.4,127,87,0.00
2024-06-16T10:00,26.2,4.4,125,85,0.00
2024-06-16T11:00,27.6,6.1,118,73,0.30
2024-06-16T12:00,28.1,7.1,156,71,1.30
2024-06-16T13:00,27.1,8.4,149,75,0.90
2024-06-16T14:00,26.1,2.2,261,74,1.40
2024-06-16T15:00,24.4,10.1,117,86,0.40
2024-06-16T16:00,23.6,2.1,329,90,0.80
2024-06-16T17:00,24.2,7.1,131,88,0.20
2024-06-16T18:00,22.9,4.3,138,96,0.60
2024-06-16T19:00,22.9,1.3,304,96,0.10
2024-06-16T20:00,22.9,0.5,315,96,0.00
2024-06-16T21:00,22.0,5.3,118,97,0.90
2024-06-16T22:00,22.0,0.8,63,96,0.50
2024-06-16T23:00,21.8,2.6,74,98,0.20
2024-06-17T00:00,21.5,1.1,72,97,0.10
2024-06-17T01:00,21.5,1.1,90,98,0.10
2024-06-17T02:00,21.5,1.9,22,97,0.00
2024-06-17T03:00,21.8,0.7,90,95,0.00
2024-06-17T04:00,21.8,0.4,90,95,0.00
2024-06-17T05:00,21.7,1.8,11,95,0.00
2024-06-17T06:00,21.8,1.5,14,94,0.00
2024-06-17T07:00,22.9,2.5,45,90,0.00
2024-06-17T08:00,24.0,1.8,79,86,0.00
2024-06-17T09:00,25.5,3.5,156,76,0.00
2024-06-17T10:00,26.2,3.1,159,72,0.00
2024-06-17T11:00,26.6,3.0,194,71,0.00
2024-06-17T12:00,27.7,5.4,143,67,0.00
2024-06-17T13:00,27.5,6.8,122,71,0.00
2024-06-17T14:00,26.8,7.2,117,78,0.00
2024-06-17T15:00,26.0,1.4,180,77,0.60
2024-06-17T16:00,24.9,4.1,128,81,5.80
2024-06-17T17:00,23.8,2.1,239,86,1.60
2024-06-17T18:00,23.5,2.9,187,90,0.30
2024-06-17T19:00,23.0,1.6,243,93,0.10
2024-06-17T20:00,23.0,2.3,288,93,0.00
2024-06-17T21:00,23.2,2.3,252,93,0.00
2024-06-17T22:00,22.7,2.7,247,96,0.00
2024-06-17T23:00,22.8,3.6,270,94,0.00
2024-06-18T00:00,22.9,1.5,284,92,0.00
2024-06-18T01:00,22.5,3.2,270,89,0.00
2024-06-18T02:00,21.6,5.2,304,91,0.00
2024-06-18T03:00,21.8,3.1,306,86,0.00
2024-06-18T04:00,21.2,1.8,307,88,0.00
2024-06-18T05:00,20.6,1.9,292,89,0.00
2024-06-18T06:00,22.0,2.9,300,84,0.00
2024-06-18T07:00,23.5,1.8,101,84,0.00
2024-06-18T08:00,24.1,3.8,107,84,0.00
2024-06-18T09:00,25.5,2.6,124,77,0.00
2024-06-18T10:00,26.5,1.3,146,72,0.00
2024-06-18T11:00,27.1,2.9,150,71,0.00
2024-06-18T12:00,28.0,4.1,142,70,0.00
2024-06-18T13:00,28.4,5.0,150,70,0.00
2024-06-18T14:00,28.1,8.8,171,70,0.00
2024-06-18T15:00,26.8,10.2,190,76,0.00
2024-06-18T16:00,24.0,1.5,104,87,1.80
2024-06-18T17:00,23.2,3.7,151,92,0.40
2024-06-18T18:00,22.2,2.0,135,96,3.80
2024-06-18T19:00,22.5,3.2,333,96,0.20
2024-06-18T20:00,22.1,4.6,135,98,0.40
2024-06-18T21:00,22.5,3.4,108,97,0.10
2024-06-18T22:00,22.1,3.1,126,98,0.20
2024-06-18T23:00,22.0,1.9,22,98,0.10
2024-06-19T00:00,22.0,1.8,217,98,0.20
2024-06-19T01:00,22.0,2.4,117,98,0.90
2024-06-19T02:00,21.9,2.3,162,98,0.30
2024-06-19T03:00,22.0,1.5,14,97,0.20
2024-06-19T04:00,21.9,2.6,106,99,0.00
2024-06-19T05:00,21.5,1.1,108,99,0.00
2024-06-19T06:00,21.9,3.5,204,98,0.00
2024-06-19T07:00,22.6,3.0,166,96,0.00
2024-06-19T08:00,23.2,6.2,144,94,0.00
2024-06-19T09:00,22.1,4.5,151,97,0.10
2024-06-19T10:00,23.1,3.1,144,94,0.40
2024-06-19T11:00,23.5,5.2,124,93,0.60
2024-06-19T12:00,22.7,8.3,124,98,0.90
2024-06-19T13:00,23.3,4.2,121,94,1.30
2024-06-19T14:00,23.8,5.4,127,90,0.60
2024-06-19T15:00,23.5,4.1,165,90,1.10
2024-06-19T16:00,23.6,4.8,138,89,0.80
2024-06-19T17:00,22.4,1.8,169,94,2.50
2024-06-19T18:00,22.2,3.6,186,96,1.60
2024-06-19T19:00,21.6,3.6,186,97,1.70
2024-06-19T20:00,21.1,3.6,217,98,0.90
2024-06-19T21:00,21.8,1.8,143,98,5.70
2024-06-19T22:00,21.8,2.5,135,98,4.30
2024-06-19T23:00,21.6,2.9,90,99,1.60
2024-06-20T00:00,21.5,2.2,99,99,0.60
2024-06-20T01:00,21.4,1.8,169,99,0.20
2024-06-20T02:00,21.2,3.5,156,99,0.10
2024-06-20T03:00,21.1,1.8,180,99,0.10
2024-06-20T04:00,21.1,1.5,194,99,0.10
2024-06-20T05:00,21.2,2.4,207,99,0.20
2024-06-20T06:00,21.4,2.9,173,99,0.30
2024-06-20T07:00,21.9,4.7,189,98,0.10
2024-06-20T08:00,22.9,6.5,161,92,0.20
2024-06-20T09:00,22.3,5.8,173,94,0.10
2024-06-20T10:00,22.6,6.5,174,92,0.10
2024-06-20T11:00,23.9,7.6,185,89,0.30
2024-06-20T12:00,24.5,9.0,185,88,0.40
2024-06-20T13:00,24.2,6.8,180,88,1.20
2024-06-20T14:00,24.3,8.6,182,88,1.10
2024-06-20T15:00,23.4,6.2,187,93,0.80
2024-06-20T16:00,23.5,6.2,170,93,1.10
2024-06-20T17:00,22.8,4.8,138,97,1.20
2024-06-20T18:00,22.2,4.0,153,98,1.10
2024-06-20T19:00,22.1,2.8,140,98,0.40
2024-06-20T20:00,21.9,2.2,180,100,0.40
2024-06-20T21:00,22.4,2.5,82,98,0.20
2024-06-20T22:00,22.3,1.8,79,95,0.40
2024-06-20T23:00,22.0,1.1,288,96,1.00
2024-06-21T00:00,22.1,0.7,180,95,0.30
2024-06-21T01:00,21.5,1.1,198,98,0.20
2024-06-21T02:00,21.5,1.5,225,98,0.10
2024-06-21T03:00,21.1,1.6,207,98,0.10
2024-06-21T04:00,21.4,2.3,288,96,0.10
2024-06-21T05:00,21.2,3.1,324,94,0.00
2024-06-21T06:00,21.5,1.0,135,93,0.00
2024-06-21T07:00,22.2,1.1,72,93,0.00
2024-06-21T08:00,23.4,4.8,117,90,0.00
2024-06-21T09:00,25.0,5.9,142,84,0.10
2024-06-21T10:00,25.9,7.2,183,80,0.10
2024-06-21T11:00,27.2,9.0,180,73,0.10
2024-06-21T12:00,27.5,10.5,174,73,0.10
2024-06-21T13:00,27.4,8.2,165,75,0.10
2024-06-21T14:00,27.9,7.9,164,72,0.20
2024-06-21T15:00,27.3,5.5,191,72,0.20
2024-06-21T16:00,26.3,6.9,189,76,0.00
2024-06-21T17:00,25.4,6.3,167,81,0.00
2024-06-21T18:00,23.7,3.4,198,91,0.00
2024-06-21T19:00,23.1,2.2,189,96,0.00
2024-06-21T20:00,22.8,3.4,252,96,0.00
2024-06-21T21:00,23.2,3.6,233,94,0.30
2024-06-21T22:00,22.8,3.4,122,97,0.30
2024-06-21T23:00,22.3,2.1,329,98,0.20
2024-06-22T00:00,22.5,1.5,14,96,0.10
2024-06-22T01:00,22.4,1.0,315,96,0.00
2024-06-22T02:00,22.6,1.0,225,92,0.00
2024-06-22T03:00,21.7,3.1,234,96,0.00
2024-06-22T04:00,22.8,1.5,225,87,0.00
2024-06-22T05:00,22.4,1.5,104,92,0.00
2024-06-22T06:00,22.0,1.8,360,94,0.00
2024-06-22T07:00,23.4,3.1,45,90,0.00
2024-06-22T08:00,24.9,4.8,77,86,0.00
2024-06-22T09:00,25.5,5.1,94,83,0.00
2024-06-22T10:00,26.0,2.5,90,80,0.00
2024-06-22T11:00,27.5,4.0,90,71,0.00
2024-06-22T12:00,26.0,7.8,77,82,6.70
2024-06-22T13:00,25.0,8.7,322,83,8.60
2024-06-22T14:00,26.0,6.9,6,81,0.20
2024-06-22T15:00,25.2,7.5,55,81,1.30
2024-06-22T16:00,24.6,4.5,29,85,0.50
2024-06-22T17:00,24.5,1.8,101,84,0.30
2024-06-22T18:00,24.0,1.0,135,87,0.00
2024-06-22T19:00,23.5,2.4,243,91,0.00
2024-06-22T20:00,23.4,1.4,270,91,0.00
2024-06-22T21:00,23.5,2.4,153,93,0.60
2024-06-22T22:00,22.9,2.0,135,98,0.40
2024-06-22T23:00,22.4,1.5,315,99,0.10
2024-06-23T00:00,22.4,1.8,53,98,0.20
2024-06-23T01:00,22.5,2.0,315,96,0.10
2024-06-23T02:00,22.5,1.8,217,95,0.00
2024-06-23T03:00,22.4,1.5,194,95,0.00
2024-06-23T04:00,22.1,1.1,342,96,0.00
2024-06-23T05:00,22.1,3.0,14,93,0.00
2024-06-23T06:00,22.1,0.8,333,91,0.00
2024-06-23T07:00,22.9,0.4,90,92,0.00
2024-06-23T08:00,24.3,1.9,68,86,0.00
2024-06-23T09:00,25.2,1.8,127,82,0.00
2024-06-23T10:00,26.5,4.7,90,76,0.00
2024-06-23T11:00,27.5,6.1,93,74,0.00
2024-06-23T12:00,27.6,5.8,97,71,0.50
2024-06-23T13:00,27.4,3.6,53,74,0.10
2024-06-23T14:00,27.5,10.1,17,75,0.10
2024-06-23T15:00,25.6,9.5,81,80,5.00
2024-06-23T16:00,24.0,5.9,308,84,5.10
2024-06-23T17:00,23.8,5.0,120,86,0.10
2024-06-23T18:00,22.8,1.8,349,95,0.10
2024-06-23T19:00,23.0,3.0,14,95,0.10
2024-06-23T20:00,23.2,1.9,22,90,0.10
2024-06-23T21:00,23.0,1.0,135,91,0.00
2024-06-23T22:00,22.0,2.7,293,96,0.00
2024-06-23T23:00,22.4,3.6,270,94,0.00
2024-06-24T00:00,22.3,2.2,351,91,0.00
2024-06-24T01:00,22.6,1.4,270,88,0.00
2024-06-24T02:00,22.5,1.1,270,86,0.00
2024-06-24T03:00,21.0,4.6,288,91,0.00
2024-06-24T04:00,21.1,2.1,301,87,0.00
2024-06-24T05:00,22.6,1.5,284,75,0.00
2024-06-24T06:00,21.8,3.7,169,86,0.00
2024-06-24T07:00,22.6,1.8,360,87,0.00
2024-06-24T08:00,24.0,4.6,135,83,0.00
2024-06-24T09:00,25.0,4.6,162,81,0.00
2024-06-24T10:00,25.8,6.6,135,78,0.00
2024-06-24T11:00,26.8,6.1,140,75,0.00
2024-06-24T12:00,27.0,3.9,158,71,0.00
2024-06-24T13:00,27.1,4.1,165,71,0.00
2024-06-24T14:00,27.0,4.3,42,72,0.10
2024-06-24T15:00,23.5,4.9,324,88,5.00
2024-06-24T16:00,24.5,2.2,261,81,0.60
2024-06-24T17:00,23.8,4.9,107,88,0.40
2024-06-24T18:00,22.9,2.1,149,89,1.20
2024-06-24T19:00,22.5,6.9,309,93,1.00
2024-06-24T20:00,22.9,1.8,323,92,0.20
2024-06-24T21:00,23.6,2.2,360,90,0.60
2024-06-24T22:00,23.4,2.5,352,90,0.50
2024-06-24T23:00,23.3,2.2,360,91,0.40
2024-06-25T00:00,23.1,3.2,360,90,0.20
2024-06-25T01:00,22.2,4.7,360,92,0.00
2024-06-25T02:00,22.0,4.6,18,91,0.00
2024-06-25T03:00,22.3,4.4,351,86,0.00
2024-06-25T04:00,21.6,5.4,340,86,0.00
2024-06-25T05:00,21.6,5.9,346,82,0.00
2024-06-25T06:00,22.7,4.1,345,80,0.00
2024-06-25T07:00,24.3,3.8,41,76,0.00
2024-06-25T08:00,25.4,5.0,360,73,0.00
2024-06-25T09:00,26.5,8.2,23,72,0.00
2024-06-25T10:00,26.8,8.4,40,75,0.00
2024-06-25T11:00,27.8,10.4,44,71,0.00
2024-06-25T12:00,28.0,9.7,39,69,0.30
2024-06-25T13:00,28.5,8.1,21,69,0.30
2024-06-25T14:00,28.7,8.7,38,69,0.00
2024-06-25T15:00,28.0,8.4,40,72,0.20
2024-06-25T16:00,24.5,6.6,22,83,7.30
2024-06-25T17:00,23.8,8.9,333,85,3.00
2024-06-25T18:00,23.9,2.2,9,89,0.30
2024-06-25T19:00,23.1,3.6,37,90,0.10
2024-06-25T20:00,22.7,4.3,336,91,0.00
2024-06-25T21:00,23.2,3.6,315,91,0.00
2024-06-25T22:00,23.5,2.9,300,87,0.00
2024-06-25T23:00,22.1,5.2,65,93,0.00
2024-06-26T00:00,23.5,2.1,239,87,0.00
2024-06-26T01:00,22.9,1.3,124,91,0.00
2024-06-26T02:00,21.5,5.5,281,95,0.00
2024-06-26T03:00,23.0,2.5,135,83,0.00
2024-06-26T04:00,22.0,3.9,292,92,0.00
2024-06-26T05:00,20.9,6.2,263,90,0.00
2024-06-26T06:00,21.9,3.7,151,91,0.00
2024-06-26T07:00,22.6,1.8,360,92,0.00
2024-06-26T08:00,23.2,4.0,90,89,0.00
2024-06-26T09:00,25.0,4.9,343,74,0.00
2024-06-26T10:00,25.0,5.3,332,73,0.10
2024-06-26T11:00,25.7,2.9,30,74,0.00
2024-06-26T12:00,26.1,3.3,354,74,0.00
2024-06-26T13:00,23.4,7.9,24,90,2.40
2024-06-26T14:00,23.7,8.4,313,86,3.10
2024-06-26T15:00,24.2,5.4,266,84,2.70
2024-06-26T16:00,24.0,6.0,123,89,1.80
2024-06-26T17:00,22.3,2.2,279,93,2.00
2024-06-26T18:00,22.7,3.9,248,91,1.40
2024-06-26T19:00,22.3,3.6,143,95,1.10
2024-06-26T20:00,21.9,8.1,212,96,1.10
2024-06-26T21:00,22.3,5.8,277,89,1.40
2024-06-26T22:00,22.2,2.6,236,93,0.30
2024-06-26T23:00,22.3,0.8,207,87,0.00
2024-06-27T00:00,21.3,3.5,246,93,0.00
2024-06-27T01:00,22.0,1.9,338,92,0.20
2024-06-27T02:00,21.5,2.8,40,94,0.10
2024-06-27T03:00,21.4,1.9,292,93,0.00
2024-06-27T04:00,22.2,0.8,297,84,0.00
2024-06-27T05:00,22.0,2.5,360,84,0.00
2024-06-27T06:00,21.6,2.6,16,86,0.00
2024-06-27T07:00,22.5,2.9,360,87,0.00
2024-06-27T08:00,23.9,2.9,90,84,0.00
2024-06-27T09:00,25.5,1.8,37,73,0.00
2024-06-27T10:00,26.5,2.0,45,69,0.00
2024-06-27T11:00,27.2,2.6,34,67,0.00
2024-06-27T12:00,28.1,2.7,23,65,0.00
2024-06-27T13:00,27.6,2.9,360,69,0.00
2024-06-27T14:00,27.9,8.0,342,67,0.00
2024-06-27T15:00,26.0,7.5,55,78,0.00
2024-06-27T16:00,24.7,5.8,360,84,0.20
2024-06-27T17:00,24.9,4.1,345,81,0.40
2024-06-27T18:00,23.8,4.1,15,90,0.00
2024-06-27T19:00,23.4,3.5,336,91,0.00
2024-06-27T20:00,23.0,3.2,333,90,0.00
2024-06-27T21:00,23.5,5.4,318,84,0.10
2024-06-27T22:00,23.0,3.2,333,86,0.10
2024-06-27T23:00,22.3,5.1,4,88,0.00
2024-06-28T00:00,21.9,5.1,352,88,0.00
2024-06-28T01:00,21.6,5.2,348,87,0.00
2024-06-28T02:00,21.5,5.4,352,86,0.00
2024-06-28T03:00,21.3,5.4,340,85,0.00
2024-06-28T04:00,21.0,6.0,343,84,0.00
2024-06-28T05:00,21.2,5.5,11,81,0.00
2024-06-28T06:00,22.0,4.0,360,82,0.00
2024-06-28T07:00,24.3,4.5,29,72,0.00
2024-06-28T08:00,25.4,4.9,36,72,0.00
2024-06-28T09:00,26.6,5.2,12,69,0.00
2024-06-28T10:00,27.2,8.0,27,70,0.00
2024-06-28T11:00,27.8,10.7,48,70,0.10
2024-06-28T12:00,28.1,11.5,49,70,0.10
2024-06-28T13:00,27.7,9.6,34,72,0.70
2024-06-28T14:00,27.8,7.5,35,72,0.00
2024-06-28T15:00,27.5,6.6,45,72,0.00
2024-06-28T16:00,27.1,5.4,42,73,0.00
2024-06-28T17:00,26.3,5.4,352,78,0.00
2024-06-28T18:00,25.0,5.2,344,81,0.00
2024-06-28T19:00,24.3,3.6,323,82,0.00
2024-06-28T20:00,23.5,4.0,355,85,0.00
2024-06-28T21:00,24.1,5.1,309,84,0.00
2024-06-28T22:00,23.4,4.6,321,85,0.00
2024-06-28T23:00,23.2,4.6,18,85,0.00
2024-06-29T00:00,22.6,4.5,346,86,0.00
2024-06-29T01:00,22.5,5.1,352,84,0.00
2024-06-29T02:00,21.5,6.2,7,87,0.20
2024-06-29T03:00,22.0,5.5,349,82,0.10
2024-06-29T04:00,21.5,5.8,353,85,0.00
2024-06-29T05:00,21.4,5.4,4,84,0.00
2024-06-29T06:00,22.4,4.2,340,81,0.00
2024-06-29T07:00,24.5,5.5,11,76,0.00
2024-06-29T08:00,25.5,4.2,20,74,0.00
2024-06-29T09:00,26.1,2.6,34,73,0.00
2024-06-29T10:00,26.7,3.9,34,73,0.00
2024-06-29T11:00,27.5,6.6,9,72,0.00
2024-06-29T12:00,28.2,6.4,27,69,0.00
2024-06-29T13:00,28.5,6.6,49,68,0.00
2024-06-29T14:00,28.4,5.9,43,68,0.00
2024-06-29T15:00,28.1,6.0,73,68,0.00
2024-06-29T16:00,27.8,7.6,65,70,0.00
2024-06-29T17:00,26.8,5.9,47,74,0.00
2024-06-29T18:00,25.0,4.4,9,83,0.00
2024-06-29T19:00,24.3,4.5,331,84,0.00
2024-06-29T20:00,23.8,6.4,313,84,0.00
2024-06-29T21:00,25.0,4.6,342,80,0.00
2024-06-29T22:00,24.4,3.4,342,83,0.10
2024-06-29T23:00,23.5,3.8,319,84,0.00
2024-06-30T00:00,23.0,2.8,320,83,0.00
2024-06-30T01:00,22.2,3.8,311,86,0.00
2024-06-30T02:00,23.9,2.2,180,74,0.00
2024-06-30T03:00,21.5,4.9,216,91,0.00
2024-06-30T04:00,23.0,3.5,246,79,0.00
2024-06-30T05:00,22.5,1.3,124,84,0.00
2024-06-30T06:00,22.0,2.8,310,87,0.00
2024-06-30T07:00,23.9,3.5,114,79,0.00
2024-06-30T08:00,24.2,3.9,146,85,0.00
2024-06-30T09:00,25.4,3.2,117,79,0.00
2024-06-30T10:00,26.5,4.7,86,73,0.00
2024-06-30T11:00,27.1,5.5,79,72,0.00
2024-06-30T12:00,27.1,7.2,84,73,0.00
2024-06-30T13:00,26.1,9.0,85,76,0.30
2024-06-30T14:00,24.0,5.4,20,89,2.10
2024-06-30T15:00,25.0,2.6,164,83,0.30
2024-06-30T16:00,23.9,5.2,192,88,2.70
2024-06-30T17:00,24.1,0.8,153,83,0.30
2024-06-30T18:00,23.1,3.4,148,90,0.90
2024-06-30T19:00,22.9,2.5,45,92,0.40
2024-06-30T20:00,22.9,2.3,198,94,0.20
2024-06-30T21:00,22.4,3.4,198,93,1.40
2024-06-30T22:00,22.4,1.5,135,94,0.20
2024-06-30T23:00,22.0,0.4,180,98,0.10
2024-07-01T00:00,21.9,1.3,146,97,0.00
2024-07-01T01:00,21.6,3.6,143,99,0.00
2024-07-01T02:00,21.5,2.2,189,99,0.00
2024-07-01T03:00,21.6,2.3,108,99,0.00
2024-07-01T04:00,21.4,1.8,169,99,0.00
2024-07-01T05:00,21.4,2.7,293,100,0.00
2024-07-01T06:00,21.5,0.5,135,99,0.10
2024-07-01T07:00,21.9,1.5,194,98,0.30
2024-07-01T08:00,22.6,3.1,159,94,0.60
2024-07-01T09:00,23.4,6.3,167,96,0.90
2024-07-01T10:00,24.3,5.9,166,91,0.60
2024-07-01T11:00,25.0,6.2,159,89,0.40
2024-07-01T12:00,24.5,2.6,146,85,3.80
2024-07-01T13:00,24.9,5.1,135,84,1.90
2024-07-01T14:00,24.3,1.8,143,88,1.10
2024-07-01T15:00,24.0,4.0,180,91,0.50
2024-07-01T16:00,24.0,0.7,90,88,0.30
2024-07-01T17:00,23.0,5.1,225,91,1.10
2024-07-01T18:00,23.2,2.3,252,91,0.70
2024-07-01T19:00,22.7,3.1,135,95,0.70
2024-07-01T20:00,22.5,1.1,180,95,0.10
2024-07-01T21:00,22.5,2.3,342,97,0.10
2024-07-01T22:00,22.1,4.4,99,95,0.40
2024-07-01T23:00,21.7,2.3,141,98,0.10
2024-07-02T00:00,21.5,1.6,207,98,0.20
2024-07-02T01:00,21.8,1.6,207,96,0.60
2024-07-02T02:00,21.5,1.9,158,98,0.60
2024-07-02T03:00,21.4,1.3,56,98,0.20
2024-07-02T04:00,21.5,2.1,31,98,0.00
2024-07-02T05:00,21.2,1.6,333,98,0.00
2024-07-02T06:00,21.8,2.5,360,96,0.20
2024-07-02T07:00,22.6,0.5,135,91,0.20
2024-07-02T08:00,23.9,1.1,162,85,0.10
2024-07-02T09:00,24.4,3.1,144,86,0.00
2024-07-02T10:00,25.8,5.3,152,84,0.00
2024-07-02T11:00,26.0,4.6,162,85,0.00
2024-07-02T12:00,27.1,2.2,180,76,0.10
2024-07-02T13:00,27.5,0.8,153,70,0.00
2024-07-02T14:00,25.0,7.8,103,85,0.00
2024-07-02T15:00,24.8,9.0,92,87,0.60
2024-07-02T16:00,23.9,4.3,360,92,0.80
2024-07-02T17:00,24.0,4.2,59,88,0.20
2024-07-02T18:00,22.6,6.5,19,96,0.40
2024-07-02T19:00,22.7,4.4,9,95,0.30
2024-07-02T20:00,22.5,3.0,346,95,0.10
2024-07-02T21:00,22.8,3.3,283,92,0.00
2024-07-02T22:00,23.1,1.9,68,88,0.00
2024-07-02T23:00,22.6,2.5,315,91,0.00
2024-07-03T00:00,23.1,3.3,319,84,0.00
2024-07-03T01:00,23.1,1.1,90,82,0.00
2024-07-03T02:00,22.7,2.3,162,86,0.00
2024-07-03T03:00,21.1,4.4,189,95,0.00
2024-07-03T04:00,21.4,1.9,248,98,0.00
2024-07-03T05:00,21.4,1.1,288,94,0.00
2024-07-03T06:00,21.0,1.0,315,99,0.00
2024-07-03T07:00,22.0,2.7,337,93,0.00
2024-07-03T08:00,23.1,3.2,117,90,0.00
2024-07-03T09:00,25.5,2.2,90,77,0.00
2024-07-03T10:00,26.6,3.3,84,74,0.00
2024-07-03T11:00,27.5,3.8,49,71,0.00
2024-07-03T12:00,27.9,4.5,29,70,0.00
2024-07-03T13:00,28.1,5.5,58,71,0.00
2024-07-03T14:00,28.2,4.2,59,70,0.10
2024-07-03T15:00,28.3,6.3,114,66,1.40
2024-07-03T16:00,25.9,3.8,197,80,0.40
2024-07-03T17:00,23.8,1.8,217,85,1.60
2024-07-03T18:00,23.5,6.5,341,86,3.20
2024-07-03T19:00,22.4,4.2,250,92,0.00
2024-07-03T20:00,22.8,2.1,149,91,0.00
2024-07-03T21:00,22.8,3.2,207,91,0.10
2024-07-03T22:00,22.4,3.7,191,92,0.00
2024-07-03T23:00,22.4,2.6,214,94,0.00
2024-07-04T00:00,21.0,4.2,211,98,0.00
2024-07-04T01:00,22.0,1.4,270,95,0.00
2024-07-04T02:00,21.5,2.3,219,97,0.00
2024-07-04T03:00,20.1,3.3,264,99,0.00
2024-07-04T04:00,21.2,3.1,225,97,0.00
2024-07-04T05:00,21.5,3.4,162,95,0.00
2024-07-04T06:00,20.8,1.8,180,100,0.00
2024-07-04T07:00,21.7,3.7,209,97,0.00
2024-07-04T08:00,23.0,5.8,158,91,0.00
2024-07-04T09:00,23.4,8.2,139,91,0.00
2024-07-04T10:00,24.5,8.6,147,85,0.40
2024-07-04T11:00,25.0,3.5,156,84,2.70
2024-07-04T12:00,25.8,6.8,148,81,3.60
2024-07-04T13:00,25.7,6.3,103,80,1.20
2024-07-04T14:00,25.6,3.9,158,80,0.40
2024-07-04T15:00,25.9,7.2,153,77,1.40
2024-07-04T16:00,23.4,5.9,223,86,9.50
2024-07-04T17:00,23.0,2.1,149,89,0.70
2024-07-04T18:00,23.0,1.4,270,87,0.80
2024-07-04T19:00,22.5,2.1,121,94,0.50
2024-07-04T20:00,22.3,2.1,329,94,0.30
2024-07-04T21:00,22.0,3.4,198,97,0.00
2024-07-04T22:00,22.1,1.0,135,96,0.10
2024-07-04T23:00,21.2,3.4,328,98,0.00
2024-07-05T00:00,21.6,2.8,230,94,0.00
2024-07-05T01:00,20.7,4.3,246,95,0.00
2024-07-05T02:00,22.0,2.9,187,88,0.00
2024-07-05T03:00,21.1,3.3,186,93,0.00
2024-07-05T04:00,21.4,2.6,214,93,0.00
2024-07-05T05:00,21.2,1.5,45,93,0.00
2024-07-05T06:00,20.8,2.3,342,95,0.00
2024-07-05T07:00,22.0,3.4,108,93,0.00
2024-07-05T08:00,23.0,1.1,72,87,0.00
2024-07-05T09:00,23.5,3.7,79,87,0.00
2024-07-05T10:00,24.8,4.5,76,82,0.00
2024-07-05T11:00,26.0,1.6,63,73,0.00
2024-07-05T12:00,26.5,2.6,124,73,0.00
2024-07-05T13:00,26.9,2.5,188,71,0.00
2024-07-05T14:00,27.0,5.4,180,71,0.00
2024-07-05T15:00,25.9,7.2,177,77,0.00
2024-07-05T16:00,24.1,7.1,120,85,0.70
2024-07-05T17:00,23.2,2.3,252,89,2.00
2024-07-05T18:00,23.5,1.5,104,88,0.40
2024-07-05T19:00,22.9,1.6,153,94,0.30
2024-07-05T20:00,22.5,2.8,230,96,0.20
2024-07-05T21:00,22.8,3.1,225,93,0.10
2024-07-05T22:00,22.7,2.4,207,95,0.00
2024-07-05T23:00,22.2,2.3,129,98,0.00
2024-07-06T00:00,22.0,2.3,219,98,0.00
2024-07-06T01:00,22.2,1.9,158,96,0.00
2024-07-06T02:00,20.6,5.2,124,100,0.00
2024-07-06T03:00,21.3,2.3,51,99,0.00
2024-07-06T04:00,21.1,5.1,309,98,0.00
2024-07-06T05:00,21.1,3.8,311,96,0.00
2024-07-06T06:00,21.4,4.2,329,93,0.00
2024-07-06T07:00,22.8,1.9,22,90,0.00
2024-07-06T08:00,23.8,4.0,90,88,0.00
2024-07-06T09:00,25.0,2.6,74,80,0.00
2024-07-06T10:00,25.8,2.6,74,76,0.00
2024-07-06T11:00,26.2,3.3,96,79,0.00
2024-07-06T12:00,27.0,3.3,276,75,0.00
2024-07-06T13:00,28.0,3.8,163,70,0.00
2024-07-06T14:00,28.4,6.9,141,66,0.40
2024-07-06T15:00,27.3,5.9,169,72,0.90
2024-07-06T16:00,24.6,9.4,67,86,0.10
2024-07-06T17:00,22.9,5.6,27,93,0.30
2024-07-06T18:00,22.3,3.7,331,94,0.20
2024-07-06T19:00,22.6,3.0,284,94,0.20
2024-07-06T20:00,22.8,2.1,329,93,0.10
2024-07-06T21:00,22.5,3.2,360,90,3.10
2024-07-06T22:00,22.5,5.4,323,89,0.10
2024-07-06T23:00,22.6,2.1,301,91,0.10
2024-07-07T00:00,22.0,2.8,320,91,0.00
2024-07-07T01:00,23.0,1.8,101,84,0.00
2024-07-07T02:00,22.9,4.2,301,83,0.00
2024-07-07T03:00,22.8,1.9,202,82,0.00
2024-07-07T04:00,21.8,5.5,281,84,0.00
2024-07-07T05:00,23.0,0.8,63,77,0.00
2024-07-07T06:00,21.5,4.1,322,88,0.00
2024-07-07T07:00,23.4,2.3,51,80,0.00
2024-07-07T08:00,24.4,3.3,96,82,0.00
2024-07-07T09:00,25.5,2.9,97,78,0.00
2024-07-07T10:00,26.6,3.7,119,74,0.00
2024-07-07T11:00,27.5,1.9,112,68,0.00
2024-07-07T12:00,28.0,3.7,119,68,0.00
2024-07-07T13:00,28.9,3.5,24,63,0.00
2024-07-07T14:00,27.8,6.0,115,70,0.20
2024-07-07T15:00,26.8,3.3,221,78,0.40
2024-07-07T16:00,26.2,2.2,189,81,0.10
2024-07-07T17:00,25.8,2.2,189,80,0.00
2024-07-07T18:00,23.6,4.0,10,87,0.80
2024-07-07T19:00,23.0,3.1,21,93,0.10
2024-07-07T20:00,22.5,2.3,342,95,0.40
2024-07-07T21:00,23.1,2.9,353,89,0.10
2024-07-07T22:00,22.7,1.6,207,90,0.00
2024-07-07T23:00,22.6,4.6,288,89,0.00
2024-07-08T00:00,22.0,2.3,321,93,0.00
2024-07-08T01:00,22.9,2.6,214,85,0.00
2024-07-08T02:00,21.3,4.7,247,92,0.00
2024-07-08T03:00,22.5,1.6,207,86,0.00
2024-07-08T04:00,21.0,4.9,343,91,0.00
2024-07-08T05:00,22.5,4.5,194,82,0.00
2024-07-08T06:00,21.7,2.1,301,92,0.00
2024-07-08T07:00,23.4,1.9,112,84,0.00
2024-07-08T08:00,23.8,5.0,159,89,0.00
2024-07-08T09:00,23.6,4.3,156,89,0.40
2024-07-08T10:00,24.6,5.6,165,86,0.10
2024-07-08T11:00,25.0,5.4,143,83,0.10
2024-07-08T12:00,25.6,5.9,169,78,0.20
2024-07-08T13:00,26.0,8.6,178,77,0.10
2024-07-08T14:00,25.0,6.0,197,83,0.00
2024-07-08T15:00,24.9,6.2,173,84,0.00
2024-07-08T16:00,24.4,5.1,172,88,0.00
2024-07-08T17:00,24.0,5.6,135,90,0.20
2024-07-08T18:00,22.8,1.8,143,95,1.20
2024-07-08T19:00,22.9,1.1,198,94,1.10
2024-07-08T20:00,23.0,2.5,180,91,0.40
2024-07-08T21:00,22.0,2.2,171,98,0.20
2024-07-08T22:00,22.1,1.1,162,98,0.30
2024-07-08T23:00,21.9,3.7,151,99,0.60
2024-07-09T00:00,21.9,4.0,185,98,0.50
2024-07-09T01:00,21.5,4.3,180,99,0.40
2024-07-09T02:00,21.5,2.3,162,98,1.20
2024-07-09T03:00,21.5,2.5,135,98,1.70
2024-07-09T04:00,21.2,0.8,63,100,1.80
2024-07-09T05:00,21.2,2.5,225,99,1.40
2024-07-09T06:00,21.5,1.8,233,94,0.60
2024-07-09T07:00,22.0,2.6,124,96,0.10
2024-07-09T08:00,23.0,3.6,174,90,0.00
2024-07-09T09:00,24.1,4.8,153,88,0.00
2024-07-09T10:00,25.5,5.5,148,82,0.10
2024-07-09T11:00,26.4,6.9,152,74,0.40
2024-07-09T12:00,26.0,3.9,202,79,0.60
2024-07-09T13:00,26.8,4.4,189,76,0.00
2024-07-09T14:00,27.8,9.6,160,69,0.00
2024-07-09T15:00,25.4,7.6,175,83,0.00
2024-07-09T16:00,24.3,5.9,166,87,0.10
2024-07-09T17:00,22.6,3.8,197,93,1.20
2024-07-09T18:00,23.2,4.1,195,91,1.20
2024-07-09T19:00,22.6,3.6,143,96,1.00
2024-07-09T20:00,22.2,3.7,169,97,0.50
2024-07-09T21:00,23.0,1.1,288,93,0.20
2024-07-09T22:00,22.8,1.9,158,96,0.70
2024-07-09T23:00,22.5,1.8,143,98,0.40
2024-07-10T00:00,22.3,2.5,180,98,0.10
2024-07-10T01:00,21.9,1.8,217,98,0.00
2024-07-10T02:00,21.5,2.9,187,99,0.00
2024-07-10T03:00,21.8,1.8,233,98,0.00
2024-07-10T04:00,21.6,2.0,225,98,0.00
2024-07-10T05:00,21.0,3.9,124,99,0.00
2024-07-10T06:00,21.3,2.1,329,99,0.00
2024-07-10T07:00,22.1,0.4,90,97,0.00
2024-07-10T08:00,23.1,4.5,151,92,0.00
2024-07-10T09:00,25.3,4.5,104,83,0.00
2024-07-10T10:00,26.3,7.2,127,79,0.00
2024-07-10T11:00,26.5,6.6,151,80,0.00
2024-07-10T12:00,27.0,4.9,216,78,0.00
2024-07-10T13:00,28.2,6.0,155,69,0.00
2024-07-10T14:00,27.4,3.8,139,74,0.00
2024-07-10T15:00,25.9,5.7,215,79,0.00
2024-07-10T16:00,25.6,3.4,122,78,0.00
2024-07-10T17:00,23.4,4.4,99,90,0.30
2024-07-10T18:00,23.0,2.4,27,93,0.30
2024-07-10T19:00,22.9,3.1,45,94,1.50
2024-07-10T20:00,22.8,2.5,90,95,1.10
2024-07-10T21:00,22.5,5.3,152,97,0.30
2024-07-10T22:00,22.2,1.8,191,97,0.20
2024-07-10T23:00,22.1,1.0,45,98,0.30
2024-07-11T00:00,22.1,3.3,354,97,0.40
2024-07-11T01:00,22.5,0.7,360,91,0.10
2024-07-11T02:00,21.4,2.5,262,97,0.00
2024-07-11T03:00,22.3,2.3,129,91,0.00
2024-07-11T04:00,21.8,1.3,214,96,0.00
2024-07-11T05:00,20.8,3.1,216,98,0.00
2024-07-11T06:00,21.5,2.5,278,96,0.00
2024-07-11T07:00,22.7,2.6,124,92,0.00
2024-07-11T08:00,23.0,7.5,145,94,0.00
2024-07-11T09:00,25.4,8.7,138,82,0.00
2024-07-11T10:00,25.5,4.8,153,84,0.10
2024-07-11T11:00,26.2,5.4,132,84,0.00
2024-07-11T12:00,27.0,7.0,145,80,0.30
2024-07-11T13:00,26.4,5.4,132,76,1.00
2024-07-11T14:00,25.8,3.5,204,84,2.30
2024-07-11T15:00,25.0,4.6,162,86,0.40
2024-07-11T16:00,22.9,4.6,141,94,3.60
2024-07-11T17:00,22.7,2.4,117,95,1.90
2024-07-11T18:00,22.5,1.8,127,93,3.70
2024-07-11T19:00,22.5,2.3,108,95,1.70
2024-07-11T20:00,22.2,1.8,169,97,0.60
2024-07-11T21:00,22.5,2.5,90,94,0.50
2024-07-11T22:00,22.2,2.6,124,97,0.40
2024-07-11T23:00,22.1,1.4,180,97,0.40
2024-07-12T00:00,22.0,1.9,158,97,0.20
2024-07-12T01:00,22.1,2.3,162,96,0.10
2024-07-12T02:00,21.8,2.9,150,98,0.10
2024-07-12T03:00,21.6,2.7,203,98,0.00
2024-07-12T04:00,21.1,3.3,167,98,0.00
2024-07-12T05:00,20.9,2.6,164,99,0.00
2024-07-12T06:00,21.1,2.7,203,99,0.00
2024-07-12T07:00,22.0,3.1,144,97,0.00
2024-07-12T08:00,23.0,5.7,145,92,0.00
2024-07-12T09:00,24.2,5.6,140,87,0.10
2024-07-12T10:00,25.1,6.1,135,82,0.10
2024-07-12T11:00,25.3,4.3,185,81,0.20
2024-07-12T12:00,26.4,4.8,153,78,0.10
2024-07-12T13:00,25.8,6.7,164,77,0.30
2024-07-12T14:00,25.0,5.7,198,81,0.40
2024-07-12T15:00,24.0,2.6,146,84,0.10
2024-07-12T16:00,23.4,4.2,121,88,1.20
2024-07-12T17:00,22.2,1.3,124,97,1.70
2024-07-12T18:00,22.3,2.6,146,96,0.80
2024-07-12T19:00,22.2,2.3,51,95,0.30
2024-07-12T20:00,22.1,1.3,124,96,0.20
2024-07-12T21:00,22.0,2.9,210,97,0.50
2024-07-12T22:00,22.0,3.2,207,97,1.30
2024-07-12T23:00,21.9,3.5,204,97,0.10
2024-07-13T00:00,21.7,4.3,228,97,0.20
2024-07-13T01:00,21.8,3.9,202,96,0.10
2024-07-13T02:00,21.4,2.2,180,98,0.00
2024-07-13T03:00,21.3,4.3,180,99,0.10
2024-07-13T04:00,21.1,4.4,215,99,0.10
2024-07-13T05:00,20.9,3.3,257,98,0.00
2024-07-13T06:00,20.9,3.1,249,98,0.00
2024-07-13T07:00,21.5,6.4,227,95,0.10
2024-07-13T08:00,22.0,4.2,160,94,0.10
2024-07-13T09:00,23.3,9.2,138,91,0.40
2024-07-13T10:00,24.0,7.2,153,88,0.60
2024-07-13T11:00,24.9,8.4,160,84,1.20
2024-07-13T12:00,25.1,8.2,157,84,1.50
2024-07-13T13:00,25.9,9.2,135,79,5.60
2024-07-13T14:00,24.1,2.7,157,89,14.30
2024-07-13T15:00,23.4,7.0,145,89,5.20
2024-07-13T16:00,23.2,3.1,159,92,0.60
2024-07-13T17:00,22.8,3.5,156,94,0.80
2024-07-13T18:00,22.4,3.6,143,97,0.50
2024-07-13T19:00,22.0,4.3,138,97,0.50
2024-07-13T20:00,21.9,4.3,138,98,0.40
2024-07-13T21:00,21.8,4.1,142,98,0.70
2024-07-13T22:00,21.8,4.9,144,98,0.50
2024-07-13T23:00,21.5,4.1,135,99,0.60
2024-07-14T00:00,21.2,4.7,157,99,0.60
2024-07-14T01:00,21.0,4.5,166,99,0.60
2024-07-14T02:00,21.0,3.4,162,99,0.70
2024-07-14T03:00,21.0,3.9,158,99,0.50
2024-07-14T04:00,21.0,3.8,139,99,0.70
2024-07-14T05:00,20.9,2.9,150,98,0.70
2024-07-14T06:00,20.9,2.7,113,98,0.30
2024-07-14T07:00,21.0,2.0,135,99,0.20
2024-07-14T08:00,21.5,5.5,122,98,0.10
2024-07-14T09:00,22.0,5.6,135,93,0.30
2024-07-14T10:00,22.4,6.9,141,93,0.20
2024-07-14T11:00,23.6,6.1,135,87,0.30
2024-07-14T12:00,24.7,5.4,110,86,0.10
2024-07-14T13:00,24.0,6.4,142,88,0.60
2024-07-14T14:00,23.5,3.1,159,89,1.90
2024-07-14T15:00,23.0,5.6,105,91,1.30
2024-07-14T16:00,22.6,1.0,135,92,1.50
2024-07-14T17:00,22.4,3.9,158,93,1.70
2024-07-14T18:00,22.2,1.1,288,93,1.50
2024-07-14T19:00,22.2,0.5,45,96,0.80
2024-07-14T20:00,22.0,1.0,135,97,0.50
2024-07-14T21:00,21.7,2.9,187,97,0.30
2024-07-14T22:00,21.5,2.9,83,98,0.80
2024-07-14T23:00,21.4,0.7,90,99,2.10
2024-07-15T00:00,21.1,3.2,63,99,3.50
2024-07-15T01:00,21.0,2.7,23,98,1.60
2024-07-15T02:00,20.8,3.2,90,100,0.20
2024-07-15T03:00,20.7,1.8,127,99,0.20
2024-07-15T04:00,20.5,3.3,49,99,0.10
2024-07-15T05:00,20.9,1.3,34,98,0.10
2024-07-15T06:00,20.7,3.9,146,100,0.50
2024-07-15T07:00,21.2,2.3,141,98,0.40
2024-07-15T08:00,22.0,6.4,128,95,0.10
2024-07-15T09:00,24.0,7.2,153,91,0.30
2024-07-15T10:00,24.0,5.6,140,84,8.00
2024-07-15T11:00,23.7,4.1,165,90,1.00
2024-07-15T12:00,25.4,3.8,131,86,0.30
2024-07-15T13:00,25.1,4.1,128,88,3.30
2024-07-15T14:00,25.1,6.6,119,83,1.70
2024-07-15T15:00,24.4,7.6,149,86,19.70
2024-07-15T16:00,23.4,2.3,141,91,2.80
2024-07-15T17:00,22.6,5.7,215,94,3.40
2024-07-15T18:00,22.9,4.9,144,94,1.40
2024-07-15T19:00,22.0,4.9,107,99,1.50
2024-07-15T20:00,22.0,3.3,167,98,0.60
2024-07-15T21:00,21.9,2.3,141,98,0.60
2024-07-15T22:00,21.8,1.5,135,98,0.30
2024-07-15T23:00,21.9,3.3,167,98,0.30
2024-07-16T00:00,21.6,4.0,180,98,0.20
2024-07-16T01:00,21.4,4.7,122,99,0.70
2024-07-16T02:00,21.0,3.9,146,99,1.10
2024-07-16T03:00,21.0,2.4,207,99,0.90
2024-07-16T04:00,21.0,1.9,202,98,0.00
2024-07-16T05:00,21.0,2.5,172,99,0.00
2024-07-16T06:00,21.2,3.9,158,99,0.00
2024-07-16T07:00,21.6,4.7,171,100,0.70
2024-07-16T08:00,22.0,4.6,162,100,1.60
2024-07-16T09:00,22.8,6.8,148,92,7.00
2024-07-16T10:00,23.2,5.4,143,92,7.80
2024-07-16T11:00,24.7,6.1,130,91,0.80
2024-07-16T12:00,24.1,8.4,137,89,9.30
2024-07-16T13:00,24.7,6.3,149,87,3.10
2024-07-16T14:00,24.4,6.9,141,88,7.40
2024-07-16T15:00,23.2,6.0,115,93,4.10
2024-07-16T16:00,22.9,6.5,124,96,2.20
2024-07-16T17:00,22.0,5.6,165,98,2.60
2024-07-16T18:00,22.2,2.1,149,96,2.20
2024-07-16T19:00,21.5,5.6,105,99,1.20
2024-07-16T20:00,21.4,4.1,142,99,0.20
2024-07-16T21:00,21.5,4.1,52,98,0.80
2024-07-16T22:00,21.4,1.8,79,98,0.60
2024-07-16T23:00,21.4,3.0,104,98,0.40
2024-07-17T00:00,21.3,2.7,157,99,1.00
2024-07-17T01:00,21.2,2.9,180,100,0.70
2024-07-17T02:00,21.0,2.3,162,100,0.20
2024-07-17T03:00,21.0,3.9,158,100,0.10
2024-07-17T04:00,21.1,3.4,162,99,0.50
2024-07-17T05:00,21.1,4.7,176,99,0.90
2024-07-17T06:00,21.1,5.6,153,100,0.90
2024-07-17T07:00,21.5,6.5,161,99,0.80
2024-07-17T08:00,22.0,9.2,154,95,0.50
2024-07-17T09:00,22.2,9.9,161,96,0.70
2024-07-17T10:00,23.5,9.4,162,93,0.30
2024-07-17T11:00,24.7,9.2,169,91,0.50
2024-07-17T12:00,23.9,9.2,169,91,6.70
2024-07-17T13:00,24.3,7.1,165,93,6.40
2024-07-17T14:00,24.0,12.4,144,91,7.30
2024-07-17T15:00,23.6,7.2,177,91,9.70
2024-07-17T16:00,22.8,9.3,144,94,1.90
2024-07-17T17:00,23.0,5.4,160,94,1.70
2024-07-17T18:00,22.6,4.1,142,98,0.50
2024-07-17T19:00,22.3,5.1,172,98,0.80
2024-07-17T20:00,22.1,4.2,149,98,0.90
2024-07-17T21:00,22.4,4.6,162,99,0.70
2024-07-17T22:00,22.4,3.9,158,99,0.80
2024-07-17T23:00,22.1,4.2,149,98,1.20
2024-07-18T00:00,21.9,3.9,158,99,1.00
2024-07-18T01:00,21.8,4.6,162,99,0.90
2024-07-18T02:00,21.6,4.3,156,99,0.80
2024-07-18T03:00,21.6,4.4,171,100,0.80
2024-07-18T04:00,21.6,3.2,153,100,0.50
2024-07-18T05:00,21.6,4.7,148,100,0.50
2024-07-18T06:00,21.6,5.4,160,100,0.70
2024-07-18T07:00,21.7,6.6,167,100,0.60
2024-07-18T08:00,22.0,7.2,162,98,0.30
2024-07-18T09:00,22.5,6.9,174,95,0.60
2024-07-18T10:00,22.7,8.0,170,98,1.20
2024-07-18T11:00,23.4,7.0,168,95,0.80
2024-07-18T12:00,23.5,8.0,162,90,0.70
2024-07-18T13:00,23.8,7.3,169,87,1.10
2024-07-18T14:00,23.4,8.0,170,94,0.90
2024-07-18T15:00,23.0,8.7,163,92,0.80
2024-07-18T16:00,22.8,5.6,165,94,0.90
2024-07-18T17:00,22.4,4.6,162,96,1.70
2024-07-18T18:00,22.0,3.3,167,98,1.70
2024-07-18T19:00,21.9,3.4,148,98,1.20
2024-07-18T20:00,21.6,3.2,180,99,0.80
2024-07-18T21:00,22.0,3.8,163,98,2.10
2024-07-18T22:00,21.9,4.2,160,98,1.40
2024-07-18T23:00,21.7,4.5,166,99,0.70
2024-07-19T00:00,21.5,3.8,139,100,0.20
2024-07-19T01:00,21.4,4.9,163,100,0.00
2024-07-19T02:00,21.1,5.1,176,100,0.10
2024-07-19T03:00,21.1,4.4,189,100,0.40
2024-07-19T04:00,21.1,6.2,173,100,0.30
2024-07-19T05:00,21.0,5.8,184,100,0.20
2024-07-19T06:00,21.0,4.8,167,100,0.20
2024-07-19T07:00,21.1,6.6,158,99,0.20
2024-07-19T08:00,21.5,8.4,170,97,0.30
2024-07-19T09:00,22.0,8.1,148,95,1.10
2024-07-19T10:00,22.8,6.3,149,98,1.10
2024-07-19T11:00,22.6,6.6,151,93,1.90
2024-07-19T12:00,24.0,8.3,146,93,1.50
2024-07-19T13:00,24.7,6.8,148,91,10.10
2024-07-19T14:00,23.6,7.4,157,92,13.80
2024-07-19T15:00,23.0,2.9,180,93,4.60
2024-07-19T16:00,23.2,7.7,169,95,2.70
2024-07-19T17:00,22.5,4.2,211,94,5.30
2024-07-19T18:00,22.4,2.6,214,96,2.10
2024-07-19T19:00,22.1,1.1,162,98,2.10
2024-07-19T20:00,22.2,1.5,194,97,1.50
2024-07-19T21:00,22.1,2.5,172,99,0.00
2024-07-19T22:00,21.9,2.3,198,99,0.00
2024-07-19T23:00,21.6,2.3,141,100,0.00
2024-07-20T00:00,21.3,3.1,144,100,0.00
2024-07-20T01:00,21.4,2.3,141,100,0.00
2024-07-20T02:00,20.9,3.2,153,100,0.10
2024-07-20T03:00,21.1,2.5,172,100,0.00
2024-07-20T04:00,21.4,3.1,144,99,0.00
2024-07-20T05:00,21.1,1.8,169,100,0.10
2024-07-20T06:00,21.2,2.8,230,100,0.00
2024-07-20T07:00,21.9,5.4,160,96,0.10
2024-07-20T08:00,22.7,7.1,165,92,0.20
2024-07-20T09:00,23.6,8.9,148,91,0.10
2024-07-20T10:00,24.0,7.8,167,92,0.30
2024-07-20T11:00,25.5,7.4,157,86,0.20
2024-07-20T12:00,26.9,10.1,153,80,0.30
2024-07-20T13:00,26.2,9.5,151,82,21.40
2024-07-20T14:00,25.8,4.4,145,83,9.70
2024-07-20T15:00,24.6,4.3,175,87,9.90
2024-07-20T16:00,23.9,7.7,169,87,1.00
2024-07-20T17:00,23.0,2.7,113,94,1.20
2024-07-20T18:00,22.5,4.1,142,97,0.30
2024-07-20T19:00,22.2,2.4,207,98,0.10
2024-07-20T20:00,22.5,1.5,45,96,0.00
2024-07-20T21:00,22.2,1.3,236,98,0.50
2024-07-20T22:00,22.2,1.6,153,98,0.70
2024-07-20T23:00,22.0,1.4,180,98,0.60
2024-07-21T00:00,22.0,1.4,180,99,0.50
2024-07-21T01:00,21.9,2.3,141,100,0.60
2024-07-21T02:00,21.8,3.9,146,99,0.60
2024-07-21T03:00,21.6,3.3,167,99,0.50
2024-07-21T04:00,21.5,2.1,121,99,0.10
2024-07-21T05:00,21.5,3.3,96,99,0.10
2024-07-21T06:00,21.3,1.9,112,100,0.20
2024-07-21T07:00,21.7,0.8,153,98,0.20
2024-07-21T08:00,22.6,4.7,180,94,0.10
2024-07-21T09:00,25.0,10.6,162,86,0.10
2024-07-21T10:00,25.4,12.4,163,86,0.00
2024-07-21T11:00,25.7,11.3,158,84,0.00
2024-07-21T12:00,26.2,10.3,151,83,0.20
2024-07-21T13:00,26.7,9.1,162,82,2.70
2024-07-21T14:00,25.9,5.4,160,83,5.60
2024-07-21T15:00,25.1,4.8,153,84,1.50
2024-07-21T16:00,24.4,6.9,133,89,1.70
2024-07-21T17:00,23.0,2.5,90,94,3.50
2024-07-21T18:00,22.5,1.9,22,96,0.10
2024-07-21T19:00,22.6,3.2,360,96,0.20
2024-07-21T20:00,22.5,1.0,135,96,0.10
2024-07-21T21:00,23.0,0.8,63,92,0.00
2024-07-21T22:00,22.6,2.2,90,94,0.00
2024-07-21T23:00,22.6,2.4,243,94,0.00
2024-07-22T00:00,22.3,3.3,77,95,0.00
2024-07-22T01:00,22.0,2.0,135,98,0.00
2024-07-22T02:00,21.6,2.8,220,98,0.00
2024-07-22T03:00,20.6,4.4,235,98,0.00
2024-07-22T04:00,21.8,2.3,231,94,0.00
2024-07-22T05:00,21.6,0.8,117,94,0.00
2024-07-22T06:00,21.2,1.5,225,97,0.00
2024-07-22T07:00,21.9,2.3,129,96,0.00
2024-07-22T08:00,23.4,4.6,162,90,0.00
2024-07-22T09:00,25.0,6.6,171,80,0.00
2024-07-22T10:00,26.0,12.2,161,80,0.00
2024-07-22T11:00,25.6,11.1,167,85,0.00
2024-07-22T12:00,26.5,13.7,178,75,0.50
2024-07-22T13:00,25.7,8.8,171,81,0.10
2024-07-22T14:00,25.0,8.0,162,84,0.30
2024-07-22T15:00,25.5,8.7,163,82,1.80
2024-07-22T16:00,25.1,6.3,149,85,2.00
2024-07-22T17:00,23.8,5.7,145,91,0.40
2024-07-22T18:00,23.2,2.5,180,96,0.00
2024-07-22T19:00,23.0,3.3,174,97,0.00
2024-07-22T20:00,22.8,3.3,193,97,0.00
2024-07-22T21:00,22.6,2.5,172,96,0.00
2024-07-22T22:00,22.2,3.0,166,96,0.10
2024-07-22T23:00,21.8,3.1,159,98,0.00
2024-07-23T00:00,21.6,4.0,175,99,0.00
2024-07-23T01:00,21.5,2.9,173,99,0.00
2024-07-23T02:00,21.5,4.6,162,99,0.00
2024-07-23T03:00,21.6,4.7,157,99,0.00
2024-07-23T04:00,21.5,5.5,157,99,0.00
2024-07-23T05:00,21.5,4.0,190,99,0.00
2024-07-23T06:00,21.6,4.3,180,99,0.00
2024-07-23T07:00,22.0,5.4,176,98,0.00
2024-07-23T08:00,23.6,8.1,167,91,0.10
2024-07-23T09:00,23.9,9.8,156,89,0.10
2024-07-23T10:00,24.4,11.1,144,89,0.00
2024-07-23T11:00,25.0,11.9,145,88,0.10
2024-07-23T12:00,25.0,8.4,149,89,0.30
2024-07-23T13:00,25.6,9.6,146,86,0.10
2024-07-23T14:00,26.1,9.7,158,83,0.50
2024-07-23T15:00,26.0,9.2,169,77,0.60
2024-07-23T16:00,26.0,9.4,157,77,0.00
2024-07-23T17:00,25.4,7.3,147,79,0.00
2024-07-23T18:00,23.8,4.3,180,91,0.00
2024-07-23T19:00,23.6,4.0,207,89,0.00
2024-07-23T20:00,23.1,2.4,207,94,0.00
2024-07-23T21:00,22.6,3.3,139,93,0.00
2024-07-23T22:00,22.4,1.9,112,95,0.00
2024-07-23T23:00,22.2,2.4,153,95,0.00
2024-07-24T00:00,21.8,3.3,193,98,0.00
2024-07-24T01:00,21.5,3.6,143,98,0.00
2024-07-24T02:00,21.1,3.3,131,100,0.00
2024-07-24T03:00,20.9,3.7,169,100,0.00
2024-07-24T04:00,21.2,3.0,166,99,0.00
2024-07-24T05:00,20.6,3.8,131,100,0.00
2024-07-24T06:00,21.2,3.1,144,99,0.00
2024-07-24T07:00,21.8,4.2,149,98,0.00
2024-07-24T08:00,22.6,8.0,153,97,0.10
2024-07-24T09:00,23.3,7.0,125,94,0.20
2024-07-24T10:00,24.0,8.7,138,85,0.50
2024-07-24T11:00,25.1,8.7,150,84,0.70
2024-07-24T12:00,25.9,10.8,154,85,0.80
2024-07-24T13:00,26.8,11.5,166,82,0.30
2024-07-24T14:00,27.3,10.3,155,79,0.40
2024-07-24T15:00,26.4,6.8,148,78,10.40
2024-07-24T16:00,25.0,2.3,141,85,1.00
2024-07-24T17:00,24.9,1.8,169,86,0.00
2024-07-24T18:00,23.9,3.7,209,92,0.00
2024-07-24T19:00,23.4,3.1,225,93,0.00
2024-07-24T20:00,23.5,1.6,153,91,0.00
2024-07-24T21:00,23.4,3.4,58,94,0.00
2024-07-24T22:00,23.5,2.4,117,90,0.00
2024-07-24T23:00,22.8,2.9,173,94,0.00
2024-07-25T00:00,22.8,2.6,164,92,0.00
2024-07-25T01:00,22.1,3.4,148,95,0.00
2024-07-25T02:00,22.0,2.9,150,95,0.00
2024-07-25T03:00,22.0,2.8,220,94,0.00
2024-07-25T04:00,21.8,1.1,252,94,0.00
2024-07-25T05:00,21.1,1.8,281,95,0.00
2024-07-25T06:00,21.4,0.8,333,95,0.00
2024-07-25T07:00,22.4,1.8,37,92,0.00
2024-07-25T08:00,23.4,5.1,98,90,0.00
2024-07-25T09:00,24.5,5.4,143,87,0.00
2024-07-25T10:00,25.3,9.5,143,87,0.00
2024-07-25T11:00,25.9,8.7,142,82,0.20
2024-07-25T12:00,26.4,9.7,141,80,0.60
2024-07-25T13:00,26.7,9.5,151,80,0.50
2024-07-25T14:00,27.1,9.7,158,77,0.90
2024-07-25T15:00,26.8,8.8,161,78,0.70
2024-07-25T16:00,26.4,7.9,150,81,0.10
2024-07-25T17:00,25.5,5.6,135,85,0.10
2024-07-25T18:00,24.2,2.1,59,92,0.20
2024-07-25T19:00,23.7,2.9,300,94,0.20
2024-07-25T20:00,23.4,3.5,336,94,0.30
2024-07-25T21:00,23.7,2.3,51,94,0.20
2024-07-25T22:00,23.9,1.0,315,95,0.10
2024-07-25T23:00,23.6,0.8,63,95,0.10
2024-07-26T00:00,23.3,0.7,180,96,0.10
2024-07-26T01:00,22.9,2.6,304,96,0.00
2024-07-26T02:00,23.3,1.0,315,90,0.00
2024-07-26T03:00,23.2,0.8,297,89,0.00
2024-07-26T04:00,22.9,0.4,270,89,0.00
2024-07-26T05:00,22.5,1.3,326,91,0.00
2024-07-26T06:00,22.1,1.1,288,90,0.00
2024-07-26T07:00,23.2,1.9,112,92,0.00
2024-07-26T08:00,24.1,4.1,128,91,0.00
2024-07-26T09:00,24.9,5.1,135,85,0.00
2024-07-26T10:00,25.8,5.9,133,84,0.00
2024-07-26T11:00,26.8,5.4,132,81,0.00
2024-07-26T12:00,27.0,1.0,135,79,0.10
2024-07-26T13:00,28.2,5.1,129,71,0.10
2024-07-26T14:00,27.9,2.6,164,73,0.00
2024-07-26T15:00,27.7,7.7,131,72,0.10
2024-07-26T16:00,26.4,3.1,291,76,0.10
2024-07-26T17:00,24.5,5.2,164,82,3.70
2024-07-26T18:00,23.6,3.6,6,88,0.70
2024-07-26T19:00,23.9,1.5,45,91,0.10
2024-07-26T20:00,23.5,1.3,56,94,0.20
2024-07-26T21:00,24.1,2.3,321,84,0.10
2024-07-26T22:00,22.9,5.0,300,90,0.10
2024-07-26T23:00,24.5,1.0,315,78,0.00
2024-07-27T00:00,23.9,1.4,90,82,0.00
2024-07-27T01:00,24.0,2.1,329,79,0.00
2024-07-27T02:00,24.0,0.4,270,78,0.00
2024-07-27T03:00,23.8,0.0,270,79,0.00
2024-07-27T04:00,23.5,1.4,360,80,0.00
2024-07-27T05:00,21.6,4.0,265,89,0.00
2024-07-27T06:00,22.1,3.9,248,87,0.10
2024-07-27T07:00,23.4,4.1,128,86,0.00
2024-07-27T08:00,23.8,2.1,121,86,0.00
2024-07-27T09:00,23.2,3.2,153,89,0.20
2024-07-27T10:00,24.0,5.0,150,87,0.30
2024-07-27T11:00,24.6,6.8,148,86,0.20
2024-07-27T12:00,24.2,6.2,159,89,0.50
2024-07-27T13:00,24.1,3.7,119,88,0.70
2024-07-27T14:00,23.7,2.8,40,84,2.80
2024-07-27T15:00,24.4,4.1,128,85,1.20
2024-07-27T16:00,23.7,6.9,129,90,0.80
2024-07-27T17:00,23.2,5.4,127,91,0.40
2024-07-27T18:00,22.6,2.2,171,94,0.20
2024-07-27T19:00,22.5,1.8,270,95,0.20
2024-07-27T20:00,22.2,3.5,156,95,0.00
2024-07-27T21:00,22.0,3.6,217,92,0.00
2024-07-27T22:00,21.6,4.2,250,93,0.00
2024-07-27T23:00,22.1,2.2,270,87,0.40
2024-07-28T00:00,21.6,3.1,225,92,0.20
2024-07-28T01:00,21.0,1.5,256,94,0.00
2024-07-28T02:00,20.4,1.8,281,94,0.00
2024-07-28T03:00,21.6,2.6,16,86,0.00
2024-07-28T04:00,21.4,1.8,360,89,0.00
2024-07-28T05:00,21.4,2.5,45,88,0.00
2024-07-28T06:00,20.5,3.1,21,93,0.00
2024-07-28T07:00,21.8,2.5,82,93,0.00
2024-07-28T08:00,23.1,3.3,96,89,0.00
2024-07-28T09:00,24.4,5.9,142,86,0.00
2024-07-28T10:00,24.9,5.8,150,90,0.10
2024-07-28T11:00,26.0,7.0,145,85,0.30
2024-07-28T12:00,25.5,5.5,191,88,6.10
2024-07-28T13:00,26.6,4.3,175,79,0.80
2024-07-28T14:00,25.5,3.7,151,80,11.00
2024-07-28T15:00,23.8,5.1,176,91,9.90
2024-07-28T16:00,23.4,5.9,137,94,4.90
2024-07-28T17:00,23.0,4.5,119,94,5.10
2024-07-28T18:00,22.6,0.8,153,93,2.70
2024-07-28T19:00,22.0,2.6,146,96,2.20
2024-07-28T20:00,21.9,1.4,360,97,1.10
2024-07-28T21:00,21.6,3.1,45,99,9.20
2024-07-28T22:00,21.8,2.2,360,97,3.50
2024-07-28T23:00,21.5,1.9,68,98,0.50
2024-07-29T00:00,21.1,3.1,324,98,0.20
2024-07-29T01:00,21.4,2.9,97,97,0.20
2024-07-29T02:00,21.4,1.4,270,97,0.00
2024-07-29T03:00,20.9,2.2,351,97,0.00
2024-07-29T04:00,21.5,1.8,90,94,0.00
2024-07-29T05:00,21.2,1.5,45,96,0.00
2024-07-29T06:00,20.6,2.5,8,98,0.00
2024-07-29T07:00,22.2,3.2,63,94,0.00
2024-07-29T08:00,23.4,4.7,94,89,0.00
2024-07-29T09:00,25.1,3.6,96,86,0.00
2024-07-29T10:00,26.0,2.5,98,81,0.00
2024-07-29T11:00,26.6,2.8,140,74,0.00
2024-07-29T12:00,27.8,1.8,217,67,0.00
2024-07-29T13:00,27.8,9.3,118,66,0.00
2024-07-29T14:00,25.8,3.8,163,80,0.00
2024-07-29T15:00,26.3,3.8,73,77,0.00
2024-07-29T16:00,25.5,9.2,69,81,0.50
2024-07-29T17:00,24.6,2.2,99,85,0.20
2024-07-29T18:00,23.6,2.6,34,92,0.40
2024-07-29T19:00,23.5,2.9,60,92,0.70
2024-07-29T20:00,23.0,5.1,4,93,0.60
2024-07-29T21:00,21.6,3.9,34,98,1.70
2024-07-29T22:00,21.8,0.4,180,97,0.60
2024-07-29T23:00,22.1,2.9,30,95,0.60
2024-07-30T00:00,21.9,1.8,79,98,1.00
2024-07-30T01:00,21.9,1.3,34,98,0.40
2024-07-30T02:00,22.0,2.6,16,97,0.10
2024-07-30T03:00,21.9,2.5,360,97,0.20
2024-07-30T04:00,22.4,2.2,99,93,0.20
2024-07-30T05:00,22.0,4.5,331,93,0.10
2024-07-30T06:00,21.9,2.9,83,93,0.00
2024-07-30T07:00,23.5,2.0,315,84,0.00
2024-07-30T08:00,24.8,4.1,142,80,0.00
2024-07-30T09:00,25.8,1.1,108,75,0.00
2024-07-30T10:00,26.6,4.7,122,73,0.00
2024-07-30T11:00,27.1,5.3,152,75,0.00
2024-07-30T12:00,27.3,4.7,148,74,0.00
2024-07-30T13:00,27.1,3.6,174,74,0.10
2024-07-30T14:00,25.6,5.8,184,81,0.00
2024-07-30T15:00,25.0,5.9,101,85,0.10
2024-07-30T16:00,24.5,4.7,9,87,2.80
2024-07-30T17:00,24.5,4.4,81,87,0.10
2024-07-30T18:00,23.0,3.3,103,97,0.00
2024-07-30T19:00,22.6,3.3,13,97,0.00
2024-07-30T20:00,23.3,0.8,297,94,0.00
2024-07-30T21:00,22.8,3.8,17,96,0.00
2024-07-30T22:00,22.6,2.9,120,98,0.10
2024-07-30T23:00,22.5,1.1,180,93,0.80
2024-07-31T00:00,21.8,4.7,99,99,0.60
2024-07-31T01:00,21.4,1.0,45,99,0.60
2024-07-31T02:00,21.8,1.5,76,97,0.10
2024-07-31T03:00,21.2,2.9,120,99,0.00
2024-07-31T04:00,21.5,1.3,34,97,0.00
2024-07-31T05:00,21.7,1.9,338,95,0.00
2024-07-31T06:00,21.5,0.7,90,96,0.00
2024-07-31T07:00,22.6,1.3,34,93,0.00
2024-07-31T08:00,23.9,2.9,150,89,0.00
2024-07-31T09:00,24.6,4.7,157,91,0.10
2024-07-31T10:00,25.4,5.1,176,89,0.10
2024-07-31T11:00,26.0,2.5,135,83,0.00
2024-07-31T12:00,26.6,4.7,176,83,0.00
2024-07-31T13:00,27.0,7.1,165,81,0.20
2024-07-31T14:00,26.5,5.8,180,78,0.60
2024-07-31T15:00,26.4,3.1,201,78,0.00
2024-07-31T16:00,24.9,5.6,135,80,0.70
2024-07-31T17:00,23.1,4.6,39,93,0.50
2024-07-31T18:00,22.5,4.8,63,96,0.20
2024-07-31T19:00,22.5,1.8,11,96,0.20
2024-07-31T20:00,21.8,4.0,5,98,0.10
2024-07-31T21:00,21.7,1.8,90,98,0.00
2024-07-31T22:00,22.0,2.1,59,97,0.00
2024-07-31T23:00,22.0,1.1,18,96,0.00
2024-08-01T00:00,22.0,1.8,53,95,0.00
2024-08-01T01:00,21.9,2.2,360,95,0.00
2024-08-01T02:00,22.0,2.4,333,91,0.00
2024-08-01T03:00,22.1,1.5,166,90,0.00
2024-08-01T04:00,21.8,1.8,79,93,0.00
2024-08-01T05:00,21.6,1.8,349,93,0.00
2024-08-01T06:00,20.8,2.6,326,95,0.00
2024-08-01T07:00,22.4,1.4,90,91,0.00
2024-08-01T08:00,23.4,2.4,153,88,0.00
2024-08-01T09:00,24.0,4.9,144,89,0.00
2024-08-01T10:00,25.0,3.5,156,86,0.10
2024-08-01T11:00,25.8,4.6,141,87,0.10
2024-08-01T12:00,26.6,6.6,151,84,0.10
2024-08-01T13:00,27.0,6.4,137,82,0.10
2024-08-01T14:00,25.0,2.7,247,85,2.90
2024-08-01T15:00,25.7,2.4,153,83,0.40
2024-08-01T16:00,22.9,7.0,201,92,15.40
2024-08-01T17:00,22.0,3.8,197,92,5.90
2024-08-01T18:00,22.1,0.0,270,92,0.60
2024-08-01T19:00,22.1,1.8,143,93,0.30
2024-08-01T20:00,21.8,1.1,252,96,0.10
2024-08-01T21:00,21.9,2.3,162,97,0.20
2024-08-01T22:00,21.7,1.8,180,97,0.10
2024-08-01T23:00,21.5,0.8,297,98,0.00
2024-08-02T00:00,21.4,3.5,156,99,0.00
2024-08-02T01:00,21.1,2.0,135,99,0.00
2024-08-02T02:00,21.0,1.8,143,99,0.00
2024-08-02T03:00,20.8,1.8,169,99,0.00
2024-08-02T04:00,20.5,1.8,349,99,0.00
2024-08-02T05:00,20.8,1.8,349,98,0.00
2024-08-02T06:00,20.9,0.5,315,98,0.00
2024-08-02T07:00,21.8,1.3,34,95,0.00
2024-08-02T08:00,22.7,4.6,129,92,0.00
2024-08-02T09:00,24.6,6.4,153,85,0.10
2024-08-02T10:00,25.3,8.9,148,85,0.10
2024-08-02T11:00,26.0,5.5,169,79,0.20
2024-08-02T12:00,26.3,5.5,191,80,0.10
2024-08-02T13:00,27.4,9.8,163,77,0.20
2024-08-02T14:00,26.0,6.4,196,80,6.10
2024-08-02T15:00,26.0,4.0,100,77,1.00
2024-08-02T16:00,23.5,5.4,217,87,7.30
2024-08-02T17:00,23.1,2.3,141,90,0.10
2024-08-02T18:00,22.8,1.6,27,90,0.10
2024-08-02T19:00,22.2,2.2,360,93,0.20
2024-08-02T20:00,21.4,2.6,214,97,0.20
2024-08-02T21:00,22.4,2.7,203,93,0.30
2024-08-02T22:00,21.6,2.6,106,96,0.00
2024-08-02T23:00,22.1,0.4,360,95,0.00
2024-08-03T00:00,21.3,3.1,54,98,0.00
2024-08-03T01:00,21.5,2.5,352,96,0.00
2024-08-03T02:00,21.5,3.1,45,95,0.00
2024-08-03T03:00,21.6,1.5,346,95,0.00
2024-08-03T04:00,21.4,1.8,349,96,0.00
2024-08-03T05:00,20.5,2.7,337,96,0.00
2024-08-03T06:00,20.9,1.6,333,98,0.10
2024-08-03T07:00,21.9,1.0,45,96,0.10
2024-08-03T08:00,22.6,3.7,119,93,0.00
2024-08-03T09:00,24.5,8.1,148,88,0.10
2024-08-03T10:00,25.7,7.1,156,82,0.20
2024-08-03T11:00,26.3,8.7,163,75,0.40
2024-08-03T12:00,26.7,8.0,175,78,0.50
2024-08-03T13:00,27.0,9.1,173,79,0.30
2024-08-03T14:00,26.4,6.2,190,81,1.60
2024-08-03T15:00,26.4,7.6,155,77,3.60
2024-08-03T16:00,23.3,2.8,130,91,6.30
2024-08-03T17:00,21.8,6.2,69,97,2.60
2024-08-03T18:00,21.5,4.8,27,98,2.40
2024-08-03T19:00,21.9,1.3,34,96,0.10
2024-08-03T20:00,21.8,0.8,63,96,0.30
2024-08-03T21:00,22.0,1.8,53,96,0.30
2024-08-03T22:00,22.2,1.1,72,95,0.00
2024-08-03T23:00,21.8,1.1,162,99,0.00
2024-08-04T00:00,21.9,1.1,252,97,0.00
2024-08-04T01:00,21.7,1.8,79,98,0.00
2024-08-04T02:00,21.5,3.1,135,99,0.00
2024-08-04T03:00,21.4,1.5,256,98,0.00
2024-08-04T04:00,21.3,2.7,157,97,0.10
2024-08-04T05:00,21.0,1.4,180,98,0.30
2024-08-04T06:00,21.0,2.5,172,99,0.20
2024-08-04T07:00,21.4,4.7,148,99,0.40
2024-08-04T08:00,21.9,7.1,150,96,0.30
2024-08-04T09:00,23.1,9.0,151,94,0.20
2024-08-04T10:00,24.0,10.5,153,92,0.10
2024-08-04T11:00,25.4,12.1,157,85,0.10
2024-08-04T12:00,26.2,9.7,176,81,0.30
2024-08-04T13:00,27.0,12.2,178,78,0.40
2024-08-04T14:00,25.8,6.4,218,80,2.90
2024-08-04T15:00,25.5,7.2,177,82,1.60
2024-08-04T16:00,25.8,5.2,146,81,0.70
2024-08-04T17:00,24.1,1.9,158,85,2.90
2024-08-04T18:00,23.2,4.1,225,92,0.10
2024-08-04T19:00,22.9,2.2,351,94,0.10
2024-08-04T20:00,22.5,3.1,135,95,0.00
2024-08-04T21:00,23.8,2.6,236,85,0.00
2024-08-04T22:00,23.6,2.5,135,85,0.00
2024-08-04T23:00,23.1,2.9,173,87,0.00
2024-08-05T00:00,22.1,3.6,174,91,0.00
2024-08-05T01:00,22.2,2.4,207,90,0.00
2024-08-05T02:00,21.1,5.2,155,95,0.00
2024-08-05T03:00,21.0,2.8,230,97,0.00
2024-08-05T04:00,21.2,1.1,270,98,0.30
2024-08-05T05:00,21.1,1.8,101,98,0.30
2024-08-05T06:00,21.0,1.6,243,99,0.20
2024-08-05T07:00,21.7,2.5,135,97,0.20
2024-08-05T08:00,22.1,7.1,135,98,0.10
2024-08-05T09:00,24.1,8.6,147,88,0.10
2024-08-05T10:00,24.2,10.9,153,89,0.10
2024-08-05T11:00,25.6,9.7,180,82,0.30
2024-08-05T12:00,26.5,9.7,180,76,0.00
2024-08-05T13:00,27.0,12.0,173,73,0.30
2024-08-05T14:00,27.0,8.3,185,73,0.80
2024-08-05T15:00,26.1,8.4,187,77,1.40
2024-08-05T16:00,25.2,8.0,198,79,1.70
2024-08-05T17:00,24.8,3.3,174,81,0.30
2024-08-05T18:00,23.5,3.0,166,91,0.20
2024-08-05T19:00,23.1,1.8,217,95,0.50
2024-08-05T20:00,23.0,1.1,288,95,0.10
2024-08-05T21:00,23.0,2.9,173,93,0.00
2024-08-05T22:00,22.1,3.8,197,97,0.00
2024-08-05T23:00,21.2,4.0,243,99,0.00
2024-08-06T00:00,21.6,2.4,243,99,0.10
2024-08-06T01:00,21.5,2.4,243,97,0.10
2024-08-06T02:00,21.9,3.4,162,95,0.00
2024-08-06T03:00,21.0,3.1,144,99,0.00
2024-08-06T04:00,20.7,1.6,243,99,0.00
2024-08-06T05:00,20.6,1.0,315,97,0.10
2024-08-06T06:00,20.9,1.3,236,98,0.10
2024-08-06T07:00,21.4,0.0,270,98,0.00
2024-08-06T08:00,23.0,4.6,162,90,0.00
2024-08-06T09:00,24.8,6.3,156,85,0.00
2024-08-06T10:00,25.7,8.7,150,84,0.00
2024-08-06T11:00,25.8,9.0,151,86,0.00
2024-08-06T12:00,27.0,6.3,156,78,0.30
2024-08-06T13:00,28.0,6.3,149,71,0.40
2024-08-06T14:00,27.5,6.5,174,73,0.30
2024-08-06T15:00,27.2,6.9,186,74,0.30
2024-08-06T16:00,25.9,5.8,184,80,0.20
2024-08-06T17:00,25.3,3.4,238,80,0.10
2024-08-06T18:00,24.0,3.2,117,91,0.10
2024-08-06T19:00,23.9,1.1,162,90,0.00
2024-08-06T20:00,23.4,3.1,216,94,0.00
2024-08-06T21:00,23.2,3.9,158,92,0.10
2024-08-06T22:00,22.1,1.9,112,98,0.00
2024-08-06T23:00,21.8,4.1,345,98,0.00
2024-08-07T00:00,22.2,2.3,321,93,0.00
2024-08-07T01:00,22.5,0.7,180,92,0.00
2024-08-07T02:00,22.3,2.2,351,92,0.00
2024-08-07T03:00,21.7,4.0,360,91,0.00
2024-08-07T04:00,22.2,1.1,342,87,0.00
2024-08-07T05:00,21.1,3.4,342,89,0.00
2024-08-07T06:00,21.5,3.0,346,86,0.00
2024-08-07T07:00,23.1,3.2,27,83,0.00
2024-08-07T08:00,24.2,3.7,101,85,0.00
2024-08-07T09:00,25.5,3.8,131,83,0.00
2024-08-07T10:00,26.4,4.8,138,81,0.00
2024-08-07T11:00,27.1,3.6,143,77,0.00
2024-08-07T12:00,27.6,4.8,167,74,0.00
2024-08-07T13:00,27.6,6.7,164,73,0.00
2024-08-07T14:00,27.0,4.1,232,74,0.80
2024-08-07T15:00,26.4,5.5,122,79,0.40
2024-08-07T16:00,25.3,7.1,131,82,0.20
2024-08-07T17:00,24.4,4.0,10,90,0.10
2024-08-07T18:00,23.8,1.9,68,94,0.00
2024-08-07T19:00,23.4,2.2,360,94,0.00
2024-08-07T20:00,22.6,4.2,340,95,0.00
2024-08-07T21:00,25.0,2.8,40,81,0.00
2024-08-07T22:00,22.8,5.0,120,95,0.10
2024-08-07T23:00,22.7,2.5,262,96,0.10
2024-08-08T00:00,23.0,2.7,293,93,0.00
2024-08-08T01:00,22.8,3.3,311,93,0.00
2024-08-08T02:00,22.6,2.5,262,90,0.00
2024-08-08T03:00,22.0,2.6,254,93,0.00
2024-08-08T04:00,21.9,3.6,276,90,0.00
2024-08-08T05:00,21.5,3.4,288,91,0.00
2024-08-08T06:00,22.1,4.4,305,88,0.00
2024-08-08T07:00,23.4,0.7,360,83,0.00
2024-08-08T08:00,24.2,2.1,121,81,0.00
2024-08-08T09:00,25.1,1.8,53,80,0.00
2024-08-08T10:00,26.8,0.5,135,68,0.00
2024-08-08T11:00,27.5,2.3,162,68,0.00
2024-08-08T12:00,28.0,2.2,171,68,0.00
2024-08-08T13:00,27.9,5.0,201,69,0.00
2024-08-08T14:00,27.7,5.1,231,71,0.00
2024-08-08T15:00,27.0,5.6,165,75,0.00
2024-08-08T16:00,23.6,6.2,80,92,0.20
2024-08-08T17:00,23.4,3.1,54,93,0.00
2024-08-08T18:00,23.4,0.5,135,93,0.10
2024-08-08T19:00,22.0,3.1,339,98,0.20
2024-08-08T20:00,22.4,4.1,322,95,0.00
2024-08-08T21:00,22.5,2.6,146,96,0.00
2024-08-08T22:00,22.3,1.8,127,96,0.00
2024-08-08T23:00,21.8,2.8,220,98,0.00
2024-08-09T00:00,21.9,2.4,297,97,0.00
2024-08-09T01:00,22.6,1.5,45,91,0.00
2024-08-09T02:00,22.2,1.1,360,94,0.00
2024-08-09T03:00,21.4,3.6,264,96,0.00
2024-08-09T04:00,21.4,1.1,288,95,0.00
2024-08-09T05:00,21.2,2.5,262,93,0.00
2024-08-09T06:00,21.6,2.3,231,94,0.00
2024-08-09T07:00,22.5,2.0,225,91,0.00
2024-08-09T08:00,23.6,2.1,149,86,0.00
2024-08-09T09:00,25.1,3.9,124,81,0.00
2024-08-09T10:00,25.9,5.2,146,77,0.00
2024-08-09T11:00,26.8,4.8,117,73,0.00
2024-08-09T12:00,27.3,6.4,133,73,0.10
2024-08-09T13:00,26.8,7.4,166,79,0.20
2024-08-09T14:00,25.9,7.2,207,80,0.00
2024-08-09T15:00,25.2,7.6,155,81,0.10
2024-08-09T16:00,23.4,4.1,225,91,1.30
2024-08-09T17:00,23.6,5.2,164,90,0.20
2024-08-09T18:00,22.5,4.1,135,96,0.30
2024-08-09T19:00,22.2,1.5,135,98,0.30
2024-08-09T20:00,22.3,3.6,186,97,0.20
2024-08-09T21:00,22.2,2.5,82,98,0.20
2024-08-09T22:00,22.2,2.8,320,97,0.00
2024-08-09T23:00,21.7,3.0,166,98,0.00
2024-08-10T00:00,22.0,2.6,164,98,0.00
2024-08-10T01:00,21.8,2.5,172,99,0.00
2024-08-10T02:00,21.2,2.3,162,100,0.00
2024-08-10T03:00,21.4,1.5,194,99,0.00
2024-08-10T04:00,21.5,1.0,225,99,0.10
2024-08-10T05:00,21.5,2.3,231,99,0.00
2024-08-10T06:00,21.5,3.0,256,99,0.10
2024-08-10T07:00,22.0,4.1,225,97,0.10
2024-08-10T08:00,22.8,4.4,171,94,0.00
2024-08-10T09:00,24.7,8.0,153,87,0.10
2024-08-10T10:00,24.9,8.6,158,88,0.10
2024-08-10T11:00,25.9,4.5,151,83,0.10
2024-08-10T12:00,26.5,5.8,150,80,0.00
2024-08-10T13:00,27.2,5.2,168,75,0.30
2024-08-10T14:00,26.9,6.1,177,76,1.80
2024-08-10T15:00,26.8,2.2,171,76,1.40
2024-08-10T16:00,26.7,4.4,99,79,0.00
2024-08-10T17:00,26.1,2.0,135,78,0.30
2024-08-10T18:00,24.4,0.8,297,87,0.70
2024-08-10T19:00,22.8,5.4,20,93,7.40
2024-08-10T20:00,23.4,1.3,56,91,0.40
2024-08-10T21:00,22.9,4.7,81,95,0.10
2024-08-10T22:00,22.5,4.1,322,94,0.00
2024-08-10T23:00,23.5,2.1,59,88,0.00
2024-08-11T00:00,22.4,3.3,13,95,0.00
2024-08-11T01:00,22.0,5.2,348,91,0.00
2024-08-11T02:00,23.6,1.6,63,80,0.00
2024-08-11T03:00,22.9,1.5,135,87,0.00
2024-08-11T04:00,22.5,1.5,194,90,0.00
2024-08-11T05:00,22.3,0.8,297,91,0.00
2024-08-11T06:00,22.2,1.1,270,89,0.00
2024-08-11T07:00,23.0,2.0,135,90,0.00
2024-08-11T08:00,24.0,4.2,149,88,0.00
2024-08-11T09:00,25.2,5.2,155,83,0.00
2024-08-11T10:00,26.0,5.6,153,80,0.00
2024-08-11T11:00,26.7,5.2,164,78,0.00
2024-08-11T12:00,27.6,6.7,164,73,0.10
2024-08-11T13:00,26.6,8.9,166,74,0.50
2024-08-11T14:00,25.8,2.6,146,80,0.90
2024-08-11T15:00,25.9,2.8,220,81,0.30
2024-08-11T16:00,26.0,4.4,125,81,0.00
2024-08-11T17:00,24.0,4.3,222,88,0.50
2024-08-11T18:00,23.5,3.6,96,90,0.10
2024-08-11T19:00,23.2,1.1,162,92,0.00
2024-08-11T20:00,22.4,2.6,106,96,0.00
2024-08-11T21:00,22.8,1.6,117,96,0.10
2024-08-11T22:00,22.3,4.1,142,98,0.00
2024-08-11T23:00,22.3,1.8,217,97,0.10
2024-08-12T00:00,21.9,1.8,127,99,0.00
2024-08-12T01:00,21.4,2.7,113,99,0.00
2024-08-12T02:00,21.8,1.9,112,98,0.00
2024-08-12T03:00,21.8,2.7,157,98,0.00
2024-08-12T04:00,21.9,1.5,104,96,0.00
2024-08-12T05:00,22.0,1.1,360,95,0.00
2024-08-12T06:00,21.9,1.3,56,95,0.00
2024-08-12T07:00,22.4,2.6,124,97,0.00
2024-08-12T08:00,23.1,2.5,135,95,0.00
2024-08-12T09:00,25.1,5.0,159,87,0.00
2024-08-12T10:00,25.6,5.8,150,85,0.00
2024-08-12T11:00,26.3,5.4,184,82,0.30
2024-08-12T12:00,27.4,4.9,197,78,0.00
2024-08-12T13:00,27.0,5.0,159,79,1.80
2024-08-12T14:00,26.8,5.3,152,82,0.00
2024-08-12T15:00,26.5,4.3,132,77,0.00
2024-08-12T16:00,25.5,6.5,87,80,0.10
2024-08-12T17:00,22.8,6.4,133,93,1.10
2024-08-12T18:00,22.4,1.3,34,96,0.40
2024-08-12T19:00,22.7,0.4,90,95,0.10
2024-08-12T20:00,21.9,3.3,84,98,0.00
2024-08-12T21:00,22.5,4.0,100,96,0.00
2024-08-12T22:00,22.5,2.2,360,97,0.10
2024-08-12T23:00,21.9,2.5,45,98,0.00
2024-08-13T00:00,22.4,1.9,68,97,0.00
2024-08-13T01:00,22.1,2.5,172,98,0.00
2024-08-13T02:00,22.0,1.1,270,97,0.00
2024-08-13T03:00,22.2,1.0,315,94,0.00
2024-08-13T04:00,22.1,1.1,288,93,0.00
2024-08-13T05:00,20.8,2.9,263,97,0.00
2024-08-13T06:00,21.8,2.9,300,92,0.00
2024-08-13T07:00,23.0,3.1,135,91,0.00
2024-08-13T08:00,23.5,3.3,174,90,0.00
2024-08-13T09:00,25.0,4.7,148,86,0.00
2024-08-13T10:00,26.0,3.4,148,79,0.00
2024-08-13T11:00,26.8,4.4,125,73,0.00
2024-08-13T12:00,26.7,5.7,108,75,0.00
2024-08-13T13:00,26.8,5.2,65,70,0.40
2024-08-13T14:00,26.5,3.7,79,74,0.20
2024-08-13T15:00,26.7,4.8,117,75,0.00
2024-08-13T16:00,26.1,4.4,125,78,0.20
2024-08-13T17:00,23.9,7.6,93,89,3.20
2024-08-13T18:00,23.1,1.5,45,87,4.10
2024-08-13T19:00,22.3,2.6,34,95,0.20
2024-08-13T20:00,22.1,1.4,90,96,0.30
2024-08-13T21:00,22.8,0.5,135,95,0.20
2024-08-13T22:00,22.4,2.9,173,98,0.30
2024-08-13T23:00,22.0,2.9,270,98,0.10
2024-08-14T00:00,22.1,1.9,338,96,0.00
2024-08-14T01:00,21.6,1.5,315,96,0.00
2024-08-14T02:00,20.9,0.8,297,95,0.00
2024-08-14T03:00,20.6,3.9,292,93,0.00
2024-08-14T04:00,20.6,3.3,311,91,0.00
2024-08-14T05:00,22.5,1.6,297,78,0.00
2024-08-14T06:00,21.2,4.4,235,87,0.00
2024-08-14T07:00,23.2,2.5,172,81,0.00
2024-08-14T08:00,23.9,3.4,162,84,0.00
2024-08-14T09:00,25.0,2.4,153,80,0.00
2024-08-14T10:00,26.2,1.4,180,74,0.00
2024-08-14T11:00,27.4,2.9,173,70,0.00
2024-08-14T12:00,27.8,4.7,176,71,0.00
2024-08-14T13:00,28.0,5.0,180,72,0.00
2024-08-14T14:00,27.8,5.8,184,73,0.00
2024-08-14T15:00,27.7,6.8,205,73,0.00
2024-08-14T16:00,24.7,10.4,146,88,0.60
2024-08-14T17:00,23.3,5.0,111,95,0.40
2024-08-14T18:00,23.1,3.8,319,95,0.40
2024-08-14T19:00,22.6,2.1,121,98,0.10
2024-08-14T20:00,22.6,1.8,37,96,0.00
2024-08-14T21:00,22.0,2.8,310,95,0.00
2024-08-14T22:00,23.2,0.7,360,87,0.00
2024-08-14T23:00,22.8,1.1,162,89,0.00
2024-08-15T00:00,22.7,1.3,304,89,0.00
2024-08-15T01:00,22.1,3.4,302,89,0.00
2024-08-15T02:00,22.9,1.8,53,84,0.00
2024-08-15T03:00,22.6,1.8,307,85,0.00
2024-08-15T04:00,22.8,2.2,270,81,0.00
2024-08-15T05:00,22.6,3.8,253,81,0.00
2024-08-15T06:00,22.5,0.4,90,80,0.00
2024-08-15T07:00,22.9,2.3,39,84,0.00
2024-08-15T08:00,24.1,2.9,60,79,0.00
2024-08-15T09:00,25.9,1.8,90,73,0.00
2024-08-15T10:00,27.0,1.3,56,69,0.00
2024-08-15T11:00,28.0,1.8,53,63,0.00
2024-08-15T12:00,28.1,2.9,97,64,0.00
2024-08-15T13:00,28.5,0.8,63,63,0.00
2024-08-15T14:00,28.7,3.4,148,65,0.00
2024-08-15T15:00,28.0,3.8,197,70,0.00
2024-08-15T16:00,26.6,3.3,193,76,0.00
2024-08-15T17:00,24.2,4.9,197,86,0.20
2024-08-15T18:00,23.9,1.6,207,86,0.10
2024-08-15T19:00,23.8,1.5,194,86,0.00
2024-08-15T20:00,22.9,3.3,276,93,0.00
2024-08-15T21:00,23.5,1.8,360,88,0.00
2024-08-15T22:00,22.6,3.6,323,91,0.00
2024-08-15T23:00,23.6,1.1,18,83,0.00
2024-08-16T00:00,23.2,2.6,236,84,0.00
2024-08-16T01:00,22.3,4.7,238,87,0.00
2024-08-16T02:00,22.1,4.3,222,89,0.00
2024-08-16T03:00,22.4,2.5,278,89,0.00
2024-08-16T04:00,20.9,2.8,310,91,0.00
2024-08-16T05:00,20.6,2.1,301,90,0.00
2024-08-16T06:00,21.0,2.6,304,88,0.00
2024-08-16T07:00,22.6,1.3,304,90,0.00
2024-08-16T08:00,24.2,0.4,90,79,0.00
2024-08-16T09:00,25.5,3.8,139,77,0.00
2024-08-16T10:00,26.6,2.0,225,71,0.00
2024-08-16T11:00,27.6,2.9,210,68,0.00
2024-08-16T12:00,28.0,2.9,180,67,0.00
2024-08-16T13:00,28.0,3.0,256,66,0.00
2024-08-16T14:00,26.2,4.6,135,75,0.30
2024-08-16T15:00,23.9,5.2,205,91,2.30
2024-08-16T16:00,25.5,6.3,347,80,0.10
2024-08-16T17:00,25.1,3.5,66,81,0.00
2024-08-16T18:00,24.0,3.6,45,89,0.00
2024-08-16T19:00,23.5,2.9,353,93,0.00
2024-08-16T20:00,23.1,3.3,6,95,0.00
2024-08-16T21:00,23.1,4.5,346,91,0.00
2024-08-16T22:00,24.4,2.7,23,81,0.00
2024-08-16T23:00,23.4,4.0,350,85,0.00
2024-08-17T00:00,24.1,3.0,346,76,0.00
2024-08-17T01:00,21.8,4.9,17,88,0.00
2024-08-17T02:00,21.9,4.4,325,89,0.10
2024-08-17T03:00,21.6,3.2,333,86,0.00
2024-08-17T04:00,21.1,4.7,328,88,0.00
2024-08-17T05:00,21.6,4.5,346,83,0.00
2024-08-17T06:00,21.5,5.4,360,87,0.00
2024-08-17T07:00,24.0,5.4,356,77,0.00
2024-08-17T08:00,25.6,4.5,14,71,0.00
2024-08-17T09:00,26.4,5.4,360,72,0.00
2024-08-17T10:00,27.4,6.5,19,68,0.00
2024-08-17T11:00,27.8,6.7,16,68,0.00
2024-08-17T12:00,28.3,3.8,49,67,0.00
2024-08-17T13:00,28.4,5.4,70,69,0.00
2024-08-17T14:00,28.5,4.8,63,72,0.00
2024-08-17T15:00,25.1,10.0,21,84,6.30
2024-08-17T16:00,25.8,6.0,335,79,0.70
2024-08-17T17:00,25.0,2.8,140,82,0.00
2024-08-17T18:00,24.0,2.1,149,89,0.20
2024-08-17T19:00,23.0,3.9,292,94,0.40
2024-08-17T20:00,22.8,4.0,270,94,0.00
2024-08-17T21:00,24.4,2.6,326,83,0.00
2024-08-17T22:00,24.0,2.8,320,85,0.00
2024-08-17T23:00,24.0,1.3,304,82,0.00
2024-08-18T00:00,22.6,4.3,336,87,0.10
2024-08-18T01:00,23.2,2.2,360,81,0.00
2024-08-18T02:00,23.2,2.9,263,79,0.00
2024-08-18T03:00,22.9,1.6,207,81,0.00
2024-08-18T04:00,22.6,2.9,277,82,0.00
2024-08-18T05:00,22.8,3.8,343,78,0.00
2024-08-18T06:00,22.4,3.3,174,82,0.00
2024-08-18T07:00,23.3,3.1,339,82,0.00
2024-08-18T08:00,24.6,3.1,69,78,0.00
2024-08-18T09:00,25.5,3.9,158,82,0.00
2024-08-18T10:00,26.9,3.1,126,73,0.00
2024-08-18T11:00,27.5,5.2,102,73,0.00
2024-08-18T12:00,28.0,2.8,50,72,0.00
2024-08-18T13:00,28.5,5.2,78,71,0.00
2024-08-18T14:00,27.8,2.7,67,73,0.10
2024-08-18T15:00,27.0,7.6,172,72,0.20
2024-08-18T16:00,25.1,6.6,131,87,0.20
2024-08-18T17:00,22.4,4.6,162,97,1.20
2024-08-18T18:00,22.5,4.6,225,94,0.40
2024-08-18T19:00,22.8,2.1,59,90,0.30
2024-08-18T20:00,22.4,2.5,262,93,0.10
2024-08-18T21:00,22.8,4.0,333,94,0.00
2024-08-18T22:00,22.9,3.3,354,89,0.00
2024-08-18T23:00,23.4,2.5,360,86,0.00
2024-08-19T00:00,23.0,3.5,336,85,0.00
2024-08-19T01:00,23.2,2.7,337,80,0.00
2024-08-19T02:00,21.3,4.9,324,87,0.00
2024-08-19T03:00,22.5,3.7,299,77,0.00
2024-08-19T04:00,23.2,1.1,270,73,0.00
2024-08-19T05:00,22.9,1.1,342,74,0.00
2024-08-19T06:00,22.5,1.3,326,75,0.00
2024-08-19T07:00,23.1,1.9,22,79,0.00
2024-08-19T08:00,24.1,2.5,98,81,0.00
2024-08-19T09:00,25.6,2.5,135,77,0.00
2024-08-19T10:00,26.5,3.7,151,75,0.00
2024-08-19T11:00,27.4,3.3,174,70,0.00
2024-08-19T12:00,27.9,2.7,203,67,0.00
2024-08-19T13:00,28.1,4.0,207,66,0.00
2024-08-19T14:00,28.0,4.7,203,67,0.00
2024-08-19T15:00,27.4,5.8,202,70,0.00
2024-08-19T16:00,26.9,4.0,153,75,0.00
2024-08-19T17:00,25.6,3.1,306,79,0.10
2024-08-19T18:00,24.5,2.5,188,85,0.00
2024-08-19T19:00,23.3,3.4,212,92,0.10
2024-08-19T20:00,23.0,0.8,63,93,0.30
2024-08-19T21:00,23.1,2.8,310,91,0.00
2024-08-19T22:00,23.9,0.5,315,84,0.00
2024-08-19T23:00,23.8,1.3,304,82,0.00
2024-08-20T00:00,23.8,0.4,270,81,0.00
2024-08-20T01:00,23.5,1.5,14,82,0.00
2024-08-20T02:00,22.0,4.2,329,86,0.00
2024-08-20T03:00,23.5,2.4,333,75,0.00
2024-08-20T04:00,22.0,5.0,339,81,0.00
2024-08-20T05:00,22.8,4.2,340,75,0.00
2024-08-20T06:00,22.2,3.3,347,81,0.00
2024-08-20T07:00,23.9,3.6,360,76,0.00
2024-08-20T08:00,25.0,3.4,32,74,0.00
2024-08-20T09:00,26.6,2.2,90,68,0.00
2024-08-20T10:00,27.1,1.9,68,69,0.00
2024-08-20T11:00,27.8,3.3,41,68,0.00
2024-08-20T12:00,28.2,5.8,360,67,0.00
2024-08-20T13:00,28.4,4.7,351,64,0.00
2024-08-20T14:00,26.6,3.9,124,75,0.10
2024-08-20T15:00,25.8,4.8,257,78,0.40
2024-08-20T16:00,25.6,5.6,333,78,0.30
2024-08-20T17:00,24.8,6.5,304,82,0.10
2024-08-20T18:00,23.5,3.4,342,91,0.10
2024-08-20T19:00,23.5,3.5,336,88,0.10
2024-08-20T20:00,23.1,3.3,13,91,0.00
2024-08-20T21:00,23.0,2.2,351,88,0.20
2024-08-20T22:00,22.8,3.6,323,90,0.10
2024-08-20T23:00,22.6,3.3,354,88,0.00
2024-08-21T00:00,22.0,4.8,13,90,0.00
2024-08-21T01:00,21.6,5.1,356,90,0.00
2024-08-21T02:00,21.5,5.5,328,88,0.00
2024-08-21T03:00,21.5,6.0,327,85,0.00
2024-08-21T04:00,21.2,5.8,22,85,0.00
2024-08-21T05:00,21.6,5.2,326,79,0.00
2024-08-21T06:00,21.9,4.3,355,83,0.00
2024-08-21T07:00,24.1,5.9,11,74,0.00
2024-08-21T08:00,25.5,5.4,8,71,0.00
2024-08-21T09:00,26.7,4.9,17,68,0.00
2024-08-21T10:00,27.5,6.1,28,68,0.00
2024-08-21T11:00,28.1,7.0,35,68,0.00
2024-08-21T12:00,28.1,8.9,50,69,0.20
2024-08-21T13:00,28.1,7.2,18,74,0.10
2024-08-21T14:00,26.4,6.4,47,80,3.40
2024-08-21T15:00,26.2,7.9,360,78,0.10
2024-08-21T16:00,25.8,6.1,50,77,1.20
2024-08-21T17:00,25.5,5.6,27,81,0.00
2024-08-21T18:00,24.0,4.8,333,87,0.00
2024-08-21T19:00,23.2,3.4,328,88,0.00
2024-08-21T20:00,22.8,3.1,315,86,0.00
2024-08-21T21:00,23.0,3.8,343,86,0.00
2024-08-21T22:00,24.1,4.0,333,76,0.00
2024-08-21T23:00,24.8,1.5,45,68,0.00
2024-08-22T00:00,24.5,1.5,76,69,0.00
2024-08-22T01:00,23.1,4.3,336,79,0.20
2024-08-22T02:00,22.6,5.2,335,80,0.40
2024-08-22T03:00,23.8,3.2,90,72,0.00
2024-08-22T04:00,21.2,6.3,336,86,0.00
2024-08-22T05:00,21.1,6.5,341,84,0.00
2024-08-22T06:00,21.7,5.1,356,85,0.00
2024-08-22T07:00,24.2,4.3,5,73,0.00
2024-08-22T08:00,25.5,3.3,41,71,0.00
2024-08-22T09:00,26.5,3.1,69,68,0.00
2024-08-22T10:00,27.2,4.6,51,67,0.00
2024-08-22T11:00,27.6,5.5,23,67,0.00
2024-08-22T12:00,28.4,8.9,40,65,0.30
2024-08-22T13:00,28.4,6.6,68,67,0.20
2024-08-22T14:00,26.4,12.4,54,76,0.40
2024-08-22T15:00,25.9,9.0,23,76,0.40
2024-08-22T16:00,25.8,4.1,15,77,0.20
2024-08-22T17:00,25.6,4.0,85,80,0.00
2024-08-22T18:00,24.6,2.6,56,86,0.00
2024-08-22T19:00,23.5,3.3,319,92,0.00
2024-08-22T20:00,23.8,2.6,344,88,0.00
2024-08-22T21:00,23.0,4.3,175,93,0.20
2024-08-22T22:00,22.9,3.3,221,94,0.10
2024-08-22T23:00,22.4,3.0,194,96,0.10
2024-08-23T00:00,22.1,3.1,234,95,0.00
2024-08-23T01:00,22.0,2.5,225,94,0.00
2024-08-23T02:00,21.8,2.3,231,95,0.00
2024-08-23T03:00,21.3,2.8,220,97,0.00
2024-08-23T04:00,20.9,2.7,203,99,0.00
2024-08-23T05:00,20.9,2.0,225,99,0.00
2024-08-23T06:00,21.4,1.6,207,97,0.00
2024-08-23T07:00,22.1,1.5,166,94,0.00
2024-08-23T08:00,23.5,3.6,143,88,0.00
2024-08-23T09:00,24.9,4.7,148,83,0.00
2024-08-23T10:00,26.0,6.4,153,79,0.00
2024-08-23T11:00,26.5,8.9,153,79,0.00
2024-08-23T12:00,27.0,7.7,169,77,0.00
2024-08-23T13:00,27.8,8.5,152,75,0.00
2024-08-23T14:00,26.8,7.2,174,77,0.50
2024-08-23T15:00,26.2,6.9,174,77,0.60
2024-08-23T16:00,25.4,5.2,155,82,0.40
2024-08-23T17:00,24.0,5.6,153,91,0.00
2024-08-23T18:00,22.5,1.9,158,98,0.00
2024-08-23T19:00,22.6,1.9,202,96,0.00
2024-08-23T20:00,22.2,3.5,204,96,0.30
2024-08-23T21:00,22.6,4.2,149,96,0.10
2024-08-23T22:00,22.2,1.9,68,94,0.70
2024-08-23T23:00,21.6,1.5,135,98,0.00
2024-08-24T00:00,21.5,2.4,153,98,0.00
2024-08-24T01:00,21.4,1.6,207,99,0.10
2024-08-24T02:00,21.5,1.1,162,98,0.10
2024-08-24T03:00,21.3,2.2,189,99,0.20
2024-08-24T04:00,21.5,0.7,90,98,0.20
2024-08-24T05:00,21.4,2.3,198,99,0.20
2024-08-24T06:00,21.4,2.5,225,99,0.20
2024-08-24T07:00,21.8,1.8,169,98,0.10
2024-08-24T08:00,22.9,4.9,163,92,0.10
2024-08-24T09:00,23.0,7.9,137,94,0.10
2024-08-24T10:00,23.8,8.8,145,90,0.10
2024-08-24T11:00,24.2,8.6,147,89,0.20
2024-08-24T12:00,25.5,5.8,150,84,0.10
2024-08-24T13:00,26.6,7.4,141,82,0.20
2024-08-24T14:00,25.9,5.5,169,82,3.20
2024-08-24T15:00,26.0,4.3,138,81,3.90
2024-08-24T16:00,23.3,5.8,187,89,8.60
2024-08-24T17:00,23.3,1.1,90,90,1.00
2024-08-24T18:00,23.0,2.9,83,94,1.00
2024-08-24T19:00,22.4,2.2,180,98,0.30
2024-08-24T20:00,22.2,1.8,233,98,0.10
2024-08-24T21:00,22.1,2.6,164,99,0.20
2024-08-24T22:00,21.9,2.9,173,100,0.00
2024-08-24T23:00,21.9,2.3,219,99,0.00
2024-08-25T00:00,22.1,2.9,180,98,0.10
2024-08-25T01:00,21.9,5.1,176,99,0.10
2024-08-25T02:00,21.6,4.7,176,99,0.10
2024-08-25T03:00,21.5,3.6,180,100,0.10
2024-08-25T04:00,21.3,3.8,139,99,0.20
2024-08-25T05:00,21.1,2.4,63,99,0.50
2024-08-25T06:00,21.1,1.1,18,99,0.40
2024-08-25T07:00,21.4,3.8,139,99,0.30
2024-08-25T08:00,21.9,6.2,144,96,0.20
2024-08-25T09:00,23.2,9.3,144,93,0.20
2024-08-25T10:00,24.8,6.8,162,86,0.50
2024-08-25T11:00,26.4,9.1,146,81,1.50
2024-08-25T12:00,25.6,3.7,209,86,5.80
2024-08-25T13:00,26.5,7.3,171,81,1.10
2024-08-25T14:00,26.3,6.7,164,85,0.80
2024-08-25T15:00,24.5,3.1,234,85,8.20
2024-08-25T16:00,24.1,7.3,171,85,0.30
2024-08-25T17:00,23.6,4.3,156,90,0.20
2024-08-25T18:00,22.9,2.6,214,93,0.50
2024-08-25T19:00,22.8,3.4,198,95,0.20
2024-08-25T20:00,22.5,3.8,163,97,0.10
2024-08-25T21:00,22.7,1.4,180,92,0.50
2024-08-25T22:00,22.5,3.1,159,94,0.20
2024-08-25T23:00,22.4,2.4,153,96,0.10
2024-08-26T00:00,22.0,4.1,165,99,0.10
2024-08-26T01:00,21.8,1.9,112,98,0.10
2024-08-26T02:00,21.5,3.3,131,98,0.10
2024-08-26T03:00,21.2,2.9,180,99,0.10
2024-08-26T04:00,21.1,2.5,180,100,0.20
2024-08-26T05:00,21.0,2.3,162,99,0.10
2024-08-26T06:00,21.0,2.9,150,99,0.00
2024-08-26T07:00,21.4,4.2,160,98,0.10
2024-08-26T08:00,22.0,5.3,152,98,0.10
2024-08-26T09:00,23.6,8.7,135,92,0.10
2024-08-26T10:00,24.0,9.4,148,91,0.20
2024-08-26T11:00,25.0,9.7,158,87,0.30
2024-08-26T12:00,25.6,9.6,160,84,0.60
2024-08-26T13:00,26.4,7.6,172,78,2.30
2024-08-26T14:00,26.4,7.9,164,80,4.10
2024-08-26T15:00,24.9,5.7,145,83,7.00
2024-08-26T16:00,24.0,7.2,87,90,0.80
2024-08-26T17:00,23.0,3.8,107,96,1.60
2024-08-26T18:00,22.3,2.3,72,98,0.40
2024-08-26T19:00,22.1,2.6,74,98,0.10
2024-08-26T20:00,21.9,2.1,329,98,0.00
2024-08-26T21:00,22.1,2.2,189,99,0.00
2024-08-26T22:00,22.2,1.5,104,98,0.00
2024-08-26T23:00,22.2,1.6,27,98,0.00
2024-08-27T00:00,22.1,2.3,18,98,0.00
2024-08-27T01:00,21.9,1.6,333,96,0.00
2024-08-27T02:00,22.1,1.9,338,91,0.00
2024-08-27T03:00,22.0,3.2,63,92,0.00
2024-08-27T04:00,20.7,3.8,17,98,0.00
2024-08-27T05:00,21.9,1.8,360,91,0.00
2024-08-27T06:00,21.8,2.9,83,94,0.00
2024-08-27T07:00,22.2,3.1,135,98,0.10
2024-08-27T08:00,22.9,4.8,138,97,0.20
2024-08-27T09:00,23.8,8.2,119,95,0.10
2024-08-27T10:00,24.6,7.1,150,95,0.10
2024-08-27T11:00,25.5,5.2,155,90,0.20
2024-08-27T12:00,26.6,5.1,141,85,0.30
2024-08-27T13:00,26.0,7.2,162,84,7.70
2024-08-27T14:00,26.2,5.5,113,84,4.50
2024-08-27T15:00,25.0,6.4,74,84,7.70
2024-08-27T16:00,23.7,6.5,146,90,7.80
2024-08-27T17:00,22.6,3.1,159,97,2.10
2024-08-27T18:00,22.6,1.1,180,96,0.40
2024-08-27T19:00,22.3,1.8,127,98,0.20
2024-08-27T20:00,22.1,1.6,117,98,0.00
2024-08-27T21:00,22.0,2.9,270,97,0.00
2024-08-27T22:00,22.1,1.8,127,97,0.00
2024-08-27T23:00,21.6,2.8,130,99,0.00
2024-08-28T00:00,21.1,3.3,131,100,0.00
2024-08-28T01:00,21.8,1.9,158,99,0.00
2024-08-28T02:00,21.5,2.2,171,99,0.10
2024-08-28T03:00,21.6,2.2,180,99,0.10
2024-08-28T04:00,21.6,0.4,360,99,0.10
2024-08-28T05:00,21.2,1.1,342,100,0.10
2024-08-28T06:00,21.5,2.3,141,99,0.10
2024-08-28T07:00,21.9,3.0,166,99,0.20
2024-08-28T08:00,22.8,4.7,157,95,0.10
2024-08-28T09:00,23.7,8.1,135,92,0.10
2024-08-28T10:00,25.4,5.6,140,90,0.10
2024-08-28T11:00,26.0,7.3,147,84,4.10
2024-08-28T12:00,26.3,4.7,148,82,3.30
2024-08-28T13:00,27.7,8.0,126,78,2.70
2024-08-28T14:00,26.5,5.2,146,79,4.00
2024-08-28T15:00,26.4,7.9,141,80,1.10
2024-08-28T16:00,24.2,4.3,156,88,1.90
2024-08-28T17:00,23.4,4.3,132,92,4.40
2024-08-28T18:00,22.6,1.8,101,96,0.10
2024-08-28T19:00,22.5,2.0,135,98,0.00
2024-08-28T20:00,22.1,2.4,153,99,0.10
2024-08-28T21:00,22.5,0.5,135,94,3.30
2024-08-28T22:00,21.9,1.3,304,95,1.70
2024-08-28T23:00,22.2,1.4,360,96,0.10
2024-08-29T00:00,21.9,2.2,81,97,0.00
2024-08-29T01:00,21.3,2.3,51,99,0.00
2024-08-29T02:00,21.2,2.2,9,99,0.00
2024-08-29T03:00,21.4,1.8,360,97,0.00
2024-08-29T04:00,21.5,1.9,22,97,0.00
2024-08-29T05:00,21.0,2.6,344,97,0.00
2024-08-29T06:00,21.7,1.5,14,95,0.00
2024-08-29T07:00,22.8,2.6,74,93,0.00
2024-08-29T08:00,23.4,4.3,138,93,0.00
2024-08-29T09:00,23.5,4.8,117,92,0.30
2024-08-29T10:00,24.4,4.5,119,94,1.10
2024-08-29T11:00,24.6,4.6,135,93,1.10
2024-08-29T12:00,24.2,3.4,162,92,2.80
2024-08-29T13:00,24.1,1.8,217,94,2.10
2024-08-29T14:00,24.4,3.1,144,92,1.80
2024-08-29T15:00,23.4,5.4,172,94,3.70
2024-08-29T16:00,23.5,3.6,135,94,0.60
2024-08-29T17:00,23.0,5.4,143,93,1.00
2024-08-29T18:00,22.7,1.5,76,95,1.10
2024-08-29T19:00,22.5,3.1,144,98,0.70
2024-08-29T20:00,22.3,3.5,204,98,0.20
2024-08-29T21:00,22.4,3.3,131,99,2.60
2024-08-29T22:00,22.1,4.0,95,100,0.20
2024-08-29T23:00,22.1,1.4,360,98,0.20
2024-08-30T00:00,21.6,2.6,16,100,0.40
2024-08-30T01:00,21.9,1.8,79,98,0.30
2024-08-30T02:00,22.3,2.8,230,92,0.20
2024-08-30T03:00,21.8,1.8,143,99,0.10
2024-08-30T04:00,21.5,1.1,108,99,0.10
2024-08-30T05:00,21.8,2.5,135,99,0.00
2024-08-30T06:00,21.8,3.4,162,98,0.00
2024-08-30T07:00,22.4,4.8,117,98,0.10
2024-08-30T08:00,22.8,7.1,135,98,0.30
2024-08-30T09:00,23.0,8.7,138,94,0.40
2024-08-30T10:00,24.0,7.9,137,93,2.40
2024-08-30T11:00,24.3,2.3,198,85,6.80
2024-08-30T12:00,25.5,6.7,164,79,0.70
2024-08-30T13:00,26.0,5.4,127,82,2.20
2024-08-30T14:00,24.8,6.6,189,85,7.90
2024-08-30T15:00,25.0,3.4,122,83,2.00
2024-08-30T16:00,24.4,3.9,146,86,4.60
2024-08-30T17:00,23.0,3.3,167,93,2.70
2024-08-30T18:00,22.4,4.3,185,96,0.40
2024-08-30T19:00,22.3,2.5,180,96,0.10
2024-08-30T20:00,22.0,1.1,162,98,0.00
2024-08-30T21:00,22.5,2.0,135,93,0.00
2024-08-30T22:00,22.0,1.8,143,96,0.00
2024-08-30T23:00,21.7,2.7,157,97,0.00
2024-08-31T00:00,21.5,2.4,153,98,0.10
2024-08-31T01:00,21.1,2.5,82,99,0.00
2024-08-31T02:00,21.5,1.3,34,98,0.00
2024-08-31T03:00,21.3,2.9,120,99,1.40
2024-08-31T04:00,21.1,2.2,360,99,0.80
2024-08-31T05:00,21.3,1.5,315,97,1.50
2024-08-31T06:00,21.7,0.7,360,95,0.20
2024-08-31T07:00,22.5,0.8,153,91,0.10
2024-08-31T08:00,22.5,7.0,159,96,0.30
2024-08-31T09:00,22.0,4.2,160,97,0.50
2024-08-31T10:00,23.9,4.9,197,87,0.20
2024-08-31T11:00,24.0,6.6,167,87,0.20
2024-08-31T12:00,24.0,8.9,140,90,0.50
2024-08-31T13:00,24.4,7.6,149,85,1.70
2024-08-31T14:00,24.0,5.8,150,89,4.30
2024-08-31T15:00,23.6,5.9,142,88,1.50
2024-08-31T16:00,23.1,4.4,125,92,2.40
2024-08-31T17:00,22.8,4.3,138,94,1.80
2024-08-31T18:00,22.5,2.7,157,97,1.40
2024-08-31T19:00,22.3,2.5,172,98,1.30
2024-08-31T20:00,22.1,2.6,124,99,0.50
2024-08-31T21:00,22.4,4.2,160,98,0.70
2024-08-31T22:00,22.2,5.0,159,98,0.40
2024-08-31T23:00,22.0,4.7,176,96,0.50
2024-09-01T00:00,21.7,4.4,171,99,0.20
2024-09-01T01:00,21.5,2.3,141,99,0.30
2024-09-01T02:00,21.5,4.7,148,99,0.30
2024-09-01T03:00,21.2,3.0,166,99,0.20
2024-09-01T04:00,21.3,4.3,138,99,0.30
2024-09-01T05:00,21.2,3.9,124,99,0.60
2024-09-01T06:00,21.4,3.7,151,99,0.50
2024-09-01T07:00,21.6,4.7,157,99,0.50
2024-09-01T08:00,22.0,8.6,158,98,0.20
2024-09-01T09:00,22.9,8.1,159,92,0.40
2024-09-01T10:00,22.6,7.7,169,94,0.20
2024-09-01T11:00,24.1,7.9,177,90,0.40
2024-09-01T12:00,25.5,11.0,169,86,0.40
2024-09-01T13:00,24.8,12.6,182,84,9.60
2024-09-01T14:00,24.6,8.0,185,85,2.50
2024-09-01T15:00,25.0,8.7,185,86,1.00
2024-09-01T16:00,23.6,7.6,188,86,8.30
2024-09-01T17:00,22.9,6.2,201,92,0.80
2024-09-01T18:00,22.7,4.7,180,92,0.50
2024-09-01T19:00,22.4,5.9,169,96,0.30
2024-09-01T20:00,22.0,5.8,173,98,0.30
2024-09-01T21:00,21.4,6.9,174,99,0.30
2024-09-01T22:00,21.4,4.3,175,99,0.30
2024-09-01T23:00,21.3,5.2,168,100,0.10
2024-09-02T00:00,21.1,4.5,194,99,0.10
2024-09-02T01:00,21.1,4.0,170,99,0.00
2024-09-02T02:00,21.0,4.0,175,99,0.10
2024-09-02T03:00,21.0,4.0,175,99,0.10
2024-09-02T04:00,21.0,2.6,164,99,0.10
2024-09-02T05:00,20.6,3.0,166,99,0.00
2024-09-02T06:00,20.9,2.5,188,99,0.00
2024-09-02T07:00,21.3,3.1,159,98,0.00
2024-09-02T08:00,22.5,6.2,144,94,0.10
2024-09-02T09:00,24.8,9.9,161,83,0.10
2024-09-02T10:00,25.6,11.5,166,80,0.10
2024-09-02T11:00,26.4,12.1,170,78,0.20
2024-09-02T12:00,27.1,12.2,180,74,0.30
2024-09-02T13:00,26.7,14.2,189,76,0.20
2024-09-02T14:00,27.1,13.7,182,76,0.40
2024-09-02T15:00,26.8,8.5,192,76,4.30
2024-09-02T16:00,25.3,9.5,205,79,3.20
2024-09-02T17:00,25.3,2.5,188,78,0.10
2024-09-02T18:00,24.2,3.6,225,86,0.30
2024-09-02T19:00,24.4,3.1,339,83,0.00
2024-09-02T20:00,24.0,2.3,231,85,0.00
2024-09-02T21:00,24.1,0.7,360,84,0.00
2024-09-02T22:00,23.8,2.5,172,86,0.00
2024-09-02T23:00,23.1,1.4,270,89,0.00
2024-09-03T00:00,23.0,1.1,270,87,0.00
2024-09-03T01:00,22.6,1.3,236,89,0.00
2024-09-03T02:00,22.2,0.7,270,90,0.00
2024-09-03T03:00,22.1,1.3,304,90,0.00
2024-09-03T04:00,22.0,0.5,315,88,0.00
2024-09-03T05:00,21.8,2.7,337,87,0.00
2024-09-03T06:00,20.6,3.1,339,91,0.00
2024-09-03T07:00,22.6,3.1,69,88,0.00
2024-09-03T08:00,23.9,3.9,112,88,0.00
2024-09-03T09:00,25.0,6.1,130,86,0.00
2024-09-03T10:00,26.0,10.1,145,83,0.00
2024-09-03T11:00,26.6,8.4,140,77,0.50
2024-09-03T12:00,26.8,9.2,138,77,4.40
2024-09-03T13:00,27.0,8.1,159,78,3.20
2024-09-03T14:00,27.4,4.5,166,77,0.40
2024-09-03T15:00,25.9,5.5,169,82,2.40
2024-09-03T16:00,25.9,6.6,139,83,0.10
2024-09-03T17:00,24.7,6.6,167,87,0.70
2024-09-03T18:00,23.6,1.5,45,94,0.90
2024-09-03T19:00,24.0,2.8,320,88,0.00
2024-09-03T20:00,23.5,2.4,153,91,0.00
2024-09-03T21:00,23.3,2.6,164,98,0.20
2024-09-03T22:00,23.0,2.7,203,97,0.10
2024-09-03T23:00,22.6,2.2,180,99,0.00
2024-09-04T00:00,22.0,2.7,157,100,0.00
2024-09-04T01:00,22.1,2.9,120,99,0.00
2024-09-04T02:00,21.8,1.5,104,100,0.00
2024-09-04T03:00,21.6,1.8,127,100,0.00
2024-09-04T04:00,21.5,1.8,169,99,0.10
2024-09-04T05:00,21.6,0.4,90,100,0.20
2024-09-04T06:00,21.5,0.4,360,100,0.10
2024-09-04T07:00,22.1,1.8,90,98,0.10
2024-09-04T08:00,23.4,3.3,139,92,0.10
2024-09-04T09:00,23.9,9.1,124,95,0.20
2024-09-04T10:00,25.0,8.4,149,87,1.00
2024-09-04T11:00,26.0,9.1,146,88,1.00
2024-09-04T12:00,26.5,7.1,139,86,4.30
2024-09-04T13:00,26.5,5.2,146,85,3.00
2024-09-04T14:00,26.0,6.8,180,82,4.80
2024-09-04T15:00,25.6,4.7,122,82,4.50
2024-09-04T16:00,24.5,10.1,176,87,4.10
2024-09-04T17:00,23.6,1.8,101,89,3.90
2024-09-04T18:00,22.5,4.1,135,96,1.00
2024-09-04T19:00,22.0,2.0,135,98,0.90
2024-09-04T20:00,22.1,4.6,321,96,3.30
2024-09-04T21:00,22.8,2.3,141,97,0.00
2024-09-04T22:00,22.6,2.1,149,97,0.00
2024-09-04T23:00,22.5,0.7,270,99,0.00
2024-09-05T00:00,22.6,2.3,198,96,0.00
2024-09-05T01:00,22.2,2.8,140,98,0.00
2024-09-05T02:00,21.8,1.9,68,99,0.00
2024-09-05T03:00,21.5,1.9,22,99,0.00
2024-09-05T04:00,20.8,1.5,346,99,0.00
2024-09-05T05:00,21.0,1.6,333,97,0.00
2024-09-05T06:00,21.1,0.5,315,95,0.10
2024-09-05T07:00,21.8,1.9,68,98,0.00
2024-09-05T08:00,23.2,6.0,123,92,0.00
2024-09-05T09:00,24.2,6.4,142,89,0.10
2024-09-05T10:00,25.8,11.0,139,85,0.10
2024-09-05T11:00,26.1,11.0,142,81,0.70
2024-09-05T12:00,26.5,8.2,151,79,1.50
2024-09-05T13:00,27.0,4.7,171,78,0.60
2024-09-05T14:00,26.0,8.6,158,80,6.50
2024-09-05T15:00,25.0,6.8,90,83,4.20
2024-09-05T16:00,22.9,2.3,141,94,7.80
2024-09-05T17:00,23.0,5.5,148,95,4.00
2024-09-05T18:00,23.0,1.8,101,94,2.10
2024-09-05T19:00,22.5,4.2,70,98,0.20
2024-09-05T20:00,22.1,2.6,326,99,0.20
2024-09-05T21:00,22.4,1.6,243,94,7.60
2024-09-05T22:00,22.4,0.5,135,95,1.50
2024-09-05T23:00,21.9,1.1,108,97,0.20
2024-09-06T00:00,21.4,2.5,315,98,0.00
2024-09-06T01:00,22.0,1.8,360,93,0.00
2024-09-06T02:00,21.3,1.8,323,95,0.00
2024-09-06T03:00,21.1,1.5,315,93,0.00
2024-09-06T04:00,21.8,1.1,342,88,0.00
2024-09-06T05:00,21.1,2.3,342,89,0.00
2024-09-06T06:00,20.9,2.3,321,89,0.00
2024-09-06T07:00,22.6,1.6,63,87,0.00
2024-09-06T08:00,24.0,3.2,90,87,0.00
2024-09-06T09:00,25.4,4.3,138,87,0.00
2024-09-06T10:00,26.5,6.1,152,82,0.00
2024-09-06T11:00,27.5,6.8,177,75,0.00
2024-09-06T12:00,28.1,9.0,157,68,0.00
2024-09-06T13:00,28.4,9.7,141,69,0.00
2024-09-06T14:00,27.5,3.4,148,70,0.00
2024-09-06T15:00,26.9,4.1,105,73,0.00
2024-09-06T16:00,26.4,2.3,231,75,0.00
2024-09-06T17:00,25.2,5.0,111,82,0.00
2024-09-06T18:00,24.1,2.9,90,91,0.40
2024-09-06T19:00,23.8,2.6,286,92,0.10
2024-09-06T20:00,24.4,1.1,360,86,0.00
2024-09-06T21:00,25.1,1.1,270,77,0.00
2024-09-06T22:00,25.0,0.8,297,77,0.00
2024-09-06T23:00,23.9,3.4,238,85,0.00
2024-09-07T00:00,24.0,3.7,209,83,0.00
2024-09-07T01:00,24.0,1.8,217,84,0.00
2024-09-07T02:00,22.6,2.2,270,92,0.00
2024-09-07T03:00,23.9,0.7,270,82,0.00
2024-09-07T04:00,23.6,0.5,315,84,0.00
2024-09-07T05:00,22.2,4.2,340,87,0.00
2024-09-07T06:00,22.0,4.4,351,89,0.00
2024-09-07T07:00,24.4,2.8,50,78,0.00
2024-09-07T08:00,25.3,3.8,73,79,0.00
2024-09-07T09:00,27.0,4.2,20,70,0.00
2024-09-07T10:00,28.0,6.3,24,67,0.00
2024-09-07T11:00,28.5,7.1,30,66,0.00
2024-09-07T12:00,28.5,9.4,32,69,0.20
2024-09-07T13:00,29.0,8.4,40,67,0.10
2024-09-07T14:00,29.1,11.5,44,66,0.00
2024-09-07T15:00,28.9,9.2,59,65,0.30
2024-09-07T16:00,28.1,7.6,59,68,0.00
2024-09-07T17:00,27.2,3.3,103,75,0.00
2024-09-07T18:00,25.4,4.0,243,85,0.00
2024-09-07T19:00,26.0,1.5,256,74,0.00
2024-09-07T20:00,23.4,4.7,203,90,0.00
2024-09-07T21:00,24.2,6.0,303,79,0.30
2024-09-07T22:00,25.0,2.4,333,75,0.10
2024-09-07T23:00,24.9,1.3,146,74,0.00
2024-09-08T00:00,23.9,2.2,171,82,0.00
2024-09-08T01:00,23.5,1.6,297,83,0.00
2024-09-08T02:00,23.4,0.8,207,82,0.00
2024-09-08T03:00,22.6,2.2,261,85,0.00
2024-09-08T04:00,21.5,2.2,279,88,0.00
2024-09-08T05:00,21.1,2.0,315,88,0.00
2024-09-08T06:00,22.0,1.5,315,85,0.00
2024-09-08T07:00,23.0,1.1,18,84,0.00
2024-09-08T08:00,24.1,3.1,111,82,0.00
2024-09-08T09:00,25.8,4.4,125,81,0.00
2024-09-08T10:00,26.8,4.0,117,77,0.00
2024-09-08T11:00,27.5,3.6,90,72,0.00
2024-09-08T12:00,28.4,6.2,97,69,0.00
2024-09-08T13:00,28.2,3.4,122,71,0.00
2024-09-08T14:00,28.0,2.9,173,72,0.20
2024-09-08T15:00,27.9,6.5,174,72,0.10
2024-09-08T16:00,25.6,4.8,117,81,2.00
2024-09-08T17:00,24.7,3.0,284,85,1.10
2024-09-08T18:00,24.2,1.8,37,85,1.40
2024-09-08T19:00,23.8,3.0,104,90,0.10
2024-09-08T20:00,23.1,0.8,63,95,0.00
2024-09-08T21:00,23.0,4.3,275,95,0.00
2024-09-08T22:00,22.4,4.0,185,96,0.00
2024-09-08T23:00,22.8,1.8,180,97,0.10
2024-09-09T00:00,22.9,2.0,225,95,0.00
2024-09-09T01:00,22.0,3.9,112,96,0.20
2024-09-09T02:00,22.4,1.9,202,94,0.10
2024-09-09T03:00,21.7,4.2,149,98,0.00
2024-09-09T04:00,21.4,2.3,219,99,0.00
2024-09-09T05:00,21.4,2.5,225,99,0.00
2024-09-09T06:00,21.4,2.6,254,99,0.00
2024-09-09T07:00,22.1,1.8,101,97,0.00
2024-09-09T08:00,23.5,7.2,127,91,0.10
2024-09-09T09:00,24.6,6.4,153,88,0.60
2024-09-09T10:00,24.8,6.9,152,85,3.60
2024-09-09T11:00,25.5,5.4,176,88,0.20
2024-09-09T12:00,26.2,6.8,162,87,0.30
2024-09-09T13:00,27.0,1.5,166,81,0.50
2024-09-09T14:00,25.1,3.3,139,83,8.60
2024-09-09T15:00,25.5,7.8,158,84,4.40
2024-09-09T16:00,23.5,7.1,156,93,9.10
2024-09-09T17:00,22.7,6.7,126,97,4.60
2024-09-09T18:00,21.8,3.1,21,100,1.10
2024-09-09T19:00,22.0,1.5,135,98,1.50
2024-09-09T20:00,22.1,1.4,180,97,0.30
2024-09-09T21:00,22.0,4.7,157,99,7.00
2024-09-09T22:00,22.0,2.9,210,98,1.10
2024-09-09T23:00,22.0,3.1,135,99,0.40
2024-09-10T00:00,21.9,0.7,90,98,0.20
2024-09-10T01:00,21.7,2.9,97,99,0.10
2024-09-10T02:00,21.5,2.0,135,99,0.00
2024-09-10T03:00,20.9,4.7,189,100,0.00
2024-09-10T04:00,21.3,4.3,185,99,0.00
2024-09-10T05:00,20.9,2.6,196,99,0.00
2024-09-10T06:00,21.2,1.6,297,98,2.30
2024-09-10T07:00,21.4,0.5,135,100,2.40
2024-09-10T08:00,22.8,1.8,143,93,0.70
2024-09-10T09:00,24.2,6.0,147,88,0.00
2024-09-10T10:00,25.2,6.3,149,86,0.10
2024-09-10T11:00,25.1,4.8,153,86,0.90
2024-09-10T12:00,26.8,7.6,155,76,2.00
2024-09-10T13:00,25.0,5.4,110,83,6.80
2024-09-10T14:00,24.6,5.5,148,88,3.50
2024-09-10T15:00,23.7,6.0,147,92,5.30
2024-09-10T16:00,24.0,6.2,159,89,2.10
2024-09-10T17:00,23.5,4.4,171,93,0.40
2024-09-10T18:00,22.8,4.7,122,96,0.30
2024-09-10T19:00,22.5,0.8,153,97,0.50
2024-09-10T20:00,22.4,3.7,151,98,0.10
2024-09-10T21:00,22.2,3.3,174,99,0.10
2024-09-10T22:00,22.1,3.2,153,99,0.10
2024-09-10T23:00,21.9,2.6,164,99,0.20
2024-09-11T00:00,21.9,4.1,165,99,0.20
2024-09-11T01:00,21.8,3.0,194,99,0.40
2024-09-11T02:00,21.6,4.7,189,100,1.10
2024-09-11T03:00,21.5,3.6,217,100,0.70
2024-09-11T04:00,21.4,4.2,200,100,0.50
2024-09-11T05:00,21.4,3.6,186,100,0.60
2024-09-11T06:00,21.3,5.0,201,100,0.80
2024-09-11T07:00,21.9,5.5,169,97,0.60
2024-09-11T08:00,22.5,8.0,153,93,0.30
2024-09-11T09:00,23.4,10.2,135,95,0.30
2024-09-11T10:00,23.8,12.2,137,96,0.10
2024-09-11T11:00,25.0,8.7,150,91,0.80
2024-09-11T12:00,26.0,9.5,143,79,5.30
2024-09-11T13:00,25.5,7.4,129,81,17.80
2024-09-11T14:00,25.3,10.1,145,84,11.40
2024-09-11T15:00,24.0,6.2,170,88,12.00
2024-09-11T16:00,23.5,9.0,119,95,4.90
2024-09-11T17:00,22.2,3.8,221,98,3.20
2024-09-11T18:00,22.7,2.3,72,94,3.80
2024-09-11T19:00,22.3,5.0,159,97,1.30
2024-09-11T20:00,22.1,1.8,127,97,0.10
2024-09-11T21:00,22.2,4.7,122,98,1.90
2024-09-11T22:00,21.9,4.3,114,99,3.20
2024-09-11T23:00,21.8,7.6,155,100,0.30
2024-09-12T00:00,21.9,7.1,156,99,1.00
2024-09-12T01:00,21.8,7.7,139,100,0.60
2024-09-12T02:00,21.8,6.3,149,99,0.50
2024-09-12T03:00,21.7,8.5,144,100,0.40
2024-09-12T04:00,21.6,9.3,144,100,0.50
2024-09-12T05:00,21.5,8.2,157,100,0.70
2024-09-12T06:00,21.4,8.2,142,100,0.30
2024-09-12T07:00,21.5,9.7,149,100,0.30
2024-09-12T08:00,22.2,11.4,152,97,0.50
2024-09-12T09:00,22.5,10.5,153,98,1.00
2024-09-12T10:00,23.1,12.6,153,98,0.70
2024-09-12T11:00,23.9,12.9,153,92,0.80
2024-09-12T12:00,24.2,9.8,156,91,0.80
2024-09-12T13:00,25.1,11.8,140,84,8.90
2024-09-12T14:00,24.5,12.5,147,91,2.60
2024-09-12T15:00,23.8,11.5,139,93,13.20
2024-09-12T16:00,23.2,11.6,150,97,1.80
2024-09-12T17:00,23.0,12.3,140,98,1.10
2024-09-12T18:00,22.4,11.8,149,100,0.90
2024-09-12T19:00,22.1,11.4,152,99,0.70
2024-09-12T20:00,21.8,10.5,149,99,0.50
2024-09-12T21:00,22.4,9.8,156,99,0.80
2024-09-12T22:00,22.1,10.6,152,99,0.30
2024-09-12T23:00,21.8,9.3,152,99,0.00
2024-09-13T00:00,21.6,9.0,157,100,0.00
2024-09-13T01:00,21.5,8.2,157,99,0.00
2024-09-13T02:00,21.4,9.0,157,99,0.00
2024-09-13T03:00,21.2,10.1,153,100,0.00
2024-09-13T04:00,21.2,10.7,160,100,0.00
2024-09-13T05:00,21.2,8.9,153,99,0.00
2024-09-13T06:00,21.3,8.8,161,99,0.00
2024-09-13T07:00,21.6,10.2,162,98,0.00
2024-09-13T08:00,22.7,13.2,158,95,0.10
2024-09-13T09:00,23.2,13.0,161,92,0.30
2024-09-13T10:00,24.2,14.4,158,89,0.50
2024-09-13T11:00,25.2,14.7,155,87,0.30
2024-09-13T12:00,26.0,14.3,170,81,0.20
2024-09-13T13:00,26.2,18.1,173,78,0.50
2024-09-13T14:00,25.8,14.3,168,84,0.80
2024-09-13T15:00,25.4,14.3,170,87,0.20
2024-09-13T16:00,24.4,13.8,160,91,0.30
2024-09-13T17:00,23.3,12.1,153,94,0.30
2024-09-13T18:00,22.5,9.0,151,98,0.20
2024-09-13T19:00,22.3,7.4,151,98,0.20
2024-09-13T20:00,22.0,8.6,158,98,0.10
2024-09-13T21:00,22.0,8.1,148,98,0.10
2024-09-13T22:00,21.9,9.7,149,98,0.00
2024-09-13T23:00,21.6,9.1,162,98,0.10
2024-09-14T00:00,21.5,8.9,166,98,0.10
2024-09-14T01:00,21.4,9.0,157,99,0.10
2024-09-14T02:00,21.1,8.2,157,100,0.10
2024-09-14T03:00,21.1,8.8,168,100,0.10
2024-09-14T04:00,21.1,8.5,168,100,0.40
2024-09-14T05:00,21.1,7.2,174,100,0.80
2024-09-14T06:00,21.2,7.6,172,100,1.40
2024-09-14T07:00,21.5,7.0,168,99,3.90
2024-09-14T08:00,22.2,10.8,180,98,1.70
2024-09-14T09:00,22.5,13.8,186,99,1.60
2024-09-14T10:00,24.5,16.6,198,89,0.70
2024-09-14T11:00,25.2,20.2,191,83,0.20
2024-09-14T12:00,25.9,19.7,195,78,0.00
2024-09-14T13:00,26.2,19.9,200,75,0.00
2024-09-14T14:00,26.5,22.5,196,74,0.00
2024-09-14T15:00,26.2,18.6,189,74,0.00
2024-09-14T16:00,25.3,15.3,188,80,0.00
2024-09-14T17:00,24.6,11.2,184,83,0.00
2024-09-14T18:00,23.8,7.6,172,85,0.00
2024-09-14T19:00,23.4,5.9,169,86,0.00
2024-09-14T20:00,23.0,6.4,153,88,0.00
2024-09-14T21:00,22.0,9.5,151,93,0.00
2024-09-14T22:00,21.5,8.4,155,97,0.00
2024-09-14T23:00,21.3,7.7,152,98,0.00
2024-09-15T00:00,21.4,8.1,159,97,0.00
2024-09-15T01:00,21.1,8.0,162,98,0.00
2024-09-15T02:00,21.0,8.8,161,98,0.00
2024-09-15T03:00,20.9,8.4,160,99,0.00
2024-09-15T04:00,20.8,8.2,157,99,0.00
2024-09-15T05:00,20.9,8.6,165,100,0.00
2024-09-15T06:00,21.1,8.2,165,99,0.00
2024-09-15T07:00,21.8,10.3,168,96,0.00
2024-09-15T08:00,23.6,12.6,177,87,0.00
2024-09-15T09:00,23.5,12.1,170,89,0.10
2024-09-15T10:00,24.4,14.2,171,87,0.10
2024-09-15T11:00,24.9,13.7,175,85,0.20
2024-09-15T12:00,25.4,17.3,181,82,0.50
2024-09-15T13:00,25.8,16.6,178,80,0.20
2024-09-15T14:00,26.2,15.9,184,77,0.50
2024-09-15T15:00,26.1,15.2,173,78,0.50
2024-09-15T16:00,25.5,11.8,160,83,0.50
2024-09-15T17:00,24.4,9.5,143,87,2.40
2024-09-15T18:00,22.9,6.4,133,95,0.60
2024-09-15T19:00,22.4,4.8,132,98,0.10
2024-09-15T20:00,22.3,6.1,135,97,0.20
2024-09-15T21:00,22.0,5.6,135,97,0.00
2024-09-15T22:00,21.5,3.8,139,98,0.00
2024-09-15T23:00,21.5,4.2,149,98,0.00
2024-09-16T00:00,21.5,6.7,144,99,0.00
2024-09-16T01:00,21.4,4.6,135,99,0.10
2024-09-16T02:00,21.5,6.2,144,99,0.10
2024-09-16T03:00,21.5,6.2,144,99,0.10
2024-09-16T04:00,21.5,7.2,153,100,0.10
2024-09-16T05:00,21.2,7.4,151,99,0.00
2024-09-16T06:00,21.2,7.6,149,100,0.00
2024-09-16T07:00,21.6,8.8,145,98,0.00
2024-09-16T08:00,22.5,10.7,160,96,0.20
2024-09-16T09:00,23.5,11.6,150,91,0.10
2024-09-16T10:00,24.5,13.2,158,87,0.10
2024-09-16T11:00,25.5,13.5,171,81,0.70
2024-09-16T12:00,25.6,14.1,174,85,1.80
2024-09-16T13:00,25.8,14.1,176,85,0.40
2024-09-16T14:00,26.0,13.7,175,78,2.40
2024-09-16T15:00,25.6,14.2,171,80,0.40
2024-09-16T16:00,25.2,9.7,165,84,2.80
2024-09-16T17:00,24.0,8.5,152,91,0.20
2024-09-16T18:00,22.8,6.6,151,95,0.50
2024-09-16T19:00,22.4,4.6,135,98,0.00
2024-09-16T20:00,22.0,4.6,135,98,0.00
2024-09-16T21:00,22.2,6.1,135,97,0.00
2024-09-16T22:00,22.0,6.2,144,98,0.00
2024-09-16T23:00,21.9,6.1,152,98,0.00
2024-09-17T00:00,21.5,5.0,150,99,0.00
2024-09-17T01:00,21.5,6.9,152,99,0.20
2024-09-17T02:00,21.4,4.3,138,100,1.70
2024-09-17T03:00,21.4,6.9,137,100,1.80
2024-09-17T04:00,21.4,6.3,149,100,0.40
2024-09-17T05:00,21.2,4.7,157,99,0.20
2024-09-17T06:00,21.4,7.1,156,99,0.10
2024-09-17T07:00,21.5,7.3,169,99,0.30
2024-09-17T08:00,22.9,9.4,182,90,0.20
2024-09-17T09:00,23.5,9.7,176,89,0.50
2024-09-17T10:00,25.0,11.2,176,82,0.50
2024-09-17T11:00,24.6,12.2,178,85,0.00
2024-09-17T12:00,26.3,17.7,192,76,0.20
2024-09-17T13:00,27.2,19.6,186,71,0.10
2024-09-17T14:00,26.6,20.3,193,73,0.10
2024-09-17T15:00,26.1,15.0,190,77,0.40
2024-09-17T16:00,25.2,13.2,191,80,1.00
2024-09-17T17:00,24.5,7.0,192,86,1.30
2024-09-17T18:00,23.4,3.8,163,91,0.50
2024-09-17T19:00,22.9,4.7,180,95,0.70
2024-09-17T20:00,22.5,3.4,198,97,0.10
2024-09-17T21:00,22.4,3.3,167,96,0.00
2024-09-17T22:00,21.4,4.1,142,99,0.00
2024-09-17T23:00,21.0,4.8,132,99,0.00
2024-09-18T00:00,21.2,4.0,117,99,0.00
2024-09-18T01:00,21.5,2.5,90,99,0.00
2024-09-18T02:00,21.5,1.3,56,99,0.00
2024-09-18T03:00,21.3,2.5,98,100,0.00
2024-09-18T04:00,21.2,1.6,63,99,0.00
2024-09-18T05:00,21.2,0.5,45,100,0.00
2024-09-18T06:00,21.1,0.8,333,100,0.00
2024-09-18T07:00,22.0,2.2,171,96,0.00
2024-09-18T08:00,24.0,5.8,180,86,0.00
2024-09-18T09:00,25.5,10.0,165,83,0.10
2024-09-18T10:00,26.3,11.0,169,79,0.10
2024-09-18T11:00,26.9,15.8,179,75,0.10
2024-09-18T12:00,27.2,16.2,183,72,0.10
2024-09-18T13:00,27.6,14.0,192,68,0.10
2024-09-18T14:00,27.2,14.1,193,69,0.40
2024-09-18T15:00,26.6,12.6,193,74,0.00
2024-09-18T16:00,25.3,9.0,180,78,1.00
2024-09-18T17:00,24.5,6.2,216,83,0.30
2024-09-18T18:00,23.4,2.9,187,94,0.10
2024-09-18T19:00,23.0,3.6,217,95,0.00
2024-09-18T20:00,23.5,2.5,262,91,0.00
2024-09-18T21:00,24.1,2.5,225,84,0.00
2024-09-18T22:00,24.0,1.5,315,84,0.00
2024-09-18T23:00,23.7,1.8,11,85,0.00
2024-09-19T00:00,23.4,0.4,270,86,0.00
2024-09-19T01:00,23.1,1.1,288,85,0.00
2024-09-19T02:00,23.0,2.2,360,85,0.00
2024-09-19T03:00,22.8,2.5,315,85,0.00
2024-09-19T04:00,22.5,1.8,349,86,0.00
2024-09-19T05:00,21.0,4.5,299,89,0.00
2024-09-19T06:00,23.0,1.5,135,78,0.00
2024-09-19T07:00,23.2,1.5,104,85,0.00
2024-09-19T08:00,24.2,2.4,117,87,0.00
2024-09-19T09:00,25.0,5.1,135,86,0.10
2024-09-19T10:00,25.8,6.0,163,85,0.10
2024-09-19T11:00,26.8,10.0,165,80,0.10
2024-09-19T12:00,27.0,8.7,175,75,0.10
2024-09-19T13:00,26.4,9.8,188,74,0.40
2024-09-19T14:00,26.7,10.9,188,73,1.00
2024-09-19T15:00,25.9,5.1,184,76,0.80
2024-09-19T16:00,24.9,5.4,143,81,0.20
2024-09-19T17:00,24.0,1.8,169,89,0.30
2024-09-19T18:00,23.0,3.3,131,96,0.30
2024-09-19T19:00,23.1,1.5,166,96,0.20
2024-09-19T20:00,23.1,0.0,270,95,0.20
2024-09-19T21:00,22.3,1.8,79,98,0.50
2024-09-19T22:00,22.2,2.2,81,98,0.10
2024-09-19T23:00,22.0,2.3,108,98,0.00
2024-09-20T00:00,21.7,2.2,81,98,0.00
2024-09-20T01:00,21.5,1.8,53,98,0.10
2024-09-20T02:00,21.4,2.3,39,99,0.00
2024-09-20T03:00,21.1,1.8,79,99,0.00
2024-09-20T04:00,21.1,1.3,34,99,0.00
2024-09-20T05:00,20.9,3.5,24,98,0.00
2024-09-20T06:00,21.6,2.2,360,96,0.00
2024-09-20T07:00,22.4,1.1,108,94,0.00
2024-09-20T08:00,23.1,2.7,113,94,0.00
2024-09-20T09:00,25.0,3.7,119,85,0.00
2024-09-20T10:00,25.5,5.5,169,85,0.00
2024-09-20T11:00,25.5,6.9,152,85,0.00
2024-09-20T12:00,26.6,7.1,150,81,0.10
2024-09-20T13:00,26.0,2.9,187,80,0.50
2024-09-20T14:00,26.2,3.2,153,74,2.20
2024-09-20T15:00,25.5,2.9,97,78,6.30
2024-09-20T16:00,24.2,3.2,360,84,5.80
2024-09-20T17:00,23.5,5.6,345,88,9.60
2024-09-20T18:00,23.3,3.8,311,88,9.50
2024-09-20T19:00,23.1,2.3,51,89,6.70
2024-09-20T20:00,22.9,3.1,339,91,0.90
2024-09-20T21:00,23.5,2.2,9,90,0.20
2024-09-20T22:00,24.0,1.8,233,80,0.10
2024-09-20T23:00,23.7,1.1,288,80,0.10
2024-09-21T00:00,22.6,3.5,336,89,0.00
2024-09-21T01:00,23.6,2.2,9,81,0.00
2024-09-21T02:00,23.3,2.2,9,82,0.00
2024-09-21T03:00,23.2,1.8,281,81,0.00
2024-09-21T04:00,22.6,3.7,349,81,0.00
2024-09-21T05:00,21.8,5.2,344,85,0.00
2024-09-21T06:00,22.0,3.6,354,87,0.00
2024-09-21T07:00,23.8,5.0,360,79,0.00
2024-09-21T08:00,25.0,4.7,81,78,0.00
2024-09-21T09:00,26.1,4.0,27,72,0.00
2024-09-21T10:00,27.1,4.3,48,69,0.00
2024-09-21T11:00,27.4,5.2,78,70,0.00
2024-09-21T12:00,28.2,2.4,63,67,0.00
2024-09-21T13:00,28.6,3.3,131,61,0.30
2024-09-21T14:00,27.6,10.9,153,67,0.40
2024-09-21T15:00,25.4,1.3,146,85,0.20
2024-09-21T16:00,25.5,2.8,140,82,0.50
2024-09-21T17:00,24.4,1.6,117,86,0.30
2024-09-21T18:00,23.4,0.7,90,91,2.50
2024-09-21T19:00,23.4,0.8,117,90,0.20
2024-09-21T20:00,23.1,1.6,153,93,0.10
2024-09-21T21:00,23.3,1.9,158,94,0.00
2024-09-21T22:00,23.1,2.3,198,95,0.00
2024-09-21T23:00,23.1,1.0,315,93,0.00
2024-09-22T00:00,23.0,2.2,90,93,0.00
2024-09-22T01:00,22.6,1.5,346,94,0.00
2024-09-22T02:00,22.6,2.3,342,91,0.00
2024-09-22T03:00,22.0,3.1,339,89,0.00
2024-09-22T04:00,21.2,4.6,321,87,0.00
2024-09-22T05:00,20.7,4.9,324,87,0.00
2024-09-22T06:00,22.6,1.5,315,75,0.00
2024-09-22T07:00,23.5,2.5,352,79,0.00
2024-09-22T08:00,24.8,3.1,36,80,0.00
2024-09-22T09:00,25.6,3.8,41,82,0.00
2024-09-22T10:00,26.6,5.8,22,76,0.40
2024-09-22T11:00,27.6,6.7,36,69,0.10
2024-09-22T12:00,28.0,6.6,41,68,0.70
2024-09-22T13:00,28.5,7.0,55,68,0.10
2024-09-22T14:00,26.2,5.9,104,76,4.40
2024-09-22T15:00,24.8,7.7,281,78,4.10
2024-09-22T16:00,25.5,4.9,306,76,0.20
2024-09-22T17:00,24.5,5.4,4,81,0.40
2024-09-22T18:00,24.4,1.8,259,81,0.00
2024-09-22T19:00,24.1,0.5,315,82,0.00
2024-09-22T20:00,24.0,0.8,63,83,0.00
2024-09-22T21:00,24.7,2.6,344,79,0.00
2024-09-22T22:00,24.4,3.4,342,80,0.00
2024-09-22T23:00,24.0,2.2,351,81,0.00
2024-09-23T00:00,21.5,5.2,348,90,0.00
2024-09-23T01:00,21.2,5.9,346,89,0.00
2024-09-23T02:00,21.0,4.8,333,88,0.00
2024-09-23T03:00,22.9,3.1,339,76,0.00
2024-09-23T04:00,23.2,1.6,297,73,0.00
2024-09-23T05:00,23.3,1.8,307,72,0.00
2024-09-23T06:00,22.8,2.9,30,75,0.00
2024-09-23T07:00,23.5,3.9,22,79,0.00
2024-09-23T08:00,25.1,3.4,32,75,0.00
2024-09-23T09:00,25.8,4.2,70,76,0.00
2024-09-23T10:00,26.5,4.8,63,76,0.00
2024-09-23T11:00,27.6,6.9,51,71,0.00
2024-09-23T12:00,26.9,5.9,11,71,0.00
2024-09-23T13:00,26.8,6.6,45,74,0.00
2024-09-23T14:00,27.4,4.0,27,73,0.00
2024-09-23T15:00,27.6,5.0,60,71,0.00
2024-09-23T16:00,27.0,7.2,360,73,0.00
2024-09-23T17:00,25.5,9.8,24,78,0.50
2024-09-23T18:00,23.5,5.6,333,88,0.60
2024-09-23T19:00,23.6,1.8,360,90,1.40
2024-09-23T20:00,23.3,3.1,21,92,0.60
2024-09-23T21:00,24.1,4.5,331,88,0.80
2024-09-23T22:00,23.9,3.5,336,89,0.40
2024-09-23T23:00,24.0,3.0,346,84,0.00
2024-09-24T00:00,22.9,4.2,59,89,0.00
2024-09-24T01:00,23.2,2.5,360,90,0.00
2024-09-24T02:00,21.7,4.6,342,92,0.00
2024-09-24T03:00,21.8,3.3,347,88,0.00
2024-09-24T04:00,22.6,3.0,346,84,0.00
2024-09-24T05:00,21.9,2.8,310,85,0.00
2024-09-24T06:00,21.6,3.1,339,88,0.00
2024-09-24T07:00,23.8,2.2,189,80,0.00
2024-09-24T08:00,24.0,6.6,112,90,0.20
2024-09-24T09:00,25.8,3.5,114,83,0.00
2024-09-24T10:00,26.1,6.3,103,78,0.50
2024-09-24T11:00,27.0,1.1,252,76,0.00
2024-09-24T12:00,27.1,4.2,121,72,1.30
2024-09-24T13:00,25.3,4.7,203,81,3.60
2024-09-24T14:00,23.5,4.5,61,90,5.00
2024-09-24T15:00,22.6,4.0,280,94,2.30
2024-09-24T16:00,23.5,3.1,21,87,0.50
2024-09-24T17:00,23.4,1.1,252,88,0.50
2024-09-24T18:00,23.2,1.4,180,91,0.20
2024-09-24T19:00,22.6,2.2,270,95,0.10
2024-09-24T20:00,22.5,2.3,18,94,0.10
2024-09-24T21:00,23.0,2.1,329,92,0.20
2024-09-24T22:00,22.9,2.1,329,92,0.00
2024-09-24T23:00,22.5,2.6,326,93,0.10
2024-09-25T00:00,23.0,0.8,207,85,0.00
2024-09-25T01:00,21.6,4.2,250,90,0.00
2024-09-25T02:00,21.6,4.3,222,88,0.00
2024-09-25T03:00,21.4,3.6,186,92,0.00
2024-09-25T04:00,21.2,3.4,238,93,0.00
2024-09-25T05:00,22.0,1.5,225,87,0.00
2024-09-25T06:00,21.5,2.4,27,91,0.00
2024-09-25T07:00,22.4,2.6,16,90,0.00
2024-09-25T08:00,23.8,2.1,121,85,0.00
2024-09-25T09:00,25.0,1.7,139,79,0.00
2024-09-25T10:00,26.0,3.9,137,75,0.00
2024-09-25T11:00,26.9,6.3,153,76,0.00
2024-09-25T12:00,27.1,6.5,156,79,0.00
2024-09-25T13:00,27.8,5.7,156,79,0.00
2024-09-25T14:00,28.1,5.4,166,69,0.90
2024-09-25T15:00,26.6,1.3,164,75,0.30
2024-09-25T16:00,26.5,0.6,288,75,0.00
2024-09-25T17:00,25.5,1.8,174,84,0.00
2024-09-25T18:00,23.8,3.2,357,92,0.20
2024-09-25T19:00,24.4,2.7,20,87,0.00
2024-09-25T20:00,22.1,3.7,194,98,3.10
2024-09-25T21:00,22.6,2.6,168,91,4.40
2024-09-25T22:00,22.1,2.2,305,92,0.80
2024-09-25T23:00,21.4,2.7,152,98,0.30
2024-09-26T00:00,21.6,1.9,158,95,0.30
2024-09-26T01:00,21.4,2.3,72,97,0.00
2024-09-26T02:00,21.2,1.4,220,98,0.00
2024-09-26T03:00,21.0,3.8,115,98,0.00
2024-09-26T04:00,21.0,1.0,68,99,0.00
2024-09-26T05:00,20.5,2.4,207,100,0.00
2024-09-26T06:00,20.9,0.5,270,99,0.00
2024-09-26T07:00,21.8,1.7,108,97,0.00
2024-09-26T08:00,23.0,5.1,107,91,0.00
2024-09-26T09:00,25.3,4.9,152,85,0.00
2024-09-26T10:00,26.4,6.3,141,82,0.00
2024-09-26T11:00,26.1,7.0,151,86,0.00
2024-09-26T12:00,27.2,5.3,218,79,0.10
2024-09-26T13:00,27.4,6.5,166,75,3.60
2024-09-26T14:00,25.3,8.1,231,80,4.60
2024-09-26T15:00,24.6,5.6,115,84,0.10
2024-09-26T16:00,24.1,6.5,104,90,0.10
2024-09-26T17:00,23.5,0.4,180,93,0.20
2024-09-26T18:00,23.6,1.8,217,93,0.10
2024-09-26T19:00,23.4,2.5,150,93,0.00
2024-09-26T20:00,22.9,1.1,351,96,0.00
2024-09-26T21:00,22.7,3.0,213,91,0.00
2024-09-26T22:00,23.0,0.8,243,90,0.00
2024-09-26T23:00,22.0,3.5,141,96,0.00
2024-09-27T00:00,22.4,1.8,217,94,0.00
2024-09-27T01:00,22.4,1.1,252,92,0.00
2024-09-27T02:00,22.3,0.9,281,92,0.00
2024-09-27T03:00,22.1,2.7,212,92,0.00
2024-09-27T04:00,21.5,1.3,278,94,0.00
2024-09-27T05:00,21.9,1.3,278,91,0.00
2024-09-27T06:00,21.2,1.3,278,93,0.00
2024-09-27T07:00,22.5,2.2,156,93,0.00
2024-09-27T08:00,23.8,4.3,132,91,0.00
2024-09-27T09:00,25.2,5.9,153,85,0.00
2024-09-27T10:00,26.4,5.8,166,79,0.00
2024-09-27T11:00,27.5,3.8,180,73,0.00
2024-09-27T12:00,27.5,6.5,156,72,0.00
2024-09-27T13:00,27.7,7.7,150,69,0.20
2024-09-27T14:00,27.8,2.5,150,71,4.00
2024-09-27T15:00,25.0,1.9,61,85,12.10
2024-09-27T16:00,24.2,4.7,320,83,3.40
2024-09-27T17:00,24.5,2.6,106,83,2.40
2024-09-27T18:00,23.1,3.4,196,93,0.60
2024-09-27T19:00,22.5,5.2,284,94,0.20
2024-09-27T20:00,23.4,2.3,162,87,0.00
2024-09-27T21:00,23.3,2.7,200,85,0.00
2024-09-27T22:00,23.4,1.1,360,83,0.00
2024-09-27T23:00,23.0,1.9,29,85,0.00
2024-09-28T00:00,22.6,1.3,315,87,0.00
2024-09-28T01:00,22.4,0.4,297,87,0.00
2024-09-28T02:00,21.8,1.5,284,88,0.00
2024-09-28T03:00,20.7,2.3,288,89,0.00
2024-09-28T04:00,20.7,1.0,292,87,0.00
2024-09-28T05:00,20.9,2.7,318,85,0.00
2024-09-28T06:00,20.8,3.6,323,88,0.00
2024-09-28T07:00,23.0,1.1,72,81,0.00
2024-09-28T08:00,24.0,3.6,147,86,0.00
2024-09-28T09:00,25.6,6.5,182,81,0.00
2024-09-28T10:00,26.5,7.5,169,79,0.00
2024-09-28T11:00,27.1,8.9,167,78,0.10
2024-09-28T12:00,28.2,8.5,173,73,0.10
2024-09-28T13:00,28.2,8.2,189,72,0.00
2024-09-28T14:00,28.8,10.5,167,67,0.10
2024-09-28T15:00,27.2,5.8,189,73,0.20
2024-09-28T16:00,25.9,6.3,182,80,0.00
2024-09-28T17:00,25.4,2.7,143,81,0.00
2024-09-28T18:00,23.5,3.6,117,93,0.10
2024-09-28T19:00,23.0,1.9,326,96,0.00
2024-09-28T20:00,23.0,3.1,216,95,0.00
2024-09-28T21:00,22.9,3.6,237,96,0.00
2024-09-28T22:00,22.2,3.9,217,96,0.10
2024-09-28T23:00,22.0,3.3,209,96,0.00
2024-09-29T00:00,22.2,2.8,191,97,0.00
2024-09-29T01:00,22.4,0.9,101,96,0.00
2024-09-29T02:00,20.8,3.2,289,99,0.00
2024-09-29T03:00,21.0,1.3,304,97,0.00
2024-09-29T04:00,20.9,1.8,307,94,0.00
2024-09-29T05:00,20.6,1.7,302,92,0.00
2024-09-29T06:00,21.4,1.5,306,90,0.00
2024-09-29T07:00,23.1,1.2,141,85,0.00
2024-09-29T08:00,24.3,4.7,184,86,0.00
2024-09-29T09:00,26.0,6.8,178,80,0.00
2024-09-29T10:00,26.8,8.6,179,78,0.00
2024-09-29T11:00,27.8,9.2,181,73,0.00
2024-09-29T12:00,28.6,12.3,177,70,0.00
2024-09-29T13:00,28.4,16.5,169,70,0.00
2024-09-29T14:00,28.1,14.0,179,72,0.00
2024-09-29T15:00,27.7,11.3,179,74,0.00
2024-09-29T16:00,26.5,7.2,186,78,0.10
2024-09-29T17:00,25.4,5.8,144,85,0.00
2024-09-29T18:00,24.0,3.1,216,95,0.00
2024-09-29T19:00,23.5,3.3,241,96,0.00
2024-09-29T20:00,23.0,3.2,243,96,0.00
2024-09-29T21:00,23.5,4.0,198,90,0.00
2024-09-29T22:00,22.7,4.1,225,95,0.00
2024-09-29T23:00,23.0,3.0,253,91,0.00
2024-09-30T00:00,23.2,1.8,233,88,0.00
2024-09-30T01:00,22.5,0.8,297,91,0.00
2024-09-30T02:00,21.4,2.3,309,93,0.00
2024-09-30T03:00,21.2,1.7,302,92,0.00
2024-09-30T04:00,21.4,3.0,308,89,0.00
2024-09-30T05:00,21.0,1.9,304,88,0.00
2024-09-30T06:00,21.2,3.6,307,88,0.00
2024-09-30T07:00,23.4,2.2,351,85,0.00
2024-09-30T08:00,24.6,3.6,96,84,0.00
2024-09-30T09:00,25.8,4.3,135,83,0.00
2024-09-30T10:00,26.7,5.4,174,75,1.00
2024-09-30T11:00,27.5,4.7,187,74,0.20
2024-09-30T12:00,27.0,5.2,211,76,0.00
2024-09-30T13:00,25.7,5.6,159,81,1.40
2024-09-30T14:00,24.8,4.3,2,85,0.30
2024-09-30T15:00,24.2,1.3,172,87,2.30
2024-09-30T16:00,24.0,4.6,206,88,0.10
2024-09-30T17:00,23.5,4.8,103,86,0.10
2024-09-30T18:00,22.4,1.8,37,94,0.10
2024-09-30T19:00,22.5,2.3,252,94,0.00
2024-09-30T20:00,22.3,1.5,97,95,0.10
2024-09-30T21:00,22.2,5.3,327,95,0.00
2024-09-30T22:00,23.4,2.7,360,88,0.00
2024-09-30T23:00,22.0,5.2,338,92,0.00
2024-10-01T00:00,23.0,4.2,348,83,0.00
2024-10-01T01:00,23.6,2.7,4,79,0.00
2024-10-01T02:00,23.4,3.3,338,79,0.00
2024-10-01T03:00,23.0,2.7,312,77,0.00
2024-10-01T04:00,22.9,3.1,339,75,0.00
2024-10-01T05:00,21.9,5.8,358,79,0.00
2024-10-01T06:00,21.9,4.2,25,87,0.00
2024-10-01T07:00,23.4,3.1,50,84,0.00
2024-10-01T08:00,24.8,3.0,38,79,0.00
2024-10-01T09:00,26.0,4.1,61,77,0.00
2024-10-01T10:00,27.0,5.6,57,75,0.00
2024-10-01T11:00,27.4,6.3,3,73,0.00
2024-10-01T12:00,27.8,8.1,25,68,0.30
2024-10-01T13:00,26.1,4.7,23,80,6.90
2024-10-01T14:00,25.2,9.0,46,82,2.40
2024-10-01T15:00,25.5,10.5,336,80,0.90
2024-10-01T16:00,25.0,8.0,54,80,0.10
2024-10-01T17:00,23.0,6.7,308,91,1.30
2024-10-01T18:00,23.2,4.8,331,88,0.30
2024-10-01T19:00,22.8,3.8,349,90,0.00
2024-10-01T20:00,22.2,4.7,58,92,0.00
2024-10-01T21:00,22.5,5.5,9,93,0.00
2024-10-01T22:00,22.0,5.0,345,92,0.00
2024-10-01T23:00,21.9,4.7,342,88,0.00
2024-10-02T00:00,22.8,4.7,23,81,0.00
2024-10-02T01:00,21.9,5.0,2,84,0.00
2024-10-02T02:00,21.4,6.0,355,84,0.00
2024-10-02T03:00,21.0,5.1,4,85,0.00
2024-10-02T04:00,20.7,5.7,349,85,0.00
2024-10-02T05:00,21.5,5.6,358,78,0.00
2024-10-02T06:00,21.8,5.3,10,83,0.00
2024-10-02T07:00,24.0,4.7,2,71,0.00
2024-10-02T08:00,25.1,4.6,21,68,0.00
2024-10-02T09:00,26.7,5.7,13,65,0.00
2024-10-02T10:00,27.2,5.6,29,65,0.00
2024-10-02T11:00,28.0,7.3,42,67,0.00
2024-10-02T12:00,28.6,8.0,52,67,0.00
2024-10-02T13:00,28.7,5.7,53,66,0.00
2024-10-02T14:00,28.8,2.9,47,64,0.00
2024-10-02T15:00,28.9,4.8,68,63,0.00
2024-10-02T16:00,27.5,11.6,41,69,0.00
2024-10-02T17:00,26.4,3.4,16,79,0.00
2024-10-02T18:00,25.5,4.6,64,77,0.00
2024-10-02T19:00,22.1,4.8,209,93,0.20
2024-10-02T20:00,22.5,7.8,316,90,0.30
2024-10-02T21:00,23.0,2.7,62,89,0.20
2024-10-02T22:00,22.1,2.5,184,95,0.10
2024-10-02T23:00,22.0,2.3,212,96,0.00
2024-10-03T00:00,21.5,2.8,195,98,0.00
2024-10-03T01:00,21.5,2.2,265,98,0.00
2024-10-03T02:00,21.3,2.7,23,98,0.10
2024-10-03T03:00,20.4,3.5,321,99,0.00
2024-10-03T04:00,20.8,1.9,338,97,0.00
2024-10-03T05:00,20.6,3.2,313,95,0.00
2024-10-03T06:00,21.2,1.5,306,90,0.00
2024-10-03T07:00,23.1,2.6,25,85,0.00
2024-10-03T08:00,24.5,2.2,85,82,0.00
2024-10-03T09:00,25.2,2.5,8,79,0.00
2024-10-03T10:00,26.1,1.3,106,76,0.00
2024-10-03T11:00,26.5,2.9,180,75,0.00
2024-10-03T12:00,26.9,5.7,162,74,0.00
2024-10-03T13:00,27.0,6.8,162,76,0.00
2024-10-03T14:00,26.5,5.8,154,77,0.00
2024-10-03T15:00,26.1,6.7,178,77,0.30
2024-10-03T16:00,24.6,6.0,129,87,0.30
2024-10-03T17:00,24.1,1.7,212,86,1.10
2024-10-03T18:00,23.9,1.3,135,90,0.10
2024-10-03T19:00,23.0,4.2,155,95,0.90
2024-10-03T20:00,22.3,3.5,62,96,1.20
2024-10-03T21:00,22.3,1.2,63,94,1.70
2024-10-03T22:00,22.4,3.2,19,94,1.60
2024-10-03T23:00,22.2,0.7,180,94,1.30
2024-10-04T00:00,22.3,4.1,221,95,1.50
2024-10-04T01:00,22.2,2.4,103,96,1.50
2024-10-04T02:00,21.8,1.7,49,99,0.50
2024-10-04T03:00,21.7,1.5,339,98,0.10
2024-10-04T04:00,21.2,3.1,173,99,0.00
2024-10-04T05:00,21.7,1.7,198,98,0.00
2024-10-04T06:00,21.5,1.5,201,98,0.00
2024-10-04T07:00,22.8,1.9,119,92,0.00
2024-10-04T08:00,24.0,3.9,74,86,0.00
2024-10-04T09:00,25.2,6.1,161,82,0.00
2024-10-04T10:00,26.1,6.2,165,79,0.00
2024-10-04T11:00,26.5,6.9,171,78,0.00
2024-10-04T12:00,27.5,6.9,195,74,0.10
2024-10-04T13:00,27.5,5.9,182,77,0.10
2024-10-04T14:00,27.3,6.9,163,81,2.50
2024-10-04T15:00,25.2,0.3,225,86,7.50
2024-10-04T16:00,25.1,3.1,121,87,0.20
2024-10-04T17:00,24.5,1.7,103,91,0.00
2024-10-04T18:00,23.6,2.6,196,96,0.00
2024-10-04T19:00,23.2,2.5,291,88,1.40
2024-10-04T20:00,23.0,1.6,270,87,1.00
2024-10-04T21:00,22.8,5.4,249,89,6.00
2024-10-04T22:00,22.0,6.7,273,90,4.10
2024-10-04T23:00,22.0,2.7,270,92,0.30
2024-10-05T00:00,21.9,1.6,270,91,0.10
2024-10-05T01:00,21.9,3.2,218,90,0.00
2024-10-05T02:00,21.5,2.0,315,91,0.00
2024-10-05T03:00,22.4,1.9,326,82,0.00
2024-10-05T04:00,21.8,2.8,225,86,0.00
2024-10-05T05:00,20.0,3.4,288,93,0.00
2024-10-05T06:00,22.1,1.0,301,82,0.00
2024-10-05T07:00,22.4,1.7,77,88,0.00
2024-10-05T08:00,23.5,5.3,145,88,0.00
2024-10-05T09:00,24.6,4.6,159,84,0.00
2024-10-05T10:00,26.0,6.6,158,81,0.10
2024-10-05T11:00,26.6,8.0,162,82,0.00
2024-10-05T12:00,27.1,7.3,163,81,0.30
2024-10-05T13:00,27.2,8.0,175,79,0.50
2024-10-05T14:00,27.1,7.6,176,77,0.40
2024-10-05T15:00,26.2,1.3,352,76,1.80
2024-10-05T16:00,25.5,4.4,99,81,0.00
2024-10-05T17:00,24.5,4.1,135,88,0.10
2024-10-05T18:00,23.8,0.4,27,91,0.10
2024-10-05T19:00,23.9,1.9,331,90,0.10
2024-10-05T20:00,22.4,4.1,195,96,0.00
2024-10-05T21:00,22.6,3.7,346,92,0.00
2024-10-05T22:00,23.0,1.5,166,90,0.00
2024-10-05T23:00,22.6,1.8,246,92,0.00
2024-10-06T00:00,22.5,1.7,238,92,0.00
2024-10-06T01:00,22.1,1.3,344,92,0.00
2024-10-06T02:00,22.0,2.4,343,88,0.00
2024-10-06T03:00,22.1,1.0,315,85,0.00
2024-10-06T04:00,21.9,2.1,250,86,0.00
2024-10-06T05:00,21.5,1.8,264,90,0.00
2024-10-06T06:00,21.0,0.8,315,95,0.00
2024-10-06T07:00,22.5,2.2,90,93,0.00
2024-10-06T08:00,23.9,6.2,150,88,0.00
2024-10-06T09:00,25.2,7.3,147,83,0.00
2024-10-06T10:00,25.8,9.9,151,82,0.10
2024-10-06T11:00,26.4,6.7,144,76,1.10
2024-10-06T12:00,26.5,5.6,158,81,1.30
2024-10-06T13:00,27.6,7.3,157,75,0.40
2024-10-06T14:00,26.0,3.7,166,82,3.20
2024-10-06T15:00,26.4,5.9,145,76,2.60
2024-10-06T16:00,25.8,4.3,92,82,0.10
2024-10-06T17:00,23.6,4.0,126,86,3.20
2024-10-06T18:00,23.1,4.7,351,89,0.90
2024-10-06T19:00,23.0,2.3,61,93,0.10
2024-10-06T20:00,22.3,3.6,72,96,0.10
2024-10-06T21:00,23.3,1.9,287,90,0.10
2024-10-06T22:00,23.4,2.1,301,87,0.10
2024-10-06T23:00,23.5,2.4,306,85,0.00
2024-10-07T00:00,23.3,1.5,315,84,0.00
2024-10-07T01:00,23.0,0.8,315,84,0.00
2024-10-07T02:00,22.8,1.0,329,83,0.00
2024-10-07T03:00,22.5,1.7,311,82,0.00
2024-10-07T04:00,22.1,2.7,312,80,0.00
2024-10-07T05:00,22.4,1.9,338,76,0.00
2024-10-07T06:00,21.6,2.2,346,81,0.00
2024-10-07T07:00,22.9,1.9,41,83,0.00
2024-10-07T08:00,24.0,3.8,115,87,0.00
2024-10-07T09:00,25.0,4.1,124,85,0.00
2024-10-07T10:00,26.2,3.2,164,80,0.00
2024-10-07T11:00,27.5,6.4,172,72,0.00
2024-10-07T12:00,28.2,9.3,156,71,0.00
2024-10-07T13:00,27.0,6.3,177,78,0.20
2024-10-07T14:00,27.5,3.0,166,77,0.10
2024-10-07T15:00,27.0,5.1,174,78,0.30
2024-10-07T16:00,26.9,5.1,225,76,0.10
2024-10-07T17:00,26.0,4.1,214,82,0.00
2024-10-07T18:00,24.0,3.8,221,91,0.00
2024-10-07T19:00,23.7,3.5,258,90,0.00
2024-10-07T20:00,23.7,4.3,222,90,0.00
2024-10-07T21:00,24.8,2.6,282,78,0.00
2024-10-07T22:00,25.0,2.5,291,75,0.00
2024-10-07T23:00,24.5,3.1,225,76,0.00
2024-10-08T00:00,22.9,4.3,268,87,0.00
2024-10-08T01:00,23.0,4.8,259,85,0.00
2024-10-08T02:00,22.9,3.8,253,83,0.00
2024-10-08T03:00,21.4,3.9,292,90,0.00
2024-10-08T04:00,21.0,1.0,301,90,0.00
2024-10-08T05:00,20.6,1.9,299,90,0.00
2024-10-08T06:00,22.0,0.8,315,85,0.00
2024-10-08T07:00,23.0,1.5,76,84,0.00
2024-10-08T08:00,24.2,2.5,120,86,0.00
2024-10-08T09:00,25.7,6.4,137,83,0.00
2024-10-08T10:00,26.3,6.4,144,80,0.10
2024-10-08T11:00,27.4,4.3,175,75,0.10
2024-10-08T12:00,27.8,8.2,151,77,0.00
2024-10-08T13:00,27.4,5.7,148,75,0.60
2024-10-08T14:00,27.6,7.5,163,71,1.10
2024-10-08T15:00,26.1,5.6,274,78,1.70
2024-10-08T16:00,25.4,5.0,150,81,0.10
2024-10-08T17:00,23.6,6.8,168,90,0.40
2024-10-08T18:00,23.2,0.0,270,94,0.10
2024-10-08T19:00,22.5,2.4,99,96,0.00
2024-10-08T20:00,22.0,2.8,255,98,0.00
2024-10-08T21:00,22.5,2.9,202,96,0.10
2024-10-08T22:00,22.5,1.5,36,97,0.10
2024-10-08T23:00,22.1,1.5,36,98,0.00
2024-10-09T00:00,22.0,1.0,158,98,0.00
2024-10-09T01:00,21.9,3.1,273,97,0.00
2024-10-09T02:00,22.5,2.3,51,93,0.00
2024-10-09T03:00,22.0,2.0,175,96,0.00
2024-10-09T04:00,21.7,3.0,197,97,0.00
2024-10-09T05:00,21.8,1.3,304,95,0.00
2024-10-09T06:00,21.5,2.9,349,93,0.00
2024-10-09T07:00,22.9,3.8,65,91,0.00
2024-10-09T08:00,24.1,3.9,77,88,0.00
2024-10-09T09:00,25.5,2.7,113,84,0.00
2024-10-09T10:00,26.7,3.7,125,75,0.00
2024-10-09T11:00,27.0,5.4,165,74,0.00
2024-10-09T12:00,27.5,4.7,187,73,0.00
2024-10-09T13:00,29.0,7.4,162,64,0.00
2024-10-09T14:00,26.8,5.7,171,73,0.30
2024-10-09T15:00,25.7,6.0,10,76,0.10
2024-10-09T16:00,25.9,4.3,118,77,0.00
2024-10-09T17:00,24.5,4.3,135,87,0.00
2024-10-09T18:00,23.6,0.6,288,92,0.00
2024-10-09T19:00,23.5,2.2,228,92,0.00
2024-10-09T20:00,23.4,2.8,243,91,0.00
2024-10-09T21:00,24.4,3.8,191,86,0.00
2024-10-09T22:00,23.2,3.9,214,92,0.10
2024-10-09T23:00,23.9,2.4,243,87,0.00
2024-10-10T00:00,24.0,1.0,329,85,0.00
2024-10-10T01:00,23.7,0.4,297,85,0.00
2024-10-10T02:00,23.1,1.3,304,86,0.00
2024-10-10T03:00,22.0,2.4,312,87,0.00
2024-10-10T04:00,23.4,0.5,315,79,0.00
2024-10-10T05:00,23.0,2.5,330,80,0.00
2024-10-10T06:00,22.0,3.2,360,89,0.00
2024-10-10T07:00,23.6,2.4,73,83,0.00
2024-10-10T08:00,24.8,3.0,107,85,0.00
2024-10-10T09:00,25.8,5.4,111,85,0.00
2024-10-10T10:00,26.7,3.3,144,82,0.00
2024-10-10T11:00,27.8,2.0,190,73,0.00
2024-10-10T12:00,28.8,2.8,108,66,0.00
2024-10-10T13:00,27.9,0.9,143,69,0.00
2024-10-10T14:00,28.6,0.9,307,66,0.00
2024-10-10T15:00,25.1,5.5,189,80,1.80
2024-10-10T16:00,24.1,5.1,98,88,1.00
2024-10-10T17:00,23.9,2.3,360,90,0.20
2024-10-10T18:00,23.2,3.6,30,93,0.00
2024-10-10T19:00,22.6,4.9,54,97,0.00
2024-10-10T20:00,23.1,4.2,348,92,0.00
2024-10-10T21:00,24.1,1.9,34,88,0.00
2024-10-10T22:00,23.9,2.9,202,88,0.00
2024-10-10T23:00,23.4,3.4,254,90,0.00
2024-10-11T00:00,24.0,2.3,270,82,0.00
2024-10-11T01:00,23.5,1.4,230,85,0.00
2024-10-11T02:00,21.6,3.5,261,90,0.00
2024-10-11T03:00,21.0,2.6,282,90,0.00
2024-10-11T04:00,20.8,1.2,297,90,0.00
2024-10-11T05:00,20.8,2.0,297,88,0.00
2024-10-11T06:00,21.8,2.1,308,83,0.00
2024-10-11T07:00,23.5,1.8,45,82,0.00
2024-10-11T08:00,24.7,2.9,90,84,0.00
2024-10-11T09:00,25.5,3.7,101,83,0.00
2024-10-11T10:00,26.5,2.3,94,81,0.00
2024-10-11T11:00,27.7,2.9,86,72,0.00
2024-10-11T12:00,28.3,3.7,129,69,0.00
2024-10-11T13:00,28.4,2.3,129,69,0.00
2024-10-11T14:00,29.1,1.5,159,64,0.00
2024-10-11T15:00,26.5,4.0,120,73,0.80
2024-10-11T16:00,25.8,3.4,47,78,0.20
2024-10-11T17:00,23.5,2.2,99,90,1.90
2024-10-11T18:00,23.2,5.6,73,92,1.50
2024-10-11T19:00,22.5,2.7,157,97,0.50
2024-10-11T20:00,22.2,1.5,14,96,0.40
2024-10-11T21:00,23.2,0.9,90,94,0.00
2024-10-11T22:00,22.8,1.8,53,96,0.00
2024-10-11T23:00,22.9,1.4,40,95,0.00
2024-10-12T00:00,22.2,4.0,108,98,0.00
2024-10-12T01:00,22.1,2.5,315,96,0.00
2024-10-12T02:00,22.5,1.1,261,91,0.00
2024-10-12T03:00,22.5,1.3,304,92,0.00
2024-10-12T04:00,22.6,0.6,326,87,0.00
2024-10-12T05:00,21.1,1.9,319,92,0.00
2024-10-12T06:00,21.9,1.0,292,88,0.00
2024-10-12T07:00,23.3,1.3,254,87,0.00
2024-10-12T08:00,24.7,3.3,99,83,0.00
2024-10-12T09:00,24.4,4.0,111,87,0.30
2024-10-12T10:00,25.1,0.4,270,81,0.10
2024-10-12T11:00,26.8,1.9,158,72,0.00
2024-10-12T12:00,26.4,2.2,166,77,0.00
2024-10-12T13:00,26.8,5.1,153,77,0.00
2024-10-12T14:00,26.7,7.3,147,71,0.70
2024-10-12T15:00,23.4,4.9,84,91,5.00
2024-10-12T16:00,23.8,1.7,212,88,1.10
2024-10-12T17:00,23.1,3.1,193,92,1.90
2024-10-12T18:00,23.0,2.3,122,93,0.70
2024-10-12T19:00,22.8,1.8,360,96,0.50
2024-10-12T20:00,22.6,0.9,143,97,0.10
2024-10-12T21:00,22.4,3.4,295,96,0.30
2024-10-12T22:00,22.9,1.7,342,92,0.20
2024-10-12T23:00,22.8,2.2,14,93,0.10
2024-10-13T00:00,22.2,2.5,8,95,0.00
2024-10-13T01:00,22.6,2.7,42,90,0.00
2024-10-13T02:00,22.5,2.0,27,91,0.00
2024-10-13T03:00,22.5,0.9,349,91,0.00
2024-10-13T04:00,22.5,1.5,339,90,0.00
2024-10-13T05:00,22.5,2.0,5,88,0.00
2024-10-13T06:00,22.0,3.0,346,90,0.00
2024-10-13T07:00,23.6,3.1,40,83,0.00
2024-10-13T08:00,24.6,5.2,88,85,0.00
2024-10-13T09:00,25.4,4.5,113,83,0.00
2024-10-13T10:00,26.0,1.3,124,79,0.00
2024-10-13T11:00,26.6,1.7,103,75,0.00
2024-10-13T12:00,27.6,1.7,288,68,0.00
2024-10-13T13:00,27.4,3.1,225,67,0.00
2024-10-13T14:00,26.6,6.0,123,69,0.10
2024-10-13T15:00,24.5,5.7,127,83,0.10
2024-10-13T16:00,24.6,2.1,75,83,0.00
2024-10-13T17:00,24.3,1.5,45,84,0.00
2024-10-13T18:00,22.9,3.3,351,92,0.00
2024-10-13T19:00,22.5,2.3,331,93,0.00
2024-10-13T20:00,22.4,3.0,322,91,0.00
2024-10-13T21:00,24.4,2.3,45,85,0.00
2024-10-13T22:00,24.1,3.0,14,86,0.00
2024-10-13T23:00,23.9,3.0,322,86,0.00
2024-10-14T00:00,22.6,4.6,339,90,0.00
2024-10-14T01:00,24.0,3.1,360,80,0.00
2024-10-14T02:00,23.1,2.7,90,85,0.00
2024-10-14T03:00,22.1,3.1,267,94,0.10
2024-10-14T04:00,22.6,0.9,323,88,0.00
2024-10-14T05:00,22.6,0.6,326,86,0.00
2024-10-14T06:00,22.4,1.0,338,90,0.00
2024-10-14T07:00,23.6,1.6,63,85,0.00
2024-10-14T08:00,24.4,3.6,70,86,0.00
2024-10-14T09:00,25.9,3.1,62,79,0.00
2024-10-14T10:00,26.9,3.0,65,74,0.00
2024-10-14T11:00,27.4,2.7,48,73,0.00
2024-10-14T12:00,27.5,1.8,114,72,0.00
2024-10-14T13:00,26.0,7.1,164,85,0.00
2024-10-14T14:00,25.6,7.2,161,88,0.00
2024-10-14T15:00,25.7,2.3,203,85,0.00
2024-10-14T16:00,24.8,3.7,125,90,0.00
2024-10-14T17:00,24.7,4.7,356,85,0.00
2024-10-14T18:00,23.2,10.1,80,93,0.10
2024-10-14T19:00,22.8,3.0,25,93,0.10
2024-10-14T20:00,22.6,2.3,18,94,0.50
2024-10-14T21:00,22.4,2.6,39,96,2.10
2024-10-14T22:00,22.4,1.9,61,96,0.10
2024-10-14T23:00,21.6,3.0,142,99,0.00
2024-10-15T00:00,21.1,4.6,318,99,0.00
2024-10-15T01:00,22.0,1.3,90,95,0.00
2024-10-15T02:00,21.6,1.8,191,98,0.00
2024-10-15T03:00,21.6,4.2,317,95,0.00
2024-10-15T04:00,22.1,1.0,149,92,0.00
2024-10-15T05:00,22.0,2.7,312,91,0.00
2024-10-15T06:00,22.4,0.7,346,86,0.00
2024-10-15T07:00,23.2,1.9,17,86,0.00
2024-10-15T08:00,24.6,2.7,86,81,0.00
2024-10-15T09:00,25.1,5.3,162,83,0.00
2024-10-15T10:00,26.1,4.5,173,80,0.00
2024-10-15T11:00,26.6,6.5,148,79,0.00
2024-10-15T12:00,26.5,3.6,177,81,0.00
2024-10-15T13:00,27.2,4.1,167,74,0.00
2024-10-15T14:00,27.1,2.6,141,73,0.70
2024-10-15T15:00,26.2,2.2,132,78,0.10
2024-10-15T16:00,24.6,5.4,94,84,0.20
2024-10-15T17:00,23.1,2.2,66,92,0.10
2024-10-15T18:00,22.5,4.3,48,94,0.10
2024-10-15T19:00,22.4,5.1,352,94,0.00
2024-10-15T20:00,23.0,0.6,108,90,0.00
2024-10-15T21:00,23.2,0.3,135,91,0.10
2024-10-15T22:00,22.5,3.8,71,95,1.00
2024-10-15T23:00,21.9,1.7,58,98,0.90
2024-10-16T00:00,22.0,2.4,36,97,0.10
2024-10-16T01:00,21.9,1.5,69,98,0.10
2024-10-16T02:00,22.0,1.5,21,95,0.00
2024-10-16T03:00,22.0,1.0,22,94,0.00
2024-10-16T04:00,22.2,0.5,315,92,0.00
2024-10-16T05:00,22.0,0.7,256,93,0.00
2024-10-16T06:00,22.3,0.4,270,89,0.00
2024-10-16T07:00,22.9,1.6,96,92,0.00
2024-10-16T08:00,24.1,2.7,110,89,0.00
2024-10-16T09:00,25.5,4.7,130,81,0.00
2024-10-16T10:00,26.3,4.6,144,77,0.00
2024-10-16T11:00,27.2,4.2,173,73,0.00
2024-10-16T12:00,27.4,6.3,149,73,0.10
2024-10-16T13:00,26.8,4.7,196,77,0.10
2024-10-16T14:00,25.2,3.4,43,82,0.20
2024-10-16T15:00,25.0,7.0,46,81,1.60
2024-10-16T16:00,24.5,4.0,90,85,0.30
2024-10-16T17:00,23.8,2.0,180,89,0.50
2024-10-16T18:00,22.7,3.0,197,96,0.10
2024-10-16T19:00,23.4,3.6,267,90,0.00
2024-10-16T20:00,23.1,2.0,243,91,0.30
2024-10-16T21:00,23.2,0.3,135,94,0.00
2024-10-16T22:00,23.1,1.8,270,94,0.00
2024-10-16T23:00,23.2,0.7,180,89,0.00
2024-10-17T00:00,22.9,1.0,135,91,0.00
2024-10-17T01:00,22.3,1.0,338,94,0.00
2024-10-17T02:00,21.3,1.4,310,96,0.00
2024-10-17T03:00,21.1,1.8,307,92,0.00
2024-10-17T04:00,21.0,2.8,297,89,0.00
2024-10-17T05:00,22.2,1.3,286,79,0.00
2024-10-17T06:00,21.8,2.6,16,89,0.00
2024-10-17T07:00,23.2,2.4,48,82,0.00
2024-10-17T08:00,24.3,3.3,144,83,0.00
2024-10-17T09:00,24.4,3.3,151,86,0.10
2024-10-17T10:00,26.0,4.0,207,78,0.10
2024-10-17T11:00,27.3,4.2,190,72,0.00
2024-10-17T12:00,27.8,4.7,162,70,0.00
2024-10-17T13:00,27.8,5.4,127,71,0.00
2024-10-17T14:00,27.3,5.1,100,73,0.00
2024-10-17T15:00,27.0,2.9,210,73,0.10
2024-10-17T16:00,25.6,6.0,141,80,0.00
2024-10-17T17:00,23.8,2.6,129,88,0.30
2024-10-17T18:00,23.0,3.8,188,90,0.70
2024-10-17T19:00,23.1,1.9,197,92,0.10
2024-10-17T20:00,22.6,1.9,139,96,0.00
2024-10-17T21:00,23.1,2.4,171,93,0.10
2024-10-17T22:00,22.7,1.2,63,94,0.00
2024-10-17T23:00,22.5,1.6,207,95,0.00
2024-10-18T00:00,22.6,2.0,153,94,0.00
2024-10-18T01:00,22.2,1.6,174,97,0.00
2024-10-18T02:00,21.8,2.5,210,98,0.00
2024-10-18T03:00,22.5,1.9,248,94,0.00
2024-10-18T04:00,22.0,2.3,176,96,0.00
2024-10-18T05:00,22.2,2.0,190,95,0.00
2024-10-18T06:00,22.1,1.5,7,96,0.00
2024-10-18T07:00,23.2,1.8,53,91,0.00
2024-10-18T08:00,24.5,4.9,107,87,0.00
2024-10-18T09:00,25.6,4.9,84,83,0.00
2024-10-18T10:00,26.4,5.6,96,78,0.00
2024-10-18T11:00,27.4,3.6,84,70,0.00
2024-10-18T12:00,28.2,4.0,72,65,0.00
2024-10-18T13:00,28.5,6.3,110,64,0.00
2024-10-18T14:00,28.5,4.5,113,64,0.00
2024-10-18T15:00,27.6,8.3,180,67,0.00
2024-10-18T16:00,25.8,6.9,195,80,0.00
2024-10-18T17:00,24.6,4.1,182,88,0.00
2024-10-18T18:00,23.5,4.4,161,96,0.00
2024-10-18T19:00,23.2,1.0,135,94,0.80
2024-10-18T20:00,23.0,2.3,198,95,0.10
2024-10-18T21:00,22.4,4.5,233,95,0.80
2024-10-18T22:00,22.5,0.4,333,96,0.10
2024-10-18T23:00,22.1,2.3,157,95,0.00
2024-10-19T00:00,22.0,1.7,167,97,0.00
2024-10-19T01:00,21.8,0.8,135,99,0.00
2024-10-19T02:00,21.6,1.3,56,98,0.00
2024-10-19T03:00,21.2,3.3,84,99,0.00
2024-10-19T04:00,21.4,2.0,275,98,0.00
2024-10-19T05:00,21.9,1.9,139,94,0.00
2024-10-19T06:00,21.7,0.6,198,96,0.00
2024-10-19T07:00,23.0,2.3,119,92,0.00
2024-10-19T08:00,23.8,5.6,138,90,0.00
2024-10-19T09:00,24.8,4.4,171,85,0.00
2024-10-19T10:00,26.0,5.4,150,81,0.00
2024-10-19T11:00,26.5,4.8,158,83,0.00
2024-10-19T12:00,26.2,5.8,182,86,0.10
2024-10-19T13:00,26.5,6.4,162,85,0.10
2024-10-19T14:00,26.8,4.8,153,81,0.30
2024-10-19T15:00,24.1,5.9,198,86,7.80
2024-10-19T16:00,23.8,5.8,164,90,6.30
2024-10-19T17:00,22.5,3.2,71,97,10.90
2024-10-19T18:00,22.8,3.0,327,94,0.30
2024-10-19T19:00,22.6,2.3,119,96,0.90
2024-10-19T20:00,22.4,3.6,147,97,1.10
2024-10-19T21:00,22.1,1.8,217,98,0.40
2024-10-19T22:00,21.8,4.0,172,98,7.80
2024-10-19T23:00,21.2,0.4,63,99,4.10
2024-10-20T00:00,21.6,1.8,6,98,0.10
2024-10-20T01:00,21.4,3.0,147,98,0.00
2024-10-20T02:00,20.8,3.4,205,99,0.00
2024-10-20T03:00,21.3,4.4,148,98,0.00
2024-10-20T04:00,21.0,2.3,32,99,0.10
2024-10-20T05:00,21.0,2.1,211,100,0.30
2024-10-20T06:00,21.4,2.8,35,98,0.40
2024-10-20T07:00,21.7,2.2,104,98,0.50
2024-10-20T08:00,22.9,7.1,139,92,0.30
2024-10-20T09:00,23.5,10.0,144,93,0.20
2024-10-20T10:00,24.0,7.5,145,93,0.20
2024-10-20T11:00,24.9,8.6,144,94,0.30
2024-10-20T12:00,24.6,5.4,160,93,0.60
2024-10-20T13:00,24.3,7.3,110,89,1.30
2024-10-20T14:00,24.8,7.8,105,92,2.60
2024-10-20T15:00,24.0,7.7,171,90,11.40
2024-10-20T16:00,23.0,4.4,153,94,2.40
2024-10-20T17:00,23.1,3.0,107,94,2.20
2024-10-20T18:00,22.0,4.4,171,99,5.10
2024-10-20T19:00,22.3,2.8,162,97,0.40
2024-10-20T20:00,21.9,1.8,79,99,0.00
2024-10-20T21:00,22.0,7.1,164,99,0.10
2024-10-20T22:00,21.9,5.0,145,100,1.00
2024-10-20T23:00,21.8,5.1,157,100,1.20
2024-10-21T00:00,21.5,4.7,180,100,0.70
2024-10-21T01:00,21.4,6.6,171,100,0.80
2024-10-21T02:00,21.4,5.8,158,100,0.90
2024-10-21T03:00,21.5,4.3,163,100,1.00
2024-10-21T04:00,21.4,7.0,167,100,0.90
2024-10-21T05:00,21.3,7.1,139,100,1.60
2024-10-21T06:00,21.5,6.2,158,99,1.50
2024-10-21T07:00,21.8,11.7,134,98,0.90
2024-10-21T08:00,21.9,9.9,161,95,1.80
2024-10-21T09:00,23.5,10.9,149,91,0.60
2024-10-21T10:00,23.8,11.5,139,94,0.40
2024-10-21T11:00,23.8,14.0,134,92,0.40
2024-10-21T12:00,24.8,11.6,143,88,5.40
2024-10-21T13:00,25.1,13.4,140,86,5.30
2024-10-21T14:00,24.4,10.8,159,85,11.40
2024-10-21T15:00,23.5,6.6,116,92,4.40
2024-10-21T16:00,22.5,8.6,151,95,2.20
2024-10-21T17:00,22.5,7.7,144,97,3.50
2024-10-21T18:00,22.1,8.2,154,99,0.90
2024-10-21T19:00,22.0,8.4,152,99,1.50
2024-10-21T20:00,21.8,9.2,140,99,1.30
2024-10-21T21:00,21.8,9.3,140,100,0.90
2024-10-21T22:00,21.7,11.9,149,100,1.30
2024-10-21T23:00,21.8,10.0,146,99,1.00
2024-10-22T00:00,21.7,10.6,145,100,0.30
2024-10-22T01:00,21.8,10.5,141,98,0.30
2024-10-22T02:00,21.6,10.9,135,99,0.20
2024-10-22T03:00,21.7,10.8,142,99,0.30
2024-10-22T04:00,21.8,11.3,144,100,0.30
2024-10-22T05:00,21.8,12.7,147,99,0.20
2024-10-22T06:00,21.6,10.5,155,99,0.10
2024-10-22T07:00,22.1,10.9,158,98,0.00
2024-10-22T08:00,22.7,12.9,162,96,0.10
2024-10-22T09:00,23.2,14.2,156,94,0.20
2024-10-22T10:00,24.0,14.4,162,92,0.50
2024-10-22T11:00,24.4,15.7,152,92,0.20
2024-10-22T12:00,25.0,15.7,165,89,0.20
2024-10-22T13:00,25.5,15.3,163,87,0.10
2024-10-22T14:00,25.5,16.8,168,87,0.10
2024-10-22T15:00,24.9,15.4,164,89,0.10
2024-10-22T16:00,25.2,12.5,168,81,0.00
2024-10-22T17:00,24.4,11.4,161,83,0.00
2024-10-22T18:00,23.5,10.9,158,87,0.00
2024-10-22T19:00,23.4,10.3,158,86,0.00
2024-10-22T20:00,23.1,9.1,159,86,0.00
2024-10-22T21:00,22.1,7.1,156,91,0.00
2024-10-22T22:00,21.5,5.2,155,94,0.00
2024-10-22T23:00,21.6,6.6,154,95,0.00
2024-10-23T00:00,21.5,7.0,157,96,0.00
2024-10-23T01:00,21.3,7.6,162,97,0.00
2024-10-23T02:00,21.3,8.5,168,97,0.00
2024-10-23T03:00,21.2,7.8,176,97,0.00
2024-10-23T04:00,21.0,9.2,179,99,0.00
2024-10-23T05:00,21.0,10.1,164,99,0.00
2024-10-23T06:00,20.9,9.6,171,99,0.10
2024-10-23T07:00,22.1,12.6,170,94,0.00
2024-10-23T08:00,23.4,14.2,177,88,0.10
2024-10-23T09:00,25.2,17.3,188,82,0.30
2024-10-23T10:00,26.1,22.2,193,77,0.30
2024-10-23T11:00,26.2,22.1,196,81,1.10
2024-10-23T12:00,26.8,24.1,195,77,0.30
2024-10-23T13:00,27.0,22.9,191,77,0.30
2024-10-23T14:00,26.4,20.8,184,78,0.10
2024-10-23T15:00,25.7,18.6,183,82,0.10
2024-10-23T16:00,25.5,11.2,162,85,0.00
2024-10-23T17:00,24.1,10.6,162,91,0.00
2024-10-23T18:00,22.7,6.7,164,95,0.00
2024-10-23T19:00,21.9,5.1,144,96,0.00
2024-10-23T20:00,21.4,5.5,139,97,0.00
2024-10-23T21:00,22.1,5.2,168,93,0.00
2024-10-23T22:00,21.0,6.1,177,98,0.00
2024-10-23T23:00,20.8,6.0,175,98,0.00
2024-10-24T00:00,21.4,4.6,149,97,0.00
2024-10-24T01:00,21.4,4.7,162,97,0.00
2024-10-24T02:00,21.0,3.6,174,99,0.00
2024-10-24T03:00,20.9,4.4,189,99,0.00
2024-10-24T04:00,20.2,3.9,217,99,0.00
2024-10-24T05:00,20.4,5.0,178,98,0.00
2024-10-24T06:00,20.7,6.0,170,100,0.00
2024-10-24T07:00,22.0,8.2,158,93,0.00
2024-10-24T08:00,23.5,12.0,172,87,0.40
2024-10-24T09:00,24.8,12.5,186,88,0.10
2024-10-24T10:00,26.0,18.8,187,83,0.20
2024-10-24T11:00,26.6,18.1,189,78,0.20
2024-10-24T12:00,27.5,21.8,196,74,0.20
2024-10-24T13:00,27.5,21.3,192,75,0.20
2024-10-24T14:00,27.2,19.1,191,73,0.20
2024-10-24T15:00,26.8,18.4,183,73,0.00
2024-10-24T16:00,25.9,10.1,179,83,0.00
2024-10-24T17:00,24.5,8.1,175,89,0.00
2024-10-24T18:00,23.5,5.2,182,91,0.00
2024-10-24T19:00,23.2,3.8,169,92,0.00
2024-10-24T20:00,22.7,3.3,158,94,0.00
2024-10-24T21:00,22.1,4.5,166,96,0.00
2024-10-24T22:00,21.9,4.5,164,98,0.00
2024-10-24T23:00,21.6,4.9,184,98,0.00
2024-10-25T00:00,21.4,5.2,207,98,0.00
2024-10-25T01:00,21.9,2.6,254,94,0.00
2024-10-25T02:00,21.6,2.4,257,93,0.00
2024-10-25T03:00,21.6,2.4,243,90,0.00
2024-10-25T04:00,21.5,3.1,211,91,0.00
2024-10-25T05:00,21.1,3.2,227,93,0.00
2024-10-25T06:00,20.9,2.0,225,96,0.00
2024-10-25T07:00,22.1,3.5,165,96,0.10
2024-10-25T08:00,24.1,7.8,165,86,0.10
2024-10-25T09:00,26.1,11.7,180,78,0.20
2024-10-25T10:00,27.0,17.6,188,75,0.40
2024-10-25T11:00,27.9,19.8,191,71,0.10
2024-10-25T12:00,28.1,17.8,196,71,0.10
2024-10-25T13:00,28.0,16.1,187,70,0.70
2024-10-25T14:00,26.9,8.9,187,74,0.70
2024-10-25T15:00,26.1,9.2,184,76,0.20
2024-10-25T16:00,25.4,6.5,148,81,0.00
2024-10-25T17:00,24.0,6.1,133,90,0.00
2024-10-25T18:00,23.0,4.8,138,94,0.10
2024-10-25T19:00,22.9,4.0,90,95,0.30
2024-10-25T20:00,22.1,2.7,70,98,0.50
2024-10-25T21:00,21.6,4.1,113,100,0.30
2024-10-25T22:00,21.4,5.1,107,100,0.60
2024-10-25T23:00,21.2,6.5,132,98,0.80
2024-10-26T00:00,21.0,5.4,127,99,0.80
2024-10-26T01:00,20.8,6.1,114,99,0.40
2024-10-26T02:00,20.5,7.4,113,99,0.40
2024-10-26T03:00,20.4,5.6,138,100,0.40
2024-10-26T04:00,20.4,5.2,139,100,0.20
2024-10-26T05:00,20.4,4.7,140,100,0.10
2024-10-26T06:00,20.4,4.0,141,100,0.10
2024-10-26T07:00,20.7,6.0,147,99,0.20
2024-10-26T08:00,21.7,6.2,150,93,0.30
2024-10-26T09:00,22.6,7.0,132,93,0.30
2024-10-26T10:00,22.7,7.8,136,95,0.10
2024-10-26T11:00,23.8,7.2,143,94,0.10
2024-10-26T12:00,24.6,10.1,136,92,1.00
2024-10-26T13:00,24.6,7.6,124,88,9.40
2024-10-26T14:00,23.6,6.0,147,93,6.60
2024-10-26T15:00,23.4,6.5,146,95,0.40
2024-10-26T16:00,23.2,6.4,128,96,0.10
2024-10-26T17:00,22.8,6.3,117,94,0.60
2024-10-26T18:00,22.5,3.6,57,98,0.10
2024-10-26T19:00,22.4,2.1,38,98,0.50
2024-10-26T20:00,22.2,2.0,63,98,0.70
2024-10-26T21:00,22.4,2.0,333,95,0.00
2024-10-26T22:00,22.5,2.6,344,92,0.00
2024-10-26T23:00,22.3,3.6,225,92,0.00
2024-10-27T00:00,22.0,2.6,295,94,0.00
2024-10-27T01:00,21.8,2.9,263,95,0.00
2024-10-27T02:00,21.5,4.6,222,96,0.00
2024-10-27T03:00,21.4,4.2,110,97,0.00
2024-10-27T04:00,20.5,5.7,169,99,0.00
2024-10-27T05:00,21.0,4.6,167,100,0.10
2024-10-27T06:00,21.0,6.7,142,100,0.30
2024-10-27T07:00,21.0,7.4,133,99,0.60
2024-10-27T08:00,21.6,9.4,133,97,0.90
2024-10-27T09:00,22.5,11.5,138,93,1.20
2024-10-27T10:00,23.0,12.3,136,93,0.50
2024-10-27T11:00,23.6,11.8,140,92,0.10
2024-10-27T12:00,24.0,10.3,145,91,0.20
2024-10-27T13:00,24.6,10.6,150,89,1.00
2024-10-27T14:00,24.7,9.5,144,85,3.50
2024-10-27T15:00,24.5,9.3,140,84,11.50
2024-10-27T16:00,23.4,10.0,144,91,1.90
2024-10-27T17:00,22.8,7.8,127,96,0.20
2024-10-27T18:00,22.4,4.0,111,97,0.10
2024-10-27T19:00,22.1,3.4,90,97,0.00
2024-10-27T20:00,22.0,2.8,117,97,0.00
2024-10-27T21:00,21.5,6.1,146,91,0.00
2024-10-27T22:00,21.1,4.8,151,94,0.00
2024-10-27T23:00,20.9,3.8,163,96,0.10
2024-10-28T00:00,20.8,3.1,167,99,0.80
2024-10-28T01:00,20.6,4.5,157,100,0.60
2024-10-28T02:00,20.6,5.2,155,100,0.40
2024-10-28T03:00,20.6,6.9,147,100,0.40
2024-10-28T04:00,20.6,6.9,149,100,0.50
2024-10-28T05:00,20.5,6.2,144,100,0.60
2024-10-28T06:00,20.5,7.3,147,100,0.70
2024-10-28T07:00,21.0,8.9,152,99,0.80
2024-10-28T08:00,22.2,11.5,149,93,0.60
2024-10-28T09:00,23.3,13.0,135,91,0.50
2024-10-28T10:00,23.8,12.2,136,92,0.30
2024-10-28T11:00,25.5,12.8,142,81,0.70
2024-10-28T12:00,26.3,11.8,142,82,3.50
2024-10-28T13:00,25.6,9.8,128,79,16.70
2024-10-28T14:00,24.9,10.5,125,88,15.30
2024-10-28T15:00,24.5,7.9,131,88,8.00
2024-10-28T16:00,24.0,7.7,144,92,0.90
2024-10-28T17:00,23.1,6.9,129,95,0.80
2024-10-28T18:00,22.6,4.0,144,98,0.50
2024-10-28T19:00,22.5,3.9,137,99,0.30
2024-10-28T20:00,22.1,2.6,141,99,1.50
2024-10-28T21:00,22.9,2.8,162,97,1.70
2024-10-28T22:00,22.5,4.0,185,99,1.30
2024-10-28T23:00,22.1,3.8,185,100,0.70
2024-10-29T00:00,21.8,4.5,180,98,0.90
2024-10-29T01:00,21.5,5.1,186,100,1.10
2024-10-29T02:00,21.1,4.4,215,99,1.20
2024-10-29T03:00,21.5,3.1,201,99,0.70
2024-10-29T04:00,21.5,5.3,170,100,0.70
2024-10-29T05:00,21.4,6.3,153,100,1.10
2024-10-29T06:00,21.4,5.7,152,100,1.20
2024-10-29T07:00,21.7,9.3,158,98,1.40
2024-10-29T08:00,22.3,10.7,157,93,0.80
2024-10-29T09:00,23.6,9.3,144,92,0.30
2024-10-29T10:00,25.0,12.1,145,83,0.20
2024-10-29T11:00,26.0,12.9,143,79,0.80
2024-10-29T12:00,26.3,14.1,142,77,1.20
2024-10-29T13:00,26.1,13.4,141,75,1.80
2024-10-29T14:00,25.5,11.4,123,80,15.50
2024-10-29T15:00,24.6,9.2,138,82,3.50
2024-10-29T16:00,24.0,7.1,137,89,0.40
2024-10-29T17:00,23.3,5.5,157,94,0.40
2024-10-29T18:00,22.8,3.1,130,98,0.10
2024-10-29T19:00,23.0,2.7,160,96,1.00
2024-10-29T20:00,22.7,2.3,162,96,0.20
2024-10-29T21:00,22.1,2.5,94,96,0.20
2024-10-29T22:00,21.4,3.3,61,98,0.00
2024-10-29T23:00,21.9,1.6,360,98,0.00
2024-10-30T00:00,21.4,0.9,307,98,0.00
2024-10-30T01:00,21.7,0.2,270,95,0.10
2024-10-30T02:00,21.7,1.0,338,93,0.00
2024-10-30T03:00,21.5,1.2,321,93,0.00
2024-10-30T04:00,21.3,1.2,321,93,0.00
2024-10-30T05:00,20.8,0.6,288,93,0.00
2024-10-30T06:00,20.8,0.4,297,94,0.00
2024-10-30T07:00,22.0,5.0,111,95,0.00
2024-10-30T08:00,22.9,6.5,132,92,0.00
2024-10-30T09:00,25.1,8.7,146,85,0.10
2024-10-30T10:00,25.6,13.2,137,85,0.30
2024-10-30T11:00,25.4,10.4,138,86,0.40
2024-10-30T12:00,26.4,9.5,153,78,1.10
2024-10-30T13:00,27.0,8.9,146,77,2.60
2024-10-30T14:00,26.5,8.5,152,78,4.70
2024-10-30T15:00,24.9,4.9,152,82,13.00
2024-10-30T16:00,23.2,5.3,168,92,2.60
2024-10-30T17:00,23.0,1.5,76,92,1.20
2024-10-30T18:00,22.2,3.2,3,95,1.30
2024-10-30T19:00,22.0,3.4,335,97,0.00
2024-10-30T20:00,23.0,3.3,81,93,0.00
2024-10-30T21:00,23.3,0.6,288,89,0.00
2024-10-30T22:00,22.8,0.9,307,88,0.00
2024-10-30T23:00,23.6,2.4,222,84,0.00
2024-10-31T00:00,23.3,1.5,263,86,0.00
2024-10-31T01:00,23.2,1.1,279,85,0.00
2024-10-31T02:00,23.1,1.3,286,84,0.00
2024-10-31T03:00,22.9,1.9,304,86,0.00
2024-10-31T04:00,22.8,2.2,351,84,0.00
2024-10-31T05:00,21.1,4.3,5,88,0.00
2024-10-31T06:00,21.0,3.8,343,88,0.00
2024-10-31T07:00,23.2,3.0,52,81,0.00
2024-10-31T08:00,24.1,4.7,99,85,0.00
2024-10-31T09:00,24.9,6.2,100,83,0.00
2024-10-31T10:00,25.8,5.3,114,77,0.00
2024-10-31T11:00,26.5,2.7,160,72,0.10
2024-10-31T12:00,27.4,5.9,178,68,0.10
2024-10-31T13:00,27.9,4.7,203,66,0.00
2024-10-31T14:00,26.4,10.5,121,77,0.00
2024-10-31T15:00,25.4,7.3,120,81,4.10
2024-10-31T16:00,24.5,3.0,115,85,1.60
2024-10-31T17:00,23.4,4.0,10,91,3.10
2024-10-31T18:00,22.6,4.2,324,94,0.10
2024-10-31T19:00,22.7,2.8,345,93,0.00
2024-10-31T20:00,22.3,3.7,349,92,0.00
2024-10-31T21:00,23.0,3.6,351,89,0.00
2024-10-31T22:00,23.0,4.5,358,86,0.00
2024-10-31T23:00,23.6,3.1,21,83,0.00
2024-11-01T00:00,21.2,5.4,346,89,0.00
2024-11-01T01:00,20.9,5.3,332,86,0.00
2024-11-01T02:00,20.4,4.5,323,85,0.00
2024-11-01T03:00,21.6,3.0,308,75,0.00
2024-11-01T04:00,23.0,1.2,297,67,0.00
2024-11-01T05:00,22.3,1.3,304,70,0.00
2024-11-01T06:00,20.8,2.4,312,84,0.00
2024-11-01T07:00,23.5,1.1,99,72,0.00
2024-11-01T08:00,24.5,1.9,119,76,0.00
2024-11-01T09:00,25.7,3.0,128,77,0.00
2024-11-01T10:00,27.0,3.6,90,71,0.00
2024-11-01T11:00,27.9,6.1,92,68,0.00
2024-11-01T12:00,28.5,7.0,94,67,0.00
2024-11-01T13:00,28.6,5.2,102,63,0.50
2024-11-01T14:00,28.3,3.9,22,63,0.40
2024-11-01T15:00,28.3,5.7,62,63,0.50
2024-11-01T16:00,24.6,4.8,191,81,0.90
2024-11-01T17:00,23.2,2.7,113,88,0.30
2024-11-01T18:00,22.5,1.3,124,94,0.20
2024-11-01T19:00,22.2,1.8,186,95,0.00
2024-11-01T20:00,21.4,4.0,243,96,0.00
2024-11-01T21:00,23.0,3.4,227,89,0.00
2024-11-01T22:00,22.4,4.4,201,90,0.00
2024-11-01T23:00,21.6,3.8,262,92,0.00
2024-11-02T00:00,22.2,2.6,245,85,0.00
2024-11-02T01:00,22.6,1.7,288,84,0.00
2024-11-02T02:00,22.1,1.9,253,88,0.00
2024-11-02T03:00,20.7,2.2,305,91,0.00
2024-11-02T04:00,21.4,1.1,270,86,0.00
2024-11-02T05:00,20.9,0.8,297,88,0.00
2024-11-02T06:00,21.0,1.5,300,90,0.00
2024-11-02T07:00,23.4,1.6,117,83,0.00
2024-11-02T08:00,24.0,5.7,103,88,0.00
2024-11-02T09:00,25.5,5.1,122,80,0.10
2024-11-02T10:00,26.8,3.4,122,74,0.20
2024-11-02T11:00,27.6,5.8,95,69,0.40
2024-11-02T12:00,27.8,6.4,80,70,0.60
2024-11-02T13:00,27.4,7.6,76,73,2.90
2024-11-02T14:00,25.1,4.2,25,80,6.80
2024-11-02T15:00,25.9,7.2,65,74,1.30
2024-11-02T16:00,24.5,3.9,24,83,0.30
2024-11-02T17:00,24.1,2.2,76,88,0.00
2024-11-02T18:00,22.9,3.1,336,92,0.00
2024-11-02T19:00,22.5,3.7,337,92,0.00
2024-11-02T20:00,22.8,3.9,344,88,0.00
2024-11-02T21:00,22.4,5.5,347,90,0.00
2024-11-02T22:00,21.9,5.9,360,90,0.00
2024-11-02T23:00,21.6,6.2,343,89,0.00
2024-11-03T00:00,21.5,4.1,331,88,0.00
2024-11-03T01:00,21.2,2.8,315,88,0.00
2024-11-03T02:00,20.9,3.1,315,87,0.00
2024-11-03T03:00,20.8,3.1,301,85,0.00
2024-11-03T04:00,20.0,4.5,317,86,0.00
2024-11-03T05:00,21.0,5.9,320,79,0.00
2024-11-03T06:00,22.8,2.0,350,70,0.00
2024-11-03T07:00,23.2,2.0,180,75,0.00
2024-11-03T08:00,24.4,3.1,173,76,0.00
2024-11-03T09:00,25.7,2.6,39,73,0.00
2024-11-03T10:00,26.8,3.2,52,71,0.00
2024-11-03T11:00,27.1,4.3,45,73,0.00
2024-11-03T12:00,27.6,6.7,56,73,0.30
2024-11-03T13:00,27.9,5.2,61,73,0.40
2024-11-03T14:00,26.8,4.8,75,78,0.80
2024-11-03T15:00,24.9,4.9,24,81,1.40
2024-11-03T16:00,25.5,3.5,39,78,0.10
2024-11-03T17:00,24.5,4.2,50,87,0.00
2024-11-03T18:00,22.9,2.8,215,94,0.00
2024-11-03T19:00,23.1,3.3,299,91,0.20
2024-11-03T20:00,23.8,2.5,356,84,0.00
2024-11-03T21:00,22.0,5.5,351,92,0.00
2024-11-03T22:00,23.2,1.8,204,84,0.00
2024-11-03T23:00,21.6,3.9,202,94,0.10
2024-11-04T00:00,21.9,2.4,207,95,0.00
2024-11-04T01:00,21.8,1.1,171,95,0.00
2024-11-04T02:00,20.5,4.5,263,97,0.00
2024-11-04T03:00,21.5,1.8,354,91,0.00
2024-11-04T04:00,21.5,0.6,342,88,0.00
2024-11-04T05:00,21.0,1.1,270,93,0.00
2024-11-04T06:00,21.0,2.2,325,91,0.00
2024-11-04T07:00,22.4,4.0,93,90,0.00
2024-11-04T08:00,23.4,3.1,118,91,0.00
2024-11-04T09:00,25.0,5.0,165,84,0.00
2024-11-04T10:00,26.1,7.0,154,80,0.00
2024-11-04T11:00,26.1,7.1,153,82,0.00
2024-11-04T12:00,26.8,5.2,164,80,0.10
2024-11-04T13:00,26.2,3.0,163,85,1.00
2024-11-04T14:00,24.2,6.1,247,85,10.20
2024-11-04T15:00,24.3,1.5,150,83,15.00
2024-11-04T16:00,23.2,2.4,126,88,8.70
2024-11-04T17:00,22.6,3.2,164,91,4.90
2024-11-04T18:00,22.2,3.3,171,95,3.60
2024-11-04T19:00,22.0,3.6,33,96,4.00
2024-11-04T20:00,21.9,3.3,202,96,4.20
2024-11-04T21:00,22.0,0.6,124,94,0.90
2024-11-04T22:00,21.4,1.8,174,98,0.80
2024-11-04T23:00,21.1,1.9,158,99,0.10
2024-11-05T00:00,20.9,1.5,315,99,0.00
2024-11-05T01:00,21.2,2.2,138,96,0.00
2024-11-05T02:00,20.8,2.0,185,98,0.00
2024-11-05T03:00,20.6,1.7,18,98,0.00
2024-11-05T04:00,20.1,2.5,352,98,0.00
2024-11-05T05:00,20.5,2.2,325,92,0.00
2024-11-05T06:00,21.0,1.7,148,89,0.00
2024-11-05T07:00,21.2,0.6,124,99,0.00
2024-11-05T08:00,22.2,3.6,131,94,0.00
2024-11-05T09:00,22.8,7.9,123,96,0.10
2024-11-05T10:00,24.0,3.6,160,94,0.40
2024-11-05T11:00,25.5,5.8,164,88,0.50
2024-11-05T12:00,24.8,6.9,173,94,1.00
2024-11-05T13:00,25.5,5.7,169,88,1.40
2024-11-05T14:00,23.6,8.5,209,92,7.80
2024-11-05T15:00,22.8,7.1,142,94,4.10
2024-11-05T16:00,23.1,3.1,183,91,2.30
2024-11-05T17:00,23.0,2.0,153,91,0.10
2024-11-05T18:00,22.0,3.2,146,98,0.10
2024-11-05T19:00,21.8,3.0,205,99,0.10
2024-11-05T20:00,21.5,2.5,176,99,0.00
2024-11-05T21:00,21.9,3.7,137,100,0.00
2024-11-05T22:00,21.6,3.1,193,99,0.10
2024-11-05T23:00,22.0,3.2,180,99,0.10
2024-11-06T00:00,21.9,3.0,163,99,0.10
2024-11-06T01:00,21.6,3.3,126,98,0.10
2024-11-06T02:00,21.3,1.8,246,99,0.40
2024-11-06T03:00,21.2,1.5,249,99,0.30
2024-11-06T04:00,21.2,1.6,84,98,0.00
2024-11-06T05:00,21.0,2.9,4,99,0.00
2024-11-06T06:00,21.0,3.9,344,98,0.00
2024-11-06T07:00,21.9,2.9,47,95,0.00
2024-11-06T08:00,23.0,3.5,105,92,0.00
2024-11-06T09:00,24.6,5.8,95,88,0.00
2024-11-06T10:00,25.1,2.9,112,87,0.10
2024-11-06T11:00,26.5,2.6,102,77,0.00
2024-11-06T12:00,27.0,3.6,177,74,0.00
2024-11-06T13:00,27.8,4.0,180,67,0.00
2024-11-06T14:00,27.0,6.2,69,71,0.00
2024-11-06T15:00,26.0,3.4,25,76,0.00
2024-11-06T16:00,24.1,9.0,87,86,0.00
2024-11-06T17:00,23.4,3.0,76,90,0.00
2024-11-06T18:00,22.8,2.2,346,96,0.00
2024-11-06T19:00,22.8,1.5,97,95,0.10
2024-11-06T20:00,22.2,3.6,20,96,0.00
2024-11-06T21:00,23.2,0.5,90,93,0.00
2024-11-06T22:00,22.4,4.4,325,94,0.00
2024-11-06T23:00,23.4,2.4,351,85,0.00
2024-11-07T00:00,22.1,3.9,338,90,0.00
2024-11-07T01:00,22.2,3.6,333,86,0.00
2024-11-07T02:00,21.5,4.4,341,87,0.00
2024-11-07T03:00,21.0,5.1,343,88,0.00
2024-11-07T04:00,21.7,4.3,358,83,0.00
2024-11-07T05:00,20.6,5.5,349,87,0.00
2024-11-07T06:00,21.5,3.9,344,86,0.00
2024-11-07T07:00,23.9,3.8,8,79,0.00
2024-11-07T08:00,25.4,3.4,47,73,0.00
2024-11-07T09:00,26.0,5.2,4,73,0.00
2024-11-07T10:00,26.9,4.6,26,70,0.00
2024-11-07T11:00,27.5,4.4,38,69,0.00
2024-11-07T12:00,27.9,3.2,43,69,0.00
2024-11-07T13:00,27.9,2.3,90,70,0.00
2024-11-07T14:00,28.4,1.8,90,68,0.00
2024-11-07T15:00,23.9,8.7,66,86,1.80
2024-11-07T16:00,23.4,5.9,310,89,0.50
2024-11-07T17:00,23.6,2.9,360,86,0.20
2024-11-07T18:00,22.5,3.3,338,92,0.20
2024-11-07T19:00,22.1,4.5,353,93,0.10
2024-11-07T20:00,21.9,4.7,328,92,0.00
2024-11-07T21:00,22.5,4.8,347,90,0.00
2024-11-07T22:00,23.1,3.2,326,83,0.00
2024-11-07T23:00,23.0,4.1,347,83,0.00
2024-11-08T00:00,23.8,3.3,351,77,0.00
2024-11-08T01:00,21.6,5.5,328,88,0.00
2024-11-08T02:00,21.4,5.1,328,87,0.00
2024-11-08T03:00,23.3,0.9,101,76,0.00
2024-11-08T04:00,21.7,4.5,277,85,0.00
2024-11-08T05:00,23.4,0.8,207,74,0.00
2024-11-08T06:00,22.4,1.0,301,81,0.00
2024-11-08T07:00,23.2,3.4,357,81,0.00
2024-11-08T08:00,24.5,2.9,30,80,0.00
2024-11-08T09:00,26.0,1.7,72,74,0.00
2024-11-08T10:00,27.0,3.8,79,70,0.00
2024-11-08T11:00,27.5,3.3,54,68,0.00
2024-11-08T12:00,28.2,5.1,42,64,0.00
2024-11-08T13:00,28.2,6.0,37,65,0.00
2024-11-08T14:00,28.1,5.2,16,66,0.00
2024-11-08T15:00,28.1,4.8,11,65,0.00
2024-11-08T16:00,27.9,4.5,14,66,0.00
2024-11-08T17:00,26.2,4.2,10,82,0.00
2024-11-08T18:00,24.9,4.2,342,79,0.10
2024-11-08T19:00,24.3,4.2,324,80,0.10
2024-11-08T20:00,23.4,2.4,306,86,0.50
2024-11-08T21:00,23.5,4.2,108,89,0.10
2024-11-08T22:00,23.0,1.2,309,93,0.10
2024-11-08T23:00,22.5,2.2,325,96,0.00
2024-11-09T00:00,22.0,2.5,300,95,0.00
2024-11-09T01:00,21.4,1.0,292,95,0.00
2024-11-09T02:00,20.8,2.7,274,93,0.00
2024-11-09T03:00,21.4,1.1,288,87,0.00
2024-11-09T04:00,21.3,0.8,297,87,0.00
2024-11-09T05:00,20.9,2.6,286,89,0.00
2024-11-09T06:00,21.6,3.0,25,91,0.00
2024-11-09T07:00,22.4,1.5,54,87,0.00
2024-11-09T08:00,23.8,5.3,123,86,0.00
2024-11-09T09:00,24.9,6.6,125,87,0.10
2024-11-09T10:00,25.8,5.9,133,85,0.20
2024-11-09T11:00,26.6,5.2,158,81,0.30
2024-11-09T12:00,27.1,4.0,141,80,0.10
2024-11-09T13:00,27.8,2.7,143,76,0.00
2024-11-09T14:00,28.4,4.7,130,65,1.00
2024-11-09T15:00,26.8,7.3,301,70,0.30
2024-11-09T16:00,25.1,8.8,89,81,0.80
2024-11-09T17:00,23.8,4.0,141,89,0.10
2024-11-09T18:00,23.4,2.6,65,93,0.00
2024-11-09T19:00,22.8,3.6,186,95,0.00
2024-11-09T20:00,21.9,4.3,114,98,0.00
2024-11-09T21:00,24.6,0.6,214,80,0.00
2024-11-09T22:00,23.5,1.9,287,86,0.00
2024-11-09T23:00,24.1,0.8,297,80,0.00
2024-11-10T00:00,23.8,1.7,257,81,0.00
2024-11-10T01:00,22.4,2.2,265,86,0.00
2024-11-10T02:00,22.0,2.0,265,87,0.00
2024-11-10T03:00,20.9,1.8,276,93,0.00
2024-11-10T04:00,20.8,2.4,279,91,0.00
2024-11-10T05:00,20.5,1.9,299,91,0.00
2024-11-10T06:00,20.9,3.4,313,88,0.00
2024-11-10T07:00,23.0,0.8,63,86,0.00
2024-11-10T08:00,24.0,5.1,122,89,0.00
2024-11-10T09:00,25.2,6.8,115,88,0.00
2024-11-10T10:00,26.0,6.5,138,85,0.00
2024-11-10T11:00,27.3,3.4,133,78,0.00
2024-11-10T12:00,27.8,9.4,145,74,0.00
2024-11-10T13:00,26.9,6.7,153,79,0.00
2024-11-10T14:00,27.4,4.2,133,75,0.20
2024-11-10T15:00,26.0,2.9,120,80,0.10
2024-11-10T16:00,25.9,6.2,139,81,0.00
2024-11-10T17:00,23.8,6.0,141,91,0.10
2024-11-10T18:00,23.3,0.9,11,96,0.00
2024-11-10T19:00,22.6,3.1,87,96,0.10
2024-11-10T20:00,22.7,2.7,4,97,0.00
2024-11-10T21:00,23.1,4.6,351,91,0.00
2024-11-10T22:00,24.0,3.0,14,84,0.00
2024-11-10T23:00,24.0,0.8,207,84,0.00
2024-11-11T00:00,21.9,3.9,242,93,0.00
2024-11-11T01:00,23.0,0.9,281,83,0.00
2024-11-11T02:00,21.1,2.3,293,91,0.00
2024-11-11T03:00,21.2,1.6,297,87,0.00
2024-11-11T04:00,21.1,2.4,306,87,0.00
2024-11-11T05:00,20.8,3.1,306,89,0.00
2024-11-11T06:00,20.9,3.9,304,89,0.00
2024-11-11T07:00,23.2,2.0,350,87,0.00
2024-11-11T08:00,24.5,1.8,96,82,0.00
2024-11-11T09:00,25.8,0.8,63,77,0.00
2024-11-11T10:00,26.9,1.1,99,73,0.00
2024-11-11T11:00,27.4,2.7,132,71,0.00
2024-11-11T12:00,27.5,3.7,166,71,0.00
2024-11-11T13:00,27.9,4.6,167,72,0.00
2024-11-11T14:00,27.4,3.3,193,75,0.00
2024-11-11T15:00,27.8,4.6,167,74,0.00
2024-11-11T16:00,26.3,4.1,131,81,0.50
2024-11-11T17:00,24.6,3.5,81,88,0.30
2024-11-11T18:00,22.3,2.8,45,96,1.80
2024-11-11T19:00,22.0,1.0,158,96,2.40
2024-11-11T20:00,22.6,3.1,13,94,0.20
2024-11-11T21:00,21.6,5.0,316,95,0.10
2024-11-11T22:00,22.1,2.7,340,95,0.10
2024-11-11T23:00,21.9,2.2,145,95,0.00
2024-11-12T00:00,21.8,1.5,225,97,0.00
2024-11-12T01:00,21.0,3.6,288,96,0.00
2024-11-12T02:00,21.0,1.8,281,93,0.00
2024-11-12T03:00,20.5,1.2,309,95,0.00
2024-11-12T04:00,20.2,0.9,307,94,0.00
2024-11-12T05:00,20.0,1.6,297,92,0.00
2024-11-12T06:00,21.4,0.3,315,87,0.00
2024-11-12T07:00,22.6,1.3,34,87,0.00
2024-11-12T08:00,23.9,2.6,102,88,0.00
2024-11-12T09:00,25.2,2.6,124,86,0.00
2024-11-12T10:00,26.5,3.1,135,78,0.00
2024-11-12T11:00,28.0,4.0,159,67,0.00
2024-11-12T12:00,27.7,7.7,139,72,0.00
2024-11-12T13:00,27.9,6.2,150,69,0.50
2024-11-12T14:00,27.6,4.2,185,71,0.00
2024-11-12T15:00,26.9,7.0,130,75,0.00
2024-11-12T16:00,25.9,4.9,129,80,0.00
2024-11-12T17:00,24.8,3.0,142,83,0.60
2024-11-12T18:00,23.6,4.5,355,88,1.10
2024-11-12T19:00,22.2,5.9,130,94,0.40
2024-11-12T20:00,22.0,3.3,229,95,0.10
2024-11-12T21:00,22.0,4.1,209,97,0.10
2024-11-12T22:00,22.0,1.2,219,98,0.00
2024-11-12T23:00,22.0,0.9,169,98,0.00
2024-11-13T00:00,21.5,0.4,360,99,0.00
2024-11-13T01:00,21.6,1.7,342,95,0.00
2024-11-13T02:00,21.5,0.9,11,93,0.00
2024-11-13T03:00,20.8,1.8,349,91,0.00
2024-11-13T04:00,21.0,2.2,346,88,0.00
2024-11-13T05:00,21.4,1.3,344,83,0.00
2024-11-13T06:00,21.6,1.1,342,81,0.00
2024-11-13T07:00,23.2,0.9,143,88,0.00
2024-11-13T08:00,24.0,2.3,119,86,0.00
2024-11-13T09:00,25.3,3.8,101,86,0.00
2024-11-13T10:00,26.5,3.8,109,78,0.00
2024-11-13T11:00,27.8,3.5,118,69,0.00
2024-11-13T12:00,28.0,4.4,171,67,0.00
2024-11-13T13:00,28.0,5.5,197,66,0.00
2024-11-13T14:00,28.1,4.6,149,66,0.00
2024-11-13T15:00,28.0,5.0,142,67,0.00
2024-11-13T16:00,26.9,5.3,142,73,0.00
2024-11-13T17:00,25.0,2.3,90,87,0.00
2024-11-13T18:00,23.6,3.6,127,90,0.00
2024-11-13T19:00,23.2,2.7,28,94,0.10
2024-11-13T20:00,22.6,1.7,342,96,0.00
2024-11-13T21:00,22.6,2.1,239,88,0.00
2024-11-13T22:00,22.6,2.0,275,89,0.00
2024-11-13T23:00,22.4,1.9,311,87,0.00
2024-11-14T00:00,22.0,1.9,331,86,0.00
2024-11-14T01:00,21.7,2.2,346,84,0.00
2024-11-14T02:00,21.7,1.7,347,83,0.00
2024-11-14T03:00,21.5,3.1,329,83,0.00
2024-11-14T04:00,21.4,2.7,337,82,0.00
2024-11-14T05:00,21.0,3.1,332,82,0.00
2024-11-14T06:00,21.6,3.2,341,82,0.00
2024-11-14T07:00,23.6,4.4,9,79,0.00
2024-11-14T08:00,25.3,4.9,2,75,0.00
2024-11-14T09:00,26.5,5.4,8,71,0.00
2024-11-14T10:00,27.4,6.3,37,70,0.00
2024-11-14T11:00,28.1,8.1,47,68,0.00
2024-11-14T12:00,28.8,8.6,49,65,0.00
2024-11-14T13:00,29.0,8.0,50,64,0.00
2024-11-14T14:00,29.0,6.6,33,63,0.00
2024-11-14T15:00,28.6,4.9,6,65,0.00
2024-11-14T16:00,27.9,4.9,354,69,0.00
2024-11-14T17:00,26.1,3.2,333,79,0.00
2024-11-14T18:00,25.2,3.6,333,78,0.00
2024-11-14T19:00,24.4,3.9,344,81,0.10
2024-11-14T20:00,24.0,3.7,321,84,0.10
2024-11-14T21:00,23.8,2.6,321,89,0.20
2024-11-14T22:00,23.3,4.8,299,92,0.30
2024-11-14T23:00,23.1,3.7,299,92,0.00
2024-11-15T00:00,22.9,1.3,315,90,0.00
2024-11-15T01:00,22.4,1.6,354,89,0.00
2024-11-15T02:00,21.7,3.5,339,88,0.00
2024-11-15T03:00,21.2,2.7,337,86,0.00
2024-11-15T04:00,21.0,2.2,325,84,0.00
2024-11-15T05:00,21.0,1.5,330,82,0.00
2024-11-15T06:00,21.6,2.4,333,81,0.00
2024-11-15T07:00,23.0,3.4,32,85,0.00
2024-11-15T08:00,24.9,2.0,45,78,0.00
2024-11-15T09:00,25.6,3.9,118,78,0.00
2024-11-15T10:00,27.0,2.8,135,70,0.00
2024-11-15T11:00,27.9,2.8,130,64,0.00
2024-11-15T12:00,28.4,1.8,127,62,0.00
2024-11-15T13:00,29.1,1.1,90,62,0.00
2024-11-15T14:00,29.5,1.1,90,59,0.00
2024-11-15T15:00,28.5,5.4,53,62,0.10
2024-11-15T16:00,25.9,7.9,150,80,0.30
2024-11-15T17:00,23.0,8.6,271,95,1.70
2024-11-15T18:00,22.9,3.6,273,94,0.10
2024-11-15T19:00,22.6,3.6,200,94,0.00
2024-11-15T20:00,22.1,2.4,243,95,0.00
2024-11-15T21:00,22.5,3.5,159,98,0.60
2024-11-15T22:00,21.9,0.9,349,98,1.80
2024-11-15T23:00,21.8,2.0,10,98,0.40
2024-11-16T00:00,21.8,0.9,233,95,0.10
2024-11-16T01:00,21.7,0.9,169,94,0.00
2024-11-16T02:00,21.4,1.0,135,97,0.00
2024-11-16T03:00,20.7,1.3,262,99,0.00
2024-11-16T04:00,20.9,0.7,270,97,0.00
2024-11-16T05:00,20.7,0.5,270,99,0.00
2024-11-16T06:00,21.0,1.0,292,98,0.00
2024-11-16T07:00,22.0,0.9,169,96,0.00
2024-11-16T08:00,23.0,7.4,122,93,0.00
2024-11-16T09:00,24.6,3.4,137,86,0.00
2024-11-16T10:00,26.3,5.1,138,78,0.00
2024-11-16T11:00,26.9,6.2,159,77,0.10
2024-11-16T12:00,26.9,2.5,180,79,0.10
2024-11-16T13:00,26.8,3.9,193,80,0.70
2024-11-16T14:00,24.5,7.6,158,89,5.40
2024-11-16T15:00,22.9,4.4,240,95,8.30
2024-11-16T16:00,22.7,3.5,145,96,0.60
2024-11-16T17:00,22.6,1.4,50,98,0.90
2024-11-16T18:00,22.0,1.6,96,100,0.50
2024-11-16T19:00,21.7,0.6,252,99,0.10
2024-11-16T20:00,21.7,0.2,90,98,0.00
2024-11-16T21:00,22.6,0.4,117,87,0.00
2024-11-16T22:00,22.5,1.0,292,88,0.00
2024-11-16T23:00,22.3,1.8,315,86,0.00
2024-11-17T00:00,22.0,2.8,305,86,0.00
2024-11-17T01:00,21.3,1.8,307,85,0.00
2024-11-17T02:00,21.0,1.0,292,87,0.00
2024-11-17T03:00,20.9,1.9,319,85,0.00
2024-11-17T04:00,21.3,1.5,315,85,0.00
2024-11-17T05:00,21.2,2.1,329,84,0.00
2024-11-17T06:00,21.4,2.8,320,84,0.00
2024-11-17T07:00,23.1,3.8,349,88,0.00
2024-11-17T08:00,24.2,2.1,329,81,0.00
2024-11-17T09:00,26.8,0.6,72,69,0.00
2024-11-17T10:00,27.8,0.6,304,63,0.00
2024-11-17T11:00,28.5,0.9,53,60,0.00
2024-11-17T12:00,28.6,1.9,68,61,0.00
2024-11-17T13:00,28.8,2.9,47,64,0.00
2024-11-17T14:00,28.9,3.7,349,64,0.20
2024-11-17T15:00,27.5,5.7,41,71,0.30
2024-11-17T16:00,24.2,12.8,298,90,5.00
2024-11-17T17:00,23.9,5.0,38,91,0.10
2024-11-17T18:00,23.2,5.3,342,90,0.10
2024-11-17T19:00,22.5,3.1,10,94,0.20
2024-11-17T20:00,22.4,3.7,337,94,0.40
2024-11-17T21:00,22.1,9.2,301,93,3.00
2024-11-17T22:00,22.0,5.6,331,94,0.10
2024-11-17T23:00,21.8,6.6,327,92,0.10
2024-11-18T00:00,21.5,6.2,327,91,0.00
2024-11-18T01:00,21.3,5.8,330,89,0.00
2024-11-18T02:00,21.1,7.1,326,88,0.00
2024-11-18T03:00,20.8,7.5,325,90,0.00
2024-11-18T04:00,20.5,6.1,326,90,0.00
2024-11-18T05:00,20.4,4.8,329,89,0.00
2024-11-18T06:00,21.0,3.5,348,87,0.00
2024-11-18T07:00,23.3,8.2,334,83,0.00
2024-11-18T08:00,25.0,9.6,340,77,0.00
2024-11-18T09:00,26.0,10.6,26,74,0.10
2024-11-18T10:00,26.1,10.5,38,77,0.30
2024-11-18T11:00,26.7,7.5,37,76,0.10
2024-11-18T12:00,25.4,9.2,48,84,3.60
2024-11-18T13:00,23.6,7.9,27,91,3.40
2024-11-18T14:00,24.9,8.7,347,85,0.20
2024-11-18T15:00,25.8,7.5,17,78,0.50
2024-11-18T16:00,23.2,8.2,346,93,1.80
2024-11-18T17:00,23.0,5.6,339,94,0.30
2024-11-18T18:00,21.9,10.0,311,93,3.00
2024-11-18T19:00,22.0,8.8,311,93,0.00
2024-11-18T20:00,21.9,11.2,316,93,0.00
2024-11-18T21:00,22.3,8.1,317,92,0.00
2024-11-18T22:00,21.9,7.9,313,91,0.00
2024-11-18T23:00,21.8,5.7,316,90,0.00
2024-11-19T00:00,21.5,4.8,323,89,0.00
2024-11-19T01:00,21.8,5.4,326,84,0.00
2024-11-19T02:00,21.4,6.0,323,89,0.00
2024-11-19T03:00,21.8,4.4,325,85,0.00
2024-11-19T04:00,21.4,4.3,327,89,0.00
2024-11-19T05:00,21.4,5.0,330,90,0.00
2024-11-19T06:00,21.6,5.7,328,90,0.00
2024-11-19T07:00,23.2,8.0,335,90,0.00
2024-11-19T08:00,24.2,9.5,358,84,0.00
2024-11-19T09:00,24.2,7.4,354,86,0.40
2024-11-19T10:00,25.0,7.3,16,84,0.30
2024-11-19T11:00,25.0,7.8,19,82,0.30
2024-11-19T12:00,25.6,8.0,27,81,0.20
2024-11-19T13:00,25.6,7.9,24,81,0.10
2024-11-19T14:00,26.6,8.5,28,77,0.10
2024-11-19T15:00,26.2,7.9,11,77,0.20
2024-11-19T16:00,25.0,9.0,1,80,0.10
2024-11-19T17:00,24.0,11.1,314,80,0.00
2024-11-19T18:00,23.0,5.2,329,82,0.00
2024-11-19T19:00,22.5,4.1,322,83,0.00
2024-11-19T20:00,22.4,3.2,326,83,0.00
2024-11-19T21:00,22.8,3.1,329,83,0.00
2024-11-19T22:00,22.8,3.7,346,83,0.00
2024-11-19T23:00,22.1,2.4,343,85,0.00
2024-11-20T00:00,21.9,3.7,325,84,0.00
2024-11-20T01:00,21.6,3.6,351,85,0.00
2024-11-20T02:00,21.8,3.4,344,85,0.00
2024-11-20T03:00,21.2,2.9,4,87,0.00
2024-11-20T04:00,21.1,4.5,323,88,0.10
2024-11-20T05:00,21.0,4.2,342,88,0.00
2024-11-20T06:00,21.4,5.2,338,88,0.00
2024-11-20T07:00,23.2,5.3,350,85,0.00
2024-11-20T08:00,24.5,7.5,10,81,0.00
2024-11-20T09:00,25.4,10.1,27,76,0.10
2024-11-20T10:00,26.3,11.5,39,74,0.40
2024-11-20T11:00,27.6,9.7,35,65,0.10
2024-11-20T12:00,28.4,11.2,37,59,0.00
2024-11-20T13:00,29.0,11.9,49,57,0.00
2024-11-20T14:00,28.8,13.7,60,57,0.00
2024-11-20T15:00,28.0,14.2,66,61,0.00
2024-11-20T16:00,26.7,10.1,68,69,0.00
2024-11-20T17:00,24.9,4.5,43,79,0.00
2024-11-20T18:00,23.2,3.8,3,83,0.00
2024-11-20T19:00,22.6,3.7,337,83,0.00
2024-11-20T20:00,22.2,4.6,321,83,0.00
2024-11-20T21:00,23.0,6.3,309,79,0.00
2024-11-20T22:00,22.0,4.6,312,81,0.00
2024-11-20T23:00,22.1,5.3,315,79,0.00
2024-11-21T00:00,21.4,3.1,324,79,0.00
2024-11-21T01:00,21.3,3.5,325,78,0.00
2024-11-21T02:00,20.9,3.4,342,78,0.00
2024-11-21T03:00,20.8,4.0,330,77,0.00
2024-11-21T04:00,20.4,3.5,339,79,0.00
2024-11-21T05:00,20.2,3.9,338,80,0.00
2024-11-21T06:00,20.6,4.6,339,80,0.00
2024-11-21T07:00,23.1,5.3,10,77,0.00
2024-11-21T08:00,24.6,4.9,350,74,0.00
2024-11-21T09:00,26.2,7.3,7,70,0.00
2024-11-21T10:00,27.2,9.2,35,69,0.00
2024-11-21T11:00,28.0,9.0,47,65,0.00
2024-11-21T12:00,28.6,11.0,64,62,0.00
2024-11-21T13:00,28.9,11.9,68,58,0.00
2024-11-21T14:00,29.0,11.6,55,56,0.00
2024-11-21T15:00,28.4,11.1,53,60,0.00
2024-11-21T16:00,27.5,9.4,52,67,0.00
2024-11-21T17:00,25.6,4.9,36,76,0.00
2024-11-21T18:00,24.1,4.0,8,80,0.00
2024-11-21T19:00,23.1,2.9,330,83,0.00
2024-11-21T20:00,23.1,3.4,328,81,0.00
2024-11-21T21:00,23.2,4.2,320,77,0.00
2024-11-21T22:00,22.7,4.0,321,77,0.00
2024-11-21T23:00,22.4,3.9,332,76,0.00
2024-11-22T00:00,22.2,4.4,322,75,0.00
2024-11-22T01:00,21.9,3.3,319,76,0.00
2024-11-22T02:00,21.8,4.0,333,78,0.00
2024-11-22T03:00,22.0,3.6,354,80,0.00
2024-11-22T04:00,21.4,4.7,342,82,0.10
2024-11-22T05:00,21.9,5.1,337,81,0.00
2024-11-22T06:00,21.8,4.0,330,85,0.00
2024-11-22T07:00,23.9,6.0,339,82,0.00
2024-11-22T08:00,25.1,6.2,352,78,0.00
2024-11-22T09:00,25.9,6.8,18,80,0.10
2024-11-22T10:00,26.9,6.3,24,78,0.00
2024-11-22T11:00,25.8,7.1,353,83,1.30
2024-11-22T12:00,27.2,8.2,36,77,0.10
2024-11-22T13:00,27.8,9.4,40,75,0.00
2024-11-22T14:00,26.6,9.4,58,76,0.60
2024-11-22T15:00,24.8,9.0,1,86,0.40
2024-11-22T16:00,24.0,7.4,337,87,0.50
2024-11-22T17:00,23.1,7.1,322,96,0.80
2024-11-22T18:00,22.7,4.9,324,96,0.30
2024-11-22T19:00,22.6,2.0,333,95,0.10
2024-11-22T20:00,22.5,1.6,354,94,0.00
2024-11-22T21:00,23.0,2.9,338,89,0.00
2024-11-22T22:00,22.5,3.1,353,90,0.10
2024-11-22T23:00,22.4,3.5,332,88,0.00
2024-11-23T00:00,22.0,3.9,24,91,0.20
2024-11-23T01:00,21.4,8.5,325,94,0.60
2024-11-23T02:00,21.6,2.8,342,93,0.10
2024-11-23T03:00,21.0,4.3,2,94,0.00
2024-11-23T04:00,21.3,4.5,326,93,0.10
2024-11-23T05:00,21.2,2.9,349,92,0.10
2024-11-23T06:00,21.2,4.4,333,93,0.00
2024-11-23T07:00,23.1,4.9,2,91,0.00
2024-11-23T08:00,24.3,4.6,21,85,0.00
2024-11-23T09:00,25.5,7.4,32,80,0.10
2024-11-23T10:00,25.5,8.2,23,82,0.10
2024-11-23T11:00,26.0,13.3,40,77,0.00
2024-11-23T12:00,26.6,10.8,30,76,0.10
2024-11-23T13:00,26.7,14.4,49,76,0.00
2024-11-23T14:00,25.5,5.5,46,84,1.30
2024-11-23T15:00,25.1,7.4,18,81,0.10
2024-11-23T16:00,24.4,8.9,38,84,0.30
2024-11-23T17:00,23.8,7.2,335,86,0.10
2024-11-23T18:00,23.0,5.4,320,85,0.10
2024-11-23T19:00,22.3,2.3,328,88,0.00
2024-11-23T20:00,21.9,2.8,320,85,0.00
2024-11-23T21:00,22.5,5.1,315,85,0.20
2024-11-23T22:00,22.2,3.5,321,83,0.30
2024-11-23T23:00,22.5,2.4,351,79,0.00
2024-11-24T00:00,21.6,3.9,336,81,0.00
2024-11-24T01:00,21.6,3.9,323,82,0.00
2024-11-24T02:00,21.9,3.1,332,82,0.00
2024-11-24T03:00,21.9,3.1,24,83,0.00
2024-11-24T04:00,21.0,3.1,3,88,0.00
2024-11-24T05:00,20.9,3.9,336,87,0.00
2024-11-24T06:00,21.5,5.1,315,83,0.00
2024-11-24T07:00,23.4,6.1,332,89,0.00
2024-11-24T08:00,24.8,6.0,343,78,0.00
2024-11-24T09:00,26.0,8.3,22,73,0.00
2024-11-24T10:00,26.9,11.6,41,71,0.10
2024-11-24T11:00,26.9,13.8,59,71,0.30
2024-11-24T12:00,26.9,10.8,47,74,0.50
2024-11-24T13:00,26.6,15.4,60,73,0.30
2024-11-24T14:00,26.0,8.6,26,82,1.10
2024-11-24T15:00,25.4,11.7,44,81,0.40
2024-11-24T16:00,24.9,4.7,360,84,0.60
2024-11-24T17:00,23.2,6.4,344,96,1.80
2024-11-24T18:00,22.5,9.7,304,93,0.00
2024-11-24T19:00,22.5,4.2,324,91,0.10
2024-11-24T20:00,22.6,2.4,343,88,0.00
2024-11-24T21:00,22.1,5.4,345,95,5.50
2024-11-24T22:00,22.0,6.7,308,95,4.70
2024-11-24T23:00,22.2,8.1,339,94,0.60
2024-11-25T00:00,21.8,9.2,310,94,1.10
2024-11-25T01:00,22.0,7.3,318,93,0.40
2024-11-25T02:00,21.9,7.7,307,93,0.00
2024-11-25T03:00,22.0,5.3,327,93,0.00
2024-11-25T04:00,21.9,3.4,3,88,0.00
2024-11-25T05:00,21.5,2.7,356,88,0.00
2024-11-25T06:00,21.2,4.2,320,89,0.00
2024-11-25T07:00,23.5,6.4,338,88,0.00
2024-11-25T08:00,24.4,7.0,339,84,0.00
2024-11-25T09:00,25.5,9.0,35,79,0.10
2024-11-25T10:00,25.5,8.8,39,87,2.00
2024-11-25T11:00,25.5,12.5,40,86,4.20
2024-11-25T12:00,25.2,6.5,39,88,4.30
2024-11-25T13:00,25.5,10.9,27,85,1.10
2024-11-25T14:00,25.0,6.3,24,88,5.50
2024-11-25T15:00,24.9,7.6,338,85,0.90
2024-11-25T16:00,24.9,7.0,356,83,0.00
2024-11-25T17:00,24.0,3.9,347,88,0.00
2024-11-25T18:00,23.1,3.0,322,88,0.00
2024-11-25T19:00,22.9,4.2,324,85,0.00
2024-11-25T20:00,22.5,3.6,330,84,0.00
2024-11-25T21:00,22.8,2.9,330,81,0.00
2024-11-25T22:00,22.9,3.4,328,81,0.00
2024-11-25T23:00,22.5,3.3,331,83,0.00
2024-11-26T00:00,22.4,4.1,322,84,0.00
2024-11-26T01:00,22.3,4.6,321,86,0.00
2024-11-26T02:00,22.1,3.9,336,85,0.00
2024-11-26T03:00,21.6,3.1,336,86,0.00
2024-11-26T04:00,21.3,3.4,328,85,0.00
2024-11-26T05:00,21.1,4.0,324,84,0.00
2024-11-26T06:00,21.2,3.2,333,83,0.00
2024-11-26T07:00,23.6,5.6,338,81,0.00
2024-11-26T08:00,24.8,9.3,328,75,0.00
2024-11-26T09:00,26.2,9.5,14,69,0.00
2024-11-26T10:00,26.8,11.8,43,70,0.10
2024-11-26T11:00,26.7,11.5,40,72,0.30
2024-11-26T12:00,27.7,11.8,46,68,0.20
2024-11-26T13:00,28.0,11.5,50,66,0.00
2024-11-26T14:00,28.3,10.6,50,63,0.00
2024-11-26T15:00,27.9,13.2,59,65,0.00
2024-11-26T16:00,26.7,9.7,47,72,0.00
2024-11-26T17:00,25.0,3.5,28,83,0.00
2024-11-26T18:00,23.5,2.8,333,86,0.00
2024-11-26T19:00,23.1,2.3,328,85,0.00
2024-11-26T20:00,23.1,1.2,333,81,0.00
2024-11-26T21:00,23.3,4.1,304,81,0.00
2024-11-26T22:00,23.3,3.5,345,80,0.00
2024-11-26T23:00,22.9,2.8,345,83,0.10
2024-11-27T00:00,22.5,2.2,355,82,0.00
2024-11-27T01:00,21.9,3.6,327,83,0.00
2024-11-27T02:00,22.0,2.7,332,83,0.00
2024-11-27T03:00,21.8,2.7,4,84,0.00
2024-11-27T04:00,21.8,3.7,337,83,0.00
2024-11-27T05:00,21.8,3.4,335,83,0.00
2024-11-27T06:00,22.0,3.3,338,83,0.00
2024-11-27T07:00,23.8,4.6,9,82,0.00
2024-11-27T08:00,25.0,4.3,33,78,0.00
2024-11-27T09:00,24.8,7.7,360,83,0.00
2024-11-27T10:00,25.4,9.0,33,81,0.20
2024-11-27T11:00,26.4,11.8,39,81,0.40
2024-11-27T12:00,27.1,13.8,51,74,0.00
2024-11-27T13:00,27.4,10.9,45,74,0.00
2024-11-27T14:00,26.1,10.7,40,78,0.70
2024-11-27T15:00,25.6,8.7,42,82,0.90
2024-11-27T16:00,25.3,9.3,50,80,0.40
2024-11-27T17:00,23.1,5.8,330,88,1.10
2024-11-27T18:00,22.5,12.1,298,88,0.50
2024-11-27T19:00,21.9,5.0,319,95,0.30
2024-11-27T20:00,21.9,4.4,325,95,0.10
2024-11-27T21:00,22.2,8.0,312,94,0.50
2024-11-27T22:00,22.1,4.8,315,93,0.00
2024-11-27T23:00,22.2,3.4,335,91,0.10
2024-11-28T00:00,22.1,4.0,333,90,0.00
2024-11-28T01:00,22.0,3.5,336,88,0.00
2024-11-28T02:00,22.0,3.1,3,88,0.00
2024-11-28T03:00,21.5,3.6,351,89,0.00
2024-11-28T04:00,21.4,3.2,357,88,0.00
2024-11-28T05:00,21.3,3.6,354,88,0.00
2024-11-28T06:00,21.3,3.6,360,89,0.00
2024-11-28T07:00,23.0,5.6,356,89,0.00
2024-11-28T08:00,24.6,5.4,354,80,0.00
2024-11-28T09:00,26.0,7.7,33,75,0.10
2024-11-28T10:00,26.7,11.2,44,72,0.00
2024-11-28T11:00,27.0,11.7,53,72,0.20
2024-11-28T12:00,27.3,10.7,57,72,0.10
2024-11-28T13:00,26.1,10.2,58,79,0.60
2024-11-28T14:00,26.0,8.0,44,79,0.80
2024-11-28T15:00,24.5,6.5,336,88,0.40
2024-11-28T16:00,24.2,6.2,8,92,0.40
2024-11-28T17:00,23.6,4.7,2,96,1.20
2024-11-28T18:00,23.2,3.2,360,96,0.40
2024-11-28T19:00,23.0,3.9,338,94,0.60
2024-11-28T20:00,23.3,1.1,360,88,1.60
2024-11-28T21:00,23.0,4.4,353,94,0.00
2024-11-28T22:00,23.0,4.2,335,89,0.00
2024-11-28T23:00,23.0,4.3,332,86,0.00
2024-11-29T00:00,22.8,3.7,337,89,0.00
2024-11-29T01:00,22.5,3.1,329,88,0.00
2024-11-29T02:00,22.4,2.8,349,86,0.00
2024-11-29T03:00,22.2,1.9,338,84,0.00
2024-11-29T04:00,21.9,2.7,8,85,0.00
2024-11-29T05:00,21.3,3.9,336,88,0.00
2024-11-29T06:00,21.5,3.6,323,89,0.00
2024-11-29T07:00,23.6,4.5,2,85,0.10
2024-11-29T08:00,24.6,5.2,329,84,0.00
2024-11-29T09:00,26.0,5.6,31,77,0.00
2024-11-29T10:00,25.1,8.4,45,84,1.00
2024-11-29T11:00,24.3,6.1,358,89,0.50
2024-11-29T12:00,25.4,5.4,8,84,0.20
2024-11-29T13:00,25.8,6.9,23,80,0.10
2024-11-29T14:00,25.1,5.6,17,83,0.60
2024-11-29T15:00,24.9,4.7,16,85,0.10
2024-11-29T16:00,24.5,3.2,34,88,0.10
2024-11-29T17:00,23.6,5.9,342,91,0.10
2024-11-29T18:00,23.1,5.6,320,89,0.00
2024-11-29T19:00,22.5,2.4,318,89,0.00
2024-11-29T20:00,22.6,2.4,9,87,0.00
2024-11-29T21:00,22.7,2.6,344,96,0.40
2024-11-29T22:00,22.4,2.9,349,96,0.30
2024-11-29T23:00,22.1,3.0,322,95,0.10
2024-11-30T00:00,22.0,2.3,23,91,0.00
2024-11-30T01:00,21.5,3.0,346,94,0.00
2024-11-30T02:00,21.4,3.1,329,93,0.00
2024-11-30T03:00,21.2,1.7,319,90,0.00
2024-11-30T04:00,21.4,0.6,304,88,0.00
2024-11-30T05:00,21.2,1.9,292,87,0.00
2024-11-30T06:00,21.6,2.2,318,85,0.00
2024-11-30T07:00,23.4,2.8,27,88,0.00
2024-11-30T08:00,24.1,1.4,90,87,0.00
2024-11-30T09:00,26.2,4.3,2,73,0.00
2024-11-30T10:00,27.2,3.8,82,69,0.00
2024-11-30T11:00,27.6,5.1,84,69,0.00
2024-11-30T12:00,27.8,4.2,78,69,0.00
2024-11-30T13:00,28.6,5.2,34,66,0.00
2024-11-30T14:00,28.6,7.4,68,66,0.00
2024-11-30T15:00,23.2,6.5,210,95,5.90
2024-11-30T16:00,23.0,1.3,146,95,3.40
2024-11-30T17:00,22.5,2.8,310,97,2.30
2024-11-30T18:00,22.7,0.4,153,95,1.10
2024-11-30T19:00,22.1,2.6,16,99,1.00
2024-11-30T20:00,22.0,2.7,332,97,0.20
2024-11-30T21:00,22.1,2.7,318,97,3.40
2024-11-30T22:00,22.1,3.3,189,98,0.80
2024-11-30T23:00,21.9,3.3,167,99,0.50
