Flight time,Location,Aircraft name,Task Type,Sprayed area,Total Amount(L/Kg),Flight duration(min:sec),Crop,Pliot Name,Team Name,Field Name,Serial Number,Starting Battery Level,Ending Battery Level,Battery SN,source_file
2024-02-27 23:02:17-23:03:10,"Dabongdabong, Valencia, Bukidnon, Northern Mindanao, Philippines",T40 Drone 2,Spraying,0.63,2.15,00:52,other,UTPL,default team,,R8141472778,56.0,50.0,,MKAVI1 T40 RPU028B_FEB_2024_ManualMode__flight_record.csv
2024-02-27 22:34:57-22:36:00,"Valencia Bypass Road, Dabongdabong, Valencia, Bukidnon, Northern Mindanao, 8709088, Philippines",T40 Drone 2,Spraying,2.39,3.21,01:03,other,UTPL,default team,,R7861157120,72.0,66.0,,MKAVI1 T40 RPU028B_FEB_2024_ManualMode__flight_record.csv
2024-02-27 18:12:18-18:14:07,"Kaatuan, Lantapan, Bukidnon, Northern Mindanao, Philippines",T40 Drone 2,Spraying,0.56,2.49,01:49,other,UTPL,default team,,R7563767665,26.0,13.0,,MKAVI1 T40 RPU028B_FEB_2024_ManualMode__flight_record.csv
2024-02-27 16:51:17-16:52:41,"Kaatuan, Lantapan, Bukidnon, Northern Mindanao, Philippines",T40 Drone 2,Spraying,1.3,4.14,01:23,other,UTPL,default team,,R7443632383,45.0,36.0,,MKAVI1 T40 RPU028B_FEB_2024_ManualMode__flight_record.csv
2024-02-27 08:02:32-08:03:44,"Aglayan - Alanib - Ticalaan Road, Purok 1, Babahagon, Balila, Lantapan, Bukidnon, Northern Mindanao, Philippines",T40 Drone 2,Spraying,1.22,4.44,01:12,other,UTPL,default team,,R7243406913,29.0,21.0,,MKAVI1 T40 RPU028B_FEB_2024_ManualMode__flight_record.csv
2024-02-27 07:46:52-07:48:56,"Aglayan - Alanib - Ticalaan Road, Purok 1, Babahagon, Balila, Lantapan, Bukidnon, Northern Mindanao, Philippines",T40 Drone 2,Spraying,2.73,8.32,02:03,other,UTPL,default team,,R7143294178,46.0,28.0,,MKAVI1 T40 RPU028B_FEB_2024_ManualMode__flight_record.csv
2024-02-26 18:18:47-18:26:03,"Kaatuan, Lantapan, Bukidnon, Northern Mindanao, Philippines",T40 Drone 2,Spraying,6.52,22.18,07:16,other,UTPL,default team,,R2634044258,100.0,41.0,,MKAVI1 T40 RPU028B_FEB_2024_ManualMode__flight_record.csv
2024-02-26 07:47:11-07:51:53,"Kaatuan, Lantapan, Bukidnon, Northern Mindanao, Philippines",T40 Drone 2,Spraying,7.2,25.79,04:42,other,UTPL,default team,,R2253615865,99.0,29.0,,MKAVI1 T40 RPU028B_FEB_2024_ManualMode__flight_record.csv
2024-02-25 09:05:15-09:07:37,"Lantapan, Bukidnon, Northern Mindanao, Philippines",T40 Drone 2,Spraying,1.63,8.96,02:22,other,UTPL,default team,,R2053390395,69.0,52.0,,MKAVI1 T40 RPU028B_FEB_2024_ManualMode__flight_record.csv
2024-02-25 08:32:46-08:34:53,"Lantapan, Bukidnon, Northern Mindanao, Philippines",T40 Drone 2,Spraying,0.73,2.74,02:06,other,UTPL,default team,,R1933255113,64.0,50.0,,MKAVI1 T40 RPU028B_FEB_2024_ManualMode__flight_record.csv
2024-02-25 08:17:10-08:18:50,"Lantapan, Bukidnon, Northern Mindanao, Philippines",T40 Drone 2,Spraying,3.42,5.79,01:40,other,UTPL,default team,,R1873187472,71.0,60.0,,MKAVI1 T40 RPU028B_FEB_2024_ManualMode__flight_record.csv
2024-02-25 08:13:34-08:14:26,"Lantapan, Bukidnon, Northern Mindanao, Philippines",T40 Drone 2,Spraying,1.49,1.55,00:52,other,UTPL,default team,,R1813119831,100.0,93.0,,MKAVI1 T40 RPU028B_FEB_2024_ManualMode__flight_record.csv
2024-02-24 08:21:36-08:23:43,"Lantapan, Bukidnon, Northern Mindanao, Philippines",T40 Drone 2,Spraying,3.08,12.91,02:06,other,UTPL,default team,,R1392646344,68.0,51.0,,MKAVI1 T40 RPU028B_FEB_2024_ManualMode__flight_record.csv
2024-02-24 08:18:41-08:20:02,"Lantapan, Bukidnon, Northern Mindanao, Philippines",T40 Drone 2,Spraying,1.66,6.33,01:21,other,UTPL,default team,,R1312556156,100.0,83.0,,MKAVI1 T40 RPU028B_FEB_2024_ManualMode__flight_record.csv
2024-02-24 08:15:17-08:16:06,"Lantapan, Bukidnon, Northern Mindanao, Philippines",T40 Drone 2,Spraying,0.39,0.75,00:48,other,UTPL,default team,,R1252488515,27.0,21.0,,MKAVI1 T40 RPU028B_FEB_2024_ManualMode__flight_record.csv
2024-02-24 08:02:38-08:04:14,"Lantapan, Bukidnon, Northern Mindanao, Philippines",T40 Drone 2,Spraying,2.69,4.34,01:36,other,UTPL,default team,,R1072285592,27.0,17.0,,MKAVI1 T40 RPU028B_FEB_2024_ManualMode__flight_record.csv
2024-02-24 07:22:18-07:24:22,"Songco, Lantapan, Bukidnon, Northern Mindanao, Philippines",T40 Drone 2,Spraying,2.47,3.98,02:04,other,UTPL,default team,,R0832015028,49.0,34.0,,MKAVI1 T40 RPU028B_FEB_2024_ManualMode__flight_record.csv
2024-02-24 06:43:53-06:44:46,"Songco, Lantapan, Bukidnon, Northern Mindanao, Philippines",T40 Drone 2,Spraying,0.7,1.83,00:52,other,UTPL,default team,,R0431564088,42.0,36.0,,MKAVI1 T40 RPU028B_FEB_2024_ManualMode__flight_record.csv
2024-02-23 07:59:12-08:00:53,"Valencia-Lantapan Road, Purok 1, Balila, Lantapan, Bukidnon, Northern Mindanao, Philippines",T40 Drone 2,Spraying,0.58,1.4,01:41,other,UTPL,default team,,R0251361165,79.0,69.0,,MKAVI1 T40 RPU028B_FEB_2024_ManualMode__flight_record.csv
2024-02-23 06:28:00-06:29:24,"Baclayon, Lantapan, Bukidnon, Northern Mindanao, Philippines",T40 Drone 2,Spraying,2.32,4.96,01:24,other,UTPL,default team,,R8126082694,40.0,30.0,,MKAVI1 T40 RPU028B_FEB_2024_ManualMode__flight_record.csv
2024-02-21 07:22:16-07:23:21,"Purok 1, Balila, Lantapan, Bukidnon, Northern Mindanao, Philippines",T40 Drone 2,Spraying,1.44,3.73,01:04,other,UTPL,default team,,R7825744489,40.0,33.0,,MKAVI1 T40 RPU028B_FEB_2024_ManualMode__flight_record.csv
2024-02-21 07:15:46-07:18:06,"Purok 1, Balila, Lantapan, Bukidnon, Northern Mindanao, Philippines",T40 Drone 2,Spraying,3.63,13.11,02:20,other,UTPL,default team,,R7745654301,100.0,73.0,,MKAVI1 T40 RPU028B_FEB_2024_ManualMode__flight_record.csv
2024-02-20 17:19:45-17:21:31,"Alanib, Lantapan, Bukidnon, Northern Mindanao, Philippines",T40 Drone 2,Spraying,3.44,9.14,01:45,other,UTPL,default team,,R7165000438,48.0,37.0,,MKAVI1 T40 RPU028B_FEB_2024_ManualMode__flight_record.csv
2024-02-20 15:55:36-15:56:57,"Alanib, Lantapan, Bukidnon, Northern Mindanao, Philippines",T40 Drone 2,Spraying,2.47,6.82,01:21,other,UTPL,default team,,R6684459310,28.0,19.0,,MKAVI1 T40 RPU028B_FEB_2024_ManualMode__flight_record.csv
2024-02-20 07:46:36-07:48:05,"Alanib, Lantapan, Bukidnon, Northern Mindanao, Philippines",T40 Drone 2,Spraying,2.46,5.02,01:29,other,UTPL,default team,,R6143850541,44.0,35.0,,MKAVI1 T40 RPU028B_FEB_2024_ManualMode__flight_record.csv
2024-02-20 07:27:07-07:29:16,"Baclayon, Lantapan, Bukidnon, Northern Mindanao, Philippines",T40 Drone 2,Spraying,4.67,12.9,02:09,other,UTPL,default team,,R5983670165,37.0,20.0,,MKAVI1 T40 RPU028B_FEB_2024_ManualMode__flight_record.csv
2024-02-20 07:17:31-07:19:08,"Baclayon, Lantapan, Bukidnon, Northern Mindanao, Philippines",T40 Drone 2,Spraying,2.82,7.92,01:37,other,UTPL,default team,,R5723377054,29.0,17.0,,MKAVI1 T40 RPU028B_FEB_2024_ManualMode__flight_record.csv
2024-02-20 07:05:35-07:06:17,"Baclayon, Lantapan, Bukidnon, Northern Mindanao, Philippines",T40 Drone 2,Spraying,0.72,1.34,00:41,other,UTPL,default team,,R5342948661,47.0,41.0,,MKAVI1 T40 RPU028B_FEB_2024_ManualMode__flight_record.csv
2024-02-19 08:36:53-08:38:30,"Alanib, Lantapan, Bukidnon, Northern Mindanao, Philippines",T40 Drone 2,Spraying,3.75,11.22,01:36,other,UTPL,default team,,R4982542815,20.0,6.0,,MKAVI1 T40 RPU028B_FEB_2024_ManualMode__flight_record.csv
2024-02-19 08:30:21-08:30:59,"Alanib, Lantapan, Bukidnon, Northern Mindanao, Philippines",T40 Drone 2,Spraying,0.56,1.68,00:38,other,UTPL,default team,,R4822362439,100.0,91.0,,MKAVI1 T40 RPU028B_FEB_2024_ManualMode__flight_record.csv
2024-02-19 07:56:58-07:59:57,"Songco, Lantapan, Bukidnon, Northern Mindanao, Philippines",T40 Drone 2,Spraying,3.65,11.99,02:58,other,UTPL,default team,,R4461956593,59.0,37.0,,MKAVI1 T40 RPU028B_FEB_2024_ManualMode__flight_record.csv
2024-02-19 07:48:37-07:50:09,"Songco, Lantapan, Bukidnon, Northern Mindanao, Philippines",T40 Drone 2,Spraying,1.85,7.32,01:31,other,UTPL,default team,,R4341821311,30.0,18.0,,MKAVI1 T40 RPU028B_FEB_2024_ManualMode__flight_record.csv
2024-02-19 06:11:30-06:12:51,"Lantapan, Bukidnon, Northern Mindanao, Philippines",T40 Drone 2,Spraying,0.94,4.02,01:21,other,UTPL,default team,,R4221686029,70.0,61.0,,MKAVI1 T40 RPU028B_FEB_2024_ManualMode__flight_record.csv
2024-02-18 07:07:01-07:07:33,"Lantapan, Bukidnon, Northern Mindanao, Philippines",T40 Drone 2,Spraying,0.55,1.63,00:31,other,UTPL,default team,,R4061505653,55.0,48.0,,MKAVI1 T40 RPU028B_FEB_2024_ManualMode__flight_record.csv
2024-02-17 08:21:40-08:24:12,"Purok 1, Balila, Lantapan, Bukidnon, Northern Mindanao, Philippines",T40 Drone 2,Spraying,6.55,9.03,02:32,other,UTPL,default team,,R3941370371,81.0,63.0,,MKAVI1 T40 RPU028B_FEB_2024_ManualMode__flight_record.csv
2024-02-16 07:30:48-07:31:38,"Lantapan, Bukidnon, Northern Mindanao, Philippines",T40 Drone 2,Spraying,0.29,0.97,00:49,other,UTPL,default team,,R2719995004,28.0,22.0,,MKAVI1 T40 RPU028B_FEB_2024_ManualMode__flight_record.csv
2024-02-16 06:47:29-06:48:40,"Lantapan, Bukidnon, Northern Mindanao, Philippines",T40 Drone 2,Spraying,2.01,3.37,01:10,other,UTPL,default team,,R2399634252,30.0,22.0,,MKAVI1 T40 RPU028B_FEB_2024_ManualMode__flight_record.csv
2024-02-15 18:26:37-18:28:18,"Lantapan, Bukidnon, Northern Mindanao, Philippines",T40 Drone 2,Spraying,2.44,5.15,01:41,other,UTPL,default team,,R2219431329,51.0,41.0,,MKAVI1 T40 RPU028B_FEB_2024_ManualMode__flight_record.csv
2024-02-15 17:43:29-17:45:17,"Songco, Lantapan, Bukidnon, Northern Mindanao, Philippines",T40 Drone 2,Spraying,0.93,1.85,01:48,other,UTPL,default team,,R1638777466,74.0,63.0,,MKAVI1 T40 RPU028B_FEB_2024_ManualMode__flight_record.csv
2024-02-15 17:03:40-17:04:58,"Songco, Lantapan, Bukidnon, Northern Mindanao, Philippines",T40 Drone 2,Spraying,1.27,2.86,01:17,other,UTPL,default team,,R0857898133,41.0,33.0,,MKAVI1 T40 RPU028B_FEB_2024_ManualMode__flight_record.csv
2024-02-15 06:25:08-06:26:23,"Baclayon, Lantapan, Bukidnon, Northern Mindanao, Philippines",T40 Drone 2,Spraying,2.06,4.96,01:15,other,UTPL,default team,,R0016951159,86.0,78.0,,MKAVI1 T40 RPU028B_FEB_2024_ManualMode__flight_record.csv
2024-02-14 18:07:47-18:09:17,"Baclayon, Lantapan, Bukidnon, Northern Mindanao, Philippines",T40 Drone 2,Spraying,1.56,5.44,01:29,other,UTPL,default team,,R2255804754,76.0,66.0,,MKAVI1 T40 RPU028B_FEB_2024_ManualMode__flight_record.csv
2024-02-14 18:04:58-18:06:00,"Baclayon, Lantapan, Bukidnon, Northern Mindanao, Philippines",T40 Drone 2,Spraying,2.51,4.67,01:02,other,UTPL,default team,,R2175714566,100.0,90.0,,MKAVI1 T40 RPU028B_FEB_2024_ManualMode__flight_record.csv
2024-02-14 17:15:50-17:17:50,"Alanib, Lantapan, Bukidnon, Northern Mindanao, Philippines",T40 Drone 2,Spraying,1.89,4.17,01:59,other,UTPL,default team,,R1555015609,66.0,50.0,,MKAVI1 T40 RPU028B_FEB_2024_ManualMode__flight_record.csv
2024-02-13 07:56:18-07:58:01,"Aglayan - Alanib - Ticalaan Road, Purok 1, Babahagon, Balila, Lantapan, Bukidnon, Northern Mindanao, Philippines",T40 Drone 2,Spraying,1.8,4.33,01:42,other,UTPL,default team,,R0754113729,33.0,21.0,,MKAVI1 T40 RPU028B_FEB_2024_ManualMode__flight_record.csv
2024-02-13 07:23:34-07:24:23,"Aglayan - Alanib - Ticalaan Road, Purok 1, Babahagon, Balila, Lantapan, Bukidnon, Northern Mindanao, Philippines",T40 Drone 2,Spraying,1.14,1.49,00:49,other,UTPL,default team,,R0633978447,26.0,20.0,,MKAVI1 T40 RPU028B_FEB_2024_ManualMode__flight_record.csv
2024-02-12 18:06:54-18:08:15,"Alanib, Lantapan, Bukidnon, Northern Mindanao, Philippines",T40 Drone 2,Spraying,0.79,1.57,01:21,other,UTPL,default team,,R8468654882,38.0,30.0,,MKAVI1 T40 RPU028B_FEB_2024_ManualMode__flight_record.csv
2024-02-12 18:05:03-18:05:28,"Alanib, Lantapan, Bukidnon, Northern Mindanao, Philippines",T40 Drone 2,Spraying,0.64,1.66,00:25,other,UTPL,default team,,R8308474506,51.0,48.0,,MKAVI1 T40 RPU028B_FEB_2024_ManualMode__flight_record.csv
2024-02-12 18:02:14-18:02:36,"Alanib, Lantapan, Bukidnon, Northern Mindanao, Philippines",T40 Drone 2,Spraying,0.56,1.05,00:22,other,UTPL,default team,,R8088226489,75.0,71.0,,MKAVI1 T40 RPU028B_FEB_2024_ManualMode__flight_record.csv
2024-02-12 17:44:38-17:46:28,"Alanib, Lantapan, Bukidnon, Northern Mindanao, Philippines",T40 Drone 2,Spraying,1.6,4.42,01:49,other,UTPL,default team,,R7807910831,72.0,61.0,,MKAVI1 T40 RPU028B_FEB_2024_ManualMode__flight_record.csv
2024-02-12 17:03:42-17:05:16,"Alanib, Lantapan, Bukidnon, Northern Mindanao, Philippines",T40 Drone 2,Spraying,1.44,5.09,01:33,other,UTPL,default team,,R7327369703,43.0,33.0,,MKAVI1 T40 RPU028B_FEB_2024_ManualMode__flight_record.csv
2024-02-12 17:02:08-17:02:41,"Alanib, Lantapan, Bukidnon, Northern Mindanao, Philippines",T40 Drone 2,Spraying,0.17,0.63,00:32,other,UTPL,default team,,R7207234421,54.0,50.0,,MKAVI1 T40 RPU028B_FEB_2024_ManualMode__flight_record.csv
2024-02-10 07:47:34-07:49:00,"Lantapan, Bukidnon, Northern Mindanao, Philippines",T40 Drone 2,Spraying,2.35,8.56,01:26,other,UTPL,default team,,R3911240144,25.0,15.0,,MKAVI1 T40 RPU028B_FEB_2024_ManualMode__flight_record.csv
2024-02-10 07:40:30-07:41:14,"Lantapan, Bukidnon, Northern Mindanao, Philippines",T40 Drone 2,Spraying,1.79,1.72,00:44,other,UTPL,default team,,R3590879392,99.0,91.0,,MKAVI1 T40 RPU028B_FEB_2024_ManualMode__flight_record.csv
2024-02-10 07:25:24-07:27:03,"Alanib, Lantapan, Bukidnon, Northern Mindanao, Philippines",T40 Drone 2,Spraying,2.69,8.07,01:38,other,UTPL,default team,,R3450721563,32.0,20.0,,MKAVI1 T40 RPU028B_FEB_2024_ManualMode__flight_record.csv
2024-02-10 07:18:43-07:19:26,"Alanib, Lantapan, Bukidnon, Northern Mindanao, Philippines",T40 Drone 2,Spraying,0.64,3.41,00:43,other,UTPL,default team,,R3270518640,100.0,91.0,,MKAVI1 T40 RPU028B_FEB_2024_ManualMode__flight_record.csv
2024-02-10 07:15:35-07:16:43,"Alanib, Lantapan, Bukidnon, Northern Mindanao, Philippines",T40 Drone 2,Spraying,1.1,2.74,01:07,other,UTPL,default team,,R3130360811,49.0,41.0,,MKAVI1 T40 RPU028B_FEB_2024_ManualMode__flight_record.csv
2024-02-10 06:45:09-06:48:10,"Songco, Lantapan, Bukidnon, Northern Mindanao, Philippines",T40 Drone 2,Spraying,4.79,10.46,03:01,other,UTPL,default team,,R2549706948,56.0,33.0,,MKAVI1 T40 RPU028B_FEB_2024_ManualMode__flight_record.csv
2024-02-10 06:35:51-06:38:06,"Songco, Lantapan, Bukidnon, Northern Mindanao, Philippines",T40 Drone 2,Spraying,2.82,8.27,02:15,other,UTPL,default team,,R2209323649,42.0,25.0,,MKAVI1 T40 RPU028B_FEB_2024_ManualMode__flight_record.csv
2024-02-10 06:15:01-06:18:39,"Lantapan, Bukidnon, Northern Mindanao, Philippines",T40 Drone 2,Spraying,5.7,17.87,03:38,other,UTPL,default team,,R1868940350,53.0,16.0,,MKAVI1 T40 RPU028B_FEB_2024_ManualMode__flight_record.csv
2024-02-09 07:41:35-07:43:14,"Aglayan - Alanib - Ticalaan Road, Purok 1, Babahagon, Balila, Lantapan, Bukidnon, Northern Mindanao, Philippines",T40 Drone 2,Spraying,2.38,2.39,01:38,other,UTPL,default team,,R1748805068,64.0,53.0,,MKAVI1 T40 RPU028B_FEB_2024_ManualMode__flight_record.csv
2024-02-09 07:21:50-07:23:45,"Aglayan - Alanib - Ticalaan Road, Purok 1, Babahagon, Balila, Lantapan, Bukidnon, Northern Mindanao, Philippines",T40 Drone 2,Spraying,1.8,6.18,01:54,other,UTPL,default team,,R1348354128,57.0,44.0,,MKAVI1 T40 RPU028B_FEB_2024_ManualMode__flight_record.csv
2024-02-08 08:29:29-08:31:20,"Lantapan, Bukidnon, Northern Mindanao, Philippines",T40 Drone 2,Spraying,3.71,8.55,01:51,other,UTPL,default team,,R0887835547,78.0,66.0,,MKAVI1 T40 RPU028B_FEB_2024_ManualMode__flight_record.csv
2024-02-08 07:46:06-07:47:17,"Lantapan, Bukidnon, Northern Mindanao, Philippines",T40 Drone 2,Spraying,2.35,3.75,01:10,other,UTPL,default team,,R0627542436,69.0,62.0,,MKAVI1 T40 RPU028B_FEB_2024_ManualMode__flight_record.csv
2024-02-08 06:28:15-06:29:30,"Songco, Lantapan, Bukidnon, Northern Mindanao, Philippines",T40 Drone 2,Spraying,1.83,7.3,01:14,other,UTPL,default team,,R7901587555,21.0,11.0,,MKAVI1 T40 RPU028B_FEB_2024_ManualMode__flight_record.csv
2024-02-07 08:28:49-08:31:28,"Lantapan, Bukidnon, Northern Mindanao, Philippines",T40 Drone 2,Spraying,2.33,13.18,02:38,other,UTPL,default team,,R7581226803,79.0,60.0,,MKAVI1 T40 RPU028B_FEB_2024_ManualMode__flight_record.csv
2024-02-07 08:01:47-08:02:54,"Lantapan, Bukidnon, Northern Mindanao, Philippines",T40 Drone 2,Spraying,1.95,2.99,01:06,other,UTPL,default team,,R7260866051,46.0,39.0,,MKAVI1 T40 RPU028B_FEB_2024_ManualMode__flight_record.csv
2024-02-07 06:41:49-06:43:40,"Lantapan, Bukidnon, Northern Mindanao, Philippines",T40 Drone 2,Spraying,2.1,5.64,01:51,other,UTPL,default team,,R6760302376,29.0,16.0,,MKAVI1 T40 RPU028B_FEB_2024_ManualMode__flight_record.csv
2024-02-07 06:34:48-06:37:05,"Lantapan, Bukidnon, Northern Mindanao, Philippines",T40 Drone 2,Spraying,1.2,6.12,02:17,other,UTPL,default team,,R6700234735,99.0,73.0,,MKAVI1 T40 RPU028B_FEB_2024_ManualMode__flight_record.csv
2024-02-06 16:42:34-16:44:04,"Baclayon, Lantapan, Bukidnon, Northern Mindanao, Philippines",T40 Drone 2,Spraying,3.62,8.0,01:30,other,UTPL,default team,,R6560076906,23.0,12.0,,MKAVI1 T40 RPU028B_FEB_2024_ManualMode__flight_record.csv
2024-02-06 15:55:29-15:56:44,"Baclayon, Lantapan, Bukidnon, Northern Mindanao, Philippines",T40 Drone 2,Spraying,2.2,3.48,01:14,other,UTPL,default team,,R6099558325,67.0,60.0,,MKAVI1 T40 RPU028B_FEB_2024_ManualMode__flight_record.csv
2024-02-06 07:47:40-07:49:19,"Alanib, Lantapan, Bukidnon, Northern Mindanao, Philippines",T40 Drone 2,Spraying,3.55,6.42,01:39,other,UTPL,default team,,R5759175026,30.0,18.0,,MKAVI1 T40 RPU028B_FEB_2024_ManualMode__flight_record.csv
2024-02-06 07:03:00-07:04:40,"Alanib, Lantapan, Bukidnon, Northern Mindanao, Philippines",T40 Drone 2,Spraying,2.31,6.03,01:39,other,UTPL,default team,,R4998318240,36.0,24.0,,MKAVI1 T40 RPU028B_FEB_2024_ManualMode__flight_record.csv
2024-02-06 06:43:11-06:44:57,"Baclayon, Lantapan, Bukidnon, Northern Mindanao, Philippines",T40 Drone 2,Spraying,3.74,5.34,01:45,other,UTPL,default team,,R4697980035,46.0,34.0,,MKAVI1 T40 RPU028B_FEB_2024_ManualMode__flight_record.csv
2024-02-06 06:34:20-06:35:35,"Baclayon, Lantapan, Bukidnon, Northern Mindanao, Philippines",T40 Drone 2,Spraying,2.18,3.42,01:14,other,UTPL,default team,,R4337574189,21.0,13.0,,MKAVI1 T40 RPU028B_FEB_2024_ManualMode__flight_record.csv
2024-02-05 17:38:12-17:39:02,"Lantapan, Bukidnon, Northern Mindanao, Philippines",T40 Drone 2,Spraying,1.12,1.21,00:50,other,UTPL,default team,,R3576717403,100.0,92.0,,MKAVI1 T40 RPU028B_FEB_2024_ManualMode__flight_record.csv
2024-02-05 16:50:50-16:53:07,"Lantapan, Bukidnon, Northern Mindanao, Philippines",T40 Drone 2,Spraying,1.61,6.56,02:17,other,UTPL,default team,,R3116198822,45.0,28.0,,MKAVI1 T40 RPU028B_FEB_2024_ManualMode__flight_record.csv
2024-02-05 16:18:11-16:19:31,"Lantapan, Bukidnon, Northern Mindanao, Philippines",T40 Drone 2,Spraying,0.63,1.86,01:20,other,UTPL,default team,,R2835883164,47.0,34.0,,MKAVI1 T40 RPU028B_FEB_2024_ManualMode__flight_record.csv
2024-02-05 15:37:16-15:38:27,"Baclayon, Lantapan, Bukidnon, Northern Mindanao, Philippines",T40 Drone 2,Spraying,1.27,1.99,01:10,other,UTPL,default team,,R2515522412,51.0,44.0,,MKAVI1 T40 RPU028B_FEB_2024_ManualMode__flight_record.csv
2024-02-05 07:51:49-07:54:00,"Aglayan - Alanib - Ticalaan Road, Purok 1, Babahagon, Balila, Lantapan, Bukidnon, Northern Mindanao, Philippines",T40 Drone 2,Spraying,3.72,9.35,02:10,other,UTPL,default team,,R2375364583,84.0,69.0,,MKAVI1 T40 RPU028B_FEB_2024_ManualMode__flight_record.csv
2024-02-02 15:40:28-15:41:45,"Alanib, Lantapan, Bukidnon, Northern Mindanao, Philippines",T40 Drone 2,Spraying,2.25,3.46,01:17,other,UTPL,default team,,R5601598910,87.0,79.0,,MKAVI1 T40 RPU028B_FEB_2024_ManualMode__flight_record.csv
2024-02-02 15:15:36-15:17:00,"Alanib, Lantapan, Bukidnon, Northern Mindanao, Philippines",T40 Drone 2,Spraying,4.23,6.75,01:24,other,UTPL,default team,,R5121057782,14.0,5.0,,MKAVI1 T40 RPU028B_FEB_2024_ManualMode__flight_record.csv
2024-02-01 08:21:24-08:24:04,"Lantapan, Bukidnon, Northern Mindanao, Philippines",T40 Drone 2,Spraying,4.66,18.35,02:40,other,UTPL,default team,,R4660539201,100.0,76.0,,MKAVI1 T40 RPU028B_FEB_2024_ManualMode__flight_record.csv
2024-02-01 08:08:59-08:11:25,"Lantapan, Bukidnon, Northern Mindanao, Philippines",T40 Drone 2,Spraying,2.34,8.13,02:25,other,UTPL,default team,,R4580449013,60.0,40.0,,MKAVI1 T40 RPU028B_FEB_2024_ManualMode__flight_record.csv
2024-02-01 07:38:05-07:39:13,"Alanib, Lantapan, Bukidnon, Northern Mindanao, Philippines",T40 Drone 2,Spraying,1.72,3.28,01:08,other,UTPL,default team,,R3919704962,43.0,35.0,,MKAVI1 T40 RPU028B_FEB_2024_ManualMode__flight_record.csv
2024-02-01 07:20:01-07:21:28,"Alanib, Lantapan, Bukidnon, Northern Mindanao, Philippines",T40 Drone 2,Spraying,1.43,8.83,01:26,other,UTPL,default team,,R3639389304,19.0,8.0,,MKAVI1 T40 RPU028B_FEB_2024_ManualMode__flight_record.csv
2024-02-01 07:09:25-07:10:33,"Alanib, Lantapan, Bukidnon, Northern Mindanao, Philippines",T40 Drone 2,Spraying,0.44,0.67,01:07,other,UTPL,default team,,R3258960911,32.0,22.0,,MKAVI1 T40 RPU028B_FEB_2024_ManualMode__flight_record.csv
2024-08-31 01:06:52-01:07:59,"Valencia, Bukidnon, Northern Mindanao, Philippines",T40 Drone 2,Spraying,2.33,3.87,01:07,other,UTPL,default team,,R7243789804,41.0,33.0,,MKAVI1 T40 RPU028B_AUG_2024_ManualMode__flight_record.csv
2024-08-31 00:39:25-00:40:27,"Valencia, Bukidnon, Northern Mindanao, Philippines",T40 Drone 2,Spraying,0.18,2.29,01:01,other,UTPL,default team,,R6843338864,29.0,22.0,,MKAVI1 T40 RPU028B_AUG_2024_ManualMode__flight_record.csv
2024-08-31 00:20:36-00:21:32,"Valencia, Bukidnon, Northern Mindanao, Philippines",T40 Drone 2,Spraying,0.18,1.31,00:56,other,UTPL,default team,,R6362797736,24.0,18.0,,MKAVI1 T40 RPU028B_AUG_2024_ManualMode__flight_record.csv
2024-08-30 23:41:54-23:42:55,"Dabongdabong, Valencia, Bukidnon, Northern Mindanao, Philippines",T40 Drone 2,Spraying,0.81,1.49,01:00,other,UTPL,default team,,R5982369343,25.0,18.0,,MKAVI1 T40 RPU028B_AUG_2024_ManualMode__flight_record.csv
2024-08-30 23:23:01-23:24:26,"San Carlos, Valencia, Bukidnon, Northern Mindanao, Philippines",T40 Drone 2,Spraying,1.28,4.59,01:25,other,UTPL,default team,,R5662008591,42.0,32.0,,MKAVI1 T40 RPU028B_AUG_2024_ManualMode__flight_record.csv
2024-08-30 23:14:55-23:15:48,"San Carlos, Valencia, Bukidnon, Northern Mindanao, Philippines",T40 Drone 2,Spraying,0.01,0.61,00:52,other,UTPL,default team,,R5241535104,20.0,12.0,,MKAVI1 T40 RPU028B_AUG_2024_ManualMode__flight_record.csv
2024-08-30 22:57:23-22:58:37,"Valencia, Bukidnon, Northern Mindanao, Philippines",T40 Drone 2,Spraying,4.27,4.11,01:13,other,UTPL,default team,,R4961219446,23.0,15.0,,MKAVI1 T40 RPU028B_AUG_2024_ManualMode__flight_record.csv
2024-08-30 07:56:22-07:59:32,"Kaatuan, Lantapan, Bukidnon, Northern Mindanao, Philippines",T40 Drone 2,Spraying,2.73,8.78,03:09,other,UTPL,default team,,R2625414811,54.0,29.0,,MKAVI1 T40 RPU028B_AUG_2024_ManualMode__flight_record.csv
2024-08-30 07:31:13-07:33:16,"Kaatuan, Lantapan, Bukidnon, Northern Mindanao, Philippines",T40 Drone 2,Spraying,1.65,6.62,02:03,other,UTPL,default team,,R2505279529,45.0,30.0,,MKAVI1 T40 RPU028B_AUG_2024_ManualMode__flight_record.csv
2024-08-30 07:14:28-07:16:53,"Lantapan, Bukidnon, Northern Mindanao, Philippines",T40 Drone 2,Spraying,2.67,9.09,02:24,other,UTPL,default team,,R2465234435,42.0,18.0,,MKAVI1 T40 RPU028B_AUG_2024_ManualMode__flight_record.csv
2024-08-30 06:40:01-06:42:49,"Lantapan, Bukidnon, Northern Mindanao, Philippines",T40 Drone 2,Spraying,4.62,14.79,02:48,other,UTPL,default team,,R2265008965,31.0,7.0,,MKAVI1 T40 RPU028B_AUG_2024_ManualMode__flight_record.csv
2024-08-30 06:34:13-06:36:13,"Lantapan, Bukidnon, Northern Mindanao, Philippines",T40 Drone 2,Spraying,1.5,5.21,02:00,other,UTPL,default team,,R2224963871,100.0,75.0,,MKAVI1 T40 RPU028B_AUG_2024_ManualMode__flight_record.csv
2024-08-30 06:24:40-06:25:41,"Lantapan, Bukidnon, Northern Mindanao, Philippines",T40 Drone 2,Spraying,1.46,2.64,01:01,other,UTPL,default team,,R2164896230,94.0,82.0,,MKAVI1 T40 RPU028B_AUG_2024_ManualMode__flight_record.csv
2024-08-30 02:15:06-02:16:22,"San Carlos, Valencia, Bukidnon, Northern Mindanao, Philippines",T40 Drone 2,Spraying,2.7,4.38,01:16,other,UTPL,default team,,R2044760948,53.0,45.0,,MKAVI1 T40 RPU028B_AUG_2024_ManualMode__flight_record.csv
2024-08-29 22:54:04-22:54:54,"Valencia Bypass Road, Dabongdabong, Valencia, Bukidnon, Northern Mindanao, 8709088, Philippines",T40 Drone 2,Spraying,0.0,0.26,00:50,other,UTPL,default team,,R1243859068,64.0,58.0,,MKAVI1 T40 RPU028B_AUG_2024_ManualMode__flight_record.csv
2024-08-29 22:35:38-22:36:22,"Dabongdabong, Valencia, Bukidnon, Northern Mindanao, Philippines",T40 Drone 2,Spraying,0.33,1.9,00:43,other,UTPL,default team,,R1103701239,16.0,11.0,,MKAVI1 T40 RPU028B_AUG_2024_ManualMode__flight_record.csv
2024-08-29 22:34:04-22:34:22,"Dabongdabong, Valencia, Bukidnon, Northern Mindanao, Philippines",T40 Drone 2,Spraying,0.83,0.6,00:17,other,UTPL,default team,,R1063656145,29.0,27.0,,MKAVI1 T40 RPU028B_AUG_2024_ManualMode__flight_record.csv
2024-08-29 22:06:11-22:06:52,"Dabongdabong, Valencia, Bukidnon, Northern Mindanao, Philippines",T40 Drone 2,Spraying,0.45,0.67,00:41,other,UTPL,default team,,R0903475769,100.0,94.0,,MKAVI1 T40 RPU028B_AUG_2024_ManualMode__flight_record.csv
2024-08-29 21:39:45-21:41:05,"Dabongdabong, Valencia, Bukidnon, Northern Mindanao, Philippines",T40 Drone 2,Spraying,1.01,6.12,01:20,other,UTPL,default team,,R0723272846,39.0,29.0,,MKAVI1 T40 RPU028B_AUG_2024_ManualMode__flight_record.csv
2024-08-29 08:54:49-08:57:43,"Baclayon, Lantapan, Bukidnon, Northern Mindanao, Philippines",T40 Drone 2,Spraying,8.07,14.33,02:53,other,UTPL,default team,,R0282776812,60.0,38.0,,MKAVI1 T40 RPU028B_AUG_2024_ManualMode__flight_record.csv
2024-08-29 08:16:57-08:18:38,"Alanib, Lantapan, Bukidnon, Northern Mindanao, Philippines",T40 Drone 2,Spraying,3.69,6.97,01:41,other,UTPL,default team,,R8397768905,76.0,65.0,,MKAVI1 T40 RPU028B_AUG_2024_ManualMode__flight_record.csv
2024-08-29 07:08:52-07:10:46,"Aglayan - Alanib - Ticalaan Road, Purok 1, Babahagon, Balila, Lantapan, Bukidnon, Northern Mindanao, Philippines",T40 Drone 2,Spraying,1.96,3.43,01:54,other,UTPL,default team,,R7676957213,53.0,40.0,,MKAVI1 T40 RPU028B_AUG_2024_ManualMode__flight_record.csv
2024-08-29 07:04:37-07:08:29,"Aglayan - Alanib - Ticalaan Road, Purok 1, Babahagon, Balila, Lantapan, Bukidnon, Northern Mindanao, Philippines",T40 Drone 2,Spraying,6.3,16.64,03:52,other,UTPL,default team,,R7636912119,95.0,56.0,,MKAVI1 T40 RPU028B_AUG_2024_ManualMode__flight_record.csv
2024-08-29 01:35:54-01:36:53,"Dabongdabong, Valencia, Bukidnon, Northern Mindanao, Philippines",T40 Drone 2,Spraying,0.21,2.36,00:59,other,UTPL,default team,,R7156370991,65.0,59.0,,MKAVI1 T40 RPU028B_AUG_2024_ManualMode__flight_record.csv
2024-08-28 22:58:02-22:59:05,"Dabongdabong, Valencia, Bukidnon, Northern Mindanao, Philippines",T40 Drone 2,Spraying,0.71,4.33,01:02,other,UTPL,default team,,R6255356376,36.0,29.0,,MKAVI1 T40 RPU028B_AUG_2024_ManualMode__flight_record.csv
2024-08-28 08:39:43-08:44:13,"Kaatuan, Lantapan, Bukidnon, Northern Mindanao, Philippines",T40 Drone 2,Spraying,2.03,8.71,04:30,other,UTPL,default team,,R6741542718,100.0,68.0,,MKAVI1 T40 RPU028B_AUG_2024_ManualMode__flight_record.csv
2024-08-28 08:37:03-08:38:32,"Kaatuan, Lantapan, Bukidnon, Northern Mindanao, Philippines",T40 Drone 2,Spraying,0.95,5.45,01:28,other,UTPL,default team,,R6721520171,24.0,11.0,,MKAVI1 T40 RPU028B_AUG_2024_ManualMode__flight_record.csv
2024-08-28 07:56:04-07:58:25,"Kaatuan, Lantapan, Bukidnon, Northern Mindanao, Philippines",T40 Drone 2,Spraying,3.6,8.74,02:20,other,UTPL,default team,,R6521294701,64.0,45.0,,MKAVI1 T40 RPU028B_AUG_2024_ManualMode__flight_record.csv
2024-08-28 07:23:51-07:25:24,"Kaatuan, Lantapan, Bukidnon, Northern Mindanao, Philippines",T40 Drone 2,Spraying,1.79,6.3,01:32,other,UTPL,default team,,R6381136872,65.0,54.0,,MKAVI1 T40 RPU028B_AUG_2024_ManualMode__flight_record.csv
2024-08-27 07:59:43-08:03:50,"Kaatuan, Lantapan, Bukidnon, Northern Mindanao, Philippines",T40 Drone 2,Spraying,7.39,30.18,04:07,other,UTPL,default team,,R5359986975,100.0,56.0,,MKAVI1 T40 RPU028B_AUG_2024_ManualMode__flight_record.csv
2024-08-27 01:33:34-01:34:25,"Valencia-Lantapan Road, San Carlos, Valencia, Bukidnon, Northern Mindanao, 8709088, Philippines",T40 Drone 2,Spraying,1.94,1.52,00:51,other,UTPL,default team,,R4919490941,100.0,87.0,,MKAVI1 T40 RPU028B_AUG_2024_ManualMode__flight_record.csv
2024-08-26 21:56:31-21:57:27,"Valencia Bypass Road, Dabongdabong, Valencia, Bukidnon, Northern Mindanao, 8709088, Philippines",T40 Drone 2,Spraying,0.21,2.57,00:56,other,UTPL,default team,,R4278769437,30.0,23.0,,MKAVI1 T40 RPU028B_AUG_2024_ManualMode__flight_record.csv
2024-08-26 07:48:22-07:50:17,"Lantapan, Bukidnon, Northern Mindanao, Philippines",T40 Drone 2,Spraying,0.27,0.45,01:55,other,UTPL,default team,,R2914383000,100.0,81.0,,MKAVI1 T40 RPU028B_AUG_2024_ManualMode__flight_record.csv
2024-08-26 07:45:39-07:46:41,"Lantapan, Bukidnon, Northern Mindanao, Philippines",T40 Drone 2,Spraying,1.33,2.1,01:01,other,UTPL,default team,,R2754202624,53.0,45.0,,MKAVI1 T40 RPU028B_AUG_2024_ManualMode__flight_record.csv
2024-08-26 06:48:40-06:52:02,"Lantapan, Bukidnon, Northern Mindanao, Philippines",T40 Drone 2,Spraying,3.62,19.55,03:21,other,UTPL,default team,,R2353751684,50.0,21.0,,MKAVI1 T40 RPU028B_AUG_2024_ManualMode__flight_record.csv
2024-08-26 06:44:39-06:45:22,"Lantapan, Bukidnon, Northern Mindanao, Philippines",T40 Drone 2,Spraying,0.76,1.78,00:43,other,UTPL,default team,,R2293684043,100.0,91.0,,MKAVI1 T40 RPU028B_AUG_2024_ManualMode__flight_record.csv
2024-08-25 07:15:20-07:19:16,"Lantapan, Bukidnon, Northern Mindanao, Philippines",T40 Drone 2,Spraying,5.45,28.59,03:56,other,UTPL,default team,,R1793120368,100.0,59.0,,MKAVI1 T40 RPU028B_AUG_2024_ManualMode__flight_record.csv
2024-08-25 07:11:28-07:13:04,"Lantapan, Bukidnon, Northern Mindanao, Philippines",T40 Drone 2,Spraying,2.24,5.85,01:36,other,UTPL,default team,,R1713030180,33.0,21.0,,MKAVI1 T40 RPU028B_AUG_2024_ManualMode__flight_record.csv
2024-08-25 06:49:08-06:51:18,"Lantapan, Bukidnon, Northern Mindanao, Philippines",T40 Drone 2,Spraying,2.61,9.21,02:09,other,UTPL,default team,,R1452737069,41.0,25.0,,MKAVI1 T40 RPU028B_AUG_2024_ManualMode__flight_record.csv
2024-08-25 06:08:02-06:09:32,"Lantapan, Bukidnon, Northern Mindanao, Philippines",T40 Drone 2,Spraying,0.77,2.54,01:30,other,UTPL,default team,,R0852060659,31.0,20.0,,MKAVI1 T40 RPU028B_AUG_2024_ManualMode__flight_record.csv
2024-08-24 15:39:02-15:42:24,"Lantapan, Bukidnon, Northern Mindanao, Philippines",T40 Drone 2,Spraying,4.17,21.8,03:22,other,UTPL,default team,,R6424189283,97.0,67.0,,MKAVI1 T40 RPU028B_AUG_2024_ManualMode__flight_record.csv
2024-08-24 09:03:09-09:06:05,"Lantapan, Bukidnon, Northern Mindanao, Philippines",T40 Drone 2,Spraying,5.67,15.29,02:55,other,UTPL,default team,,R6223963813,41.0,17.0,,MKAVI1 T40 RPU028B_AUG_2024_ManualMode__flight_record.csv
2024-08-24 08:44:57-08:46:17,"Lantapan, Bukidnon, Northern Mindanao, Philippines",T40 Drone 2,Spraying,1.28,3.4,01:20,other,UTPL,default team,,R5923625608,39.0,30.0,,MKAVI1 T40 RPU028B_AUG_2024_ManualMode__flight_record.csv
2024-08-24 08:38:34-08:39:16,"Lantapan, Bukidnon, Northern Mindanao, Philippines",T40 Drone 2,Spraying,0.37,0.93,00:42,other,UTPL,default team,,R5863557967,100.0,92.0,,MKAVI1 T40 RPU028B_AUG_2024_ManualMode__flight_record.csv
2024-08-24 08:33:50-08:34:32,"Lantapan, Bukidnon, Northern Mindanao, Philippines",T40 Drone 2,Spraying,0.34,1.53,00:41,other,UTPL,default team,,R5663332497,42.0,35.0,,MKAVI1 T40 RPU028B_AUG_2024_ManualMode__flight_record.csv
2024-08-24 08:06:14-08:07:32,"Lantapan, Bukidnon, Northern Mindanao, Philippines",T40 Drone 2,Spraying,0.48,3.18,01:17,other,UTPL,default team,,R5403039386,32.0,22.0,,MKAVI1 T40 RPU028B_AUG_2024_ManualMode__flight_record.csv
2024-08-24 07:46:10-07:49:34,"Lantapan, Bukidnon, Northern Mindanao, Philippines",T40 Drone 2,Spraying,6.35,19.18,03:24,other,UTPL,default team,,R5002588446,39.0,7.0,,MKAVI1 T40 RPU028B_AUG_2024_ManualMode__flight_record.csv
2024-08-23 17:19:53-17:21:22,"Lantapan, Bukidnon, Northern Mindanao, Philippines",T40 Drone 2,Spraying,0.7,1.91,01:28,other,UTPL,default team,,R2840153370,75.0,66.0,,MKAVI1 T40 RPU028B_AUG_2024_ManualMode__flight_record.csv
2024-08-23 16:59:24-17:01:02,"Lantapan, Bukidnon, Northern Mindanao, Philippines",T40 Drone 2,Spraying,1.52,4.06,01:37,other,UTPL,default team,,R2499770071,31.0,20.0,,MKAVI1 T40 RPU028B_AUG_2024_ManualMode__flight_record.csv
2024-08-23 16:31:39-16:32:09,"Baclayon, Lantapan, Bukidnon, Northern Mindanao, Philippines",T40 Drone 2,Spraying,0.87,2.69,00:29,other,UTPL,default team,,R2179409319,61.0,57.0,,MKAVI1 T40 RPU028B_AUG_2024_ManualMode__flight_record.csv
2024-08-23 16:18:42-16:20:09,"Baclayon, Lantapan, Bukidnon, Northern Mindanao, Philippines",T40 Drone 2,Spraying,2.25,5.49,01:27,other,UTPL,default team,,R1979183849,100.0,84.0,,MKAVI1 T40 RPU028B_AUG_2024_ManualMode__flight_record.csv
2024-08-23 16:02:32-16:04:50,"Baclayon, Lantapan, Bukidnon, Northern Mindanao, Philippines",T40 Drone 2,Spraying,1.81,5.83,02:17,other,UTPL,default team,,R1718890738,49.0,33.0,,MKAVI1 T40 RPU028B_AUG_2024_ManualMode__flight_record.csv
2024-08-23 07:36:20-07:40:11,"Lantapan, Bukidnon, Northern Mindanao, Philippines",T40 Drone 2,Spraying,4.07,25.99,03:51,other,UTPL,default team,,R1478620174,99.0,60.0,,MKAVI1 T40 RPU028B_AUG_2024_ManualMode__flight_record.csv
2024-08-23 07:03:41-07:04:50,"Lantapan, Bukidnon, Northern Mindanao, Philippines",T40 Drone 2,Spraying,0.93,5.15,01:09,other,UTPL,default team,,R1178281969,100.0,87.0,,MKAVI1 T40 RPU028B_AUG_2024_ManualMode__flight_record.csv
2024-08-23 06:25:49-06:26:36,"Lantapan, Bukidnon, Northern Mindanao, Philippines",T40 Drone 2,Spraying,0.78,1.27,00:47,other,UTPL,default team,,R0837898670,95.0,85.0,,MKAVI1 T40 RPU028B_AUG_2024_ManualMode__flight_record.csv
2024-08-23 01:23:26-01:24:27,"Valencia, Bukidnon, Northern Mindanao, Philippines",T40 Drone 2,Spraying,2.16,3.2,01:01,other,UTPL,default team,,R0597628106,79.0,73.0,,MKAVI1 T40 RPU028B_AUG_2024_ManualMode__flight_record.csv
2024-08-22 21:21:12-21:22:36,"Dabongdabong, Valencia, Bukidnon, Northern Mindanao, Philippines",T40 Drone 2,Spraying,2.03,6.97,01:24,other,UTPL,default team,,R6790455687,28.0,19.0,,MKAVI1 T40 RPU028B_AUG_2024_ManualMode__flight_record.csv
2024-08-22 08:04:36-08:05:55,"Lantapan, Bukidnon, Northern Mindanao, Philippines",T40 Drone 2,Spraying,0.58,1.81,01:19,other,UTPL,default team,,R5509012679,25.0,16.0,,MKAVI1 T40 RPU028B_AUG_2024_ManualMode__flight_record.csv
2024-08-22 07:52:51-07:54:35,"Lantapan, Bukidnon, Northern Mindanao, Philippines",T40 Drone 2,Spraying,3.71,9.13,01:44,other,UTPL,default team,,R5348832303,29.0,15.0,,MKAVI1 T40 RPU028B_AUG_2024_ManualMode__flight_record.csv
2024-08-22 07:32:38-07:34:28,"Lantapan, Bukidnon, Northern Mindanao, Philippines",T40 Drone 2,Spraying,0.36,1.48,01:50,other,UTPL,default team,,R5148606833,63.0,51.0,,MKAVI1 T40 RPU028B_AUG_2024_ManualMode__flight_record.csv
2024-08-22 00:41:04-00:41:51,"Dabongdabong, Valencia, Bukidnon, Northern Mindanao, Philippines",T40 Drone 2,Spraying,0.35,2.59,00:46,other,UTPL,default team,,R3767051090,18.0,13.0,,MKAVI1 T40 RPU028B_AUG_2024_ManualMode__flight_record.csv
2024-08-22 00:39:24-00:39:47,"Dabongdabong, Valencia, Bukidnon, Northern Mindanao, Philippines",T40 Drone 2,Spraying,1.16,1.01,00:22,other,UTPL,default team,,R3706983449,32.0,29.0,,MKAVI1 T40 RPU028B_AUG_2024_ManualMode__flight_record.csv
2024-08-21 22:32:32-22:33:20,"San Carlos, Valencia, Bukidnon, Northern Mindanao, Philippines",T40 Drone 2,Spraying,0.0,0.18,00:48,other,UTPL,default team,,R3146352133,54.0,48.0,,MKAVI1 T40 RPU028B_AUG_2024_ManualMode__flight_record.csv
2024-08-21 18:04:36-18:06:30,"Kaatuan, Lantapan, Bukidnon, Northern Mindanao, Philippines",T40 Drone 2,Spraying,1.86,5.63,01:53,other,UTPL,default team,,R1304277809,30.0,13.0,,MKAVI1 T40 RPU028B_AUG_2024_ManualMode__flight_record.csv
2024-08-21 17:39:24-17:41:41,"Kaatuan, Lantapan, Bukidnon, Northern Mindanao, Philippines",T40 Drone 2,Spraying,2.15,7.75,02:16,other,UTPL,default team,,R0703601399,37.0,20.0,,MKAVI1 T40 RPU028B_AUG_2024_ManualMode__flight_record.csv
2024-08-21 17:08:24-17:10:51,"Kaatuan, Lantapan, Bukidnon, Northern Mindanao, Philippines",T40 Drone 2,Spraying,1.93,5.02,02:26,other,UTPL,default team,,R0203037724,45.0,28.0,,MKAVI1 T40 RPU028B_AUG_2024_ManualMode__flight_record.csv
2024-08-21 16:50:35-16:53:01,"Lantapan, Bukidnon, Northern Mindanao, Philippines",T40 Drone 2,Spraying,2.41,8.58,02:25,other,UTPL,default team,,R8498232740,49.0,31.0,,MKAVI1 T40 RPU028B_AUG_2024_ManualMode__flight_record.csv
2024-08-21 16:22:59-16:25:29,"Lantapan, Bukidnon, Northern Mindanao, Philippines",T40 Drone 2,Spraying,2.8,10.74,02:29,other,UTPL,default team,,R8137826894,31.0,10.0,,MKAVI1 T40 RPU028B_AUG_2024_ManualMode__flight_record.csv
2024-08-21 16:16:29-16:18:11,"Lantapan, Bukidnon, Northern Mindanao, Philippines",T40 Drone 2,Spraying,1.16,4.66,01:42,other,UTPL,default team,,R8017691612,99.0,81.0,,MKAVI1 T40 RPU028B_AUG_2024_ManualMode__flight_record.csv
2024-08-21 16:06:51-16:07:51,"Lantapan, Bukidnon, Northern Mindanao, Philippines",T40 Drone 2,Spraying,1.37,2.22,01:00,other,UTPL,default team,,R7677308313,96.0,84.0,,MKAVI1 T40 RPU028B_AUG_2024_ManualMode__flight_record.csv
2024-08-21 07:31:07-07:32:44,"Baclayon, Lantapan, Bukidnon, Northern Mindanao, Philippines",T40 Drone 2,Spraying,2.14,5.71,01:37,other,UTPL,default team,,R7477082843,40.0,28.0,,MKAVI1 T40 RPU028B_AUG_2024_ManualMode__flight_record.csv
2024-08-21 06:48:01-06:49:31,"Alanib, Lantapan, Bukidnon, Northern Mindanao, Philippines",T40 Drone 2,Spraying,1.78,7.67,01:30,other,UTPL,default team,,R6676180963,100.0,81.0,,MKAVI1 T40 RPU028B_AUG_2024_ManualMode__flight_record.csv
2024-08-21 06:42:04-06:42:21,"Alanib, Lantapan, Bukidnon, Northern Mindanao, Philippines",T40 Drone 2,Spraying,0.52,2.05,00:16,other,UTPL,default team,,R6275730023,44.0,40.0,,MKAVI1 T40 RPU028B_AUG_2024_ManualMode__flight_record.csv
2024-08-21 06:23:13-06:25:37,"Alanib, Lantapan, Bukidnon, Northern Mindanao, Philippines",T40 Drone 2,Spraying,4.26,13.3,02:23,other,UTPL,default team,,R5955369271,36.0,17.0,,MKAVI1 T40 RPU028B_AUG_2024_ManualMode__flight_record.csv
2024-08-21 01:16:19-01:17:32,"Valencia-Lantapan Road, San Carlos, Valencia, Bukidnon, Northern Mindanao, 8709088, Philippines",T40 Drone 2,Spraying,0.6,3.6,01:13,other,UTPL,default team,,R3732866554,65.0,55.0,,MKAVI1 T40 RPU028B_AUG_2024_ManualMode__flight_record.csv
2024-08-20 22:58:34-22:59:32,"Valencia Bypass Road, Dabongdabong, Valencia, Bukidnon, Northern Mindanao, 8709088, Philippines",T40 Drone 2,Spraying,0.23,0.41,00:57,other,UTPL,default team,,R3372460708,53.0,47.0,,MKAVI1 T40 RPU028B_AUG_2024_ManualMode__flight_record.csv
2024-08-20 22:45:40-22:46:39,"Valencia Bypass Road, Dabongdabong, Valencia, Bukidnon, Northern Mindanao, 8709088, Philippines",T40 Drone 2,Spraying,0.26,2.16,00:59,other,UTPL,default team,,R2831851939,26.0,19.0,,MKAVI1 T40 RPU028B_AUG_2024_ManualMode__flight_record.csv
2024-08-20 22:25:59-22:27:00,"Valencia Bypass Road, Dabongdabong, Valencia, Bukidnon, Northern Mindanao, 8709088, Philippines",T40 Drone 2,Spraying,0.84,1.1,01:00,other,UTPL,default team,,R2571558828,53.0,47.0,,MKAVI1 T40 RPU028B_AUG_2024_ManualMode__flight_record.csv
2024-08-20 08:21:18-08:23:35,"Kaatuan, Lantapan, Bukidnon, Northern Mindanao, Philippines",T40 Drone 2,Spraying,3.43,9.24,02:16,other,UTPL,default team,,R0629371769,33.0,15.0,,MKAVI1 T40 RPU028B_AUG_2024_ManualMode__flight_record.csv
2024-08-20 07:15:18-07:20:09,"Kaatuan, Lantapan, Bukidnon, Northern Mindanao, Philippines",T40 Drone 2,Spraying,6.58,27.27,04:51,other,UTPL,default team,,R0389101205,100.0,44.0,,MKAVI1 T40 RPU028B_AUG_2024_ManualMode__flight_record.csv
2024-08-19 17:05:08-17:06:17,"Lantapan, Bukidnon, Northern Mindanao, Philippines",T40 Drone 2,Spraying,1.25,2.08,01:08,other,UTPL,default team,,R5300485778,66.0,58.0,,MKAVI1 T40 RPU028B_AUG_2024_ManualMode__flight_record.csv
2024-08-19 16:41:46-16:43:05,"Lantapan, Bukidnon, Northern Mindanao, Philippines",T40 Drone 2,Spraying,0.46,2.76,01:19,other,UTPL,default team,,R4880012291,41.0,32.0,,MKAVI1 T40 RPU028B_AUG_2024_ManualMode__flight_record.csv
2024-08-19 08:29:39-08:31:28,"Baclayon, Lantapan, Bukidnon, Northern Mindanao, Philippines",T40 Drone 2,Spraying,2.16,4.7,01:49,other,UTPL,default team,,R3618591830,38.0,24.0,,MKAVI1 T40 RPU028B_AUG_2024_ManualMode__flight_record.csv
2024-08-19 07:31:30-07:33:42,"Purok 1, Balila, Lantapan, Bukidnon, Northern Mindanao, Philippines",T40 Drone 2,Spraying,4.79,14.45,02:11,other,UTPL,default team,,R2196990993,47.0,30.0,,MKAVI1 T40 RPU028B_AUG_2024_ManualMode__flight_record.csv
2024-08-19 07:30:05-07:30:20,"Purok 1, Balila, Lantapan, Bukidnon, Northern Mindanao, Philippines",T40 Drone 2,Spraying,0.76,1.79,00:14,other,UTPL,default team,,R2136923352,63.0,60.0,,MKAVI1 T40 RPU028B_AUG_2024_ManualMode__flight_record.csv
2024-08-19 07:14:01-07:15:23,"Valencia-Lantapan Road, Purok 1, Balila, Lantapan, Bukidnon, Northern Mindanao, Philippines",T40 Drone 2,Spraying,1.58,3.24,01:21,other,UTPL,default team,,R1616337130,64.0,56.0,,MKAVI1 T40 RPU028B_AUG_2024_ManualMode__flight_record.csv
2024-08-19 07:09:40-07:11:23,"Valencia-Lantapan Road, Purok 1, Balila, Lantapan, Bukidnon, Northern Mindanao, Philippines",T40 Drone 2,Spraying,3.49,10.3,01:43,other,UTPL,default team,,R1496201848,100.0,84.0,,MKAVI1 T40 RPU028B_AUG_2024_ManualMode__flight_record.csv
2024-08-19 07:06:05-07:07:33,"Valencia-Lantapan Road, Purok 1, Balila, Lantapan, Bukidnon, Northern Mindanao, Philippines",T40 Drone 2,Spraying,1.53,2.83,01:28,other,UTPL,default team,,R1275953831,24.0,15.0,,MKAVI1 T40 RPU028B_AUG_2024_ManualMode__flight_record.csv
2024-08-19 06:34:27-06:35:52,"Valencia-Lantapan Road, Purok 1, Balila, Lantapan, Bukidnon, Northern Mindanao, Philippines",T40 Drone 2,Spraying,0.7,0.95,01:24,other,UTPL,default team,,R8289705839,32.0,22.0,,MKAVI1 T40 RPU028B_AUG_2024_ManualMode__flight_record.csv
2024-08-19 00:56:25-00:58:03,"Valencia, Bukidnon, Northern Mindanao, Philippines",T40 Drone 2,Spraying,0.92,7.22,01:37,other,UTPL,default team,,R7889254899,33.0,21.0,,MKAVI1 T40 RPU028B_AUG_2024_ManualMode__flight_record.csv
2024-08-18 23:07:47-23:09:24,"Dabongdabong, Valencia, Bukidnon, Northern Mindanao, Philippines",T40 Drone 2,Spraying,0.92,4.16,01:37,other,UTPL,default team,,R6928172643,63.0,52.0,,MKAVI1 T40 RPU028B_AUG_2024_ManualMode__flight_record.csv
2024-08-18 22:48:45-22:50:00,"Valencia, Bukidnon, Northern Mindanao, Philippines",T40 Drone 2,Spraying,0.72,2.99,01:14,other,UTPL,default team,,R6527721703,21.0,12.0,,MKAVI1 T40 RPU028B_AUG_2024_ManualMode__flight_record.csv
2024-08-18 21:46:16-21:47:14,"Valencia, Bukidnon, Northern Mindanao, Philippines",T40 Drone 2,Spraying,0.0,0.74,00:58,other,UTPL,default team,,R4805782661,36.0,28.0,,MKAVI1 T40 RPU028B_AUG_2024_ManualMode__flight_record.csv
2024-08-18 08:07:51-08:11:49,"Lantapan, Bukidnon, Northern Mindanao, Philippines",T40 Drone 2,Spraying,4.03,21.15,03:58,other,UTPL,default team,,R4325241533,87.0,48.0,,MKAVI1 T40 RPU028B_AUG_2024_ManualMode__flight_record.csv
2024-08-18 08:06:49-08:07:35,"Lantapan, Bukidnon, Northern Mindanao, Philippines",T40 Drone 2,Spraying,1.43,1.41,00:46,other,UTPL,default team,,R4245151345,100.0,90.0,,MKAVI1 T40 RPU028B_AUG_2024_ManualMode__flight_record.csv
2024-08-18 07:49:04-07:52:25,"Lantapan, Bukidnon, Northern Mindanao, Philippines",T40 Drone 2,Spraying,3.33,2.25,03:21,other,UTPL,default team,,R3784632764,99.0,51.0,,MKAVI1 T40 RPU028B_AUG_2024_ManualMode__flight_record.csv
2024-08-18 07:25:26-07:31:36,"Lantapan, Bukidnon, Northern Mindanao, Philippines",T40 Drone 2,Spraying,7.3,30.0,06:10,other,UTPL,default team,,R3524339653,98.0,38.0,,MKAVI1 T40 RPU028B_AUG_2024_ManualMode__flight_record.csv
2024-08-18 06:49:58-06:51:55,"Lantapan, Bukidnon, Northern Mindanao, Philippines",T40 Drone 2,Spraying,2.79,8.77,01:57,other,UTPL,default team,,R3063821072,28.0,12.0,,MKAVI1 T40 RPU028B_AUG_2024_ManualMode__flight_record.csv
2024-08-17 23:40:15-23:41:57,"Dabongdabong, Valencia, Bukidnon, Northern Mindanao, Philippines",T40 Drone 2,Spraying,1.34,7.1,01:41,other,UTPL,default team,,R1381927124,41.0,31.0,,MKAVI1 T40 RPU028B_AUG_2024_ManualMode__flight_record.csv
2024-08-17 08:00:34-08:03:02,"Lantapan, Bukidnon, Northern Mindanao, Philippines",T40 Drone 2,Spraying,3.31,10.22,02:28,other,UTPL,default team,,R0520957603,40.0,19.0,,MKAVI1 T40 RPU028B_AUG_2024_ManualMode__flight_record.csv
2024-08-17 07:39:42-07:42:26,"Lantapan, Bukidnon, Northern Mindanao, Philippines",T40 Drone 2,Spraying,1.54,8.86,02:43,other,UTPL,default team,,R0340754680,40.0,18.0,,MKAVI1 T40 RPU028B_AUG_2024_ManualMode__flight_record.csv
2024-08-17 07:17:12-07:19:07,"Lantapan, Bukidnon, Northern Mindanao, Philippines",T40 Drone 2,Spraying,1.82,8.95,01:54,other,UTPL,default team,,R8515814414,55.0,40.0,,MKAVI1 T40 RPU028B_AUG_2024_ManualMode__flight_record.csv
2024-08-17 07:13:10-07:14:56,"Lantapan, Bukidnon, Northern Mindanao, Philippines",T40 Drone 2,Spraying,1.52,4.15,01:46,other,UTPL,default team,,R8475769320,97.0,77.0,,MKAVI1 T40 RPU028B_AUG_2024_ManualMode__flight_record.csv
2024-08-17 06:50:08-06:51:00,"Lantapan, Bukidnon, Northern Mindanao, Philippines",T40 Drone 2,Spraying,0.38,0.48,00:52,other,UTPL,default team,,R8035273286,34.0,26.0,,MKAVI1 T40 RPU028B_AUG_2024_ManualMode__flight_record.csv
2024-08-17 06:27:51-06:33:02,"Lantapan, Bukidnon, Northern Mindanao, Philippines",T40 Drone 2,Spraying,7.6,16.9,05:11,other,UTPL,default team,,R7855070363,98.0,52.0,,MKAVI1 T40 RPU028B_AUG_2024_ManualMode__flight_record.csv
2024-08-16 08:00:21-08:01:53,"Lantapan, Bukidnon, Northern Mindanao, Philippines",T40 Drone 2,Spraying,1.03,2.32,01:31,other,UTPL,default team,,R5492409817,29.0,19.0,,MKAVI1 T40 RPU028B_AUG_2024_ManualMode__flight_record.csv
2024-08-16 06:25:44-06:27:20,"Lantapan, Bukidnon, Northern Mindanao, Philippines",T40 Drone 2,Spraying,0.85,5.76,01:36,other,UTPL,default team,,R4671485390,23.0,12.0,,MKAVI1 T40 RPU028B_AUG_2024_ManualMode__flight_record.csv
2024-08-16 06:18:21-06:19:22,"Lantapan, Bukidnon, Northern Mindanao, Philippines",T40 Drone 2,Spraying,1.57,5.95,01:01,other,UTPL,default team,,R4631440296,100.0,87.0,,MKAVI1 T40 RPU028B_AUG_2024_ManualMode__flight_record.csv
2024-08-16 01:35:23-01:36:47,"San Carlos, Valencia, Bukidnon, Northern Mindanao, Philippines",T40 Drone 2,Spraying,0.48,4.31,01:23,other,UTPL,default team,,R4491282467,44.0,34.0,,MKAVI1 T40 RPU028B_AUG_2024_ManualMode__flight_record.csv
2024-08-15 22:51:13-22:52:31,"Dabongdabong, Valencia, Bukidnon, Northern Mindanao, Philippines",T40 Drone 2,Spraying,1.52,3.84,01:17,other,UTPL,default team,,R3790493322,74.0,65.0,,MKAVI1 T40 RPU028B_AUG_2024_ManualMode__flight_record.csv
2024-08-15 22:20:08-22:21:09,"Dabongdabong, Valencia, Bukidnon, Northern Mindanao, Philippines",T40 Drone 2,Spraying,0.12,1.74,01:01,other,UTPL,default team,,R3450110023,59.0,51.0,,MKAVI1 T40 RPU028B_AUG_2024_ManualMode__flight_record.csv
2024-08-15 08:32:26-08:37:12,"Lantapan, Bukidnon, Northern Mindanao, Philippines",T40 Drone 2,Spraying,6.45,15.52,04:46,other,UTPL,default team,,R2589140502,81.0,42.0,,MKAVI1 T40 RPU028B_AUG_2024_ManualMode__flight_record.csv
2024-08-15 02:29:50-02:31:23,"Valencia Bypass Road, Dabongdabong, Valencia, Bukidnon, Northern Mindanao, 8709088, Philippines",T40 Drone 2,Spraying,0.41,2.9,01:32,other,UTPL,default team,,R1888351357,56.0,47.0,,MKAVI1 T40 RPU028B_AUG_2024_ManualMode__flight_record.csv
2024-08-15 02:16:01-02:17:17,"Valencia Bypass Road, Dabongdabong, Valencia, Bukidnon, Northern Mindanao, 8709088, Philippines",T40 Drone 2,Spraying,0.98,2.16,01:15,other,UTPL,default team,,R1728170981,64.0,56.0,,MKAVI1 T40 RPU028B_AUG_2024_ManualMode__flight_record.csv
2024-08-15 02:08:28-02:10:07,"Valencia Bypass Road, Dabongdabong, Valencia, Bukidnon, Northern Mindanao, 8709088, Philippines",T40 Drone 2,Spraying,2.43,5.32,01:39,other,UTPL,default team,,R1648080793,24.0,13.0,,MKAVI1 T40 RPU028B_AUG_2024_ManualMode__flight_record.csv
2024-08-15 01:43:43-01:45:00,"Dabongdabong, Valencia, Bukidnon, Northern Mindanao, Philippines",T40 Drone 2,Spraying,0.68,1.42,01:16,other,UTPL,default team,,R1608035699,26.0,18.0,,MKAVI1 T40 RPU028B_AUG_2024_ManualMode__flight_record.csv
2024-08-15 01:42:00-01:42:19,"Dabongdabong, Valencia, Bukidnon, Northern Mindanao, Philippines",T40 Drone 2,Spraying,0.87,2.17,00:18,other,UTPL,default team,,R1567990605,40.0,37.0,,MKAVI1 T40 RPU028B_AUG_2024_ManualMode__flight_record.csv
2024-08-15 00:20:47-00:22:14,"Valencia Bypass Road, Dabongdabong, Valencia, Bukidnon, Northern Mindanao, 8709088, Philippines",T40 Drone 2,Spraying,0.13,2.56,01:27,other,UTPL,default team,,R1367765135,77.0,68.0,,MKAVI1 T40 RPU028B_AUG_2024_ManualMode__flight_record.csv
2024-08-14 23:15:34-23:16:26,"Valencia Bypass Road, Dabongdabong, Valencia, Bukidnon, Northern Mindanao, 8709088, Philippines",T40 Drone 2,Spraying,0.78,1.19,00:52,other,UTPL,default team,,R1067426930,94.0,83.0,,MKAVI1 T40 RPU028B_AUG_2024_ManualMode__flight_record.csv
2024-08-14 08:25:12-08:26:56,"Kaatuan, Lantapan, Bukidnon, Northern Mindanao, Philippines",T40 Drone 2,Spraying,0.9,6.28,01:43,other,UTPL,default team,,R0987336742,21.0,8.0,,MKAVI1 T40 RPU028B_AUG_2024_ManualMode__flight_record.csv
2024-08-14 07:41:42-07:45:10,"Kaatuan, Lantapan, Bukidnon, Northern Mindanao, Philippines",T40 Drone 2,Spraying,1.53,5.87,03:28,other,UTPL,default team,,R0887224007,40.0,16.0,,MKAVI1 T40 RPU028B_AUG_2024_ManualMode__flight_record.csv
2024-08-14 07:18:16-07:25:34,"Kaatuan, Lantapan, Bukidnon, Northern Mindanao, Philippines",T40 Drone 2,Spraying,6.11,23.76,07:18,other,UTPL,default team,,R0847178913,98.0,38.0,,MKAVI1 T40 RPU028B_AUG_2024_ManualMode__flight_record.csv
2024-08-14 07:08:12-07:15:37,"Kaatuan, Lantapan, Bukidnon, Northern Mindanao, Philippines",T40 Drone 2,Spraying,10.27,39.05,07:25,other,UTPL,default team,,R0747066178,100.0,14.0,,MKAVI1 T40 RPU028B_AUG_2024_ManualMode__flight_record.csv
2024-08-13 16:45:30-16:51:04,"Kaatuan, Lantapan, Bukidnon, Northern Mindanao, Philippines",T40 Drone 2,Spraying,8.64,33.96,05:34,other,UTPL,default team,,R0646953443,99.0,44.0,,MKAVI1 T40 RPU028B_AUG_2024_ManualMode__flight_record.csv
2024-08-13 08:45:20-08:52:07,"Lantapan, Bukidnon, Northern Mindanao, Philippines",T40 Drone 2,Spraying,13.26,38.26,06:47,other,UTPL,default team,,R8321449502,100.0,28.0,,MKAVI1 T40 RPU028B_AUG_2024_ManualMode__flight_record.csv
2024-08-13 08:41:44-08:43:05,"Lantapan, Bukidnon, Northern Mindanao, Philippines",T40 Drone 2,Spraying,1.51,3.82,01:21,other,UTPL,default team,,R8201314220,32.0,23.0,,MKAVI1 T40 RPU028B_AUG_2024_ManualMode__flight_record.csv
2024-08-13 08:21:52-08:25:26,"Lantapan, Bukidnon, Northern Mindanao, Philippines",T40 Drone 2,Spraying,1.92,8.68,03:34,other,UTPL,default team,,R8041133844,100.0,73.0,,MKAVI1 T40 RPU028B_AUG_2024_ManualMode__flight_record.csv
2024-08-13 08:18:25-08:20:28,"Lantapan, Bukidnon, Northern Mindanao, Philippines",T40 Drone 2,Spraying,1.04,5.92,02:02,other,UTPL,default team,,R7941021109,38.0,19.0,,MKAVI1 T40 RPU028B_AUG_2024_ManualMode__flight_record.csv
2024-08-13 07:52:25-07:53:27,"Lantapan, Bukidnon, Northern Mindanao, Philippines",T40 Drone 2,Spraying,0.89,1.54,01:01,other,UTPL,default team,,R7820885827,20.0,12.0,,MKAVI1 T40 RPU028B_AUG_2024_ManualMode__flight_record.csv
2024-08-13 07:34:43-07:35:36,"Lantapan, Bukidnon, Northern Mindanao, Philippines",T40 Drone 2,Spraying,0.48,1.77,00:53,other,UTPL,default team,,R7680727998,44.0,38.0,,MKAVI1 T40 RPU028B_AUG_2024_ManualMode__flight_record.csv
2024-08-10 08:13:22-08:17:15,"Lantapan, Bukidnon, Northern Mindanao, Philippines",T40 Drone 2,Spraying,5.42,27.51,03:53,other,UTPL,default team,,R0118469753,100.0,67.0,,MKAVI1 T40 RPU028B_AUG_2024_ManualMode__flight_record.csv
2024-08-10 07:55:36-08:00:19,"Songco, Lantapan, Bukidnon, Northern Mindanao, Philippines",T40 Drone 2,Spraying,5.24,32.71,04:43,other,UTPL,default team,,R0038379565,100.0,52.0,,MKAVI1 T40 RPU028B_AUG_2024_ManualMode__flight_record.csv
2024-08-10 07:50:12-07:53:16,"Songco, Lantapan, Bukidnon, Northern Mindanao, Philippines",T40 Drone 2,Spraying,4.98,19.39,03:04,other,UTPL,default team,,R8493754957,45.0,17.0,,MKAVI1 T40 RPU028B_AUG_2024_ManualMode__flight_record.csv
2024-08-10 07:41:25-07:43:07,"Songco, Lantapan, Bukidnon, Northern Mindanao, Philippines",T40 Drone 2,Spraying,2.91,9.86,01:42,other,UTPL,default team,,R8273506940,27.0,13.0,,MKAVI1 T40 RPU028B_AUG_2024_ManualMode__flight_record.csv
2024-08-10 07:05:42-07:10:31,"Alanib, Lantapan, Bukidnon, Northern Mindanao, Philippines",T40 Drone 2,Spraying,3.69,31.85,04:48,other,UTPL,default team,,R8053258923,81.0,31.0,,MKAVI1 T40 RPU028B_AUG_2024_ManualMode__flight_record.csv
2024-08-10 06:57:24-06:58:51,"Alanib, Lantapan, Bukidnon, Northern Mindanao, Philippines",T40 Drone 2,Spraying,1.12,2.16,01:27,other,UTPL,default team,,R7853033453,45.0,33.0,,MKAVI1 T40 RPU028B_AUG_2024_ManualMode__flight_record.csv
2024-08-10 06:48:56-06:50:02,"Alanib, Lantapan, Bukidnon, Northern Mindanao, Philippines",T40 Drone 2,Spraying,0.46,2.08,01:06,other,UTPL,default team,,R7632785436,19.0,11.0,,MKAVI1 T40 RPU028B_AUG_2024_ManualMode__flight_record.csv
2024-08-10 06:47:47-06:48:07,"Alanib, Lantapan, Bukidnon, Northern Mindanao, Philippines",T40 Drone 2,Spraying,0.79,2.64,00:19,other,UTPL,default team,,R7572717795,29.0,26.0,,MKAVI1 T40 RPU028B_AUG_2024_ManualMode__flight_record.csv
2024-08-10 06:22:00-06:23:14,"Lantapan, Bukidnon, Northern Mindanao, Philippines",T40 Drone 2,Spraying,2.04,2.48,01:13,other,UTPL,default team,,R7292402137,66.0,58.0,,MKAVI1 T40 RPU028B_AUG_2024_ManualMode__flight_record.csv
2024-08-10 01:53:54-01:54:47,"Valencia, Bukidnon, Northern Mindanao, Philippines",T40 Drone 2,Spraying,0.83,1.79,00:52,other,UTPL,default team,,R6411410069,19.0,13.0,,MKAVI1 T40 RPU028B_AUG_2024_ManualMode__flight_record.csv
2024-08-09 23:35:21-23:36:13,"Valencia, Bukidnon, Northern Mindanao, Philippines",T40 Drone 2,Spraying,1.48,0.02,00:51,other,UTPL,default team,,R5970914035,19.0,13.0,,MKAVI1 T40 RPU028B_AUG_2024_ManualMode__flight_record.csv
2024-08-09 23:22:48-23:24:02,"Valencia, Bukidnon, Northern Mindanao, Philippines",T40 Drone 2,Spraying,1.77,2.45,01:14,other,UTPL,default team,,R5830756206,20.0,12.0,,MKAVI1 T40 RPU028B_AUG_2024_ManualMode__flight_record.csv
2024-08-09 08:48:46-08:50:14,"Alanib, Lantapan, Bukidnon, Northern Mindanao, Philippines",T40 Drone 2,Spraying,0.38,3.04,01:27,other,UTPL,default team,,R5029854326,41.0,31.0,,MKAVI1 T40 RPU028B_AUG_2024_ManualMode__flight_record.csv
2024-08-09 08:42:50-08:44:27,"Alanib, Lantapan, Bukidnon, Northern Mindanao, Philippines",T40 Drone 2,Spraying,2.08,10.13,01:37,other,UTPL,default team,,R4929741591,100.0,80.0,,MKAVI1 T40 RPU028B_AUG_2024_ManualMode__flight_record.csv
2024-08-09 08:39:13-08:40:41,"Alanib, Lantapan, Bukidnon, Northern Mindanao, Philippines",T40 Drone 2,Spraying,0.65,2.95,01:27,other,UTPL,default team,,R4749538668,34.0,24.0,,MKAVI1 T40 RPU028B_AUG_2024_ManualMode__flight_record.csv
2024-08-09 08:32:56-08:33:58,"Alanib, Lantapan, Bukidnon, Northern Mindanao, Philippines",T40 Drone 2,Spraying,0.69,5.75,01:02,other,UTPL,default team,,R4649425933,100.0,86.0,,MKAVI1 T40 RPU028B_AUG_2024_ManualMode__flight_record.csv
2024-08-09 08:18:59-08:21:06,"Alanib, Lantapan, Bukidnon, Northern Mindanao, Philippines",T40 Drone 2,Spraying,3.15,7.43,02:07,other,UTPL,default team,,R4469223010,35.0,19.0,,MKAVI1 T40 RPU028B_AUG_2024_ManualMode__flight_record.csv
2024-08-09 07:34:27-07:36:56,"Purok 1, Balila, Lantapan, Bukidnon, Northern Mindanao, Philippines",T40 Drone 2,Spraying,2.75,12.44,02:29,other,UTPL,default team,,R3948636788,100.0,74.0,,MKAVI1 T40 RPU028B_AUG_2024_ManualMode__flight_record.csv
2024-08-09 07:28:30-07:32:38,"Purok 1, Balila, Lantapan, Bukidnon, Northern Mindanao, Philippines",T40 Drone 2,Spraying,4.83,32.26,04:08,other,UTPL,default team,,R3768433865,99.0,58.0,,MKAVI1 T40 RPU028B_AUG_2024_ManualMode__flight_record.csv
2024-08-09 07:24:15-07:26:20,"Purok 1, Balila, Lantapan, Bukidnon, Northern Mindanao, Philippines",T40 Drone 2,Spraying,3.79,12.63,02:04,other,UTPL,default team,,R3668321130,42.0,27.0,,MKAVI1 T40 RPU028B_AUG_2024_ManualMode__flight_record.csv
2024-08-09 01:59:23-02:00:39,"Dabongdabong, Valencia, Bukidnon, Northern Mindanao, Philippines",T40 Drone 2,Spraying,2.3,5.37,01:16,other,UTPL,default team,,R3187780002,81.0,72.0,,MKAVI1 T40 RPU028B_AUG_2024_ManualMode__flight_record.csv
2024-08-09 01:54:26-01:55:39,"Dabongdabong, Valencia, Bukidnon, Northern Mindanao, Philippines",T40 Drone 2,Spraying,2.13,6.14,01:12,other,UTPL,default team,,R3027599626,35.0,26.0,,MKAVI1 T40 RPU028B_AUG_2024_ManualMode__flight_record.csv
2024-08-09 00:11:20-00:12:57,"Valencia Bypass Road, Dabongdabong, Valencia, Bukidnon, Northern Mindanao, 8709088, Philippines",T40 Drone 2,Spraying,0.78,5.52,01:36,other,UTPL,default team,,R2426923216,49.0,38.0,,MKAVI1 T40 RPU028B_AUG_2024_ManualMode__flight_record.csv
2024-08-08 23:56:46-23:58:14,"Valencia Bypass Road, Dabongdabong, Valencia, Bukidnon, Northern Mindanao, 8709088, Philippines",T40 Drone 2,Spraying,0.94,8.21,01:28,other,UTPL,default team,,R2146607558,54.0,43.0,,MKAVI1 T40 RPU028B_AUG_2024_ManualMode__flight_record.csv
2024-08-08 23:29:44-23:31:23,"Valencia Bypass Road, Dabongdabong, Valencia, Bukidnon, Northern Mindanao, 8709088, Philippines",T40 Drone 2,Spraying,3.38,6.39,01:39,other,UTPL,default team,,R1726134071,46.0,35.0,,MKAVI1 T40 RPU028B_AUG_2024_ManualMode__flight_record.csv
2024-08-08 23:07:07-23:08:20,"Dabongdabong, Valencia, Bukidnon, Northern Mindanao, Philippines",T40 Drone 2,Spraying,0.17,2.56,01:12,other,UTPL,default team,,R1505886054,19.0,10.0,,MKAVI1 T40 RPU028B_AUG_2024_ManualMode__flight_record.csv
2024-08-08 22:32:18-22:33:14,"Valencia-Lantapan Road, San Carlos, Valencia, Bukidnon, Northern Mindanao, 8709088, Philippines",T40 Drone 2,Spraying,0.54,1.91,00:55,other,UTPL,default team,,R1225570396,66.0,59.0,,MKAVI1 T40 RPU028B_AUG_2024_ManualMode__flight_record.csv
2024-08-08 22:01:05-22:02:11,"Dabongdabong, Valencia, Bukidnon, Northern Mindanao, Philippines",T40 Drone 2,Spraying,3.46,4.4,01:05,other,UTPL,default team,,R1105435114,58.0,51.0,,MKAVI1 T40 RPU028B_AUG_2024_ManualMode__flight_record.csv
2024-08-04 08:12:26-08:14:11,"Alanib, Lantapan, Bukidnon, Northern Mindanao, Philippines",T40 Drone 2,Spraying,1.08,3.76,01:44,other,UTPL,default team,,R0034923240,48.0,36.0,,MKAVI1 T40 RPU028B_AUG_2024_ManualMode__flight_record.csv
2024-08-04 08:03:42-08:05:02,"Alanib, Lantapan, Bukidnon, Northern Mindanao, Philippines",T40 Drone 2,Spraying,0.94,3.03,01:19,other,UTPL,default team,,R8390185897,28.0,19.0,,MKAVI1 T40 RPU028B_AUG_2024_ManualMode__flight_record.csv
2024-08-04 08:01:25-08:02:04,"Alanib, Lantapan, Bukidnon, Northern Mindanao, Philippines",T40 Drone 2,Spraying,1.33,4.5,00:38,other,UTPL,default team,,R8350140803,47.0,41.0,,MKAVI1 T40 RPU028B_AUG_2024_ManualMode__flight_record.csv
2024-08-04 07:57:07-07:57:56,"Alanib, Lantapan, Bukidnon, Northern Mindanao, Philippines",T40 Drone 2,Spraying,0.73,1.5,00:49,other,UTPL,default team,,R8250028068,100.0,90.0,,MKAVI1 T40 RPU028B_AUG_2024_ManualMode__flight_record.csv
2024-08-04 07:42:01-07:44:19,"Alanib, Lantapan, Bukidnon, Northern Mindanao, Philippines",T40 Drone 2,Spraying,4.04,8.65,02:17,other,UTPL,default team,,R7929667316,49.0,33.0,,MKAVI1 T40 RPU028B_AUG_2024_ManualMode__flight_record.csv
2024-08-04 06:48:50-06:51:31,"Purok 1, Balila, Lantapan, Bukidnon, Northern Mindanao, Philippines",T40 Drone 2,Spraying,3.94,19.12,02:41,other,UTPL,default team,,R7228878171,100.0,67.0,,MKAVI1 T40 RPU028B_AUG_2024_ManualMode__flight_record.csv
2024-08-04 06:44:35-06:46:28,"Purok 1, Balila, Lantapan, Bukidnon, Northern Mindanao, Philippines",T40 Drone 2,Spraying,3.71,10.81,01:53,other,UTPL,default team,,R7108742889,45.0,31.0,,MKAVI1 T40 RPU028B_AUG_2024_ManualMode__flight_record.csv
2024-08-04 02:46:45-02:47:32,"Valencia, Bukidnon, Northern Mindanao, Philippines",T40 Drone 2,Spraying,0.03,0.71,00:46,other,UTPL,default team,,R6548111573,34.0,29.0,,MKAVI1 T40 RPU028B_AUG_2024_ManualMode__flight_record.csv
2024-08-03 08:13:28-08:14:37,"Lantapan, Bukidnon, Northern Mindanao, Philippines",T40 Drone 2,Spraying,1.36,3.44,01:08,other,UTPL,default team,,R0834483196,34.0,26.0,,MKAVI1 T40 RPU028B_AUG_2024_ManualMode__flight_record.csv
2024-08-03 07:39:00-07:40:23,"Lantapan, Bukidnon, Northern Mindanao, Philippines",T40 Drone 2,Spraying,0.58,2.25,01:22,other,UTPL,default team,,R0534144991,63.0,53.0,,MKAVI1 T40 RPU028B_AUG_2024_ManualMode__flight_record.csv
2024-08-02 08:23:51-08:26:15,"Lantapan, Bukidnon, Northern Mindanao, Philippines",T40 Drone 2,Spraying,2.52,6.89,02:24,other,UTPL,default team,,R6466679461,57.0,39.0,,MKAVI1 T40 RPU028B_AUG_2024_ManualMode__flight_record.csv
2024-08-02 08:20:15-08:21:35,"Lantapan, Bukidnon, Northern Mindanao, Philippines",T40 Drone 2,Spraying,1.37,3.88,01:20,other,UTPL,default team,,R6346544179,100.0,83.0,,MKAVI1 T40 RPU028B_AUG_2024_ManualMode__flight_record.csv
2024-08-02 07:42:42-07:43:50,"Lantapan, Bukidnon, Northern Mindanao, Philippines",T40 Drone 2,Spraying,1.82,1.23,01:07,other,UTPL,default team,,R5906048145,37.0,31.0,,MKAVI1 T40 RPU028B_AUG_2024_ManualMode__flight_record.csv
2024-08-02 06:55:56-06:57:19,"Songco, Lantapan, Bukidnon, Northern Mindanao, Philippines",T40 Drone 2,Spraying,0.52,0.5,01:22,other,UTPL,default team,,R5665777581,46.0,37.0,,MKAVI1 T40 RPU028B_AUG_2024_ManualMode__flight_record.csv
2024-08-02 02:17:26-02:18:20,"Valencia, Bukidnon, Northern Mindanao, Philippines",T40 Drone 2,Spraying,0.69,0.73,00:54,other,UTPL,default team,,R4384334573,25.0,20.0,,MKAVI1 T40 RPU028B_AUG_2024_ManualMode__flight_record.csv
2024-08-01 07:31:42-07:33:23,"Baclayon, Lantapan, Bukidnon, Northern Mindanao, Philippines",T40 Drone 2,Spraying,2.38,6.63,01:41,other,UTPL,default team,,R3683545428,66.0,54.0,,MKAVI1 T40 RPU028B_AUG_2024_ManualMode__flight_record.csv
2024-08-01 07:30:20-07:30:51,"Baclayon, Lantapan, Bukidnon, Northern Mindanao, Philippines",T40 Drone 2,Spraying,0.58,3.65,00:30,other,UTPL,default team,,R3643500334,79.0,74.0,,MKAVI1 T40 RPU028B_AUG_2024_ManualMode__flight_record.csv
2024-08-01 07:28:26-07:29:38,"Baclayon, Lantapan, Bukidnon, Northern Mindanao, Philippines",T40 Drone 2,Spraying,2.03,4.58,01:12,other,UTPL,default team,,R3583432693,100.0,87.0,,MKAVI1 T40 RPU028B_AUG_2024_ManualMode__flight_record.csv
2024-08-01 07:25:01-07:26:14,"Baclayon, Lantapan, Bukidnon, Northern Mindanao, Philippines",T40 Drone 2,Spraying,0.4,0.94,01:13,other,UTPL,default team,,R3503342505,26.0,18.0,,MKAVI1 T40 RPU028B_AUG_2024_ManualMode__flight_record.csv
2024-08-01 07:23:34-07:24:13,"Baclayon, Lantapan, Bukidnon, Northern Mindanao, Philippines",T40 Drone 2,Spraying,0.66,3.12,00:38,other,UTPL,default team,,R3463297411,37.0,32.0,,MKAVI1 T40 RPU028B_AUG_2024_ManualMode__flight_record.csv
2024-08-01 07:22:27-07:22:34,"Baclayon, Lantapan, Bukidnon, Northern Mindanao, Philippines",T40 Drone 2,Spraying,0.09,0.55,00:06,other,UTPL,default team,,R3383207223,48.0,46.0,,MKAVI1 T40 RPU028B_AUG_2024_ManualMode__flight_record.csv
2024-08-01 07:19:52-07:20:17,"Baclayon, Lantapan, Bukidnon, Northern Mindanao, Philippines",T40 Drone 2,Spraying,0.65,2.09,00:24,other,UTPL,default team,,R3323139582,73.0,69.0,,MKAVI1 T40 RPU028B_AUG_2024_ManualMode__flight_record.csv
2024-08-01 07:17:40-07:18:34,"Baclayon, Lantapan, Bukidnon, Northern Mindanao, Philippines",T40 Drone 2,Spraying,0.68,3.32,00:54,other,UTPL,default team,,R3263071941,99.0,88.0,,MKAVI1 T40 RPU028B_AUG_2024_ManualMode__flight_record.csv
2024-08-01 07:13:22-07:14:51,"Baclayon, Lantapan, Bukidnon, Northern Mindanao, Philippines",T40 Drone 2,Spraying,1.3,1.84,01:29,other,UTPL,default team,,R3142936659,28.0,18.0,,MKAVI1 T40 RPU028B_AUG_2024_ManualMode__flight_record.csv
2024-08-01 07:05:59-07:06:52,"Baclayon, Lantapan, Bukidnon, Northern Mindanao, Philippines",T40 Drone 2,Spraying,1.25,4.25,00:53,other,UTPL,default team,,R3042823924,99.0,88.0,,MKAVI1 T40 RPU028B_AUG_2024_ManualMode__flight_record.csv
2024-08-01 06:52:18-06:54:00,"Alanib, Lantapan, Bukidnon, Northern Mindanao, Philippines",T40 Drone 2,Spraying,2.42,7.06,01:42,other,UTPL,default team,,R2922688642,50.0,39.0,,MKAVI1 T40 RPU028B_AUG_2024_ManualMode__flight_record.csv
2024-08-01 06:47:26-06:49:00,"Alanib, Lantapan, Bukidnon, Northern Mindanao, Philippines",T40 Drone 2,Spraying,2.56,4.18,01:34,other,UTPL,default team,,R2782530813,98.0,81.0,,MKAVI1 T40 RPU028B_AUG_2024_ManualMode__flight_record.csv
2024-08-01 06:43:00-06:44:55,"Alanib, Lantapan, Bukidnon, Northern Mindanao, Philippines",T40 Drone 2,Spraying,2.99,8.62,01:54,other,UTPL,default team,,R2702440625,29.0,16.0,,MKAVI1 T40 RPU028B_AUG_2024_ManualMode__flight_record.csv
2024-08-01 06:20:49-06:22:18,"Alanib, Lantapan, Bukidnon, Northern Mindanao, Philippines",T40 Drone 2,Spraying,2.46,3.32,01:28,other,UTPL,default team,,R2522237702,58.0,49.0,,MKAVI1 T40 RPU028B_AUG_2024_ManualMode__flight_record.csv
2024-08-01 05:53:43-05:54:54,"Alanib, Lantapan, Bukidnon, Northern Mindanao, Philippines",T40 Drone 2,Spraying,1.37,1.48,01:11,other,UTPL,default team,,R2041696574,18.0,9.0,,MKAVI1 T40 RPU028B_AUG_2024_ManualMode__flight_record.csv
2024-08-01 05:52:45-05:53:02,"Alanib, Lantapan, Bukidnon, Northern Mindanao, Philippines",T40 Drone 2,Spraying,0.52,1.28,00:16,other,UTPL,default team,,R2001651480,26.0,23.0,,MKAVI1 T40 RPU028B_AUG_2024_ManualMode__flight_record.csv
2024-08-01 01:55:10-01:56:24,"Dabongdabong, Valencia, Bukidnon, Northern Mindanao, Philippines",T40 Drone 2,Spraying,2.55,0.11,01:13,other,UTPL,default team,,R1761380916,23.0,14.0,,MKAVI1 T40 RPU028B_AUG_2024_ManualMode__flight_record.csv
2024-08-01 01:31:46-01:32:54,"Valencia Bypass Road, Dabongdabong, Valencia, Bukidnon, Northern Mindanao, 8709088, Philippines",T40 Drone 2,Spraying,0.41,1.88,01:07,other,UTPL,default team,,R1461042711,23.0,16.0,,MKAVI1 T40 RPU028B_AUG_2024_ManualMode__flight_record.csv
2024-08-01 01:09:17-01:09:56,"Valencia Bypass Road, Dabongdabong, Valencia, Bukidnon, Northern Mindanao, 8709088, Philippines",T40 Drone 2,Spraying,0.0,0.13,00:39,other,UTPL,default team,,R1160704506,81.0,77.0,,MKAVI1 T40 RPU028B_AUG_2024_ManualMode__flight_record.csv
2024-08-01 00:56:08-00:57:18,"Dabongdabong, Valencia, Bukidnon, Northern Mindanao, Philippines",T40 Drone 2,Spraying,3.33,3.73,01:10,other,UTPL,default team,,R1040569224,27.0,20.0,,MKAVI1 T40 RPU028B_AUG_2024_ManualMode__flight_record.csv
2024-04-30 02:08:30-02:09:14,"San Carlos, Valencia, Bukidnon, Northern Mindanao, Philippines",T40 Drone 2,Spraying,0.0,0.49,00:43,other,UTPL,default team,,R2147908363,31.0,26.0,,MKAVI1 T40 RPU028B_APR_2024_ManualMode__flight_record.csv
2024-04-29 23:12:25-23:13:25,"Valencia Bypass Road, Dabongdabong, Valencia, Bukidnon, Northern Mindanao, 8709088, Philippines",T40 Drone 2,Spraying,0.67,1.12,00:59,other,UTPL,default team,,R0926532996,61.0,55.0,,MKAVI1 T40 RPU028B_APR_2024_ManualMode__flight_record.csv
2024-04-29 22:35:01-22:36:01,"Dabongdabong, Valencia, Bukidnon, Northern Mindanao, Philippines",T40 Drone 2,Spraying,0.55,1.45,01:00,other,UTPL,default team,,R0566127150,33.0,26.0,,MKAVI1 T40 RPU028B_APR_2024_ManualMode__flight_record.csv
2024-04-29 22:13:54-22:14:58,"Dabongdabong, Valencia, Bukidnon, Northern Mindanao, Philippines",T40 Drone 2,Spraying,0.93,1.37,01:04,other,UTPL,default team,,R0385924227,56.0,50.0,,MKAVI1 T40 RPU028B_APR_2024_ManualMode__flight_record.csv
2024-04-29 21:58:28-21:59:02,"Dabongdabong, Valencia, Bukidnon, Northern Mindanao, Philippines",T40 Drone 2,Spraying,0.09,0.2,00:33,other,UTPL,default team,,R0125631116,38.0,35.0,,MKAVI1 T40 RPU028B_APR_2024_ManualMode__flight_record.csv
2024-04-29 18:00:37-18:04:54,"Lantapan, Bukidnon, Northern Mindanao, Philippines",T40 Drone 2,Spraying,4.57,12.68,04:16,other,UTPL,default team,,R8060420286,75.0,40.0,,MKAVI1 T40 RPU028B_APR_2024_ManualMode__flight_record.csv
2024-04-29 16:33:02-16:35:25,"Lantapan, Bukidnon, Northern Mindanao, Philippines",T40 Drone 2,Spraying,2.72,8.68,02:22,other,UTPL,default team,,R7039270389,46.0,26.0,,MKAVI1 T40 RPU028B_APR_2024_ManualMode__flight_record.csv
2024-04-29 07:51:39-07:53:25,"Baclayon, Lantapan, Bukidnon, Northern Mindanao, Philippines",T40 Drone 2,Spraying,3.6,11.78,01:45,other,UTPL,default team,,R6738932184,20.0,7.0,,MKAVI1 T40 RPU028B_APR_2024_ManualMode__flight_record.csv
2024-04-29 07:50:37-07:51:04,"Baclayon, Lantapan, Bukidnon, Northern Mindanao, Philippines",T40 Drone 2,Spraying,0.64,1.49,00:26,other,UTPL,default team,,R6618796902,31.0,26.0,,MKAVI1 T40 RPU028B_APR_2024_ManualMode__flight_record.csv
2024-04-29 07:49:28-07:49:59,"Baclayon, Lantapan, Bukidnon, Northern Mindanao, Philippines",T40 Drone 2,Spraying,0.62,2.7,00:30,other,UTPL,default team,,R6498661620,43.0,38.0,,MKAVI1 T40 RPU028B_APR_2024_ManualMode__flight_record.csv
2024-04-29 07:48:23-07:48:52,"Baclayon, Lantapan, Bukidnon, Northern Mindanao, Philippines",T40 Drone 2,Spraying,0.57,2.33,00:28,other,UTPL,default team,,R6358503791,56.0,50.0,,MKAVI1 T40 RPU028B_APR_2024_ManualMode__flight_record.csv
2024-04-29 07:47:14-07:47:40,"Baclayon, Lantapan, Bukidnon, Northern Mindanao, Philippines",T40 Drone 2,Spraying,0.69,1.64,00:25,other,UTPL,default team,,R6278413603,72.0,65.0,,MKAVI1 T40 RPU028B_APR_2024_ManualMode__flight_record.csv
2024-04-29 07:46:13-07:46:42,"Baclayon, Lantapan, Bukidnon, Northern Mindanao, Philippines",T40 Drone 2,Spraying,0.0,0.07,00:28,other,UTPL,default team,,R6198323415,87.0,79.0,,MKAVI1 T40 RPU028B_APR_2024_ManualMode__flight_record.csv
2024-04-29 07:40:42-07:42:09,"Baclayon, Lantapan, Bukidnon, Northern Mindanao, Philippines",T40 Drone 2,Spraying,0.44,4.65,01:27,other,UTPL,default team,,R5877962663,22.0,12.0,,MKAVI1 T40 RPU028B_APR_2024_ManualMode__flight_record.csv
2024-04-29 07:20:13-07:21:56,"Alanib, Lantapan, Bukidnon, Northern Mindanao, Philippines",T40 Drone 2,Spraying,2.07,7.35,01:43,other,UTPL,default team,,R5417444082,72.0,61.0,,MKAVI1 T40 RPU028B_APR_2024_ManualMode__flight_record.csv
2024-04-29 07:18:30-07:19:00,"Alanib, Lantapan, Bukidnon, Northern Mindanao, Philippines",T40 Drone 2,Spraying,0.76,1.31,00:30,other,UTPL,default team,,R5297308800,87.0,82.0,,MKAVI1 T40 RPU028B_APR_2024_ManualMode__flight_record.csv
2024-04-29 06:52:05-06:53:54,"Alanib, Lantapan, Bukidnon, Northern Mindanao, Philippines",T40 Drone 2,Spraying,4.31,7.86,01:48,other,UTPL,default team,,R4736677484,67.0,54.0,,MKAVI1 T40 RPU028B_APR_2024_ManualMode__flight_record.csv
2024-04-29 06:23:58-06:25:16,"Alanib, Lantapan, Bukidnon, Northern Mindanao, Philippines",T40 Drone 2,Spraying,1.52,2.94,01:18,other,UTPL,default team,,R3835662869,33.0,24.0,,MKAVI1 T40 RPU028B_APR_2024_ManualMode__flight_record.csv
2024-04-27 07:40:24-07:44:01,"Alanib, Lantapan, Bukidnon, Northern Mindanao, Philippines",T40 Drone 2,Spraying,6.53,19.69,03:36,other,UTPL,default team,,R2934648254,51.0,22.0,,MKAVI1 T40 RPU028B_APR_2024_ManualMode__flight_record.csv
2024-04-27 07:02:22-07:04:13,"Baclayon, Lantapan, Bukidnon, Northern Mindanao, Philippines",T40 Drone 2,Spraying,1.22,4.04,01:50,other,UTPL,default team,,R1753317981,31.0,18.0,,MKAVI1 T40 RPU028B_APR_2024_ManualMode__flight_record.csv
2024-04-27 06:52:17-06:53:30,"Baclayon, Lantapan, Bukidnon, Northern Mindanao, Philippines",T40 Drone 2,Spraying,0.37,2.43,01:13,other,UTPL,default team,,R1392912135,28.0,19.0,,MKAVI1 T40 RPU028B_APR_2024_ManualMode__flight_record.csv
2024-04-27 01:23:35-01:23:54,"Valencia, Bukidnon, Northern Mindanao, Philippines",T40 Drone 2,Spraying,0.0,0.01,00:19,other,UTPL,default team,,R8286528861,47.0,44.0,,MKAVI1 T40 RPU028B_APR_2024_ManualMode__flight_record.csv
2024-04-26 07:03:39-07:07:37,"Purok 1, Balila, Lantapan, Bukidnon, Northern Mindanao, Philippines",T40 Drone 2,Spraying,5.0,22.03,03:58,other,UTPL,default team,,R6124093785,100.0,67.0,,MKAVI1 T40 RPU028B_APR_2024_ManualMode__flight_record.csv
2024-04-26 06:56:38-06:58:51,"Purok 1, Balila, Lantapan, Bukidnon, Northern Mindanao, Philippines",T40 Drone 2,Spraying,1.59,14.31,02:13,other,UTPL,default team,,R6023981050,100.0,75.0,,MKAVI1 T40 RPU028B_APR_2024_ManualMode__flight_record.csv
2024-04-26 06:52:06-06:53:59,"Purok 1, Balila, Lantapan, Bukidnon, Northern Mindanao, Philippines",T40 Drone 2,Spraying,3.32,13.27,01:52,other,UTPL,default team,,R5843778127,39.0,24.0,,MKAVI1 T40 RPU028B_APR_2024_ManualMode__flight_record.csv
2024-04-25 18:23:23-18:27:09,"Lantapan, Bukidnon, Northern Mindanao, Philippines",T40 Drone 2,Spraying,6.97,28.46,03:46,other,UTPL,default team,,R1979426556,99.0,67.0,,MKAVI1 T40 RPU028B_APR_2024_ManualMode__flight_record.csv
2024-04-25 18:09:59-18:12:36,"Songco, Lantapan, Bukidnon, Northern Mindanao, Philippines",T40 Drone 2,Spraying,3.76,21.78,02:36,other,UTPL,default team,,R1899336368,50.0,27.0,,MKAVI1 T40 RPU028B_APR_2024_ManualMode__flight_record.csv
2024-04-25 18:00:56-18:02:35,"Songco, Lantapan, Bukidnon, Northern Mindanao, Philippines",T40 Drone 2,Spraying,2.85,9.21,01:38,other,UTPL,default team,,R1619020710,34.0,21.0,,MKAVI1 T40 RPU028B_APR_2024_ManualMode__flight_record.csv
2024-04-25 17:40:15-17:41:34,"Alanib, Lantapan, Bukidnon, Northern Mindanao, Philippines",T40 Drone 2,Spraying,1.72,4.13,01:19,other,UTPL,default team,,R1298659958,22.0,13.0,,MKAVI1 T40 RPU028B_APR_2024_ManualMode__flight_record.csv
2024-04-25 17:39:13-17:39:39,"Alanib, Lantapan, Bukidnon, Northern Mindanao, Philippines",T40 Drone 2,Spraying,0.5,0.95,00:25,other,UTPL,default team,,R1218569770,31.0,27.0,,MKAVI1 T40 RPU028B_APR_2024_ManualMode__flight_record.csv
2024-04-25 17:28:58-17:30:00,"Alanib, Lantapan, Bukidnon, Northern Mindanao, Philippines",T40 Drone 2,Spraying,0.03,0.87,01:01,other,UTPL,default team,,R0798096283,19.0,10.0,,MKAVI1 T40 RPU028B_APR_2024_ManualMode__flight_record.csv
2024-04-25 17:26:54-17:27:30,"Alanib, Lantapan, Bukidnon, Northern Mindanao, Philippines",T40 Drone 2,Spraying,1.05,2.08,00:35,other,UTPL,default team,,R0657938454,37.0,31.0,,MKAVI1 T40 RPU028B_APR_2024_ManualMode__flight_record.csv
2024-04-25 17:25:41-17:26:09,"Alanib, Lantapan, Bukidnon, Northern Mindanao, Philippines",T40 Drone 2,Spraying,0.57,2.12,00:27,other,UTPL,default team,,R0577848266,49.0,43.0,,MKAVI1 T40 RPU028B_APR_2024_ManualMode__flight_record.csv
2024-04-25 07:51:58-07:53:22,"Valencia-Lantapan Road, Purok 1, Balila, Lantapan, Bukidnon, Northern Mindanao, Philippines",T40 Drone 2,Spraying,1.9,10.42,01:24,other,UTPL,default team,,R8352457060,100.0,83.0,,MKAVI1 T40 RPU028B_APR_2024_ManualMode__flight_record.csv
2024-04-25 07:47:10-07:47:39,"Valencia-Lantapan Road, Purok 1, Balila, Lantapan, Bukidnon, Northern Mindanao, Philippines",T40 Drone 2,Spraying,0.0,0.02,00:28,other,UTPL,default team,,R8152231590,48.0,44.0,,MKAVI1 T40 RPU028B_APR_2024_ManualMode__flight_record.csv
2024-04-24 18:06:28-18:07:51,"Lantapan, Bukidnon, Northern Mindanao, Philippines",T40 Drone 2,Spraying,1.22,3.16,01:22,other,UTPL,default team,,R6270112172,29.0,19.0,,MKAVI1 T40 RPU028B_APR_2024_ManualMode__flight_record.csv
2024-04-24 17:22:16-17:24:51,"Lantapan, Bukidnon, Northern Mindanao, Philippines",T40 Drone 2,Spraying,2.39,8.77,02:34,other,UTPL,default team,,R5769548497,43.0,23.0,,MKAVI1 T40 RPU028B_APR_2024_ManualMode__flight_record.csv
2024-04-24 06:52:09-06:53:30,"Aglayan - Alanib - Ticalaan Road, Purok 1, Babahagon, Balila, Lantapan, Bukidnon, Northern Mindanao, Philippines",T40 Drone 2,Spraying,1.33,4.63,01:20,other,UTPL,default team,,R5008691711,30.0,21.0,,MKAVI1 T40 RPU028B_APR_2024_ManualMode__flight_record.csv
2024-04-23 21:47:34-21:48:31,"Dabongdabong, Valencia, Bukidnon, Northern Mindanao, Philippines",T40 Drone 2,Spraying,0.03,0.72,00:56,other,UTPL,default team,,R2605986071,24.0,18.0,,MKAVI1 T40 RPU028B_APR_2024_ManualMode__flight_record.csv
2024-04-23 21:10:28-21:11:36,"Dabongdabong, Valencia, Bukidnon, Northern Mindanao, Philippines",T40 Drone 2,Spraying,3.49,2.97,01:08,other,UTPL,default team,,R2025332208,100.0,85.0,,MKAVI1 T40 RPU028B_APR_2024_ManualMode__flight_record.csv
2024-04-23 07:36:00-07:37:29,"Lantapan, Bukidnon, Northern Mindanao, Philippines",T40 Drone 2,Spraying,2.65,7.15,01:29,other,UTPL,default team,,R1144340140,46.0,36.0,,MKAVI1 T40 RPU028B_APR_2024_ManualMode__flight_record.csv
2024-04-23 07:28:19-07:29:32,"Lantapan, Bukidnon, Northern Mindanao, Philippines",T40 Drone 2,Spraying,0.8,3.78,01:12,other,UTPL,default team,,R0743889200,29.0,18.0,,MKAVI1 T40 RPU028B_APR_2024_ManualMode__flight_record.csv
2024-04-23 06:43:17-06:44:39,"Songco, Lantapan, Bukidnon, Northern Mindanao, Philippines",T40 Drone 2,Spraying,1.56,4.69,01:22,other,UTPL,default team,,R8238182336,40.0,30.0,,MKAVI1 T40 RPU028B_APR_2024_ManualMode__flight_record.csv
2024-04-23 06:42:14-06:42:45,"Songco, Lantapan, Bukidnon, Northern Mindanao, Philippines",T40 Drone 2,Spraying,0.74,1.5,00:30,other,UTPL,default team,,R8098024507,48.0,44.0,,MKAVI1 T40 RPU028B_APR_2024_ManualMode__flight_record.csv
2024-04-23 06:40:43-06:41:22,"Songco, Lantapan, Bukidnon, Northern Mindanao, Philippines",T40 Drone 2,Spraying,1.19,1.79,00:38,other,UTPL,default team,,R7997911772,63.0,56.0,,MKAVI1 T40 RPU028B_APR_2024_ManualMode__flight_record.csv
2024-04-23 01:00:43-01:01:21,"San Carlos, Valencia, Bukidnon, Northern Mindanao, Philippines",T40 Drone 2,Spraying,0.0,0.01,00:37,other,UTPL,default team,,R6235927636,60.0,53.0,,MKAVI1 T40 RPU028B_APR_2024_ManualMode__flight_record.csv
2024-04-22 18:03:34-18:06:33,"Baclayon, Lantapan, Bukidnon, Northern Mindanao, Philippines",T40 Drone 2,Spraying,6.19,23.36,02:58,other,UTPL,default team,,R3592951432,39.0,12.0,,MKAVI1 T40 RPU028B_APR_2024_ManualMode__flight_record.csv
2024-04-22 17:58:49-17:59:37,"Baclayon, Lantapan, Bukidnon, Northern Mindanao, Philippines",T40 Drone 2,Spraying,1.67,1.69,00:48,other,UTPL,default team,,R3232545586,100.0,90.0,,MKAVI1 T40 RPU028B_APR_2024_ManualMode__flight_record.csv
2024-04-22 17:25:37-17:27:29,"Alanib, Lantapan, Bukidnon, Northern Mindanao, Philippines",T40 Drone 2,Spraying,2.43,6.83,01:51,other,UTPL,default team,,R1590696732,70.0,56.0,,MKAVI1 T40 RPU028B_APR_2024_ManualMode__flight_record.csv
2024-04-22 16:53:04-16:55:08,"Alanib, Lantapan, Bukidnon, Northern Mindanao, Philippines",T40 Drone 2,Spraying,3.76,8.3,02:04,other,UTPL,default team,,R0389343912,51.0,38.0,,MKAVI1 T40 RPU028B_APR_2024_ManualMode__flight_record.csv
2024-04-22 16:51:45-16:52:20,"Alanib, Lantapan, Bukidnon, Northern Mindanao, Philippines",T40 Drone 2,Spraying,0.75,1.2,00:34,other,UTPL,default team,,R0209140989,64.0,58.0,,MKAVI1 T40 RPU028B_APR_2024_ManualMode__flight_record.csv
2024-04-22 16:50:43-16:51:15,"Alanib, Lantapan, Bukidnon, Northern Mindanao, Philippines",T40 Drone 2,Spraying,0.66,1.21,00:31,other,UTPL,default team,,R0109028254,73.0,68.0,,MKAVI1 T40 RPU028B_APR_2024_ManualMode__flight_record.csv
2024-04-22 07:18:04-07:22:01,"Purok 1, Balila, Lantapan, Bukidnon, Northern Mindanao, Philippines",T40 Drone 2,Spraying,5.16,30.09,03:57,other,UTPL,default team,,R7022667527,100.0,62.0,,MKAVI1 T40 RPU028B_APR_2024_ManualMode__flight_record.csv
2024-04-22 07:10:39-07:12:44,"Purok 1, Balila, Lantapan, Bukidnon, Northern Mindanao, Philippines",T40 Drone 2,Spraying,1.46,14.33,02:05,other,UTPL,default team,,R6822442057,100.0,77.0,,MKAVI1 T40 RPU028B_APR_2024_ManualMode__flight_record.csv
2024-04-22 07:06:51-07:08:23,"Purok 1, Balila, Lantapan, Bukidnon, Northern Mindanao, Philippines",T40 Drone 2,Spraying,1.61,7.36,01:31,other,UTPL,default team,,R6642239134,33.0,21.0,,MKAVI1 T40 RPU028B_APR_2024_ManualMode__flight_record.csv
2024-04-21 07:16:09-07:17:14,"Baclayon, Lantapan, Bukidnon, Northern Mindanao, Philippines",T40 Drone 2,Spraying,0.94,2.18,01:05,other,UTPL,default team,,R5741224519,24.0,17.0,,MKAVI1 T40 RPU028B_APR_2024_ManualMode__flight_record.csv
2024-04-21 07:03:23-07:03:47,"Baclayon, Lantapan, Bukidnon, Northern Mindanao, Philippines",T40 Drone 2,Spraying,0.0,0.01,00:23,other,UTPL,default team,,R5300728485,57.0,53.0,,MKAVI1 T40 RPU028B_APR_2024_ManualMode__flight_record.csv
2024-04-21 06:35:28-06:36:43,"Alanib, Lantapan, Bukidnon, Northern Mindanao, Philippines",T40 Drone 2,Spraying,2.62,2.87,01:15,other,UTPL,default team,,R4499826605,58.0,50.0,,MKAVI1 T40 RPU028B_APR_2024_ManualMode__flight_record.csv
2024-04-20 18:45:18-18:47:48,"Lantapan, Bukidnon, Northern Mindanao, Philippines",T40 Drone 2,Spraying,3.15,8.42,02:30,other,UTPL,default team,,R2938067939,65.0,44.0,,MKAVI1 T40 RPU028B_APR_2024_ManualMode__flight_record.csv
2024-04-20 18:14:56-18:16:47,"Lantapan, Bukidnon, Northern Mindanao, Philippines",T40 Drone 2,Spraying,1.59,5.16,01:51,other,UTPL,default team,,R2377436623,49.0,34.0,,MKAVI1 T40 RPU028B_APR_2024_ManualMode__flight_record.csv
2024-04-20 17:45:19-17:46:27,"Kaatuan, Lantapan, Bukidnon, Northern Mindanao, Philippines",T40 Drone 2,Spraying,1.81,2.85,01:08,other,UTPL,default team,,R1956963136,25.0,17.0,,MKAVI1 T40 RPU028B_APR_2024_ManualMode__flight_record.csv
2024-04-20 17:10:28-17:12:39,"Kaatuan, Lantapan, Bukidnon, Northern Mindanao, Philippines",T40 Drone 2,Spraying,1.43,3.96,02:10,other,UTPL,default team,,R1396331820,21.0,3.0,,MKAVI1 T40 RPU028B_APR_2024_ManualMode__flight_record.csv
2024-04-20 07:21:22-07:21:53,"Valencia-Lantapan Road, Purok 1, Balila, Lantapan, Bukidnon, Northern Mindanao, Philippines",T40 Drone 2,Spraying,0.0,0.01,00:30,other,UTPL,default team,,R0615452487,70.0,65.0,,MKAVI1 T40 RPU028B_APR_2024_ManualMode__flight_record.csv
2024-04-20 06:28:55-06:30:29,"Baclayon, Lantapan, Bukidnon, Northern Mindanao, Philippines",T40 Drone 2,Spraying,1.4,3.3,01:34,other,UTPL,default team,,R7569136854,54.0,44.0,,MKAVI1 T40 RPU028B_APR_2024_ManualMode__flight_record.csv
2024-04-20 01:11:19-01:12:12,"Valencia, Bukidnon, Northern Mindanao, Philippines",T40 Drone 2,Spraying,1.16,2.84,00:52,other,UTPL,default team,,R5166431214,68.0,62.0,,MKAVI1 T40 RPU028B_APR_2024_ManualMode__flight_record.csv
2024-04-20 00:46:40-00:47:51,"Valencia, Bukidnon, Northern Mindanao, Philippines",T40 Drone 2,Spraying,0.43,0.65,01:10,other,UTPL,default team,,R4585777351,45.0,38.0,,MKAVI1 T40 RPU028B_APR_2024_ManualMode__flight_record.csv
2024-04-19 22:48:16-22:48:42,"Valencia Bypass Road, Dabongdabong, Valencia, Bukidnon, Northern Mindanao, 8709088, Philippines",T40 Drone 2,Spraying,0.0,0.02,00:25,other,UTPL,default team,,R3504559813,74.0,70.0,,MKAVI1 T40 RPU028B_APR_2024_ManualMode__flight_record.csv
2024-04-19 17:58:02-18:02:38,"Lantapan, Bukidnon, Northern Mindanao, Philippines",T40 Drone 2,Spraying,7.19,31.61,04:36,other,UTPL,default team,,R1962823694,100.0,56.0,,MKAVI1 T40 RPU028B_APR_2024_ManualMode__flight_record.csv
2024-04-19 17:40:26-17:46:20,"Songco, Lantapan, Bukidnon, Northern Mindanao, Philippines",T40 Drone 2,Spraying,7.97,27.78,05:54,other,UTPL,default team,,R1822665865,100.0,48.0,,MKAVI1 T40 RPU028B_APR_2024_ManualMode__flight_record.csv
2024-04-19 17:32:09-17:36:44,"Songco, Lantapan, Bukidnon, Northern Mindanao, Philippines",T40 Drone 2,Spraying,8.1,19.05,04:34,other,UTPL,default team,,R1602417848,60.0,17.0,,MKAVI1 T40 RPU028B_APR_2024_ManualMode__flight_record.csv
2024-04-19 17:02:26-17:03:35,"Alanib, Lantapan, Bukidnon, Northern Mindanao, Philippines",T40 Drone 2,Spraying,0.67,1.34,01:09,other,UTPL,default team,,R0841561062,26.0,18.0,,MKAVI1 T40 RPU028B_APR_2024_ManualMode__flight_record.csv
2024-04-19 16:59:31-17:00:53,"Alanib, Lantapan, Bukidnon, Northern Mindanao, Philippines",T40 Drone 2,Spraying,3.44,4.13,01:21,other,UTPL,default team,,R0601290498,48.0,38.0,,MKAVI1 T40 RPU028B_APR_2024_ManualMode__flight_record.csv
2024-04-19 16:48:37-16:49:45,"Alanib, Lantapan, Bukidnon, Northern Mindanao, Philippines",T40 Drone 2,Spraying,0.02,0.71,01:07,other,UTPL,default team,,R0120749370,26.0,19.0,,MKAVI1 T40 RPU028B_APR_2024_ManualMode__flight_record.csv
2024-04-19 06:51:29-06:56:10,"Purok 1, Balila, Lantapan, Bukidnon, Northern Mindanao, Philippines",T40 Drone 2,Spraying,5.28,28.2,04:41,other,UTPL,default team,,R7795245429,100.0,56.0,,MKAVI1 T40 RPU028B_APR_2024_ManualMode__flight_record.csv
2024-04-19 06:43:44-06:45:45,"Purok 1, Balila, Lantapan, Bukidnon, Northern Mindanao, Philippines",T40 Drone 2,Spraying,1.58,11.26,02:01,other,UTPL,default team,,R7434839583,100.0,70.0,,MKAVI1 T40 RPU028B_APR_2024_ManualMode__flight_record.csv
2024-04-19 06:39:37-06:41:27,"Purok 1, Balila, Lantapan, Bukidnon, Northern Mindanao, Philippines",T40 Drone 2,Spraying,3.22,12.47,01:50,other,UTPL,default team,,R7194569019,55.0,41.0,,MKAVI1 T40 RPU028B_APR_2024_ManualMode__flight_record.csv
2024-04-18 01:19:26-01:20:28,"Dabongdabong, Valencia, Bukidnon, Northern Mindanao, Philippines",T40 Drone 2,Spraying,0.85,0.65,01:02,other,UTPL,default team,,R3930893858,21.0,14.0,,MKAVI1 T40 RPU028B_APR_2024_ManualMode__flight_record.csv
2024-04-17 22:12:35-22:14:02,"Valencia-Lantapan Road, San Carlos, Valencia, Bukidnon, Northern Mindanao, 8709088, Philippines",T40 Drone 2,Spraying,1.25,1.85,01:26,other,UTPL,default team,,R1628300953,38.0,29.0,,MKAVI1 T40 RPU028B_APR_2024_ManualMode__flight_record.csv
2024-04-17 22:03:09-22:03:55,"Valencia-Lantapan Road, San Carlos, Valencia, Bukidnon, Northern Mindanao, 8709088, Philippines",T40 Drone 2,Spraying,0.35,0.54,00:45,other,UTPL,default team,,R1107714731,17.0,12.0,,MKAVI1 T40 RPU028B_APR_2024_ManualMode__flight_record.csv
2024-04-17 07:29:40-07:31:09,"Lantapan, Bukidnon, Northern Mindanao, Philippines",T40 Drone 2,Spraying,1.29,5.16,01:29,other,UTPL,default team,,R7620903064,22.0,12.0,,MKAVI1 T40 RPU028B_APR_2024_ManualMode__flight_record.csv
2024-04-17 07:22:17-07:22:59,"Lantapan, Bukidnon, Northern Mindanao, Philippines",T40 Drone 2,Spraying,1.04,1.26,00:42,other,UTPL,default team,,R7180407030,99.0,91.0,,MKAVI1 T40 RPU028B_APR_2024_ManualMode__flight_record.csv
2024-04-17 07:10:44-07:11:57,"Lantapan, Bukidnon, Northern Mindanao, Philippines",T40 Drone 2,Spraying,2.61,6.74,01:12,other,UTPL,default team,,R6880068825,31.0,22.0,,MKAVI1 T40 RPU028B_APR_2024_ManualMode__flight_record.csv
2024-04-17 06:18:34-06:19:55,"Songco, Lantapan, Bukidnon, Northern Mindanao, Philippines",T40 Drone 2,Spraying,1.66,3.51,01:21,other,UTPL,default team,,R4677588655,54.0,45.0,,MKAVI1 T40 RPU028B_APR_2024_ManualMode__flight_record.csv
2024-04-17 06:01:54-06:03:20,"Songco, Lantapan, Bukidnon, Northern Mindanao, Philippines",T40 Drone 2,Spraying,1.46,2.65,01:26,other,UTPL,default team,,R3956776963,20.0,11.0,,MKAVI1 T40 RPU028B_APR_2024_ManualMode__flight_record.csv
2024-04-17 06:00:28-06:01:11,"Songco, Lantapan, Bukidnon, Northern Mindanao, Philippines",T40 Drone 2,Spraying,0.54,2.34,00:43,other,UTPL,default team,,R3776574040,32.0,25.0,,MKAVI1 T40 RPU028B_APR_2024_ManualMode__flight_record.csv
2024-04-17 05:59:18-05:59:57,"Songco, Lantapan, Bukidnon, Northern Mindanao, Philippines",T40 Drone 2,Spraying,0.65,3.19,00:39,other,UTPL,default team,,R3656438758,42.0,36.0,,MKAVI1 T40 RPU028B_APR_2024_ManualMode__flight_record.csv
2024-04-17 05:46:33-05:46:58,"Songco, Lantapan, Bukidnon, Northern Mindanao, Philippines",T40 Drone 2,Spraying,0.52,1.84,00:24,other,UTPL,default team,,R2314928109,55.0,50.0,,MKAVI1 T40 RPU028B_APR_2024_ManualMode__flight_record.csv
2024-04-17 05:44:56-05:45:24,"Songco, Lantapan, Bukidnon, Northern Mindanao, Philippines",T40 Drone 2,Spraying,0.58,1.73,00:27,other,UTPL,default team,,R2074657545,72.0,66.0,,MKAVI1 T40 RPU028B_APR_2024_ManualMode__flight_record.csv
2024-04-16 22:51:38-22:53:19,"Valencia, Bukidnon, Northern Mindanao, Philippines",T40 Drone 2,Spraying,2.52,5.13,01:40,other,UTPL,default team,,R7766921451,54.0,40.0,,MKAVI1 T40 RPU028B_APR_2024_ManualMode__flight_record.csv
2024-04-16 16:36:04-16:38:38,"Lantapan, Bukidnon, Northern Mindanao, Philippines",T40 Drone 2,Spraying,4.51,8.52,02:33,other,UTPL,default team,,R2901442530,60.0,38.0,,MKAVI1 T40 RPU028B_APR_2024_ManualMode__flight_record.csv
2024-04-16 07:26:58-07:28:49,"Baclayon, Lantapan, Bukidnon, Northern Mindanao, Philippines",T40 Drone 2,Spraying,1.55,3.82,01:51,other,UTPL,default team,,R1820224992,53.0,41.0,,MKAVI1 T40 RPU028B_APR_2024_ManualMode__flight_record.csv
2024-04-16 07:25:41-07:26:21,"Baclayon, Lantapan, Bukidnon, Northern Mindanao, Philippines",T40 Drone 2,Spraying,0.78,3.97,00:39,other,UTPL,default team,,R1619999522,63.0,57.0,,MKAVI1 T40 RPU028B_APR_2024_ManualMode__flight_record.csv
2024-04-16 07:24:31-07:25:02,"Baclayon, Lantapan, Bukidnon, Northern Mindanao, Philippines",T40 Drone 2,Spraying,0.44,2.64,00:30,other,UTPL,default team,,R1479841693,73.0,68.0,,MKAVI1 T40 RPU028B_APR_2024_ManualMode__flight_record.csv
2024-04-16 07:22:01-07:23:42,"Baclayon, Lantapan, Bukidnon, Northern Mindanao, Philippines",T40 Drone 2,Spraying,2.49,13.67,01:41,other,UTPL,default team,,R1279616223,100.0,81.0,,MKAVI1 T40 RPU028B_APR_2024_ManualMode__flight_record.csv
2024-04-16 07:18:13-07:20:00,"Baclayon, Lantapan, Bukidnon, Northern Mindanao, Philippines",T40 Drone 2,Spraying,1.37,10.1,01:47,other,UTPL,default team,,R0939232924,28.0,14.0,,MKAVI1 T40 RPU028B_APR_2024_ManualMode__flight_record.csv
2024-04-16 07:17:07-07:17:36,"Baclayon, Lantapan, Bukidnon, Northern Mindanao, Philippines",T40 Drone 2,Spraying,0.7,1.83,00:28,other,UTPL,default team,,R0799075095,39.0,34.0,,MKAVI1 T40 RPU028B_APR_2024_ManualMode__flight_record.csv
2024-04-16 07:12:10-07:12:54,"Baclayon, Lantapan, Bukidnon, Northern Mindanao, Philippines",T40 Drone 2,Spraying,0.65,1.29,00:44,other,UTPL,default team,,R0378601608,100.0,91.0,,MKAVI1 T40 RPU028B_APR_2024_ManualMode__flight_record.csv
2024-04-16 07:08:52-07:10:00,"Baclayon, Lantapan, Bukidnon, Northern Mindanao, Philippines",T40 Drone 2,Spraying,0.36,2.05,01:07,other,UTPL,default team,,R0038218309,33.0,25.0,,MKAVI1 T40 RPU028B_APR_2024_ManualMode__flight_record.csv
2024-04-16 07:01:37-07:02:30,"Baclayon, Lantapan, Bukidnon, Northern Mindanao, Philippines",T40 Drone 2,Spraying,1.31,2.09,00:53,other,UTPL,default team,,R7973007479,100.0,90.0,,MKAVI1 T40 RPU028B_APR_2024_ManualMode__flight_record.csv
2024-04-16 06:49:59-06:51:31,"Alanib, Lantapan, Bukidnon, Northern Mindanao, Philippines",T40 Drone 2,Spraying,1.52,3.91,01:31,other,UTPL,default team,,R7772782009,63.0,53.0,,MKAVI1 T40 RPU028B_APR_2024_ManualMode__flight_record.csv
2024-04-16 06:23:19-06:24:56,"Alanib, Lantapan, Bukidnon, Northern Mindanao, Philippines",T40 Drone 2,Spraying,2.89,4.43,01:36,other,UTPL,default team,,R6791677206,70.0,60.0,,MKAVI1 T40 RPU028B_APR_2024_ManualMode__flight_record.csv
2024-04-16 05:56:20-05:57:41,"Alanib, Lantapan, Bukidnon, Northern Mindanao, Philippines",T40 Drone 2,Spraying,0.57,1.65,01:21,other,UTPL,default team,,R5830594950,23.0,13.0,,MKAVI1 T40 RPU028B_APR_2024_ManualMode__flight_record.csv
2024-04-16 05:54:12-05:54:46,"Alanib, Lantapan, Bukidnon, Northern Mindanao, Philippines",T40 Drone 2,Spraying,0.73,1.78,00:33,other,UTPL,default team,,R5630369480,39.0,35.0,,MKAVI1 T40 RPU028B_APR_2024_ManualMode__flight_record.csv
2024-04-16 01:24:46-01:27:54,"San Carlos, Valencia, Bukidnon, Northern Mindanao, Philippines",T40 Drone 2,Spraying,0.96,4.27,03:07,other,UTPL,default team,,R5029693070,59.0,34.0,,MKAVI1 T40 RPU028B_APR_2024_ManualMode__flight_record.csv
2024-04-15 22:17:29-22:19:34,"Dabongdabong, Valencia, Bukidnon, Northern Mindanao, Philippines",T40 Drone 2,Spraying,1.36,3.64,02:05,other,UTPL,default team,,R3768272609,85.0,71.0,,MKAVI1 T40 RPU028B_APR_2024_ManualMode__flight_record.csv
2024-04-15 06:40:01-06:41:31,"Purok 1, Balila, Lantapan, Bukidnon, Northern Mindanao, Philippines",T40 Drone 2,Spraying,1.3,5.28,01:30,other,UTPL,default team,,R6597312294,100.0,80.0,,MKAVI1 T40 RPU028B_APR_2024_ManualMode__flight_record.csv
2024-04-15 06:36:23-06:37:59,"Purok 1, Balila, Lantapan, Bukidnon, Northern Mindanao, Philippines",T40 Drone 2,Spraying,2.94,9.32,01:35,other,UTPL,default team,,R6276951542,32.0,21.0,,MKAVI1 T40 RPU028B_APR_2024_ManualMode__flight_record.csv
2024-04-13 07:03:26-07:04:30,"Aglayan - Alanib - Ticalaan Road, Purok 1, Babahagon, Balila, Lantapan, Bukidnon, Northern Mindanao, Philippines",T40 Drone 2,Spraying,0.76,2.81,01:04,other,UTPL,default team,,R4795283064,28.0,21.0,,MKAVI1 T40 RPU028B_APR_2024_ManualMode__flight_record.csv
2024-04-13 01:34:20-01:35:16,"Valencia Bypass Road, Dabongdabong, Valencia, Bukidnon, Northern Mindanao, 8709088, Philippines",T40 Drone 2,Spraying,0.0,0.35,00:56,other,UTPL,default team,,R3353659680,67.0,61.0,,MKAVI1 T40 RPU028B_APR_2024_ManualMode__flight_record.csv
2024-04-12 22:34:37-22:35:31,"Dabongdabong, Valencia, Bukidnon, Northern Mindanao, Philippines",T40 Drone 2,Spraying,0.49,1.23,00:54,other,UTPL,default team,,R0310232536,70.0,64.0,,MKAVI1 T40 RPU028B_APR_2024_ManualMode__flight_record.csv
2024-04-12 22:02:57-22:04:00,"Valencia, Bukidnon, Northern Mindanao, Philippines",T40 Drone 2,Spraying,1.0,4.13,01:02,other,UTPL,default team,,R8064818783,60.0,53.0,,MKAVI1 T40 RPU028B_APR_2024_ManualMode__flight_record.csv
2024-04-12 21:36:43-21:37:42,"Valencia, Bukidnon, Northern Mindanao, Philippines",T40 Drone 2,Spraying,0.42,0.61,00:59,other,UTPL,default team,,R6803398322,53.0,46.0,,MKAVI1 T40 RPU028B_APR_2024_ManualMode__flight_record.csv
2024-04-12 07:09:11-07:11:57,"Baclayon, Lantapan, Bukidnon, Northern Mindanao, Philippines",T40 Drone 2,Spraying,6.69,16.24,02:45,other,UTPL,default team,,R6162676818,62.0,41.0,,MKAVI1 T40 RPU028B_APR_2024_ManualMode__flight_record.csv
2024-04-12 07:06:02-07:07:25,"Baclayon, Lantapan, Bukidnon, Northern Mindanao, Philippines",T40 Drone 2,Spraying,4.05,5.54,01:23,other,UTPL,default team,,R6062564083,100.0,82.0,,MKAVI1 T40 RPU028B_APR_2024_ManualMode__flight_record.csv
2024-04-12 06:14:36-06:15:46,"Alanib, Lantapan, Bukidnon, Northern Mindanao, Philippines",T40 Drone 2,Spraying,1.2,1.23,01:09,other,UTPL,default team,,R4220489759,61.0,54.0,,MKAVI1 T40 RPU028B_APR_2024_ManualMode__flight_record.csv
2024-04-11 18:23:36-18:24:33,"Baclayon, Lantapan, Bukidnon, Northern Mindanao, Philippines",T40 Drone 2,Spraying,0.43,0.36,00:57,other,UTPL,default team,,R6148514829,55.0,48.0,,MKAVI1 T40 RPU028B_APR_2024_ManualMode__flight_record.csv
2024-04-11 17:54:28-17:55:52,"Valencia-Lantapan Road, Purok 1, Balila, Lantapan, Bukidnon, Northern Mindanao, Philippines",T40 Drone 2,Spraying,0.57,1.42,01:24,other,UTPL,default team,,R5447725684,34.0,25.0,,MKAVI1 T40 RPU028B_APR_2024_ManualMode__flight_record.csv
2024-04-11 17:47:43-17:49:18,"Valencia-Lantapan Road, Purok 1, Balila, Lantapan, Bukidnon, Northern Mindanao, Philippines",T40 Drone 2,Spraying,1.91,10.47,01:35,other,UTPL,default team,,R5267522761,100.0,79.0,,MKAVI1 T40 RPU028B_APR_2024_ManualMode__flight_record.csv
2024-04-11 17:44:30-17:45:43,"Valencia-Lantapan Road, Purok 1, Balila, Lantapan, Bukidnon, Northern Mindanao, Philippines",T40 Drone 2,Spraying,1.21,3.54,01:12,other,UTPL,default team,,R5067297291,34.0,25.0,,MKAVI1 T40 RPU028B_APR_2024_ManualMode__flight_record.csv
2024-04-11 07:03:08-07:07:28,"Purok 1, Balila, Lantapan, Bukidnon, Northern Mindanao, Philippines",T40 Drone 2,Spraying,8.08,27.07,04:20,other,UTPL,default team,,R4266395411,100.0,59.0,,MKAVI1 T40 RPU028B_APR_2024_ManualMode__flight_record.csv
2024-04-11 06:58:11-07:00:42,"Purok 1, Balila, Lantapan, Bukidnon, Northern Mindanao, Philippines",T40 Drone 2,Spraying,4.34,14.12,02:31,other,UTPL,default team,,R4126237582,63.0,44.0,,MKAVI1 T40 RPU028B_APR_2024_ManualMode__flight_record.csv
2024-04-11 06:54:42-06:57:07,"Purok 1, Balila, Lantapan, Bukidnon, Northern Mindanao, Philippines",T40 Drone 2,Spraying,2.68,12.38,02:25,other,UTPL,default team,,R4046147394,100.0,73.0,,MKAVI1 T40 RPU028B_APR_2024_ManualMode__flight_record.csv
2024-04-11 06:51:00-06:52:28,"Purok 1, Balila, Lantapan, Bukidnon, Northern Mindanao, Philippines",T40 Drone 2,Spraying,2.52,5.67,01:28,other,UTPL,default team,,R3926012112,54.0,44.0,,MKAVI1 T40 RPU028B_APR_2024_ManualMode__flight_record.csv
2024-04-11 01:03:32-01:04:47,"Valencia, Bukidnon, Northern Mindanao, Philippines",T40 Drone 2,Spraying,0.01,0.72,01:14,other,UTPL,default team,,R2344230899,,,,MKAVI1 T40 RPU028B_APR_2024_ManualMode__flight_record.csv
2024-04-11 01:03:29-01:04:44,"Valencia, Bukidnon, Northern Mindanao, Philippines",T40 Drone 2,Spraying,0.01,0.72,01:14,other,UTPL,default team,,R2924884762,64.0,56.0,,MKAVI1 T40 RPU028B_APR_2024_ManualMode__flight_record.csv
2024-04-11 00:54:34-00:54:52,"Valencia, Bukidnon, Northern Mindanao, Philippines",T40 Drone 2,Spraying,0.0,0.02,00:17,other,UTPL,default team,,R2123982882,49.0,47.0,,MKAVI1 T40 RPU028B_APR_2024_ManualMode__flight_record.csv
2024-04-10 22:36:09-22:36:52,"Valencia, Bukidnon, Northern Mindanao, Philippines",T40 Drone 2,Spraying,0.6,1.14,00:42,other,UTPL,default team,,R0462111481,47.0,42.0,,MKAVI1 T40 RPU028B_APR_2024_ManualMode__flight_record.csv
2024-04-10 22:23:43-22:23:56,"Valencia, Bukidnon, Northern Mindanao, Philippines",T40 Drone 2,Spraying,0.0,0.01,00:12,other,UTPL,default team,,R0081683088,65.0,62.0,,MKAVI1 T40 RPU028B_APR_2024_ManualMode__flight_record.csv
2024-04-10 21:27:50-21:28:44,"San Carlos, Valencia, Bukidnon, Northern Mindanao, Philippines",T40 Drone 2,Spraying,0.13,0.53,00:54,other,UTPL,default team,,R4580030924,44.0,38.0,,MKAVI1 T40 RPU028B_APR_2024_ManualMode__flight_record.csv
2024-04-09 07:08:55-07:10:25,"Aglayan - Alanib - Ticalaan Road, Purok 1, Babahagon, Balila, Lantapan, Bukidnon, Northern Mindanao, Philippines",T40 Drone 2,Spraying,1.69,4.56,01:30,other,UTPL,default team,,R8029769566,22.0,11.0,,MKAVI1 T40 RPU028B_APR_2024_ManualMode__flight_record.csv
2024-04-09 06:20:41-06:21:46,"Aglayan - Alanib - Ticalaan Road, Purok 1, Babahagon, Balila, Lantapan, Bukidnon, Northern Mindanao, Philippines",T40 Drone 2,Spraying,1.02,2.67,01:04,other,UTPL,default team,,R5647086473,23.0,16.0,,MKAVI1 T40 RPU028B_APR_2024_ManualMode__flight_record.csv
2024-04-08 17:38:53-17:42:45,"Lantapan, Bukidnon, Northern Mindanao, Philippines",T40 Drone 2,Spraying,6.73,31.39,03:52,other,UTPL,default team,,R3350354126,100.0,65.0,,MKAVI1 T40 RPU028B_APR_2024_ManualMode__flight_record.csv
2024-04-08 17:24:41-17:27:36,"Songco, Lantapan, Bukidnon, Northern Mindanao, Philippines",T40 Drone 2,Spraying,4.23,16.51,02:54,other,UTPL,default team,,R3029993374,61.0,39.0,,MKAVI1 T40 RPU028B_APR_2024_ManualMode__flight_record.csv
2024-04-08 17:17:01-17:18:58,"Songco, Lantapan, Bukidnon, Northern Mindanao, Philippines",T40 Drone 2,Spraying,3.3,11.16,01:57,other,UTPL,default team,,R1247986691,38.0,23.0,,MKAVI1 T40 RPU028B_APR_2024_ManualMode__flight_record.csv
2024-04-08 16:51:20-16:52:32,"Alanib, Lantapan, Bukidnon, Northern Mindanao, Philippines",T40 Drone 2,Spraying,1.43,3.88,01:12,other,UTPL,default team,,R8261738699,70.0,62.0,,MKAVI1 T40 RPU028B_APR_2024_ManualMode__flight_record.csv
2024-04-08 16:10:21-16:11:41,"Lantapan, Bukidnon, Northern Mindanao, Philippines",T40 Drone 2,Spraying,0.01,0.29,01:19,other,UTPL,default team,,R3916846000,23.0,15.0,,MKAVI1 T40 RPU028B_APR_2024_ManualMode__flight_record.csv
2024-04-08 16:02:52-16:03:40,"Lantapan, Bukidnon, Northern Mindanao, Philippines",T40 Drone 2,Spraying,1.28,2.12,00:48,other,UTPL,default team,,R3536417607,95.0,85.0,,MKAVI1 T40 RPU028B_APR_2024_ManualMode__flight_record.csv
2024-04-08 07:48:43-07:50:36,"Lantapan, Bukidnon, Northern Mindanao, Philippines",T40 Drone 2,Spraying,4.15,8.72,01:53,other,UTPL,default team,,R1934613847,56.0,43.0,,MKAVI1 T40 RPU028B_APR_2024_ManualMode__flight_record.csv
2024-04-08 06:58:11-06:59:56,"Songco, Lantapan, Bukidnon, Northern Mindanao, Philippines",T40 Drone 2,Spraying,1.75,6.75,01:44,other,UTPL,default team,,R8327666898,43.0,31.0,,MKAVI1 T40 RPU028B_APR_2024_ManualMode__flight_record.csv
2024-04-08 06:41:15-06:42:47,"Songco, Lantapan, Bukidnon, Northern Mindanao, Philippines",T40 Drone 2,Spraying,1.87,4.23,01:32,other,UTPL,default team,,R7506742471,25.0,15.0,,MKAVI1 T40 RPU028B_APR_2024_ManualMode__flight_record.csv
2024-04-08 06:39:56-06:40:41,"Songco, Lantapan, Bukidnon, Northern Mindanao, Philippines",T40 Drone 2,Spraying,0.47,2.02,00:44,other,UTPL,default team,,R7426652283,36.0,29.0,,MKAVI1 T40 RPU028B_APR_2024_ManualMode__flight_record.csv
2024-04-08 06:38:45-06:39:23,"Songco, Lantapan, Bukidnon, Northern Mindanao, Philippines",T40 Drone 2,Spraying,0.65,2.06,00:37,other,UTPL,default team,,R7326539548,47.0,41.0,,MKAVI1 T40 RPU028B_APR_2024_ManualMode__flight_record.csv
2024-04-08 06:37:42-06:38:10,"Songco, Lantapan, Bukidnon, Northern Mindanao, Philippines",T40 Drone 2,Spraying,0.74,2.19,00:27,other,UTPL,default team,,R7106291531,57.0,52.0,,MKAVI1 T40 RPU028B_APR_2024_ManualMode__flight_record.csv
2024-04-08 06:36:35-06:37:05,"Songco, Lantapan, Bukidnon, Northern Mindanao, Philippines",T40 Drone 2,Spraying,0.58,2.1,00:29,other,UTPL,default team,,R6906066061,70.0,64.0,,MKAVI1 T40 RPU028B_APR_2024_ManualMode__flight_record.csv
2024-04-07 07:57:19-07:58:36,"Baclayon, Lantapan, Bukidnon, Northern Mindanao, Philippines",T40 Drone 2,Spraying,3.3,5.22,01:17,other,UTPL,default team,,R3882661464,49.0,40.0,,MKAVI1 T40 RPU028B_APR_2024_ManualMode__flight_record.csv
2024-04-07 07:52:19-07:54:21,"Baclayon, Lantapan, Bukidnon, Northern Mindanao, Philippines",T40 Drone 2,Spraying,6.26,13.7,02:02,other,UTPL,default team,,R3542278165,100.0,77.0,,MKAVI1 T40 RPU028B_APR_2024_ManualMode__flight_record.csv
2024-04-07 07:49:02-07:50:27,"Baclayon, Lantapan, Bukidnon, Northern Mindanao, Philippines",T40 Drone 2,Spraying,0.55,1.62,01:24,other,UTPL,default team,,R3001669396,51.0,42.0,,MKAVI1 T40 RPU028B_APR_2024_ManualMode__flight_record.csv
2024-04-07 07:43:36-07:44:56,"Baclayon, Lantapan, Bukidnon, Northern Mindanao, Philippines",T40 Drone 2,Spraying,3.56,6.27,01:20,other,UTPL,default team,,R2661286097,100.0,86.0,,MKAVI1 T40 RPU028B_APR_2024_ManualMode__flight_record.csv
2024-04-07 07:39:04-07:39:41,"Baclayon, Lantapan, Bukidnon, Northern Mindanao, Philippines",T40 Drone 2,Spraying,1.23,2.49,00:36,other,UTPL,default team,,R1640136200,67.0,59.0,,MKAVI1 T40 RPU028B_APR_2024_ManualMode__flight_record.csv
2024-04-07 07:36:26-07:37:18,"Baclayon, Lantapan, Bukidnon, Northern Mindanao, Philippines",T40 Drone 2,Spraying,0.91,2.61,00:52,other,UTPL,default team,,R1299752901,100.0,89.0,,MKAVI1 T40 RPU028B_APR_2024_ManualMode__flight_record.csv
2024-04-07 07:22:44-07:23:10,"Baclayon, Lantapan, Bukidnon, Northern Mindanao, Philippines",T40 Drone 2,Spraying,0.58,1.59,00:26,other,UTPL,default team,,R8333527456,40.0,35.0,,MKAVI1 T40 RPU028B_APR_2024_ManualMode__flight_record.csv
2024-04-07 07:21:39-07:22:02,"Baclayon, Lantapan, Bukidnon, Northern Mindanao, Philippines",T40 Drone 2,Spraying,0.74,2.36,00:23,other,UTPL,default team,,R8173347080,54.0,48.0,,MKAVI1 T40 RPU028B_APR_2024_ManualMode__flight_record.csv
2024-04-07 07:00:41-07:01:51,"Alanib, Lantapan, Bukidnon, Northern Mindanao, Philippines",T40 Drone 2,Spraying,2.76,4.65,01:10,other,UTPL,default team,,R6651633508,82.0,75.0,,MKAVI1 T40 RPU028B_APR_2024_ManualMode__flight_record.csv
2024-04-07 06:51:31-06:51:56,"Alanib, Lantapan, Bukidnon, Northern Mindanao, Philippines",T40 Drone 2,Spraying,0.6,1.8,00:24,other,UTPL,default team,,R5310122859,70.0,65.0,,MKAVI1 T40 RPU028B_APR_2024_ManualMode__flight_record.csv
2024-04-07 06:37:10-06:38:43,"Alanib, Lantapan, Bukidnon, Northern Mindanao, Philippines",T40 Drone 2,Spraying,1.12,2.93,01:32,other,UTPL,default team,,R4629356261,23.0,13.0,,MKAVI1 T40 RPU028B_APR_2024_ManualMode__flight_record.csv
2024-04-07 06:36:16-06:36:43,"Alanib, Lantapan, Bukidnon, Northern Mindanao, Philippines",T40 Drone 2,Spraying,0.51,1.33,00:26,other,UTPL,default team,,R4509220979,30.0,26.0,,MKAVI1 T40 RPU028B_APR_2024_ManualMode__flight_record.csv
2024-04-07 06:35:23-06:35:48,"Alanib, Lantapan, Bukidnon, Northern Mindanao, Philippines",T40 Drone 2,Spraying,0.61,1.92,00:24,other,UTPL,default team,,R4389085697,38.0,34.0,,MKAVI1 T40 RPU028B_APR_2024_ManualMode__flight_record.csv
2024-04-07 06:34:33-06:34:54,"Alanib, Lantapan, Bukidnon, Northern Mindanao, Philippines",T40 Drone 2,Spraying,0.55,1.65,00:20,other,UTPL,default team,,R4248927868,45.0,42.0,,MKAVI1 T40 RPU028B_APR_2024_ManualMode__flight_record.csv
2024-04-07 06:33:34-06:33:59,"Alanib, Lantapan, Bukidnon, Northern Mindanao, Philippines",T40 Drone 2,Spraying,0.5,2.35,00:24,other,UTPL,default team,,R4108770039,56.0,51.0,,MKAVI1 T40 RPU028B_APR_2024_ManualMode__flight_record.csv
2024-04-07 06:32:32-06:33:00,"Alanib, Lantapan, Bukidnon, Northern Mindanao, Philippines",T40 Drone 2,Spraying,0.58,2.04,00:27,other,UTPL,default team,,R3988634757,69.0,63.0,,MKAVI1 T40 RPU028B_APR_2024_ManualMode__flight_record.csv
2024-04-06 22:54:55-22:55:37,"Valencia, Bukidnon, Northern Mindanao, Philippines",T40 Drone 2,Spraying,0.05,0.33,00:41,other,UTPL,default team,,R3147687783,69.0,65.0,,MKAVI1 T40 RPU028B_APR_2024_ManualMode__flight_record.csv
2024-04-06 22:48:32-22:49:29,"Valencia, Bukidnon, Northern Mindanao, Philippines",T40 Drone 2,Spraying,0.0,0.25,00:57,other,UTPL,default team,,R2667146655,44.0,38.0,,MKAVI1 T40 RPU028B_APR_2024_ManualMode__flight_record.csv
2024-04-06 22:23:36-22:24:45,"Valencia, Bukidnon, Northern Mindanao, Philippines",T40 Drone 2,Spraying,3.1,2.02,01:09,other,UTPL,default team,,R1585929117,100.0,84.0,,MKAVI1 T40 RPU028B_APR_2024_ManualMode__flight_record.csv
2024-04-06 06:52:26-06:53:38,"Purok 1, Balila, Lantapan, Bukidnon, Northern Mindanao, Philippines",T40 Drone 2,Spraying,1.28,4.03,01:12,other,UTPL,default team,,R0504711579,33.0,25.0,,MKAVI1 T40 RPU028B_APR_2024_ManualMode__flight_record.csv
2024-04-06 06:46:05-06:50:55,"Purok 1, Balila, Lantapan, Bukidnon, Northern Mindanao, Philippines",T40 Drone 2,Spraying,3.87,26.73,04:50,other,UTPL,default team,,R0324508656,100.0,45.0,,MKAVI1 T40 RPU028B_APR_2024_ManualMode__flight_record.csv
2024-04-06 06:42:26-06:44:04,"Purok 1, Balila, Lantapan, Bukidnon, Northern Mindanao, Philippines",T40 Drone 2,Spraying,3.03,6.62,01:38,other,UTPL,default team,,R0124283186,51.0,40.0,,MKAVI1 T40 RPU028B_APR_2024_ManualMode__flight_record.csv
2024-04-06 06:37:54-06:39:46,"Purok 1, Balila, Lantapan, Bukidnon, Northern Mindanao, Philippines",T40 Drone 2,Spraying,2.98,14.96,01:52,other,UTPL,default team,,R8539613484,95.0,73.0,,MKAVI1 T40 RPU028B_APR_2024_ManualMode__flight_record.csv
2024-04-06 01:12:31-01:13:25,"Dabongdabong, Valencia, Bukidnon, Northern Mindanao, Philippines",T40 Drone 2,Spraying,0.01,0.43,00:53,other,UTPL,default team,,R7578531228,50.0,44.0,,MKAVI1 T40 RPU028B_APR_2024_ManualMode__flight_record.csv
2024-04-06 01:10:37-01:11:07,"Dabongdabong, Valencia, Bukidnon, Northern Mindanao, Philippines",T40 Drone 2,Spraying,0.0,0.02,00:29,other,UTPL,default team,,R7518463587,64.0,60.0,,MKAVI1 T40 RPU028B_APR_2024_ManualMode__flight_record.csv
2024-04-05 22:25:05-22:26:27,"Dabongdabong, Valencia, Bukidnon, Northern Mindanao, Philippines",T40 Drone 2,Spraying,1.93,2.02,01:21,other,UTPL,default team,,R6837696989,61.0,52.0,,MKAVI1 T40 RPU028B_APR_2024_ManualMode__flight_record.csv
2024-04-05 07:07:11-07:08:14,"Aglayan - Alanib - Ticalaan Road, Purok 1, Babahagon, Balila, Lantapan, Bukidnon, Northern Mindanao, Philippines",T40 Drone 2,Spraying,0.4,1.65,01:02,other,UTPL,default team,,R5876614733,19.0,12.0,,MKAVI1 T40 RPU028B_APR_2024_ManualMode__flight_record.csv
2024-04-04 07:18:14-07:19:18,"Baclayon, Lantapan, Bukidnon, Northern Mindanao, Philippines",T40 Drone 2,Spraying,1.14,1.56,01:04,other,UTPL,default team,,R8394275974,21.0,14.0,,MKAVI1 T40 RPU028B_APR_2024_ManualMode__flight_record.csv
2024-04-04 06:54:29-06:56:25,"Alanib, Lantapan, Bukidnon, Northern Mindanao, Philippines",T40 Drone 2,Spraying,3.67,9.79,01:55,other,UTPL,default team,,R8254118145,73.0,60.0,,MKAVI1 T40 RPU028B_APR_2024_ManualMode__flight_record.csv
2024-04-04 06:51:35-06:52:40,"Alanib, Lantapan, Bukidnon, Northern Mindanao, Philippines",T40 Drone 2,Spraying,2.02,2.61,01:05,other,UTPL,default team,,R8154005410,98.0,89.0,,MKAVI1 T40 RPU028B_APR_2024_ManualMode__flight_record.csv
2024-04-04 06:49:06-06:50:01,"Alanib, Lantapan, Bukidnon, Northern Mindanao, Philippines",T40 Drone 2,Spraying,1.25,2.4,00:55,other,UTPL,default team,,R8113960316,36.0,26.0,,MKAVI1 T40 RPU028B_APR_2024_ManualMode__flight_record.csv
2024-04-04 06:47:49-06:48:21,"Alanib, Lantapan, Bukidnon, Northern Mindanao, Philippines",T40 Drone 2,Spraying,0.75,1.65,00:31,other,UTPL,default team,,R8053892675,53.0,45.0,,MKAVI1 T40 RPU028B_APR_2024_ManualMode__flight_record.csv
2024-04-04 01:02:21-01:03:23,"Dabongdabong, Valencia, Bukidnon, Northern Mindanao, Philippines",T40 Drone 2,Spraying,0.05,0.65,01:01,other,UTPL,default team,,R7693486829,81.0,74.0,,MKAVI1 T40 RPU028B_APR_2024_ManualMode__flight_record.csv
2024-04-03 07:22:30-07:23:58,"Baclayon, Lantapan, Bukidnon, Northern Mindanao, Philippines",T40 Drone 2,Spraying,2.32,5.47,01:28,other,UTPL,default team,,R6632291838,44.0,34.0,,MKAVI1 T40 RPU028B_APR_2024_ManualMode__flight_record.csv
2024-04-03 07:19:25-07:20:19,"Baclayon, Lantapan, Bukidnon, Northern Mindanao, Philippines",T40 Drone 2,Spraying,0.82,1.74,00:53,other,UTPL,default team,,R6592246744,73.0,63.0,,MKAVI1 T40 RPU028B_APR_2024_ManualMode__flight_record.csv
2024-04-03 07:13:50-07:14:26,"Baclayon, Lantapan, Bukidnon, Northern Mindanao, Philippines",T40 Drone 2,Spraying,0.0,0.08,00:36,other,UTPL,default team,,R6472111462,36.0,31.0,,MKAVI1 T40 RPU028B_APR_2024_ManualMode__flight_record.csv
2024-04-03 06:48:52-06:49:17,"Valencia-Lantapan Road, Purok 1, Balila, Lantapan, Bukidnon, Northern Mindanao, Philippines",T40 Drone 2,Spraying,0.61,4.04,00:25,other,UTPL,default team,,R5891457599,,,,MKAVI1 T40 RPU028B_APR_2024_ManualMode__flight_record.csv
2024-04-03 06:48:27-06:49:15,"Valencia-Lantapan Road, Purok 1, Balila, Lantapan, Bukidnon, Northern Mindanao, Philippines",T40 Drone 2,Spraying,0.61,4.04,00:47,other,UTPL,default team,,R6231840898,43.0,36.0,,MKAVI1 T40 RPU028B_APR_2024_ManualMode__flight_record.csv
2024-04-03 06:46:55-06:47:34,"Valencia-Lantapan Road, Purok 1, Balila, Lantapan, Bukidnon, Northern Mindanao, Philippines",T40 Drone 2,Spraying,0.68,2.81,00:38,other,UTPL,default team,,R6151750710,57.0,50.0,,MKAVI1 T40 RPU028B_APR_2024_ManualMode__flight_record.csv
2024-04-03 06:43:35-06:45:05,"Valencia-Lantapan Road, Purok 1, Balila, Lantapan, Bukidnon, Northern Mindanao, Philippines",T40 Drone 2,Spraying,2.39,12.34,01:30,other,UTPL,default team,,R6011592881,100.0,78.0,,MKAVI1 T40 RPU028B_APR_2024_ManualMode__flight_record.csv
2024-04-02 17:54:48-17:59:41,"Lantapan, Bukidnon, Northern Mindanao, Philippines",T40 Drone 2,Spraying,5.43,32.43,04:53,other,UTPL,default team,,R4469856762,100.0,46.0,,MKAVI1 T40 RPU028B_APR_2024_ManualMode__flight_record.csv
2024-04-02 17:43:58-17:45:37,"Songco, Lantapan, Bukidnon, Northern Mindanao, Philippines",T40 Drone 2,Spraying,1.73,6.24,01:38,other,UTPL,default team,,R4429811668,35.0,22.0,,MKAVI1 T40 RPU028B_APR_2024_ManualMode__flight_record.csv
2024-04-02 17:41:59-17:42:31,"Songco, Lantapan, Bukidnon, Northern Mindanao, Philippines",T40 Drone 2,Spraying,0.48,2.13,00:31,other,UTPL,default team,,R4389766574,52.0,47.0,,MKAVI1 T40 RPU028B_APR_2024_ManualMode__flight_record.csv
2024-04-02 17:40:02-17:40:39,"Songco, Lantapan, Bukidnon, Northern Mindanao, Philippines",T40 Drone 2,Spraying,0.56,1.02,00:36,other,UTPL,default team,,R4349721480,73.0,66.0,,MKAVI1 T40 RPU028B_APR_2024_ManualMode__flight_record.csv
2024-04-02 17:37:52-17:38:56,"Songco, Lantapan, Bukidnon, Northern Mindanao, Philippines",T40 Drone 2,Spraying,1.65,3.68,01:04,other,UTPL,default team,,R4209563651,100.0,86.0,,MKAVI1 T40 RPU028B_APR_2024_ManualMode__flight_record.csv
2024-04-02 17:34:04-17:35:41,"Songco, Lantapan, Bukidnon, Northern Mindanao, Philippines",T40 Drone 2,Spraying,2.35,8.3,01:37,other,UTPL,default team,,R4189541104,29.0,18.0,,MKAVI1 T40 RPU028B_APR_2024_ManualMode__flight_record.csv
2024-04-02 17:28:40-17:30:28,"Songco, Lantapan, Bukidnon, Northern Mindanao, Philippines",T40 Drone 2,Spraying,2.22,7.3,01:48,other,UTPL,default team,,R4109450916,83.0,61.0,,MKAVI1 T40 RPU028B_APR_2024_ManualMode__flight_record.csv
2024-04-02 17:15:56-17:16:43,"Alanib, Lantapan, Bukidnon, Northern Mindanao, Philippines",T40 Drone 2,Spraying,0.81,1.43,00:47,other,UTPL,default team,,R4089428369,88.0,83.0,,MKAVI1 T40 RPU028B_APR_2024_ManualMode__flight_record.csv
2024-04-02 17:08:28-17:09:37,"Alanib, Lantapan, Bukidnon, Northern Mindanao, Philippines",T40 Drone 2,Spraying,0.31,0.89,01:08,other,UTPL,default team,,R3909225446,47.0,37.0,,MKAVI1 T40 RPU028B_APR_2024_ManualMode__flight_record.csv
2024-04-02 17:07:21-17:07:51,"Alanib, Lantapan, Bukidnon, Northern Mindanao, Philippines",T40 Drone 2,Spraying,0.56,1.92,00:29,other,UTPL,default team,,R3869180352,58.0,53.0,,MKAVI1 T40 RPU028B_APR_2024_ManualMode__flight_record.csv
2024-04-02 17:06:19-17:06:41,"Alanib, Lantapan, Bukidnon, Northern Mindanao, Philippines",T40 Drone 2,Spraying,0.04,0.35,00:21,other,UTPL,default team,,R3809112711,68.0,64.0,,MKAVI1 T40 RPU028B_APR_2024_ManualMode__flight_record.csv
2024-04-02 16:39:08-16:40:20,"Lantapan, Bukidnon, Northern Mindanao, Philippines",T40 Drone 2,Spraying,1.25,1.89,01:12,other,UTPL,default team,,R3588864694,25.0,18.0,,MKAVI1 T40 RPU028B_APR_2024_ManualMode__flight_record.csv
2024-04-02 16:37:40-16:38:16,"Lantapan, Bukidnon, Northern Mindanao, Philippines",T40 Drone 2,Spraying,0.0,0.32,00:35,other,UTPL,default team,,R3528797053,36.0,31.0,,MKAVI1 T40 RPU028B_APR_2024_ManualMode__flight_record.csv
2024-04-02 16:34:51-16:35:17,"Lantapan, Bukidnon, Northern Mindanao, Philippines",T40 Drone 2,Spraying,0.56,1.68,00:25,other,UTPL,default team,,R3428684318,61.0,55.0,,MKAVI1 T40 RPU028B_APR_2024_ManualMode__flight_record.csv
2024-04-02 16:33:28-16:33:51,"Lantapan, Bukidnon, Northern Mindanao, Philippines",T40 Drone 2,Spraying,0.48,1.6,00:22,other,UTPL,default team,,R3328571583,78.0,72.0,,MKAVI1 T40 RPU028B_APR_2024_ManualMode__flight_record.csv
2024-04-02 07:52:16-07:53:56,"Lantapan, Bukidnon, Northern Mindanao, Philippines",T40 Drone 2,Spraying,4.6,11.43,01:40,other,UTPL,default team,,R3288526489,27.0,14.0,,MKAVI1 T40 RPU028B_APR_2024_ManualMode__flight_record.csv
2024-04-02 07:32:55-07:33:52,"Lantapan, Bukidnon, Northern Mindanao, Philippines",T40 Drone 2,Spraying,2.0,1.8,00:57,other,UTPL,default team,,R3028233378,27.0,20.0,,MKAVI1 T40 RPU028B_APR_2024_ManualMode__flight_record.csv
2024-04-02 06:47:30-06:49:05,"Songco, Lantapan, Bukidnon, Northern Mindanao, Philippines",T40 Drone 2,Spraying,2.63,8.74,01:34,other,UTPL,default team,,R2868053002,46.0,35.0,,MKAVI1 T40 RPU028B_APR_2024_ManualMode__flight_record.csv
2024-04-02 06:29:56-06:31:08,"Songco, Lantapan, Bukidnon, Northern Mindanao, Philippines",T40 Drone 2,Spraying,0.09,0.49,01:11,other,UTPL,default team,,R2687850079,12.0,5.0,,MKAVI1 T40 RPU028B_APR_2024_ManualMode__flight_record.csv
2024-04-02 06:28:53-06:29:20,"Songco, Lantapan, Bukidnon, Northern Mindanao, Philippines",T40 Drone 2,Spraying,0.6,1.98,00:26,other,UTPL,default team,,R2587737344,20.0,16.0,,MKAVI1 T40 RPU028B_APR_2024_ManualMode__flight_record.csv
2024-04-02 06:27:56-06:28:23,"Songco, Lantapan, Bukidnon, Northern Mindanao, Philippines",T40 Drone 2,Spraying,0.64,2.56,00:26,other,UTPL,default team,,R2527669703,28.0,24.0,,MKAVI1 T40 RPU028B_APR_2024_ManualMode__flight_record.csv
2024-04-02 06:25:54-06:26:17,"Songco, Lantapan, Bukidnon, Northern Mindanao, Philippines",T40 Drone 2,Spraying,0.6,1.58,00:22,other,UTPL,default team,,R2447579515,49.0,45.0,,MKAVI1 T40 RPU028B_APR_2024_ManualMode__flight_record.csv
2024-04-02 06:18:55-06:20:14,"Songco, Lantapan, Bukidnon, Northern Mindanao, Philippines",T40 Drone 2,Spraying,1.92,2.39,01:19,other,UTPL,default team,,R2287399139,25.0,15.0,,MKAVI1 T40 RPU028B_APR_2024_ManualMode__flight_record.csv
2024-04-01 17:59:44-18:03:42,"Purok 1, Balila, Lantapan, Bukidnon, Northern Mindanao, Philippines",T40 Drone 2,Spraying,6.3,34.02,03:58,other,UTPL,default team,,R0565460097,100.0,61.0,,MKAVI1 T40 RPU028B_APR_2024_ManualMode__flight_record.csv
2024-04-01 17:48:01-17:51:00,"Purok 1, Balila, Lantapan, Bukidnon, Northern Mindanao, Philippines",T40 Drone 2,Spraying,4.81,21.1,02:58,other,UTPL,default team,,R0485369909,69.0,43.0,,MKAVI1 T40 RPU028B_APR_2024_ManualMode__flight_record.csv
2024-04-01 17:45:22-17:46:54,"Purok 1, Balila, Lantapan, Bukidnon, Northern Mindanao, Philippines",T40 Drone 2,Spraying,1.3,6.91,01:32,other,UTPL,default team,,R0425302268,99.0,82.0,,MKAVI1 T40 RPU028B_APR_2024_ManualMode__flight_record.csv
2024-04-01 17:40:56-17:42:36,"Purok 1, Balila, Lantapan, Bukidnon, Northern Mindanao, Philippines",T40 Drone 2,Spraying,2.64,7.11,01:39,other,UTPL,default team,,R0325189533,54.0,44.0,,MKAVI1 T40 RPU028B_APR_2024_ManualMode__flight_record.csv
2024-01-31 07:42:48-07:44:58,"Aglayan - Alanib - Ticalaan Road, Purok 1, Babahagon, Balila, Lantapan, Bukidnon, Northern Mindanao, Philippines",T40 Drone 2,Spraying,2.71,9.14,02:10,other,UTPL,default team,,R2918577612,58.0,42.0,,MKAVI1 T40 RPU028B_JAN_2024_ManualMode__flight_record.csv
2024-01-31 07:00:56-07:01:50,"Aglayan - Alanib - Ticalaan Road, Purok 1, Babahagon, Balila, Lantapan, Bukidnon, Northern Mindanao, Philippines",T40 Drone 2,Spraying,1.12,2.21,00:54,other,UTPL,default team,,R2518126672,44.0,37.0,,MKAVI1 T40 RPU028B_JAN_2024_ManualMode__flight_record.csv
2024-01-30 08:53:18-08:54:31,"Lantapan, Bukidnon, Northern Mindanao, Philippines",T40 Drone 2,Spraying,0.89,3.82,01:12,other,UTPL,default team,,R2237811014,33.0,24.0,,MKAVI1 T40 RPU028B_JAN_2024_ManualMode__flight_record.csv
2024-01-30 07:31:06-07:33:26,"Songco, Lantapan, Bukidnon, Northern Mindanao, Philippines",T40 Drone 2,Spraying,5.03,13.96,02:20,other,UTPL,default team,,R1717224792,47.0,30.0,,MKAVI1 T40 RPU028B_JAN_2024_ManualMode__flight_record.csv
2024-01-30 07:14:33-07:15:45,"Songco, Lantapan, Bukidnon, Northern Mindanao, Philippines",T40 Drone 2,Spraying,1.81,2.79,01:11,other,UTPL,default team,,R1577066963,56.0,49.0,,MKAVI1 T40 RPU028B_JAN_2024_ManualMode__flight_record.csv
2024-01-30 07:05:55-07:07:02,"Songco, Lantapan, Bukidnon, Northern Mindanao, Philippines",T40 Drone 2,Spraying,1.1,3.35,01:07,other,UTPL,default team,,R1436909134,17.0,9.0,,MKAVI1 T40 RPU028B_JAN_2024_ManualMode__flight_record.csv
2024-01-30 06:37:57-06:39:40,"Songco, Lantapan, Bukidnon, Northern Mindanao, Philippines",T40 Drone 2,Spraying,3.19,9.72,01:42,other,UTPL,default team,,R1196638570,38.0,26.0,,MKAVI1 T40 RPU028B_JAN_2024_ManualMode__flight_record.csv
2024-01-27 07:53:07-07:54:20,"Purok 1, Balila, Lantapan, Bukidnon, Northern Mindanao, Philippines",T40 Drone 2,Spraying,2.15,3.06,01:12,other,UTPL,default team,,R0295623955,42.0,34.0,,MKAVI1 T40 RPU028B_JAN_2024_ManualMode__flight_record.csv
2024-01-27 06:56:45-06:57:51,"Aglayan - Alanib - Ticalaan Road, Purok 1, Babahagon, Balila, Lantapan, Bukidnon, Northern Mindanao, Philippines",T40 Drone 2,Spraying,1.1,3.5,01:05,other,UTPL,default team,,R8370570954,54.0,47.0,,MKAVI1 T40 RPU028B_JAN_2024_ManualMode__flight_record.csv
2024-01-25 08:41:22-08:43:22,"Alanib, Lantapan, Bukidnon, Northern Mindanao, Philippines",T40 Drone 2,Spraying,3.99,9.26,01:59,other,UTPL,default team,,R6628609365,30.0,15.0,,MKAVI1 T40 RPU028B_JAN_2024_ManualMode__flight_record.csv
2024-01-25 08:39:55-08:40:33,"Alanib, Lantapan, Bukidnon, Northern Mindanao, Philippines",T40 Drone 2,Spraying,0.65,1.29,00:37,other,UTPL,default team,,R6508474083,43.0,37.0,,MKAVI1 T40 RPU028B_JAN_2024_ManualMode__flight_record.csv
2024-01-25 08:37:47-08:38:18,"Alanib, Lantapan, Bukidnon, Northern Mindanao, Philippines",T40 Drone 2,Spraying,0.55,0.81,00:30,other,UTPL,default team,,R6248180972,62.0,57.0,,MKAVI1 T40 RPU028B_JAN_2024_ManualMode__flight_record.csv
2024-01-25 08:28:04-08:29:11,"Alanib, Lantapan, Bukidnon, Northern Mindanao, Philippines",T40 Drone 2,Spraying,1.66,2.2,01:07,other,UTPL,default team,,R5687549656,76.0,61.0,,MKAVI1 T40 RPU028B_JAN_2024_ManualMode__flight_record.csv
2024-01-25 08:14:08-08:15:32,"Alanib, Lantapan, Bukidnon, Northern Mindanao, Philippines",T40 Drone 2,Spraying,1.75,3.3,01:23,other,UTPL,default team,,R5567414374,85.0,76.0,,MKAVI1 T40 RPU028B_JAN_2024_ManualMode__flight_record.csv
2024-01-25 07:28:07-07:30:10,"Baclayon, Lantapan, Bukidnon, Northern Mindanao, Philippines",T40 Drone 2,Spraying,1.12,2.96,02:03,other,UTPL,default team,,R5026805605,38.0,24.0,,MKAVI1 T40 RPU028B_JAN_2024_ManualMode__flight_record.csv
2024-01-25 07:25:17-07:27:12,"Baclayon, Lantapan, Bukidnon, Northern Mindanao, Philippines",T40 Drone 2,Spraying,1.96,1.36,01:54,other,UTPL,default team,,R4926692870,58.0,45.0,,MKAVI1 T40 RPU028B_JAN_2024_ManualMode__flight_record.csv
2024-01-25 07:01:30-07:03:09,"Baclayon, Lantapan, Bukidnon, Northern Mindanao, Philippines",T40 Drone 2,Spraying,4.05,5.71,01:39,other,UTPL,default team,,R4426129195,21.0,8.0,,MKAVI1 T40 RPU028B_JAN_2024_ManualMode__flight_record.csv
2024-01-24 07:53:06-07:55:38,"Aglayan - Alanib - Ticalaan Road, Purok 1, Babahagon, Balila, Lantapan, Bukidnon, Northern Mindanao, Philippines",T40 Drone 2,Spraying,3.75,8.86,02:32,other,UTPL,default team,,R4185858631,44.0,26.0,,MKAVI1 T40 RPU028B_JAN_2024_ManualMode__flight_record.csv
2024-01-23 08:19:31-08:21:03,"Alanib, Lantapan, Bukidnon, Northern Mindanao, Philippines",T40 Drone 2,Spraying,2.01,4.45,01:32,other,UTPL,default team,,R3384956751,31.0,19.0,,MKAVI1 T40 RPU028B_JAN_2024_ManualMode__flight_record.csv
2024-01-23 07:54:05-07:57:13,"Alanib, Lantapan, Bukidnon, Northern Mindanao, Philippines",T40 Drone 2,Spraying,4.6,13.33,03:07,other,UTPL,default team,,R3124663640,50.0,25.0,,MKAVI1 T40 RPU028B_JAN_2024_ManualMode__flight_record.csv
2024-01-23 07:45:48-07:46:50,"Alanib, Lantapan, Bukidnon, Northern Mindanao, Philippines",T40 Drone 2,Spraying,1.35,2.55,01:02,other,UTPL,default team,,R2784280341,37.0,29.0,,MKAVI1 T40 RPU028B_JAN_2024_ManualMode__flight_record.csv
2024-01-23 07:21:27-07:25:47,"Lantapan, Bukidnon, Northern Mindanao, Philippines",T40 Drone 2,Spraying,6.37,14.43,04:20,other,UTPL,default team,,R2523987230,98.0,67.0,,MKAVI1 T40 RPU028B_JAN_2024_ManualMode__flight_record.csv
2024-01-22 08:53:03-08:54:03,"Alanib, Lantapan, Bukidnon, Northern Mindanao, Philippines",T40 Drone 2,Spraying,0.89,1.07,00:59,other,UTPL,default team,,R2443897042,20.0,13.0,,MKAVI1 T40 RPU028B_JAN_2024_ManualMode__flight_record.csv
2024-01-22 08:40:29-08:41:06,"Alanib, Lantapan, Bukidnon, Northern Mindanao, Philippines",T40 Drone 2,Spraying,0.72,1.85,00:36,other,UTPL,default team,,R2063468649,36.0,29.0,,MKAVI1 T40 RPU028B_JAN_2024_ManualMode__flight_record.csv
2024-01-22 08:15:30-08:17:14,"Lantapan, Bukidnon, Northern Mindanao, Philippines",T40 Drone 2,Spraying,2.75,3.33,01:43,other,UTPL,default team,,R1582927521,77.0,64.0,,MKAVI1 T40 RPU028B_JAN_2024_ManualMode__flight_record.csv
2024-01-22 07:03:39-07:04:30,"Lantapan, Bukidnon, Northern Mindanao, Philippines",T40 Drone 2,Spraying,0.77,1.95,00:50,other,UTPL,default team,,R1042318752,13.0,7.0,,MKAVI1 T40 RPU028B_JAN_2024_ManualMode__flight_record.csv
2024-01-20 21:17:49-21:19:13,"Dabongdabong, Valencia, Bukidnon, Northern Mindanao, Philippines",T40 Drone 2,Spraying,2.73,4.17,01:23,other,UTPL,default team,,R0581800171,64.0,55.0,,MKAVI1 T40 RPU028B_JAN_2024_ManualMode__flight_record.csv
2024-01-20 08:14:27-08:21:26,"Aglayan - Alanib - Ticalaan Road, Purok 1, Babahagon, Balila, Lantapan, Bukidnon, Northern Mindanao, Philippines",T40 Drone 2,Spraying,7.33,14.67,06:59,other,UTPL,default team,,R2731948291,83.0,27.0,,MKAVI1 T40 RPU028B_JAN_2024_ManualMode__flight_record.csv
2024-01-18 07:13:18-07:14:37,"Songco, Lantapan, Bukidnon, Northern Mindanao, Philippines",T40 Drone 2,Spraying,1.96,7.55,01:18,other,UTPL,default team,,R0889873967,36.0,27.0,,MKAVI1 T40 RPU028B_JAN_2024_ManualMode__flight_record.csv
2024-01-18 06:54:29-06:55:56,"Songco, Lantapan, Bukidnon, Northern Mindanao, Philippines",T40 Drone 2,Spraying,1.42,4.39,01:26,other,UTPL,default team,,R0669625950,45.0,35.0,,MKAVI1 T40 RPU028B_JAN_2024_ManualMode__flight_record.csv
2024-01-17 08:29:13-08:30:47,"Baclayon, Lantapan, Bukidnon, Northern Mindanao, Philippines",T40 Drone 2,Spraying,0.76,2.23,01:33,other,UTPL,default team,,R0149039728,40.0,30.0,,MKAVI1 T40 RPU028B_JAN_2024_ManualMode__flight_record.csv
2024-01-15 08:00:40-08:02:07,"Aglayan - Alanib - Ticalaan Road, Purok 1, Babahagon, Balila, Lantapan, Bukidnon, Northern Mindanao, Philippines",T40 Drone 2,Spraying,2.46,3.8,01:26,other,UTPL,default team,,R7483152488,45.0,36.0,,MKAVI1 T40 RPU028B_JAN_2024_ManualMode__flight_record.csv
2024-01-15 07:32:04-07:33:30,"Purok 1, Balila, Lantapan, Bukidnon, Northern Mindanao, Philippines",T40 Drone 2,Spraying,0.27,4.12,01:25,other,UTPL,default team,,R7262904471,60.0,51.0,,MKAVI1 T40 RPU028B_JAN_2024_ManualMode__flight_record.csv
2024-01-13 08:36:36-08:37:58,"Baclayon, Lantapan, Bukidnon, Northern Mindanao, Philippines",T40 Drone 2,Spraying,1.42,2.61,01:22,other,UTPL,default team,,R2097635469,27.0,17.0,,MKAVI1 T40 RPU028B_JAN_2024_ManualMode__flight_record.csv
2024-01-13 07:58:58-08:00:29,"Alanib, Lantapan, Bukidnon, Northern Mindanao, Philippines",T40 Drone 2,Spraying,2.08,2.85,01:30,other,UTPL,default team,,R1416868871,79.0,70.0,,MKAVI1 T40 RPU028B_JAN_2024_ManualMode__flight_record.csv
2024-01-13 07:26:50-07:28:36,"Alanib, Lantapan, Bukidnon, Northern Mindanao, Philippines",T40 Drone 2,Spraying,3.19,9.46,01:45,other,UTPL,default team,,R0696057179,61.0,49.0,,MKAVI1 T40 RPU028B_JAN_2024_ManualMode__flight_record.csv
2024-01-13 07:24:58-07:25:33,"Alanib, Lantapan, Bukidnon, Northern Mindanao, Philippines",T40 Drone 2,Spraying,0.0,0.0,00:34,other,UTPL,default team,,R0595944444,76.0,71.0,,MKAVI1 T40 RPU028B_JAN_2024_ManualMode__flight_record.csv
2024-01-13 06:17:08-06:19:33,"Baclayon, Lantapan, Bukidnon, Northern Mindanao, Philippines",T40 Drone 2,Spraying,2.04,5.41,02:25,other,UTPL,default team,,R8110260127,38.0,22.0,,MKAVI1 T40 RPU028B_JAN_2024_ManualMode__flight_record.csv
2024-01-12 16:44:54-16:46:35,"Alanib, Lantapan, Bukidnon, Northern Mindanao, Philippines",T40 Drone 2,Spraying,2.63,1.31,01:41,other,UTPL,default team,,R0595421250,52.0,40.0,,MKAVI1 T40 RPU028B_JAN_2024_ManualMode__flight_record.csv
2024-01-12 15:55:42-15:57:40,"Alanib, Lantapan, Bukidnon, Northern Mindanao, Philippines",T40 Drone 2,Spraying,2.69,10.73,01:58,other,UTPL,default team,,R8229872215,23.0,7.0,,MKAVI1 T40 RPU028B_JAN_2024_ManualMode__flight_record.csv
2024-01-12 07:18:55-07:22:17,"Lantapan, Bukidnon, Northern Mindanao, Philippines",T40 Drone 2,Spraying,5.05,18.84,03:22,other,UTPL,default team,,R7028519395,99.0,71.0,,MKAVI1 T40 RPU028B_JAN_2024_ManualMode__flight_record.csv
2024-01-12 05:57:07-05:58:05,"Lantapan, Bukidnon, Northern Mindanao, Philippines",T40 Drone 2,Spraying,1.04,2.42,00:58,other,UTPL,default team,,R6467888079,13.0,7.0,,MKAVI1 T40 RPU028B_JAN_2024_ManualMode__flight_record.csv
2024-01-11 18:22:46-18:24:31,"Songco, Lantapan, Bukidnon, Northern Mindanao, Philippines",T40 Drone 2,Spraying,2.22,5.56,01:45,other,UTPL,default team,,R3253252030,60.0,46.0,,MKAVI1 T40 RPU028B_JAN_2024_ManualMode__flight_record.csv
2024-01-11 17:37:33-17:38:59,"Lantapan, Bukidnon, Northern Mindanao, Philippines",T40 Drone 2,Spraying,1.75,3.06,01:26,other,UTPL,default team,,R2972936372,53.0,42.0,,MKAVI1 T40 RPU028B_JAN_2024_ManualMode__flight_record.csv
2024-01-11 17:08:12-17:09:57,"Lantapan, Bukidnon, Northern Mindanao, Philippines",T40 Drone 2,Spraying,2.48,10.62,01:44,other,UTPL,default team,,R2812755996,29.0,17.0,,MKAVI1 T40 RPU028B_JAN_2024_ManualMode__flight_record.csv
2024-01-11 07:36:53-07:37:48,"Songco, Lantapan, Bukidnon, Northern Mindanao, Philippines",T40 Drone 2,Spraying,1.48,1.79,00:55,other,UTPL,default team,,R2632553073,34.0,27.0,,MKAVI1 T40 RPU028B_JAN_2024_ManualMode__flight_record.csv
2024-01-11 07:12:36-07:14:11,"Songco, Lantapan, Bukidnon, Northern Mindanao, Philippines",T40 Drone 2,Spraying,2.31,8.27,01:35,other,UTPL,default team,,R2472372697,41.0,30.0,,MKAVI1 T40 RPU028B_JAN_2024_ManualMode__flight_record.csv
2024-01-11 06:38:39-06:40:00,"Songco, Lantapan, Bukidnon, Northern Mindanao, Philippines",T40 Drone 2,Spraying,2.3,2.96,01:20,other,UTPL,default team,,R2212079586,35.0,26.0,,MKAVI1 T40 RPU028B_JAN_2024_ManualMode__flight_record.csv
2024-01-10 09:13:53-09:16:28,"Aglayan - Alanib - Ticalaan Road, Purok 1, Babahagon, Balila, Lantapan, Bukidnon, Northern Mindanao, Philippines",T40 Drone 2,Spraying,3.01,5.87,02:35,other,UTPL,default team,,R2091944304,55.0,38.0,,MKAVI1 T40 RPU028B_JAN_2024_ManualMode__flight_record.csv
2024-01-09 07:50:20-07:53:08,"Purok 1, Balila, Lantapan, Bukidnon, Northern Mindanao, Philippines",T40 Drone 2,Spraying,3.31,9.08,02:48,other,UTPL,default team,,R1891718834,100.0,82.0,,MKAVI1 T40 RPU028B_JAN_2024_ManualMode__flight_record.csv
2024-01-09 07:40:41-07:41:54,"Valencia-Lantapan Road, Purok 1, Balila, Lantapan, Bukidnon, Northern Mindanao, Philippines",T40 Drone 2,Spraying,2.89,2.58,01:12,other,UTPL,default team,,R1871696287,63.0,55.0,,MKAVI1 T40 RPU028B_JAN_2024_ManualMode__flight_record.csv
2024-01-09 07:31:38-07:32:44,"Valencia-Lantapan Road, Purok 1, Balila, Lantapan, Bukidnon, Northern Mindanao, Philippines",T40 Drone 2,Spraying,2.19,1.8,01:06,other,UTPL,default team,,R1831651193,44.0,36.0,,MKAVI1 T40 RPU028B_JAN_2024_ManualMode__flight_record.csv
2024-01-06 08:22:02-08:23:07,"Alanib, Lantapan, Bukidnon, Northern Mindanao, Philippines",T40 Drone 2,Spraying,0.57,2.5,01:05,other,UTPL,default team,,R1311064971,33.0,26.0,,MKAVI1 T40 RPU028B_JAN_2024_ManualMode__flight_record.csv
2024-01-06 08:01:33-08:03:55,"Songco, Lantapan, Bukidnon, Northern Mindanao, Philippines",T40 Drone 2,Spraying,3.99,6.86,02:22,other,UTPL,default team,,R1230974783,55.0,36.0,,MKAVI1 T40 RPU028B_JAN_2024_ManualMode__flight_record.csv
2024-01-06 07:40:40-07:41:49,"Alanib, Lantapan, Bukidnon, Northern Mindanao, Philippines",T40 Drone 2,Spraying,0.8,2.32,01:09,other,UTPL,default team,,R1150884595,21.0,14.0,,MKAVI1 T40 RPU028B_JAN_2024_ManualMode__flight_record.csv
2024-01-06 07:05:24-07:06:27,"Alanib, Lantapan, Bukidnon, Northern Mindanao, Philippines",T40 Drone 2,Spraying,0.42,0.46,01:02,other,UTPL,default team,,R1050771860,35.0,27.0,,MKAVI1 T40 RPU028B_JAN_2024_ManualMode__flight_record.csv
2024-01-05 16:49:03-16:50:04,"Lantapan, Bukidnon, Northern Mindanao, Philippines",T40 Drone 2,Spraying,1.92,4.83,01:00,other,UTPL,default team,,R6408057709,13.0,6.0,,MKAVI1 T40 RPU028B_JAN_2024_ManualMode__flight_record.csv
2024-01-05 08:19:31-08:21:06,"Lantapan, Bukidnon, Northern Mindanao, Philippines",T40 Drone 2,Spraying,3.18,4.39,01:35,other,UTPL,default team,,R4606028479,39.0,27.0,,MKAVI1 T40 RPU028B_JAN_2024_ManualMode__flight_record.csv
2024-01-05 07:17:11-07:19:12,"Songco, Lantapan, Bukidnon, Northern Mindanao, Philippines",T40 Drone 2,Spraying,3.16,5.81,02:01,other,UTPL,default team,,R3504788394,40.0,19.0,,MKAVI1 T40 RPU028B_JAN_2024_ManualMode__flight_record.csv
2024-01-05 07:14:53-07:16:07,"Songco, Lantapan, Bukidnon, Northern Mindanao, Philippines",T40 Drone 2,Spraying,2.01,2.02,01:13,other,UTPL,default team,,R3284540377,67.0,52.0,,MKAVI1 T40 RPU028B_JAN_2024_ManualMode__flight_record.csv
2024-01-04 18:31:10-18:33:06,"Alanib, Lantapan, Bukidnon, Northern Mindanao, Philippines",T40 Drone 2,Spraying,1.64,10.41,01:56,other,UTPL,default team,,R6262211718,28.0,13.0,,MKAVI1 T40 RPU028B_JAN_2024_ManualMode__flight_record.csv
2024-01-04 17:12:03-17:13:09,"Aglayan - Alanib - Ticalaan Road, Purok 1, Babahagon, Balila, Lantapan, Bukidnon, Northern Mindanao, Philippines",T40 Drone 2,Spraying,3.63,1.35,01:06,other,UTPL,default team,,R5341174556,26.0,19.0,,MKAVI1 T40 RPU028B_JAN_2024_ManualMode__flight_record.csv
2024-01-04 07:25:42-07:26:45,"Baclayon, Lantapan, Bukidnon, Northern Mindanao, Philippines",T40 Drone 2,Spraying,0.58,1.25,01:02,other,UTPL,default team,,R3699325702,25.0,18.0,,MKAVI1 T40 RPU028B_JAN_2024_ManualMode__flight_record.csv
2024-01-02 15:06:03-15:13:24,"Alanib, Lantapan, Bukidnon, Northern Mindanao, Philippines",T40 Drone 2,Spraying,0.57,26.67,07:21,other,UTPL,default team,,R4383521296,96.0,25.0,,MKAVI1 T40 RPU028B_JAN_2024_ManualMode__flight_record.csv
2024-01-02 14:59:29-15:04:29,"Alanib, Lantapan, Bukidnon, Northern Mindanao, Philippines",T40 Drone 2,Spraying,0.0,0.14,05:00,other,UTPL,default team,,R4363498749,93.0,20.0,,MKAVI1 T40 RPU028B_JAN_2024_ManualMode__flight_record.csv
2024-01-02 14:53:10-14:58:11,"Alanib, Lantapan, Bukidnon, Northern Mindanao, Philippines",T40 Drone 2,Spraying,0.0,0.26,05:01,other,UTPL,default team,,R4343476202,96.0,27.0,,MKAVI1 T40 RPU028B_JAN_2024_ManualMode__flight_record.csv
2024-01-02 14:42:44-14:49:58,"Alanib, Lantapan, Bukidnon, Northern Mindanao, Philippines",T40 Drone 2,Spraying,0.0,0.82,07:14,other,UTPL,default team,,R4303431108,95.0,28.0,,MKAVI1 T40 RPU028B_JAN_2024_ManualMode__flight_record.csv
2024-07-31 07:59:30-08:00:50,"Alanib, Lantapan, Bukidnon, Northern Mindanao, Philippines",T40 Drone 2,Spraying,0.0,0.08,01:20,other,UTPL,default team,,R0199622250,38.0,29.0,,MKAVI1 T40 RPU028B_JUL_2024_ManualMode__flight_record.csv
2024-07-31 07:55:40-07:56:15,"Alanib, Lantapan, Bukidnon, Northern Mindanao, Philippines",T40 Drone 2,Spraying,0.48,2.54,00:34,other,UTPL,default team,,R0119532062,69.0,63.0,,MKAVI1 T40 RPU028B_JUL_2024_ManualMode__flight_record.csv
2024-07-31 07:53:14-07:54:38,"Alanib, Lantapan, Bukidnon, Northern Mindanao, Philippines",T40 Drone 2,Spraying,1.78,8.42,01:24,other,UTPL,default team,,R0059464421,100.0,81.0,,MKAVI1 T40 RPU028B_JUL_2024_ManualMode__flight_record.csv
2024-07-31 07:49:45-07:50:56,"Alanib, Lantapan, Bukidnon, Northern Mindanao, Philippines",T40 Drone 2,Spraying,0.17,1.01,01:11,other,UTPL,default team,,R8414727078,35.0,27.0,,MKAVI1 T40 RPU028B_JUL_2024_ManualMode__flight_record.csv
2024-07-31 07:45:34-07:45:57,"Alanib, Lantapan, Bukidnon, Northern Mindanao, Philippines",T40 Drone 2,Spraying,0.52,2.22,00:22,other,UTPL,default team,,R8334636890,72.0,68.0,,MKAVI1 T40 RPU028B_JUL_2024_ManualMode__flight_record.csv
2024-07-31 07:43:23-07:44:15,"Alanib, Lantapan, Bukidnon, Northern Mindanao, Philippines",T40 Drone 2,Spraying,0.73,1.7,00:52,other,UTPL,default team,,R8294591796,100.0,89.0,,MKAVI1 T40 RPU028B_JUL_2024_ManualMode__flight_record.csv
2024-07-31 07:31:04-07:33:14,"Alanib, Lantapan, Bukidnon, Northern Mindanao, Philippines",T40 Drone 2,Spraying,2.89,6.53,02:09,other,UTPL,default team,,R8134411420,37.0,21.0,,MKAVI1 T40 RPU028B_JUL_2024_ManualMode__flight_record.csv
2024-07-31 07:20:56-07:22:25,"Alanib, Lantapan, Bukidnon, Northern Mindanao, Philippines",T40 Drone 2,Spraying,0.39,0.53,01:29,other,UTPL,default team,,R7814050668,30.0,18.0,,MKAVI1 T40 RPU028B_JUL_2024_ManualMode__flight_record.csv
2024-07-31 06:43:53-06:47:14,"Purok 1, Balila, Lantapan, Bukidnon, Northern Mindanao, Philippines",T40 Drone 2,Spraying,5.15,19.44,03:21,other,UTPL,default team,,R7593802651,100.0,64.0,,MKAVI1 T40 RPU028B_JUL_2024_ManualMode__flight_record.csv
2024-07-31 06:39:33-06:41:38,"Purok 1, Balila, Lantapan, Bukidnon, Northern Mindanao, Philippines",T40 Drone 2,Spraying,3.83,12.78,02:04,other,UTPL,default team,,R7473667369,56.0,41.0,,MKAVI1 T40 RPU028B_JUL_2024_ManualMode__flight_record.csv
2024-07-31 01:22:23-01:23:25,"Dabongdabong, Valencia, Bukidnon, Northern Mindanao, Philippines",T40 Drone 2,Spraying,1.29,2.38,01:02,other,UTPL,default team,,R5671638139,80.0,73.0,,MKAVI1 T40 RPU028B_JUL_2024_ManualMode__flight_record.csv
2024-07-30 22:51:30-22:52:28,"Dabongdabong, Valencia, Bukidnon, Northern Mindanao, Philippines",T40 Drone 2,Spraying,2.41,0.94,00:58,other,UTPL,default team,,R4870736259,66.0,59.0,,MKAVI1 T40 RPU028B_JUL_2024_ManualMode__flight_record.csv
2024-07-30 07:48:22-07:50:01,"Alanib, Lantapan, Bukidnon, Northern Mindanao, Philippines",T40 Drone 2,Spraying,3.53,6.42,01:38,other,UTPL,default team,,R4069834379,75.0,62.0,,MKAVI1 T40 RPU028B_JUL_2024_ManualMode__flight_record.csv
2024-07-30 07:43:22-07:44:27,"Alanib, Lantapan, Bukidnon, Northern Mindanao, Philippines",T40 Drone 2,Spraying,1.16,2.76,01:05,other,UTPL,default team,,R3889631456,34.0,24.0,,MKAVI1 T40 RPU028B_JUL_2024_ManualMode__flight_record.csv
2024-07-30 07:41:59-07:42:21,"Alanib, Lantapan, Bukidnon, Northern Mindanao, Philippines",T40 Drone 2,Spraying,0.76,1.12,00:21,other,UTPL,default team,,R3789518721,50.0,46.0,,MKAVI1 T40 RPU028B_JUL_2024_ManualMode__flight_record.csv
2024-07-30 07:38:23-07:39:10,"Alanib, Lantapan, Bukidnon, Northern Mindanao, Philippines",T40 Drone 2,Spraying,0.65,1.42,00:47,other,UTPL,default team,,R3669383439,100.0,89.0,,MKAVI1 T40 RPU028B_JUL_2024_ManualMode__flight_record.csv
2024-07-30 06:56:28-06:57:51,"Baclayon, Lantapan, Bukidnon, Northern Mindanao, Philippines",T40 Drone 2,Spraying,1.62,2.43,01:22,other,UTPL,default team,,R2908526653,47.0,39.0,,MKAVI1 T40 RPU028B_JUL_2024_ManualMode__flight_record.csv
2024-07-30 06:51:10-06:52:27,"Baclayon, Lantapan, Bukidnon, Northern Mindanao, Philippines",T40 Drone 2,Spraying,2.18,5.28,01:17,other,UTPL,default team,,R2848459012,100.0,84.0,,MKAVI1 T40 RPU028B_JUL_2024_ManualMode__flight_record.csv
2024-07-29 15:38:05-15:39:09,"Baclayon, Lantapan, Bukidnon, Northern Mindanao, Philippines",T40 Drone 2,Spraying,2.08,2.54,01:03,other,UTPL,default team,,R8340497448,45.0,38.0,,MKAVI1 T40 RPU028B_JUL_2024_ManualMode__flight_record.csv
2024-07-29 07:39:41-07:41:40,"Purok 1, Balila, Lantapan, Bukidnon, Northern Mindanao, Philippines",T40 Drone 2,Spraying,4.04,11.23,01:58,other,UTPL,default team,,R7940046508,43.0,28.0,,MKAVI1 T40 RPU028B_JUL_2024_ManualMode__flight_record.csv
2024-07-29 07:15:37-07:17:06,"Valencia-Lantapan Road, Purok 1, Balila, Lantapan, Bukidnon, Northern Mindanao, Philippines",T40 Drone 2,Spraying,2.72,2.49,01:29,other,UTPL,default team,,R7759843585,25.0,16.0,,MKAVI1 T40 RPU028B_JUL_2024_ManualMode__flight_record.csv
2024-07-28 07:47:26-07:49:40,"Songco, Lantapan, Bukidnon, Northern Mindanao, Philippines",T40 Drone 2,Spraying,2.42,6.51,02:14,other,UTPL,default team,,R6838806423,55.0,39.0,,MKAVI1 T40 RPU028B_JUL_2024_ManualMode__flight_record.csv
2024-07-28 07:38:17-07:39:51,"Songco, Lantapan, Bukidnon, Northern Mindanao, Philippines",T40 Drone 2,Spraying,1.74,4.06,01:34,other,UTPL,default team,,R6518445671,29.0,17.0,,MKAVI1 T40 RPU028B_JUL_2024_ManualMode__flight_record.csv
2024-07-28 07:16:38-07:20:41,"Alanib, Lantapan, Bukidnon, Northern Mindanao, Philippines",T40 Drone 2,Spraying,3.97,13.95,04:02,other,UTPL,default team,,R6178062372,83.0,45.0,,MKAVI1 T40 RPU028B_JUL_2024_ManualMode__flight_record.csv
2024-07-28 07:00:51-07:01:59,"Alanib, Lantapan, Bukidnon, Northern Mindanao, Philippines",T40 Drone 2,Spraying,0.05,0.12,01:08,other,UTPL,default team,,R5837679073,19.0,12.0,,MKAVI1 T40 RPU028B_JUL_2024_ManualMode__flight_record.csv
2024-07-28 06:54:30-06:54:46,"Alanib, Lantapan, Bukidnon, Northern Mindanao, Philippines",T40 Drone 2,Spraying,0.93,0.78,00:16,other,UTPL,default team,,R5637453603,79.0,75.0,,MKAVI1 T40 RPU028B_JUL_2024_ManualMode__flight_record.csv
2024-07-28 06:53:00-06:53:35,"Alanib, Lantapan, Bukidnon, Northern Mindanao, Philippines",T40 Drone 2,Spraying,0.45,0.25,00:35,other,UTPL,default team,,R5577385962,100.0,92.0,,MKAVI1 T40 RPU028B_JUL_2024_ManualMode__flight_record.csv
2024-07-27 09:10:53-09:13:37,"Alanib, Lantapan, Bukidnon, Northern Mindanao, Philippines",T40 Drone 2,Spraying,5.23,10.91,02:44,other,UTPL,default team,,R5016754646,33.0,13.0,,MKAVI1 T40 RPU028B_JUL_2024_ManualMode__flight_record.csv
2024-07-27 09:09:00-09:09:22,"Alanib, Lantapan, Bukidnon, Northern Mindanao, Philippines",T40 Drone 2,Spraying,0.52,0.77,00:21,other,UTPL,default team,,R4976709552,51.0,47.0,,MKAVI1 T40 RPU028B_JUL_2024_ManualMode__flight_record.csv
2024-07-27 09:07:15-09:07:37,"Alanib, Lantapan, Bukidnon, Northern Mindanao, Philippines",T40 Drone 2,Spraying,0.51,0.85,00:21,other,UTPL,default team,,R4936664458,73.0,68.0,,MKAVI1 T40 RPU028B_JUL_2024_ManualMode__flight_record.csv
2024-07-27 09:05:11-09:06:04,"Alanib, Lantapan, Bukidnon, Northern Mindanao, Philippines",T40 Drone 2,Spraying,0.93,1.69,00:53,other,UTPL,default team,,R4896619364,100.0,89.0,,MKAVI1 T40 RPU028B_JUL_2024_ManualMode__flight_record.csv
2024-07-27 09:00:36-09:01:57,"Alanib, Lantapan, Bukidnon, Northern Mindanao, Philippines",T40 Drone 2,Spraying,2.73,3.25,01:21,other,UTPL,default team,,R4696393894,39.0,31.0,,MKAVI1 T40 RPU028B_JUL_2024_ManualMode__flight_record.csv
2024-07-27 08:38:34-08:40:17,"Alanib, Lantapan, Bukidnon, Northern Mindanao, Philippines",T40 Drone 2,Spraying,0.92,4.44,01:43,other,UTPL,default team,,R4275920407,29.0,17.0,,MKAVI1 T40 RPU028B_JUL_2024_ManualMode__flight_record.csv
2024-07-27 08:34:46-08:35:02,"Alanib, Lantapan, Bukidnon, Northern Mindanao, Philippines",T40 Drone 2,Spraying,0.54,1.86,00:15,other,UTPL,default team,,R4155785125,67.0,63.0,,MKAVI1 T40 RPU028B_JUL_2024_ManualMode__flight_record.csv
2024-07-27 08:28:23-08:30:11,"Alanib, Lantapan, Bukidnon, Northern Mindanao, Philippines",T40 Drone 2,Spraying,1.08,7.26,01:48,other,UTPL,default team,,R3835424373,44.0,30.0,,MKAVI1 T40 RPU028B_JUL_2024_ManualMode__flight_record.csv
2024-07-27 08:25:13-08:25:33,"Alanib, Lantapan, Bukidnon, Northern Mindanao, Philippines",T40 Drone 2,Spraying,0.89,1.94,00:19,other,UTPL,default team,,R3735311638,74.0,70.0,,MKAVI1 T40 RPU028B_JUL_2024_ManualMode__flight_record.csv
2024-07-27 07:44:36-07:48:15,"Purok 1, Balila, Lantapan, Bukidnon, Northern Mindanao, Philippines",T40 Drone 2,Spraying,4.66,15.6,03:39,other,UTPL,default team,,R3414950886,100.0,59.0,,MKAVI1 T40 RPU028B_JUL_2024_ManualMode__flight_record.csv
2024-07-27 07:38:34-07:39:50,"Purok 1, Balila, Lantapan, Bukidnon, Northern Mindanao, Philippines",T40 Drone 2,Spraying,2.14,2.8,01:16,other,UTPL,default team,,R3314838151,33.0,25.0,,MKAVI1 T40 RPU028B_JUL_2024_ManualMode__flight_record.csv
2024-07-27 01:35:35-01:36:37,"Valencia, Bukidnon, Northern Mindanao, Philippines",T40 Drone 2,Spraying,1.5,0.81,01:02,other,UTPL,default team,,R2814274476,26.0,21.0,,MKAVI1 T40 RPU028B_JUL_2024_ManualMode__flight_record.csv
2024-07-27 00:43:14-00:44:09,"Valencia, Bukidnon, Northern Mindanao, Philippines",T40 Drone 2,Spraying,0.37,0.12,00:54,other,UTPL,default team,,R1672989297,30.0,24.0,,MKAVI1 T40 RPU028B_JUL_2024_ManualMode__flight_record.csv
2024-07-26 01:22:26-01:23:42,"Dabongdabong, Valencia, Bukidnon, Northern Mindanao, Philippines",T40 Drone 2,Spraying,1.61,4.34,01:15,other,UTPL,default team,,R0131253178,66.0,58.0,,MKAVI1 T40 RPU028B_JUL_2024_ManualMode__flight_record.csv
2024-07-26 01:19:13-01:20:01,"Dabongdabong, Valencia, Bukidnon, Northern Mindanao, Philippines",T40 Drone 2,Spraying,1.13,0.67,00:48,other,UTPL,default team,,R0091208084,100.0,91.0,,MKAVI1 T40 RPU028B_JUL_2024_ManualMode__flight_record.csv
2024-07-26 00:32:57-00:33:44,"Dabongdabong, Valencia, Bukidnon, Northern Mindanao, Philippines",T40 Drone 2,Spraying,0.31,0.15,00:46,other,UTPL,default team,,R7625546314,20.0,15.0,,MKAVI1 T40 RPU028B_JUL_2024_ManualMode__flight_record.csv
2024-07-25 22:39:50-22:41:34,"Dabongdabong, Valencia, Bukidnon, Northern Mindanao, Philippines",T40 Drone 2,Spraying,0.67,1.12,01:43,other,UTPL,default team,,R7205072827,65.0,53.0,,MKAVI1 T40 RPU028B_JUL_2024_ManualMode__flight_record.csv
2024-07-25 17:18:35-17:19:54,"Lantapan, Bukidnon, Northern Mindanao, Philippines",T40 Drone 2,Spraying,1.44,4.33,01:19,other,UTPL,default team,,R5725264065,74.0,64.0,,MKAVI1 T40 RPU028B_JUL_2024_ManualMode__flight_record.csv
2024-07-25 17:15:31-17:16:30,"Lantapan, Bukidnon, Northern Mindanao, Philippines",T40 Drone 2,Spraying,0.58,1.41,00:59,other,UTPL,default team,,R5665196424,100.0,91.0,,MKAVI1 T40 RPU028B_JUL_2024_ManualMode__flight_record.csv
2024-07-25 16:35:50-16:37:01,"Lantapan, Bukidnon, Northern Mindanao, Philippines",T40 Drone 2,Spraying,2.96,3.03,01:11,other,UTPL,default team,,R4724136715,38.0,30.0,,MKAVI1 T40 RPU028B_JUL_2024_ManualMode__flight_record.csv
2024-07-25 15:56:47-15:58:16,"Songco, Lantapan, Bukidnon, Northern Mindanao, Philippines",T40 Drone 2,Spraying,2.3,3.4,01:29,other,UTPL,default team,,R4263618134,41.0,31.0,,MKAVI1 T40 RPU028B_JUL_2024_ManualMode__flight_record.csv
2024-07-25 15:33:02-15:34:37,"Songco, Lantapan, Bukidnon, Northern Mindanao, Philippines",T40 Drone 2,Spraying,1.1,2.85,01:35,other,UTPL,default team,,R3642919177,27.0,16.0,,MKAVI1 T40 RPU028B_JUL_2024_ManualMode__flight_record.csv
2024-07-25 15:21:09-15:21:25,"Songco, Lantapan, Bukidnon, Northern Mindanao, Philippines",T40 Drone 2,Spraying,0.68,1.25,00:15,other,UTPL,default team,,R3022220220,31.0,28.0,,MKAVI1 T40 RPU028B_JUL_2024_ManualMode__flight_record.csv
2024-07-25 15:19:31-15:19:46,"Songco, Lantapan, Bukidnon, Northern Mindanao, Philippines",T40 Drone 2,Spraying,0.56,1.06,00:14,other,UTPL,default team,,R2962152579,49.0,45.0,,MKAVI1 T40 RPU028B_JUL_2024_ManualMode__flight_record.csv
2024-07-25 08:11:12-08:12:57,"Baclayon, Lantapan, Bukidnon, Northern Mindanao, Philippines",T40 Drone 2,Spraying,1.82,4.25,01:45,other,UTPL,default team,,R2541679092,72.0,60.0,,MKAVI1 T40 RPU028B_JUL_2024_ManualMode__flight_record.csv
2024-07-25 07:59:47-08:02:08,"Baclayon, Lantapan, Bukidnon, Northern Mindanao, Philippines",T40 Drone 2,Spraying,2.13,10.03,02:20,other,UTPL,default team,,R2261363434,34.0,14.0,,MKAVI1 T40 RPU028B_JUL_2024_ManualMode__flight_record.csv
2024-07-25 07:53:55-07:54:46,"Baclayon, Lantapan, Bukidnon, Northern Mindanao, Philippines",T40 Drone 2,Spraying,0.42,0.53,00:51,other,UTPL,default team,,R2121205605,100.0,91.0,,MKAVI1 T40 RPU028B_JUL_2024_ManualMode__flight_record.csv
2024-07-25 07:43:05-07:43:28,"Baclayon, Lantapan, Bukidnon, Northern Mindanao, Philippines",T40 Drone 2,Spraying,0.67,1.95,00:22,other,UTPL,default team,,R1780822306,78.0,73.0,,MKAVI1 T40 RPU028B_JUL_2024_ManualMode__flight_record.csv
2024-07-25 07:19:24-07:20:57,"Alanib, Lantapan, Bukidnon, Northern Mindanao, Philippines",T40 Drone 2,Spraying,2.74,4.6,01:33,other,UTPL,default team,,R1560574289,54.0,44.0,,MKAVI1 T40 RPU028B_JUL_2024_ManualMode__flight_record.csv
2024-07-25 07:10:52-07:12:09,"Alanib, Lantapan, Bukidnon, Northern Mindanao, Philippines",T40 Drone 2,Spraying,1.68,2.5,01:17,other,UTPL,default team,,R1380371366,25.0,15.0,,MKAVI1 T40 RPU028B_JUL_2024_ManualMode__flight_record.csv
2024-07-25 06:46:13-06:47:50,"Alanib, Lantapan, Bukidnon, Northern Mindanao, Philippines",T40 Drone 2,Spraying,2.78,2.87,01:36,other,UTPL,default team,,R0959897879,57.0,46.0,,MKAVI1 T40 RPU028B_JUL_2024_ManualMode__flight_record.csv
2024-07-25 06:17:06-06:18:07,"Alanib, Lantapan, Bukidnon, Northern Mindanao, Philippines",T40 Drone 2,Spraying,3.33,2.81,01:00,other,UTPL,default team,,R0339198922,25.0,18.0,,MKAVI1 T40 RPU028B_JUL_2024_ManualMode__flight_record.csv
2024-07-22 06:08:35-06:09:43,"Alanib, Lantapan, Bukidnon, Northern Mindanao, Philippines",T40 Drone 2,Spraying,1.95,1.55,01:08,other,UTPL,default team,,R4997622314,70.0,63.0,,MKAVI1 T40 RPU028B_JUL_2024_ManualMode__flight_record.csv
2024-07-21 01:11:20-01:12:06,"Dabongdabong, Valencia, Bukidnon, Northern Mindanao, Philippines",T40 Drone 2,Spraying,0.0,0.16,00:46,other,UTPL,default team,,R1874104982,23.0,18.0,,MKAVI1 T40 RPU028B_JUL_2024_ManualMode__flight_record.csv
2024-07-20 22:22:49-22:23:47,"Dabongdabong, Valencia, Bukidnon, Northern Mindanao, 8709088, Philippines",T40 Drone 2,Spraying,1.13,1.66,00:57,other,UTPL,default team,,R0552616880,32.0,26.0,,MKAVI1 T40 RPU028B_JUL_2024_ManualMode__flight_record.csv
2024-07-19 06:42:58-06:44:17,"Alanib, Lantapan, Bukidnon, Northern Mindanao, Philippines",T40 Drone 2,Spraying,0.09,5.98,01:19,other,UTPL,default team,,R5864452393,44.0,30.0,,MKAVI1 T40 RPU028B_JUL_2024_ManualMode__flight_record.csv
2024-07-18 18:34:41-18:37:07,"Garnet Street, Regina Dalisay Compound, Barangay 20-B, Poblacion, Davao City, Davao Region, 8000, Philippines",T40 Drone 2,Spraying,0.13,11.57,02:26,other,UTPL,default team,,R6113110888,63.0,25.0,,MKAVI1 T40 RPU028B_JUL_2024_ManualMode__flight_record.csv
2024-09-30 07:06:00-07:08:15,"Baclayon, Lantapan, Bukidnon, Northern Mindanao, Philippines",T40 Drone 2,Spraying,1.31,3.14,02:14,other,UTPL,default team,,R7189704351,56.0,40.0,,MKAVI1 T40 RPU028B_SEP_2024_ManualMode__flight_record.csv
2024-09-30 07:04:30-07:05:04,"Baclayon, Lantapan, Bukidnon, Northern Mindanao, Philippines",T40 Drone 2,Spraying,0.61,2.06,00:33,other,UTPL,default team,,R7129636710,68.0,63.0,,MKAVI1 T40 RPU028B_SEP_2024_ManualMode__flight_record.csv
2024-09-30 07:01:45-07:03:46,"Baclayon, Lantapan, Bukidnon, Northern Mindanao, Philippines",T40 Drone 2,Spraying,2.69,5.57,02:01,other,UTPL,default team,,R7069569069,100.0,75.0,,MKAVI1 T40 RPU028B_SEP_2024_ManualMode__flight_record.csv
2024-09-30 06:58:17-06:59:36,"Baclayon, Lantapan, Bukidnon, Northern Mindanao, Philippines",T40 Drone 2,Spraying,0.42,0.66,01:18,other,UTPL,default team,,R6909388693,17.0,9.0,,MKAVI1 T40 RPU028B_SEP_2024_ManualMode__flight_record.csv
2024-09-30 06:57:01-06:57:22,"Baclayon, Lantapan, Bukidnon, Northern Mindanao, Philippines",T40 Drone 2,Spraying,0.61,1.19,00:20,other,UTPL,default team,,R6869343599,26.0,23.0,,MKAVI1 T40 RPU028B_SEP_2024_ManualMode__flight_record.csv
2024-09-30 06:55:24-06:55:58,"Baclayon, Lantapan, Bukidnon, Northern Mindanao, Philippines",T40 Drone 2,Spraying,0.71,2.1,00:33,other,UTPL,default team,,R6809275958,39.0,34.0,,MKAVI1 T40 RPU028B_SEP_2024_ManualMode__flight_record.csv
2024-09-30 06:54:14-06:54:38,"Baclayon, Lantapan, Bukidnon, Northern Mindanao, Philippines",T40 Drone 2,Spraying,0.51,1.5,00:23,other,UTPL,default team,,R6749208317,51.0,46.0,,MKAVI1 T40 RPU028B_SEP_2024_ManualMode__flight_record.csv
2024-09-30 06:52:55-06:53:24,"Baclayon, Lantapan, Bukidnon, Northern Mindanao, Philippines",T40 Drone 2,Spraying,0.64,1.81,00:28,other,UTPL,default team,,R6689140676,69.0,62.0,,MKAVI1 T40 RPU028B_SEP_2024_ManualMode__flight_record.csv
2024-09-30 06:50:43-06:51:29,"Baclayon, Lantapan, Bukidnon, Northern Mindanao, Philippines",T40 Drone 2,Spraying,0.91,1.6,00:46,other,UTPL,default team,,R6649095582,100.0,89.0,,MKAVI1 T40 RPU028B_SEP_2024_ManualMode__flight_record.csv
2024-09-30 06:47:16-06:48:32,"Baclayon, Lantapan, Bukidnon, Northern Mindanao, Philippines",T40 Drone 2,Spraying,0.63,1.18,01:15,other,UTPL,default team,,R6428847565,19.0,11.0,,MKAVI1 T40 RPU028B_SEP_2024_ManualMode__flight_record.csv
2024-09-30 06:41:59-06:42:21,"Baclayon, Lantapan, Bukidnon, Northern Mindanao, Philippines",T40 Drone 2,Spraying,0.9,1.12,00:21,other,UTPL,default team,,R6348757377,67.0,62.0,,MKAVI1 T40 RPU028B_SEP_2024_ManualMode__flight_record.csv
2024-09-30 06:39:45-06:40:33,"Baclayon, Lantapan, Bukidnon, Northern Mindanao, Philippines",T40 Drone 2,Spraying,1.3,0.65,00:48,other,UTPL,default team,,R6308712283,97.0,86.0,,MKAVI1 T40 RPU028B_SEP_2024_ManualMode__flight_record.csv
2024-09-30 06:26:10-06:29:09,"Alanib, Lantapan, Bukidnon, Northern Mindanao, Philippines",T40 Drone 2,Spraying,6.0,8.73,02:59,other,UTPL,default team,,R6128509360,44.0,20.0,,MKAVI1 T40 RPU028B_SEP_2024_ManualMode__flight_record.csv
2024-09-30 06:24:58-06:25:13,"Alanib, Lantapan, Bukidnon, Northern Mindanao, Philippines",T40 Drone 2,Spraying,0.58,0.85,00:14,other,UTPL,default team,,R6088464266,59.0,56.0,,MKAVI1 T40 RPU028B_SEP_2024_ManualMode__flight_record.csv
2024-09-30 06:17:11-06:18:53,"Alanib, Lantapan, Bukidnon, Northern Mindanao, Philippines",T40 Drone 2,Spraying,2.56,3.64,01:42,other,UTPL,default team,,R5988351531,30.0,18.0,,MKAVI1 T40 RPU028B_SEP_2024_ManualMode__flight_record.csv
2024-09-29 06:22:55-06:24:55,"Alanib, Lantapan, Bukidnon, Northern Mindanao, Philippines",T40 Drone 2,Spraying,4.4,4.54,01:59,other,UTPL,default team,,R5627945685,78.0,64.0,,MKAVI1 T40 RPU028B_SEP_2024_ManualMode__flight_record.csv
2024-09-28 07:30:44-07:31:13,"Baclayon, Lantapan, Bukidnon, Northern Mindanao, Philippines",T40 Drone 2,Spraying,1.42,1.84,00:28,other,UTPL,default team,,R5127382010,54.0,49.0,,MKAVI1 T40 RPU028B_SEP_2024_ManualMode__flight_record.csv
2024-09-28 07:27:57-07:28:12,"Baclayon, Lantapan, Bukidnon, Northern Mindanao, Philippines",T40 Drone 2,Spraying,0.63,0.79,00:14,other,UTPL,default team,,R5087336916,90.0,86.0,,MKAVI1 T40 RPU028B_SEP_2024_ManualMode__flight_record.csv
2024-09-28 06:56:16-07:00:10,"Purok 1, Balila, Lantapan, Bukidnon, Northern Mindanao, Philippines",T40 Drone 2,Spraying,7.55,14.46,03:54,other,UTPL,default team,,R4967201634,98.0,64.0,,MKAVI1 T40 RPU028B_SEP_2024_ManualMode__flight_record.csv
2024-09-28 06:52:16-06:54:05,"Purok 1, Balila, Lantapan, Bukidnon, Northern Mindanao, Philippines",T40 Drone 2,Spraying,2.49,2.54,01:48,other,UTPL,default team,,R4907133993,51.0,38.0,,MKAVI1 T40 RPU028B_SEP_2024_ManualMode__flight_record.csv
2024-09-27 07:39:29-07:41:11,"Kaatuan, Lantapan, Bukidnon, Northern Mindanao, Philippines",T40 Drone 2,Spraying,1.53,2.65,01:42,other,UTPL,default team,,R4766976164,34.0,21.0,,MKAVI1 T40 RPU028B_SEP_2024_ManualMode__flight_record.csv
2024-09-27 07:01:36-07:02:46,"Kaatuan, Lantapan, Bukidnon, Northern Mindanao, Philippines",T40 Drone 2,Spraying,1.08,1.39,01:10,other,UTPL,default team,,R4646840882,40.0,32.0,,MKAVI1 T40 RPU028B_SEP_2024_ManualMode__flight_record.csv
2024-09-25 07:08:28-07:10:03,"Songco, Lantapan, Bukidnon, Northern Mindanao, Philippines",T40 Drone 2,Spraying,2.28,3.25,01:35,other,UTPL,default team,,R4126254660,44.0,33.0,,MKAVI1 T40 RPU028B_SEP_2024_ManualMode__flight_record.csv
2024-09-25 06:49:43-06:52:40,"Songco, Lantapan, Bukidnon, Northern Mindanao, Philippines",T40 Drone 2,Spraying,3.02,7.31,02:56,other,UTPL,default team,,R4006119378,66.0,39.0,,MKAVI1 T40 RPU028B_SEP_2024_ManualMode__flight_record.csv
2024-09-25 06:40:32-06:41:11,"Songco, Lantapan, Bukidnon, Northern Mindanao, Philippines",T40 Drone 2,Spraying,1.31,2.81,00:38,other,UTPL,default team,,R3805893908,50.0,42.0,,MKAVI1 T40 RPU028B_SEP_2024_ManualMode__flight_record.csv
2024-09-25 06:38:56-06:39:16,"Songco, Lantapan, Bukidnon, Northern Mindanao, Philippines",T40 Drone 2,Spraying,0.55,1.51,00:19,other,UTPL,default team,,R3765848814,72.0,68.0,,MKAVI1 T40 RPU028B_SEP_2024_ManualMode__flight_record.csv
2024-09-25 06:36:56-06:37:47,"Songco, Lantapan, Bukidnon, Northern Mindanao, Philippines",T40 Drone 2,Spraying,1.17,1.48,00:51,other,UTPL,default team,,R3725803720,100.0,88.0,,MKAVI1 T40 RPU028B_SEP_2024_ManualMode__flight_record.csv
2024-09-25 06:25:33-06:26:50,"Songco, Lantapan, Bukidnon, Northern Mindanao, Philippines",T40 Drone 2,Spraying,1.15,3.66,01:16,other,UTPL,default team,,R3685758626,37.0,28.0,,MKAVI1 T40 RPU028B_SEP_2024_ManualMode__flight_record.csv
2024-09-25 06:20:41-06:24:49,"Songco, Lantapan, Bukidnon, Northern Mindanao, Philippines",T40 Drone 2,Spraying,4.87,13.34,04:08,other,UTPL,default team,,R3645713532,91.0,43.0,,MKAVI1 T40 RPU028B_SEP_2024_ManualMode__flight_record.csv
2024-09-25 06:16:50-06:18:02,"Songco, Lantapan, Bukidnon, Northern Mindanao, Philippines",T40 Drone 2,Spraying,1.04,1.34,01:11,other,UTPL,default team,,R3585645891,21.0,12.0,,MKAVI1 T40 RPU028B_SEP_2024_ManualMode__flight_record.csv
2024-09-24 07:51:25-07:53:10,"Alanib, Lantapan, Bukidnon, Northern Mindanao, Philippines",T40 Drone 2,Spraying,2.39,3.39,01:45,other,UTPL,default team,,R3004992028,100.0,76.0,,MKAVI1 T40 RPU028B_SEP_2024_ManualMode__flight_record.csv
2024-09-24 07:45:58-07:46:17,"Alanib, Lantapan, Bukidnon, Northern Mindanao, Philippines",T40 Drone 2,Spraying,0.61,1.2,00:19,other,UTPL,default team,,R2784744011,47.0,44.0,,MKAVI1 T40 RPU028B_SEP_2024_ManualMode__flight_record.csv
2024-09-24 07:43:55-07:44:19,"Alanib, Lantapan, Bukidnon, Northern Mindanao, Philippines",T40 Drone 2,Spraying,0.73,1.39,00:24,other,UTPL,default team,,R2724676370,70.0,64.0,,MKAVI1 T40 RPU028B_SEP_2024_ManualMode__flight_record.csv
2024-09-24 07:27:07-07:28:58,"Alanib, Lantapan, Bukidnon, Northern Mindanao, Philippines",T40 Drone 2,Spraying,3.32,3.4,01:51,other,UTPL,default team,,R2604541088,34.0,20.0,,MKAVI1 T40 RPU028B_SEP_2024_ManualMode__flight_record.csv
2024-09-23 06:31:59-06:35:11,"Purok 1, Balila, Lantapan, Bukidnon, Northern Mindanao, Philippines",T40 Drone 2,Spraying,5.14,7.82,03:12,other,UTPL,default team,,R6461595272,100.0,63.0,,MKAVI1 T40 RPU028B_SEP_2024_ManualMode__flight_record.csv
2024-09-23 06:26:46-06:29:19,"Purok 1, Balila, Lantapan, Bukidnon, Northern Mindanao, Philippines",T40 Drone 2,Spraying,3.77,5.69,02:32,other,UTPL,default team,,R6241347255,68.0,47.0,,MKAVI1 T40 RPU028B_SEP_2024_ManualMode__flight_record.csv
2024-09-22 08:04:21-08:06:12,"Aglayan - Alanib - Ticalaan Road, Purok 1, Babahagon, Balila, Lantapan, Bukidnon, Northern Mindanao, Philippines",T40 Drone 2,Spraying,0.3,1.1,01:50,other,UTPL,default team,,R5540558110,26.0,13.0,,MKAVI1 T40 RPU028B_SEP_2024_ManualMode__flight_record.csv
2024-09-21 07:34:16-07:36:13,"Baclayon, Lantapan, Bukidnon, Northern Mindanao, Philippines",T40 Drone 2,Spraying,1.17,2.44,01:57,other,UTPL,default team,,R4579475854,43.0,29.0,,MKAVI1 T40 RPU028B_SEP_2024_ManualMode__flight_record.csv
2024-09-21 07:32:39-07:33:10,"Baclayon, Lantapan, Bukidnon, Northern Mindanao, Philippines",T40 Drone 2,Spraying,0.58,1.7,00:30,other,UTPL,default team,,R4539430760,56.0,51.0,,MKAVI1 T40 RPU028B_SEP_2024_ManualMode__flight_record.csv
2024-09-21 07:31:13-07:31:42,"Baclayon, Lantapan, Bukidnon, Northern Mindanao, Philippines",T40 Drone 2,Spraying,0.61,1.85,00:28,other,UTPL,default team,,R4499385666,72.0,66.0,,MKAVI1 T40 RPU028B_SEP_2024_ManualMode__flight_record.csv
2024-09-21 07:28:59-07:30:30,"Baclayon, Lantapan, Bukidnon, Northern Mindanao, Philippines",T40 Drone 2,Spraying,2.84,3.97,01:31,other,UTPL,default team,,R4459340572,100.0,80.0,,MKAVI1 T40 RPU028B_SEP_2024_ManualMode__flight_record.csv
2024-09-21 07:24:46-07:26:33,"Baclayon, Lantapan, Bukidnon, Northern Mindanao, Philippines",T40 Drone 2,Spraying,0.85,3.59,01:47,other,UTPL,default team,,R4239092555,29.0,15.0,,MKAVI1 T40 RPU028B_SEP_2024_ManualMode__flight_record.csv
2024-09-21 07:23:21-07:23:43,"Baclayon, Lantapan, Bukidnon, Northern Mindanao, Philippines",T40 Drone 2,Spraying,0.81,1.4,00:21,other,UTPL,default team,,R4159002367,42.0,38.0,,MKAVI1 T40 RPU028B_SEP_2024_ManualMode__flight_record.csv
2024-09-21 07:22:15-07:22:34,"Baclayon, Lantapan, Bukidnon, Northern Mindanao, Philippines",T40 Drone 2,Spraying,0.49,1.15,00:18,other,UTPL,default team,,R4098934726,54.0,50.0,,MKAVI1 T40 RPU028B_SEP_2024_ManualMode__flight_record.csv
2024-09-21 07:20:58-07:21:21,"Baclayon, Lantapan, Bukidnon, Northern Mindanao, Philippines",T40 Drone 2,Spraying,0.68,1.6,00:22,other,UTPL,default team,,R3978799444,71.0,65.0,,MKAVI1 T40 RPU028B_SEP_2024_ManualMode__flight_record.csv
2024-09-21 07:14:09-07:15:44,"Baclayon, Lantapan, Bukidnon, Northern Mindanao, Philippines",T40 Drone 2,Spraying,0.54,1.54,01:35,other,UTPL,default team,,R3498258316,18.0,7.0,,MKAVI1 T40 RPU028B_SEP_2024_ManualMode__flight_record.csv
2024-09-21 07:10:30-07:10:54,"Baclayon, Lantapan, Bukidnon, Northern Mindanao, Philippines",T40 Drone 2,Spraying,0.77,1.55,00:23,other,UTPL,default team,,R3418168128,51.0,47.0,,MKAVI1 T40 RPU028B_SEP_2024_ManualMode__flight_record.csv
2024-09-21 06:49:10-06:52:12,"Alanib, Lantapan, Bukidnon, Northern Mindanao, Philippines",T40 Drone 2,Spraying,7.67,8.86,03:01,other,UTPL,default team,,R3077784829,56.0,34.0,,MKAVI1 T40 RPU028B_SEP_2024_ManualMode__flight_record.csv
2024-09-21 06:41:12-06:42:38,"Alanib, Lantapan, Bukidnon, Northern Mindanao, Philippines",T40 Drone 2,Spraying,1.77,1.5,01:25,other,UTPL,default team,,R2617266248,36.0,27.0,,MKAVI1 T40 RPU028B_SEP_2024_ManualMode__flight_record.csv
2024-09-20 07:46:07-07:47:37,"Lantapan, Bukidnon, Northern Mindanao, Philippines",T40 Drone 2,Spraying,1.7,2.19,01:30,other,UTPL,default team,,R1816364368,50.0,39.0,,MKAVI1 T40 RPU028B_SEP_2024_ManualMode__flight_record.csv
2024-09-20 07:22:46-07:24:19,"Lantapan, Bukidnon, Northern Mindanao, Philippines",T40 Drone 2,Spraying,0.26,0.76,01:32,other,UTPL,default team,,R1656183992,33.0,23.0,,MKAVI1 T40 RPU028B_SEP_2024_ManualMode__flight_record.csv
2024-09-19 16:24:54-16:25:59,"Alanib, Lantapan, Bukidnon, Northern Mindanao, Philippines",T40 Drone 2,Spraying,0.94,0.69,01:04,other,UTPL,default team,,R0855282112,27.0,20.0,,MKAVI1 T40 RPU028B_SEP_2024_ManualMode__flight_record.csv
2024-09-19 16:14:00-16:15:03,"Alanib, Lantapan, Bukidnon, Northern Mindanao, Philippines",T40 Drone 2,Spraying,0.2,0.06,01:03,other,UTPL,default team,,R0394763531,34.0,27.0,,MKAVI1 T40 RPU028B_SEP_2024_ManualMode__flight_record.csv
2024-09-19 06:42:56-06:43:54,"Kaatuan, Lantapan, Bukidnon, Northern Mindanao, Philippines",T40 Drone 2,Spraying,0.24,0.43,00:57,other,UTPL,default team,,R7989169402,24.0,18.0,,MKAVI1 T40 RPU028B_SEP_2024_ManualMode__flight_record.csv
2024-09-18 17:04:33-17:05:25,"Alanib, Lantapan, Bukidnon, Northern Mindanao, Philippines",T40 Drone 2,Spraying,0.09,0.05,00:51,other,UTPL,default team,,R6887929317,61.0,56.0,,MKAVI1 T40 RPU028B_SEP_2024_ManualMode__flight_record.csv
2024-09-18 16:26:21-16:27:57,"Alanib, Lantapan, Bukidnon, Northern Mindanao, Philippines",T40 Drone 2,Spraying,1.77,1.77,01:36,other,UTPL,default team,,R5926847061,100.0,80.0,,MKAVI1 T40 RPU028B_SEP_2024_ManualMode__flight_record.csv
2024-09-18 16:22:33-16:23:45,"Alanib, Lantapan, Bukidnon, Northern Mindanao, Philippines",T40 Drone 2,Spraying,0.19,0.17,01:11,other,UTPL,default team,,R5726621591,37.0,30.0,,MKAVI1 T40 RPU028B_SEP_2024_ManualMode__flight_record.csv
2024-09-18 08:12:09-08:15:56,"Purok 1, Balila, Lantapan, Bukidnon, Northern Mindanao, Philippines",T40 Drone 2,Spraying,5.81,6.41,03:47,other,UTPL,default team,,R4665426600,100.0,66.0,,MKAVI1 T40 RPU028B_SEP_2024_ManualMode__flight_record.csv
2024-09-18 08:07:57-08:10:08,"Purok 1, Balila, Lantapan, Bukidnon, Northern Mindanao, Philippines",T40 Drone 2,Spraying,2.99,2.95,02:11,other,UTPL,default team,,R4525268771,53.0,37.0,,MKAVI1 T40 RPU028B_SEP_2024_ManualMode__flight_record.csv
2024-09-18 07:45:40-07:47:45,"Valencia-Lantapan Road, Purok 1, Balila, Lantapan, Bukidnon, Northern Mindanao, Philippines",T40 Drone 2,Spraying,2.65,2.36,02:04,other,UTPL,default team,,R4124817831,42.0,28.0,,MKAVI1 T40 RPU028B_SEP_2024_ManualMode__flight_record.csv
2024-09-18 07:44:14-07:44:34,"Valencia-Lantapan Road, Purok 1, Balila, Lantapan, Bukidnon, Northern Mindanao, Philippines",T40 Drone 2,Spraying,0.68,1.18,00:19,other,UTPL,default team,,R4084772737,54.0,50.0,,MKAVI1 T40 RPU028B_SEP_2024_ManualMode__flight_record.csv
2024-09-18 07:42:26-07:42:48,"Valencia-Lantapan Road, Purok 1, Balila, Lantapan, Bukidnon, Northern Mindanao, Philippines",T40 Drone 2,Spraying,0.64,1.16,00:21,other,UTPL,default team,,R4024705096,70.0,66.0,,MKAVI1 T40 RPU028B_SEP_2024_ManualMode__flight_record.csv
2024-09-18 07:36:19-07:37:50,"Valencia-Lantapan Road, Purok 1, Balila, Lantapan, Bukidnon, Northern Mindanao, Philippines",T40 Drone 2,Spraying,1.92,1.19,01:31,other,UTPL,default team,,R3764411985,29.0,20.0,,MKAVI1 T40 RPU028B_SEP_2024_ManualMode__flight_record.csv
2024-09-18 07:05:59-07:07:36,"Valencia-Lantapan Road, Purok 1, Balila, Lantapan, Bukidnon, Northern Mindanao, Philippines",T40 Drone 2,Spraying,0.37,0.3,01:37,other,UTPL,default team,,R2863397370,37.0,26.0,,MKAVI1 T40 RPU028B_SEP_2024_ManualMode__flight_record.csv
2024-09-17 08:31:49-08:34:25,"Lantapan, Bukidnon, Northern Mindanao, Philippines",T40 Drone 2,Spraying,3.71,6.72,02:36,other,UTPL,default team,,R2162608225,56.0,34.0,,MKAVI1 T40 RPU028B_SEP_2024_ManualMode__flight_record.csv
2024-09-17 08:25:51-08:30:05,"Lantapan, Bukidnon, Northern Mindanao, Philippines",T40 Drone 2,Spraying,7.61,11.63,04:14,other,UTPL,default team,,R2062495490,99.0,57.0,,MKAVI1 T40 RPU028B_SEP_2024_ManualMode__flight_record.csv
2024-09-17 08:09:41-08:14:39,"Songco, Lantapan, Bukidnon, Northern Mindanao, Philippines",T40 Drone 2,Spraying,6.99,9.1,04:58,other,UTPL,default team,,R1682067097,99.0,59.0,,MKAVI1 T40 RPU028B_SEP_2024_ManualMode__flight_record.csv
2024-09-17 08:03:56-08:06:58,"Songco, Lantapan, Bukidnon, Northern Mindanao, Philippines",T40 Drone 2,Spraying,3.27,5.36,03:01,other,UTPL,default team,,R1541909268,41.0,17.0,,MKAVI1 T40 RPU028B_SEP_2024_ManualMode__flight_record.csv
2024-09-17 07:54:42-07:56:15,"Songco, Lantapan, Bukidnon, Northern Mindanao, Philippines",T40 Drone 2,Spraying,1.38,1.33,01:32,other,UTPL,default team,,R0961255405,30.0,20.0,,MKAVI1 T40 RPU028B_SEP_2024_ManualMode__flight_record.csv
2024-09-17 07:30:02-07:34:33,"Alanib, Lantapan, Bukidnon, Northern Mindanao, Philippines",T40 Drone 2,Spraying,3.71,11.76,04:30,other,UTPL,default team,,R0040218243,62.0,21.0,,MKAVI1 T40 RPU028B_SEP_2024_ManualMode__flight_record.csv
2024-09-17 07:23:28-07:25:16,"Alanib, Lantapan, Bukidnon, Northern Mindanao, Philippines",T40 Drone 2,Spraying,1.02,1.23,01:47,other,UTPL,default team,,R7534511379,20.0,7.0,,MKAVI1 T40 RPU028B_SEP_2024_ManualMode__flight_record.csv
2024-09-16 16:11:55-16:13:26,"Lantapan, Bukidnon, Northern Mindanao, Philippines",T40 Drone 2,Spraying,0.76,1.68,01:31,other,UTPL,default team,,R2729100099,25.0,14.0,,MKAVI1 T40 RPU028B_SEP_2024_ManualMode__flight_record.csv
2024-09-16 15:54:46-15:56:15,"Lantapan, Bukidnon, Northern Mindanao, Philippines",T40 Drone 2,Spraying,0.93,2.26,01:29,other,UTPL,default team,,R2288604065,28.0,17.0,,MKAVI1 T40 RPU028B_SEP_2024_ManualMode__flight_record.csv
2024-09-14 17:29:49-17:34:50,"Lantapan, Bukidnon, Northern Mindanao, Philippines",T40 Drone 2,Spraying,7.68,9.19,05:01,other,UTPL,default team,,R1777569296,100.0,57.0,,MKAVI1 T40 RPU028B_SEP_2024_ManualMode__flight_record.csv
2024-09-14 17:26:12-17:27:33,"Lantapan, Bukidnon, Northern Mindanao, Philippines",T40 Drone 2,Spraying,1.75,1.91,01:21,other,UTPL,default team,,R1737524202,43.0,32.0,,MKAVI1 T40 RPU028B_SEP_2024_ManualMode__flight_record.csv
2024-09-14 17:00:52-17:01:47,"Lantapan, Bukidnon, Northern Mindanao, Philippines",T40 Drone 2,Spraying,0.64,0.39,00:55,other,UTPL,default team,,R1597366373,79.0,72.0,,MKAVI1 T40 RPU028B_SEP_2024_ManualMode__flight_record.csv
2024-09-13 07:39:49-07:41:11,"Lantapan, Bukidnon, Northern Mindanao, Philippines",T40 Drone 2,Spraying,1.58,1.76,01:22,other,UTPL,default team,,R1256983074,73.0,64.0,,MKAVI1 T40 RPU028B_SEP_2024_ManualMode__flight_record.csv
2024-09-13 06:39:24-06:40:45,"Baclayon, Lantapan, Bukidnon, Northern Mindanao, Philippines",T40 Drone 2,Spraying,2.87,2.2,01:20,other,UTPL,default team,,R0896577228,40.0,31.0,,MKAVI1 T40 RPU028B_SEP_2024_ManualMode__flight_record.csv
2024-09-13 06:09:03-06:09:48,"Baclayon, Lantapan, Bukidnon, Northern Mindanao, Philippines",T40 Drone 2,Spraying,0.79,0.37,00:44,other,UTPL,default team,,R0656306664,46.0,42.0,,MKAVI1 T40 RPU028B_SEP_2024_ManualMode__flight_record.csv
2024-09-12 08:58:23-09:01:46,"Lantapan, Bukidnon, Northern Mindanao, Philippines",T40 Drone 2,Spraying,5.34,8.37,03:22,other,UTPL,default team,,R0436058647,64.0,36.0,,MKAVI1 T40 RPU028B_SEP_2024_ManualMode__flight_record.csv
2024-09-12 08:51:03-08:52:29,"Lantapan, Bukidnon, Northern Mindanao, Philippines",T40 Drone 2,Spraying,1.19,1.6,01:26,other,UTPL,default team,,R0375991006,45.0,36.0,,MKAVI1 T40 RPU028B_SEP_2024_ManualMode__flight_record.csv
2024-09-12 08:30:30-08:34:57,"Lantapan, Bukidnon, Northern Mindanao, Philippines",T40 Drone 2,Spraying,15.7,7.26,04:27,other,UTPL,default team,,R0315923365,63.0,27.0,,MKAVI1 T40 RPU028B_SEP_2024_ManualMode__flight_record.csv
2024-09-12 08:27:16-08:28:08,"Lantapan, Bukidnon, Northern Mindanao, Philippines",T40 Drone 2,Spraying,1.26,0.59,00:52,other,UTPL,default team,,R0255855724,100.0,89.0,,MKAVI1 T40 RPU028B_SEP_2024_ManualMode__flight_record.csv
2024-09-12 08:18:44-08:19:34,"Lantapan, Bukidnon, Northern Mindanao, Philippines",T40 Drone 2,Spraying,0.99,0.72,00:49,other,UTPL,default team,,R0175765536,61.0,51.0,,MKAVI1 T40 RPU028B_SEP_2024_ManualMode__flight_record.csv
2024-09-12 07:49:49-07:51:06,"Lantapan, Bukidnon, Northern Mindanao, Philippines",T40 Drone 2,Spraying,1.35,1.28,01:16,other,UTPL,default team,,R8551050740,71.0,62.0,,MKAVI1 T40 RPU028B_SEP_2024_ManualMode__flight_record.csv
2024-09-12 03:11:10-03:13:06,"San Carlos, Valencia, Bukidnon, Northern Mindanao, Philippines",T40 Drone 2,Spraying,1.63,1.52,01:56,other,UTPL,default team,,R8190644894,67.0,54.0,,MKAVI1 T40 RPU028B_SEP_2024_ManualMode__flight_record.csv
2024-09-11 07:34:45-07:36:20,"Lantapan, Bukidnon, Northern Mindanao, Philippines",T40 Drone 2,Spraying,1.85,1.94,01:35,other,UTPL,default team,,R7569945937,50.0,38.0,,MKAVI1 T40 RPU028B_SEP_2024_ManualMode__flight_record.csv
2024-09-11 07:09:51-07:11:35,"Lantapan, Bukidnon, Northern Mindanao, Philippines",T40 Drone 2,Spraying,1.25,2.93,01:44,other,UTPL,default team,,R7509878296,53.0,41.0,,MKAVI1 T40 RPU028B_SEP_2024_ManualMode__flight_record.csv
2024-09-11 02:10:26-02:11:19,"Dabongdabong, Valencia, Bukidnon, Northern Mindanao, Philippines",T40 Drone 2,Spraying,0.28,3.37,00:52,other,UTPL,default team,,R7169494997,42.0,36.0,,MKAVI1 T40 RPU028B_SEP_2024_ManualMode__flight_record.csv
2024-09-11 01:04:04-01:05:09,"Valencia-Lantapan Road, San Carlos, Valencia, Bukidnon, Northern Mindanao, 8709088, Philippines",T40 Drone 2,Spraying,1.07,4.75,01:05,other,UTPL,default team,,R6929224433,45.0,38.0,,MKAVI1 T40 RPU028B_SEP_2024_ManualMode__flight_record.csv
2024-09-10 08:38:12-08:39:27,"Kaatuan, Lantapan, Bukidnon, Northern Mindanao, Philippines",T40 Drone 2,Spraying,1.92,1.65,01:14,other,UTPL,default team,,R7733158258,24.0,15.0,,MKAVI1 T40 RPU028B_SEP_2024_ManualMode__flight_record.csv
2024-09-10 08:13:49-08:17:47,"Kaatuan, Lantapan, Bukidnon, Northern Mindanao, Philippines",T40 Drone 2,Spraying,1.89,5.44,03:58,other,UTPL,default team,,R7633045523,47.0,13.0,,MKAVI1 T40 RPU028B_SEP_2024_ManualMode__flight_record.csv
2024-09-10 07:28:50-07:30:33,"Lantapan, Bukidnon, Northern Mindanao, Philippines",T40 Drone 2,Spraying,1.69,3.81,01:43,other,UTPL,default team,,R7472865147,61.0,48.0,,MKAVI1 T40 RPU028B_SEP_2024_ManualMode__flight_record.csv
2024-09-10 06:55:48-06:58:19,"Lantapan, Bukidnon, Northern Mindanao, Philippines",T40 Drone 2,Spraying,3.35,3.99,02:30,other,UTPL,default team,,R7312684771,42.0,20.0,,MKAVI1 T40 RPU028B_SEP_2024_ManualMode__flight_record.csv
2024-09-10 03:25:55-03:26:53,"Dabongdabong, Valencia, Bukidnon, Northern Mindanao, Philippines",T40 Drone 2,Spraying,0.63,2.27,00:57,other,UTPL,default team,,R6992324019,33.0,26.0,,MKAVI1 T40 RPU028B_SEP_2024_ManualMode__flight_record.csv
2024-09-10 02:09:20-02:10:09,"Dabongdabong, Valencia, Bukidnon, Northern Mindanao, Philippines",T40 Drone 2,Spraying,0.05,0.55,00:48,other,UTPL,default team,,R6792098549,74.0,69.0,,MKAVI1 T40 RPU028B_SEP_2024_ManualMode__flight_record.csv
2024-09-09 08:39:21-08:42:51,"Songco, Lantapan, Bukidnon, Northern Mindanao, Philippines",T40 Drone 2,Spraying,5.99,4.9,03:30,other,UTPL,default team,,R7373192713,100.0,75.0,,MKAVI1 T40 RPU028B_SEP_2024_ManualMode__flight_record.csv
2024-09-09 08:36:24-08:37:48,"Songco, Lantapan, Bukidnon, Northern Mindanao, Philippines",T40 Drone 2,Spraying,2.2,1.48,01:23,other,UTPL,default team,,R7313125072,42.0,33.0,,MKAVI1 T40 RPU028B_SEP_2024_ManualMode__flight_record.csv
2024-09-09 08:18:44-08:20:19,"Songco, Lantapan, Bukidnon, Northern Mindanao, Philippines",T40 Drone 2,Spraying,0.66,1.44,01:34,other,UTPL,default team,,R7072854508,31.0,20.0,,MKAVI1 T40 RPU028B_SEP_2024_ManualMode__flight_record.csv
2024-09-09 07:53:46-07:54:58,"Songco, Lantapan, Bukidnon, Northern Mindanao, Philippines",T40 Drone 2,Spraying,0.93,0.88,01:11,other,UTPL,default team,,R6732471209,16.0,8.0,,MKAVI1 T40 RPU028B_SEP_2024_ManualMode__flight_record.csv
2024-09-09 07:50:06-07:50:39,"Songco, Lantapan, Bukidnon, Northern Mindanao, Philippines",T40 Drone 2,Spraying,1.09,0.54,00:32,other,UTPL,default team,,R6632358474,49.0,44.0,,MKAVI1 T40 RPU028B_SEP_2024_ManualMode__flight_record.csv
2024-09-08 06:43:02-06:48:01,"Lantapan, Bukidnon, Northern Mindanao, Philippines",T40 Drone 2,Spraying,4.35,8.79,04:59,other,UTPL,default team,,R0368025358,97.0,52.0,,MKAVI1 T40 RPU028B_SEP_2024_ManualMode__flight_record.csv
2024-09-07 17:03:15-17:09:18,"Lantapan, Bukidnon, Northern Mindanao, Philippines",T40 Drone 2,Spraying,3.72,5.73,06:03,other,UTPL,default team,,R0207844982,100.0,47.0,,MKAVI1 T40 RPU028B_SEP_2024_ManualMode__flight_record.csv
2024-09-07 16:23:55-16:25:07,"Lantapan, Bukidnon, Northern Mindanao, Philippines",T40 Drone 2,Spraying,1.81,1.39,01:12,other,UTPL,default team,,R8042521417,69.0,61.0,,MKAVI1 T40 RPU028B_SEP_2024_ManualMode__flight_record.csv
2024-09-07 07:26:45-07:30:50,"Lantapan, Bukidnon, Northern Mindanao, Philippines",T40 Drone 2,Spraying,3.3,4.47,04:05,other,UTPL,default team,,R2701330855,100.0,68.0,,MKAVI1 T40 RPU028B_SEP_2024_ManualMode__flight_record.csv
2024-09-07 07:22:38-07:24:22,"Lantapan, Bukidnon, Northern Mindanao, Philippines",T40 Drone 2,Spraying,2.41,1.84,01:43,other,UTPL,default team,,R2461060291,56.0,43.0,,MKAVI1 T40 RPU028B_SEP_2024_ManualMode__flight_record.csv
2024-09-07 05:57:40-05:58:24,"Baclayon, Lantapan, Bukidnon, Northern Mindanao, Philippines",T40 Drone 2,Spraying,0.36,0.28,00:43,other,UTPL,default team,,R1099527095,36.0,32.0,,MKAVI1 T40 RPU028B_SEP_2024_ManualMode__flight_record.csv
2024-09-06 16:13:29-16:15:22,"Lantapan, Bukidnon, Northern Mindanao, Philippines",T40 Drone 2,Spraying,1.79,2.42,01:53,other,UTPL,default team,,R0098399745,54.0,39.0,,MKAVI1 T40 RPU028B_SEP_2024_ManualMode__flight_record.csv
2024-09-06 09:06:07-09:07:19,"Lantapan, Bukidnon, Northern Mindanao, Philippines",T40 Drone 2,Spraying,1.04,0.89,01:11,other,UTPL,default team,,R8033188915,40.0,31.0,,MKAVI1 T40 RPU028B_SEP_2024_ManualMode__flight_record.csv
2024-10-31 16:48:01-16:48:51,"Lantapan, Bukidnon, Northern Mindanao, Philippines",T40 Drone 2,Spraying,0.08,0.71,00:49,other,UTPL,default team,,R2643448479,24.0,18.0,,MKAVI1 T40 RPU028B_OCT_2024_ManualMode__flight_record.csv
2024-10-31 16:27:01-16:28:23,"Lantapan, Bukidnon, Northern Mindanao, Philippines",T40 Drone 2,Spraying,1.33,3.43,01:22,other,UTPL,default team,,R2283042633,55.0,45.0,,MKAVI1 T40 RPU028B_OCT_2024_ManualMode__flight_record.csv
2024-10-31 15:57:37-15:58:42,"Lantapan, Bukidnon, Northern Mindanao, Philippines",T40 Drone 2,Spraying,0.14,0.66,01:05,other,UTPL,default team,,R1422073112,34.0,26.0,,MKAVI1 T40 RPU028B_OCT_2024_ManualMode__flight_record.csv
2024-10-31 08:00:22-08:05:11,"Purok 1, Balila, Lantapan, Bukidnon, Northern Mindanao, Philippines",T40 Drone 2,Spraying,5.58,19.55,04:49,other,UTPL,default team,,R1121734907,100.0,60.0,,MKAVI1 T40 RPU028B_OCT_2024_ManualMode__flight_record.csv
2024-10-31 07:56:38-07:58:22,"Purok 1, Balila, Lantapan, Bukidnon, Northern Mindanao, Philippines",T40 Drone 2,Spraying,1.85,5.79,01:43,other,UTPL,default team,,R0581126138,46.0,32.0,,MKAVI1 T40 RPU028B_OCT_2024_ManualMode__flight_record.csv
2024-10-31 07:55:11-07:55:32,"Purok 1, Balila, Lantapan, Bukidnon, Northern Mindanao, Philippines",T40 Drone 2,Spraying,0.65,1.82,00:20,other,UTPL,default team,,R0541081044,60.0,56.0,,MKAVI1 T40 RPU028B_OCT_2024_ManualMode__flight_record.csv
2024-10-31 07:37:18-07:39:00,"Valencia-Lantapan Road, Purok 1, Balila, Lantapan, Bukidnon, Northern Mindanao, Philippines",T40 Drone 2,Spraying,2.08,2.38,01:41,other,UTPL,default team,,R8415802573,42.0,32.0,,MKAVI1 T40 RPU028B_OCT_2024_ManualMode__flight_record.csv
2024-10-31 07:31:32-07:33:15,"Valencia-Lantapan Road, Purok 1, Balila, Lantapan, Bukidnon, Northern Mindanao, Philippines",T40 Drone 2,Spraying,2.64,7.17,01:43,other,UTPL,default team,,R8315689838,100.0,78.0,,MKAVI1 T40 RPU028B_OCT_2024_ManualMode__flight_record.csv
2024-10-31 07:28:13-07:29:33,"Valencia-Lantapan Road, Purok 1, Balila, Lantapan, Bukidnon, Northern Mindanao, Philippines",T40 Drone 2,Spraying,1.42,1.91,01:19,other,UTPL,default team,,R7875193804,31.0,23.0,,MKAVI1 T40 RPU028B_OCT_2024_ManualMode__flight_record.csv
2024-10-31 02:27:43-02:29:00,"Valencia-Lantapan Road, San Carlos, Valencia, Bukidnon, Northern Mindanao, 8709088, Philippines",T40 Drone 2,Spraying,1.96,4.12,01:16,other,UTPL,default team,,R1292208277,24.0,15.0,,MKAVI1 T40 RPU028B_OCT_2024_ManualMode__flight_record.csv
2024-10-31 01:11:21-01:12:06,"Dabongdabong, Valencia, Bukidnon, Northern Mindanao, Philippines",T40 Drone 2,Spraying,2.1,1.39,00:45,other,UTPL,default team,,R0251035833,20.0,16.0,,MKAVI1 T40 RPU028B_OCT_2024_ManualMode__flight_record.csv
2024-10-30 16:40:25-16:46:52,"Lantapan, Bukidnon, Northern Mindanao, Philippines",T40 Drone 2,Spraying,8.85,15.18,06:27,other,UTPL,default team,,R6123502662,100.0,50.0,,MKAVI1 T40 RPU028B_OCT_2024_ManualMode__flight_record.csv
2024-10-30 16:35:21-16:36:54,"Lantapan, Bukidnon, Northern Mindanao, Philippines",T40 Drone 2,Spraying,1.76,3.6,01:33,other,UTPL,default team,,R5983344833,36.0,27.0,,MKAVI1 T40 RPU028B_OCT_2024_ManualMode__flight_record.csv
2024-10-30 08:41:24-08:42:59,"Alanib, Lantapan, Bukidnon, Northern Mindanao, Philippines",T40 Drone 2,Spraying,0.29,0.95,01:34,other,UTPL,default team,,R5222488047,44.0,35.0,,MKAVI1 T40 RPU028B_OCT_2024_ManualMode__flight_record.csv
2024-10-30 08:34:47-08:36:30,"Alanib, Lantapan, Bukidnon, Northern Mindanao, Philippines",T40 Drone 2,Spraying,2.17,6.55,01:43,other,UTPL,default team,,R5082330218,100.0,80.0,,MKAVI1 T40 RPU028B_OCT_2024_ManualMode__flight_record.csv
2024-10-30 08:31:07-08:32:29,"Alanib, Lantapan, Bukidnon, Northern Mindanao, Philippines",T40 Drone 2,Spraying,0.89,2.15,01:22,other,UTPL,default team,,R4942172389,45.0,36.0,,MKAVI1 T40 RPU028B_OCT_2024_ManualMode__flight_record.csv
2024-10-30 08:13:44-08:14:56,"Alanib, Lantapan, Bukidnon, Northern Mindanao, Philippines",T40 Drone 2,Spraying,0.31,0.6,01:12,other,UTPL,default team,,R4681879278,41.0,33.0,,MKAVI1 T40 RPU028B_OCT_2024_ManualMode__flight_record.csv
2024-10-30 08:12:27-08:12:44,"Alanib, Lantapan, Bukidnon, Northern Mindanao, Philippines",T40 Drone 2,Spraying,0.82,0.97,00:17,other,UTPL,default team,,R4641834184,50.0,48.0,,MKAVI1 T40 RPU028B_OCT_2024_ManualMode__flight_record.csv
2024-10-30 07:26:49-07:29:12,"Aglayan - Alanib - Ticalaan Road, Purok 1, Babahagon, Balila, Lantapan, Bukidnon, Northern Mindanao, Philippines",T40 Drone 2,Spraying,3.12,6.78,02:23,other,UTPL,default team,,R4241383244,67.0,53.0,,MKAVI1 T40 RPU028B_OCT_2024_ManualMode__flight_record.csv
2024-10-30 07:02:07-07:03:09,"Aglayan - Alanib - Ticalaan Road, Purok 1, Babahagon, Balila, Lantapan, Bukidnon, Northern Mindanao, Philippines",T40 Drone 2,Spraying,0.58,0.66,01:01,other,UTPL,default team,,R3941045039,43.0,37.0,,MKAVI1 T40 RPU028B_OCT_2024_ManualMode__flight_record.csv
2024-10-30 01:25:35-01:26:28,"Dabongdabong, Valencia, Bukidnon, Northern Mindanao, Philippines",T40 Drone 2,Spraying,0.7,0.74,00:53,other,UTPL,default team,,R2799759860,38.0,33.0,,MKAVI1 T40 RPU028B_OCT_2024_ManualMode__flight_record.csv
2024-10-29 21:57:03-21:59:28,"Dabongdabong, Valencia, Bukidnon, Northern Mindanao, Philippines",T40 Drone 2,Spraying,3.9,11.89,02:24,other,UTPL,default team,,R1197956100,64.0,48.0,,MKAVI1 T40 RPU028B_OCT_2024_ManualMode__flight_record.csv
2024-10-29 18:01:37-18:05:39,"Lantapan, Bukidnon, Northern Mindanao, Philippines",T40 Drone 2,Spraying,5.63,19.04,04:02,other,UTPL,default team,,R0657347331,99.0,63.0,,MKAVI1 T40 RPU028B_OCT_2024_ManualMode__flight_record.csv
2024-10-29 17:47:52-17:50:38,"Songco, Lantapan, Bukidnon, Northern Mindanao, Philippines",T40 Drone 2,Spraying,4.21,9.25,02:45,other,UTPL,default team,,R0577257143,48.0,27.0,,MKAVI1 T40 RPU028B_OCT_2024_ManualMode__flight_record.csv
2024-10-29 17:18:08-17:20:17,"Alanib, Lantapan, Bukidnon, Northern Mindanao, Philippines",T40 Drone 2,Spraying,1.17,5.79,02:08,other,UTPL,default team,,R0176806203,53.0,39.0,,MKAVI1 T40 RPU028B_OCT_2024_ManualMode__flight_record.csv
2024-10-29 17:16:58-17:17:19,"Alanib, Lantapan, Bukidnon, Northern Mindanao, Philippines",T40 Drone 2,Spraying,0.56,1.34,00:20,other,UTPL,default team,,R0096716015,63.0,60.0,,MKAVI1 T40 RPU028B_OCT_2024_ManualMode__flight_record.csv
2024-10-29 17:15:53-17:16:14,"Alanib, Lantapan, Bukidnon, Northern Mindanao, Philippines",T40 Drone 2,Spraying,0.52,2.07,00:20,other,UTPL,default team,,R0016625827,72.0,69.0,,MKAVI1 T40 RPU028B_OCT_2024_ManualMode__flight_record.csv
2024-10-29 17:10:04-17:12:02,"Alanib, Lantapan, Bukidnon, Northern Mindanao, Philippines",T40 Drone 2,Spraying,1.88,4.24,01:58,other,UTPL,default team,,R8391911031,38.0,24.0,,MKAVI1 T40 RPU028B_OCT_2024_ManualMode__flight_record.csv
2024-10-29 16:53:26-16:54:09,"Alanib, Lantapan, Bukidnon, Northern Mindanao, Philippines",T40 Drone 2,Spraying,0.7,1.71,00:43,other,UTPL,default team,,R8131617920,95.0,86.0,,MKAVI1 T40 RPU028B_OCT_2024_ManualMode__flight_record.csv
2024-10-28 22:35:18-22:37:10,"Valencia, Bukidnon, Northern Mindanao, Philippines",T40 Drone 2,Spraying,6.42,7.88,01:52,other,UTPL,default team,,R6449723972,53.0,39.0,,MKAVI1 T40 RPU028B_OCT_2024_ManualMode__flight_record.csv
2024-10-28 21:28:14-21:30:49,"Valencia, Bukidnon, Northern Mindanao, Philippines",T40 Drone 2,Spraying,5.88,7.25,02:35,other,UTPL,default team,,R6129363220,33.0,12.0,,MKAVI1 T40 RPU028B_OCT_2024_ManualMode__flight_record.csv
2024-10-28 20:56:13-20:58:17,"Dabongdabong, Valencia, Bukidnon, Northern Mindanao, Philippines",T40 Drone 2,Spraying,6.42,11.73,02:03,other,UTPL,default team,,R5989205391,62.0,47.0,,MKAVI1 T40 RPU028B_OCT_2024_ManualMode__flight_record.csv
2024-10-28 07:11:56-07:14:02,"Kaatuan, Lantapan, Bukidnon, Northern Mindanao, Philippines",T40 Drone 2,Spraying,0.66,1.62,02:06,other,UTPL,default team,,R5788979921,45.0,31.0,,MKAVI1 T40 RPU028B_OCT_2024_ManualMode__flight_record.csv
2024-10-27 07:17:02-07:21:56,"Alanib, Lantapan, Bukidnon, Northern Mindanao, Philippines",T40 Drone 2,Spraying,1.67,13.97,04:54,other,UTPL,default team,,R5408551528,97.0,57.0,,MKAVI1 T40 RPU028B_OCT_2024_ManualMode__flight_record.csv
2024-10-26 07:44:56-07:49:50,"Lantapan, Bukidnon, Northern Mindanao, Philippines",T40 Drone 2,Spraying,3.35,21.97,04:54,other,UTPL,default team,,R5168280964,100.0,60.0,,MKAVI1 T40 RPU028B_OCT_2024_ManualMode__flight_record.csv
2024-10-26 07:41:54-07:43:01,"Lantapan, Bukidnon, Northern Mindanao, Philippines",T40 Drone 2,Spraying,0.46,1.77,01:06,other,UTPL,default team,,R5108213323,23.0,15.0,,MKAVI1 T40 RPU028B_OCT_2024_ManualMode__flight_record.csv
2024-10-26 07:18:32-07:19:51,"Lantapan, Bukidnon, Northern Mindanao, Philippines",T40 Drone 2,Spraying,0.16,0.47,01:18,other,UTPL,default team,,R5028123135,27.0,18.0,,MKAVI1 T40 RPU028B_OCT_2024_ManualMode__flight_record.csv
2024-10-26 07:09:50-07:10:43,"Lantapan, Bukidnon, Northern Mindanao, Philippines",T40 Drone 2,Spraying,0.74,3.37,00:53,other,UTPL,default team,,R4988078041,99.0,90.0,,MKAVI1 T40 RPU028B_OCT_2024_ManualMode__flight_record.csv
2024-10-25 07:07:03-07:08:48,"Lantapan, Bukidnon, Northern Mindanao, Philippines",T40 Drone 2,Spraying,2.03,6.6,01:44,other,UTPL,default team,,R4647694742,19.0,4.0,,MKAVI1 T40 RPU028B_OCT_2024_ManualMode__flight_record.csv
2024-10-25 06:39:55-06:46:26,"Lantapan, Bukidnon, Northern Mindanao, Philippines",T40 Drone 2,Spraying,7.35,31.99,06:31,other,UTPL,default team,,R4507536913,100.0,43.0,,MKAVI1 T40 RPU028B_OCT_2024_ManualMode__flight_record.csv
2024-10-25 06:36:21-06:37:38,"Lantapan, Bukidnon, Northern Mindanao, Philippines",T40 Drone 2,Spraying,0.94,4.51,01:17,other,UTPL,default team,,R4407424178,59.0,50.0,,MKAVI1 T40 RPU028B_OCT_2024_ManualMode__flight_record.csv
2024-10-24 17:11:39-17:13:41,"Baclayon, Lantapan, Bukidnon, Northern Mindanao, Philippines",T40 Drone 2,Spraying,1.27,6.05,02:01,other,UTPL,default team,,R3726657580,68.0,54.0,,MKAVI1 T40 RPU028B_OCT_2024_ManualMode__flight_record.csv
2024-10-24 07:26:14-07:30:04,"Lantapan, Bukidnon, Northern Mindanao, Philippines",T40 Drone 2,Spraying,3.97,24.46,03:49,other,UTPL,default team,,R3085936076,62.0,31.0,,MKAVI1 T40 RPU028B_OCT_2024_ManualMode__flight_record.csv
2024-10-24 07:23:12-07:24:06,"Lantapan, Bukidnon, Northern Mindanao, Philippines",T40 Drone 2,Spraying,0.42,2.78,00:54,other,UTPL,default team,,R3045890982,100.0,88.0,,MKAVI1 T40 RPU028B_OCT_2024_ManualMode__flight_record.csv
2024-10-24 07:17:43-07:20:12,"Lantapan, Bukidnon, Northern Mindanao, Philippines",T40 Drone 2,Spraying,2.29,7.46,02:28,other,UTPL,default team,,R2965800794,57.0,42.0,,MKAVI1 T40 RPU028B_OCT_2024_ManualMode__flight_record.csv
2024-10-24 06:58:45-07:01:39,"Lantapan, Bukidnon, Northern Mindanao, Philippines",T40 Drone 2,Spraying,3.95,17.72,02:54,other,UTPL,default team,,R2865688059,63.0,43.0,,MKAVI1 T40 RPU028B_OCT_2024_ManualMode__flight_record.csv
2024-10-24 06:55:06-06:56:38,"Lantapan, Bukidnon, Northern Mindanao, Philippines",T40 Drone 2,Spraying,2.25,5.31,01:32,other,UTPL,default team,,R2785597871,100.0,82.0,,MKAVI1 T40 RPU028B_OCT_2024_ManualMode__flight_record.csv
2024-10-24 06:52:31-06:53:23,"Lantapan, Bukidnon, Northern Mindanao, Philippines",T40 Drone 2,Spraying,0.95,0.88,00:51,other,UTPL,default team,,R2705507683,21.0,13.0,,MKAVI1 T40 RPU028B_OCT_2024_ManualMode__flight_record.csv
2024-10-24 06:49:59-06:50:14,"Lantapan, Bukidnon, Northern Mindanao, Philippines",T40 Drone 2,Spraying,0.54,0.73,00:14,other,UTPL,default team,,R2645440042,42.0,39.0,,MKAVI1 T40 RPU028B_OCT_2024_ManualMode__flight_record.csv
2024-10-24 06:47:43-06:48:11,"Lantapan, Bukidnon, Northern Mindanao, Philippines",T40 Drone 2,Spraying,0.48,0.98,00:27,other,UTPL,default team,,R2585372401,64.0,59.0,,MKAVI1 T40 RPU028B_OCT_2024_ManualMode__flight_record.csv
2024-10-24 06:40:12-06:40:41,"Lantapan, Bukidnon, Northern Mindanao, Philippines",T40 Drone 2,Spraying,1.74,2.02,00:28,other,UTPL,default team,,R2325079290,33.0,28.0,,MKAVI1 T40 RPU028B_OCT_2024_ManualMode__flight_record.csv
2024-10-24 06:38:47-06:39:04,"Lantapan, Bukidnon, Northern Mindanao, Philippines",T40 Drone 2,Spraying,0.79,1.37,00:16,other,UTPL,default team,,R2265011649,45.0,43.0,,MKAVI1 T40 RPU028B_OCT_2024_ManualMode__flight_record.csv
2024-10-24 06:05:25-06:07:47,"Songco, Lantapan, Bukidnon, Northern Mindanao, Philippines",T40 Drone 2,Spraying,4.44,14.09,02:21,other,UTPL,default team,,R2104831273,31.0,12.0,,MKAVI1 T40 RPU028B_OCT_2024_ManualMode__flight_record.csv
2024-10-24 05:45:20-05:48:00,"Songco, Lantapan, Bukidnon, Northern Mindanao, Philippines",T40 Drone 2,Spraying,1.73,8.39,02:40,other,UTPL,default team,,R1924628350,53.0,36.0,,MKAVI1 T40 RPU028B_OCT_2024_ManualMode__flight_record.csv
2024-10-24 05:43:47-05:44:16,"Songco, Lantapan, Bukidnon, Northern Mindanao, Philippines",T40 Drone 2,Spraying,0.55,4.1,00:28,other,UTPL,default team,,R1884583256,65.0,61.0,,MKAVI1 T40 RPU028B_OCT_2024_ManualMode__flight_record.csv
2024-10-24 05:42:29-05:42:55,"Songco, Lantapan, Bukidnon, Northern Mindanao, Philippines",T40 Drone 2,Spraying,0.56,3.69,00:25,other,UTPL,default team,,R1844538162,75.0,71.0,,MKAVI1 T40 RPU028B_OCT_2024_ManualMode__flight_record.csv
2024-10-24 05:40:27-05:41:44,"Songco, Lantapan, Bukidnon, Northern Mindanao, Philippines",T40 Drone 2,Spraying,1.63,7.0,01:17,other,UTPL,default team,,R1804493068,97.0,82.0,,MKAVI1 T40 RPU028B_OCT_2024_ManualMode__flight_record.csv
2024-10-24 05:35:41-05:38:01,"Songco, Lantapan, Bukidnon, Northern Mindanao, Philippines",T40 Drone 2,Spraying,1.22,13.61,02:19,other,UTPL,default team,,R1644312692,31.0,15.0,,MKAVI1 T40 RPU028B_OCT_2024_ManualMode__flight_record.csv
2024-10-24 05:34:29-05:34:46,"Songco, Lantapan, Bukidnon, Northern Mindanao, Philippines",T40 Drone 2,Spraying,0.52,1.93,00:16,other,UTPL,default team,,R1584245051,42.0,39.0,,MKAVI1 T40 RPU028B_OCT_2024_ManualMode__flight_record.csv
2024-10-24 05:31:15-05:31:37,"Songco, Lantapan, Bukidnon, Northern Mindanao, Philippines",T40 Drone 2,Spraying,0.52,1.43,00:21,other,UTPL,default team,,R1524177410,75.0,70.0,,MKAVI1 T40 RPU028B_OCT_2024_ManualMode__flight_record.csv
2024-10-24 05:29:29-05:30:15,"Songco, Lantapan, Bukidnon, Northern Mindanao, Philippines",T40 Drone 2,Spraying,0.75,1.5,00:46,other,UTPL,default team,,R1484132316,96.0,87.0,,MKAVI1 T40 RPU028B_OCT_2024_ManualMode__flight_record.csv
2024-10-24 05:25:43-05:27:21,"Songco, Lantapan, Bukidnon, Northern Mindanao, Philippines",T40 Drone 2,Spraying,0.8,6.18,01:37,other,UTPL,default team,,R1323951940,21.0,10.0,,MKAVI1 T40 RPU028B_OCT_2024_ManualMode__flight_record.csv
2024-10-24 05:23:57-05:24:21,"Songco, Lantapan, Bukidnon, Northern Mindanao, Philippines",T40 Drone 2,Spraying,1.69,1.93,00:23,other,UTPL,default team,,R1263884299,34.0,31.0,,MKAVI1 T40 RPU028B_OCT_2024_ManualMode__flight_record.csv
2024-10-24 05:17:27-05:18:27,"Songco, Lantapan, Bukidnon, Northern Mindanao, Philippines",T40 Drone 2,Spraying,1.89,4.08,01:00,other,UTPL,default team,,R1123726470,96.0,84.0,,MKAVI1 T40 RPU028B_OCT_2024_ManualMode__flight_record.csv
2024-10-23 07:59:18-08:00:39,"Alanib, Lantapan, Bukidnon, Northern Mindanao, Philippines",T40 Drone 2,Spraying,2.08,5.08,01:20,other,UTPL,default team,,R0943523547,30.0,22.0,,MKAVI1 T40 RPU028B_OCT_2024_ManualMode__flight_record.csv
2024-10-23 07:45:17-07:46:29,"Alanib, Lantapan, Bukidnon, Northern Mindanao, Philippines",T40 Drone 2,Spraying,1.44,3.01,01:11,other,UTPL,default team,,R0743298077,32.0,23.0,,MKAVI1 T40 RPU028B_OCT_2024_ManualMode__flight_record.csv
2024-10-22 03:15:54-03:18:56,"Valencia, Bukidnon, Northern Mindanao, Philippines",T40 Drone 2,Spraying,4.79,9.48,03:02,other,UTPL,default team,,R0603140248,83.0,66.0,,MKAVI1 T40 RPU028B_OCT_2024_ManualMode__flight_record.csv
2024-10-22 02:15:03-02:17:56,"Valencia, Bukidnon, Northern Mindanao, Philippines",T40 Drone 2,Spraying,4.88,12.85,02:52,other,UTPL,default team,,R0442959872,31.0,11.0,,MKAVI1 T40 RPU028B_OCT_2024_ManualMode__flight_record.csv
2024-10-21 08:19:02-08:21:12,"Baclayon, Lantapan, Bukidnon, Northern Mindanao, Philippines",T40 Drone 2,Spraying,2.31,11.82,02:09,other,UTPL,default team,,R0182666761,71.0,58.0,,MKAVI1 T40 RPU028B_OCT_2024_ManualMode__flight_record.csv
2024-10-21 08:16:02-08:18:16,"Baclayon, Lantapan, Bukidnon, Northern Mindanao, Philippines",T40 Drone 2,Spraying,2.88,17.11,02:14,other,UTPL,default team,,R0142621667,100.0,77.0,,MKAVI1 T40 RPU028B_OCT_2024_ManualMode__flight_record.csv
2024-10-21 08:12:31-08:14:01,"Baclayon, Lantapan, Bukidnon, Northern Mindanao, Philippines",T40 Drone 2,Spraying,1.22,3.09,01:30,other,UTPL,default team,,R0102576573,26.0,17.0,,MKAVI1 T40 RPU028B_OCT_2024_ManualMode__flight_record.csv
2024-10-21 08:06:16-08:06:37,"Baclayon, Lantapan, Bukidnon, Northern Mindanao, Philippines",T40 Drone 2,Spraying,0.58,1.49,00:20,other,UTPL,default team,,R8537929418,73.0,70.0,,MKAVI1 T40 RPU028B_OCT_2024_ManualMode__flight_record.csv
2024-10-21 08:03:30-08:04:52,"Baclayon, Lantapan, Bukidnon, Northern Mindanao, Philippines",T40 Drone 2,Spraying,1.49,9.3,01:22,other,UTPL,default team,,R8497884324,100.0,85.0,,MKAVI1 T40 RPU028B_OCT_2024_ManualMode__flight_record.csv
2024-10-21 07:59:47-08:01:28,"Baclayon, Lantapan, Bukidnon, Northern Mindanao, Philippines",T40 Drone 2,Spraying,0.46,6.21,01:40,other,UTPL,default team,,R8437816683,23.0,12.0,,MKAVI1 T40 RPU028B_OCT_2024_ManualMode__flight_record.csv
2024-10-21 07:52:06-07:53:08,"Baclayon, Lantapan, Bukidnon, Northern Mindanao, Philippines",T40 Drone 2,Spraying,1.97,5.15,01:02,other,UTPL,default team,,R8317681401,100.0,87.0,,MKAVI1 T40 RPU028B_OCT_2024_ManualMode__flight_record.csv
2024-10-21 07:38:14-07:41:25,"Alanib, Lantapan, Bukidnon, Northern Mindanao, Philippines",T40 Drone 2,Spraying,5.91,11.52,03:11,other,UTPL,default team,,R8257613760,48.0,24.0,,MKAVI1 T40 RPU028B_OCT_2024_ManualMode__flight_record.csv
2024-10-21 07:36:56-07:37:26,"Alanib, Lantapan, Bukidnon, Northern Mindanao, Philippines",T40 Drone 2,Spraying,0.63,2.66,00:29,other,UTPL,default team,,R8217568666,60.0,55.0,,MKAVI1 T40 RPU028B_OCT_2024_ManualMode__flight_record.csv
2024-10-21 07:35:25-07:35:57,"Alanib, Lantapan, Bukidnon, Northern Mindanao, Philippines",T40 Drone 2,Spraying,0.74,3.1,00:31,other,UTPL,default team,,R8177523572,76.0,70.0,,MKAVI1 T40 RPU028B_OCT_2024_ManualMode__flight_record.csv
2024-10-21 07:33:18-07:34:28,"Alanib, Lantapan, Bukidnon, Northern Mindanao, Philippines",T40 Drone 2,Spraying,1.48,4.27,01:10,other,UTPL,default team,,R8137478478,100.0,86.0,,MKAVI1 T40 RPU028B_OCT_2024_ManualMode__flight_record.csv
2024-10-21 07:28:48-07:30:49,"Alanib, Lantapan, Bukidnon, Northern Mindanao, Philippines",T40 Drone 2,Spraying,4.0,8.4,02:00,other,UTPL,default team,,R8017343196,36.0,22.0,,MKAVI1 T40 RPU028B_OCT_2024_ManualMode__flight_record.csv
2024-10-21 07:27:24-07:27:39,"Alanib, Lantapan, Bukidnon, Northern Mindanao, Philippines",T40 Drone 2,Spraying,0.57,1.01,00:14,other,UTPL,default team,,R7957275555,47.0,45.0,,MKAVI1 T40 RPU028B_OCT_2024_ManualMode__flight_record.csv
2024-10-21 07:06:51-07:08:50,"Alanib, Lantapan, Bukidnon, Northern Mindanao, Philippines",T40 Drone 2,Spraying,4.28,11.6,01:58,other,UTPL,default team,,R7837140273,75.0,63.0,,MKAVI1 T40 RPU028B_OCT_2024_ManualMode__flight_record.csv
2024-10-21 06:57:22-06:57:36,"Alanib, Lantapan, Bukidnon, Northern Mindanao, Philippines",T40 Drone 2,Spraying,0.52,0.82,00:13,other,UTPL,default team,,R7696982444,58.0,56.0,,MKAVI1 T40 RPU028B_OCT_2024_ManualMode__flight_record.csv
2024-10-21 06:56:08-06:56:24,"Alanib, Lantapan, Bukidnon, Northern Mindanao, Philippines",T40 Drone 2,Spraying,0.56,0.91,00:15,other,UTPL,default team,,R7656937350,71.0,68.0,,MKAVI1 T40 RPU028B_OCT_2024_ManualMode__flight_record.csv
2024-10-21 06:55:03-06:55:18,"Alanib, Lantapan, Bukidnon, Northern Mindanao, Philippines",T40 Drone 2,Spraying,0.58,1.39,00:14,other,UTPL,default team,,R7616892256,82.0,79.0,,MKAVI1 T40 RPU028B_OCT_2024_ManualMode__flight_record.csv
2024-10-21 06:38:38-06:40:45,"Alanib, Lantapan, Bukidnon, Northern Mindanao, Philippines",T40 Drone 2,Spraying,3.41,12.2,02:07,other,UTPL,default team,,R7516779521,74.0,59.0,,MKAVI1 T40 RPU028B_OCT_2024_ManualMode__flight_record.csv
2024-10-21 06:35:52-06:37:00,"Alanib, Lantapan, Bukidnon, Northern Mindanao, Philippines",T40 Drone 2,Spraying,1.51,1.32,01:08,other,UTPL,default team,,R7436689333,100.0,89.0,,MKAVI1 T40 RPU028B_OCT_2024_ManualMode__flight_record.csv
2024-10-21 06:32:57-06:34:21,"Alanib, Lantapan, Bukidnon, Northern Mindanao, Philippines",T40 Drone 2,Spraying,1.53,2.14,01:23,other,UTPL,default team,,R7396644239,27.0,11.0,,MKAVI1 T40 RPU028B_OCT_2024_ManualMode__flight_record.csv
2024-10-20 07:56:26-07:58:19,"Alanib, Lantapan, Bukidnon, Northern Mindanao, Philippines",T40 Drone 2,Spraying,0.68,8.35,01:53,other,UTPL,default team,,R7056260940,62.0,51.0,,MKAVI1 T40 RPU028B_OCT_2024_ManualMode__flight_record.csv
2024-10-20 07:54:54-07:55:10,"Alanib, Lantapan, Bukidnon, Northern Mindanao, Philippines",T40 Drone 2,Spraying,0.58,1.51,00:15,other,UTPL,default team,,R6996193299,73.0,71.0,,MKAVI1 T40 RPU028B_OCT_2024_ManualMode__flight_record.csv
2024-10-20 07:52:02-07:53:40,"Alanib, Lantapan, Bukidnon, Northern Mindanao, Philippines",T40 Drone 2,Spraying,1.85,10.47,01:38,other,UTPL,default team,,R6936125658,100.0,84.0,,MKAVI1 T40 RPU028B_OCT_2024_ManualMode__flight_record.csv
2024-10-20 06:44:55-06:46:48,"Aglayan - Alanib - Ticalaan Road, Purok 1, Babahagon, Balila, Lantapan, Bukidnon, Northern Mindanao, Philippines",T40 Drone 2,Spraying,3.6,7.31,01:52,other,UTPL,default team,,R6295404154,80.0,69.0,,MKAVI1 T40 RPU028B_OCT_2024_ManualMode__flight_record.csv
2024-10-20 06:15:46-06:17:44,"Aglayan - Alanib - Ticalaan Road, Purok 1, Babahagon, Balila, Lantapan, Bukidnon, Northern Mindanao, Philippines",T40 Drone 2,Spraying,3.81,12.73,01:58,other,UTPL,default team,,R5934998308,45.0,31.0,,MKAVI1 T40 RPU028B_OCT_2024_ManualMode__flight_record.csv
2024-10-19 07:22:57-07:25:29,"Valencia-Lantapan Road, Purok 1, Balila, Lantapan, Bukidnon, Northern Mindanao, Philippines",T40 Drone 2,Spraying,6.91,16.9,02:32,other,UTPL,default team,,R5554569915,39.0,22.0,,MKAVI1 T40 RPU028B_OCT_2024_ManualMode__flight_record.csv
2024-10-19 07:21:22-07:21:38,"Valencia-Lantapan Road, Purok 1, Balila, Lantapan, Bukidnon, Northern Mindanao, Philippines",T40 Drone 2,Spraying,0.48,0.71,00:15,other,UTPL,default team,,R5474479727,54.0,51.0,,MKAVI1 T40 RPU028B_OCT_2024_ManualMode__flight_record.csv
2024-10-19 07:19:46-07:20:04,"Valencia-Lantapan Road, Purok 1, Balila, Lantapan, Bukidnon, Northern Mindanao, Philippines",T40 Drone 2,Spraying,0.68,0.88,00:17,other,UTPL,default team,,R5434434633,71.0,68.0,,MKAVI1 T40 RPU028B_OCT_2024_ManualMode__flight_record.csv
2024-10-19 07:17:02-07:18:21,"Valencia-Lantapan Road, Purok 1, Balila, Lantapan, Bukidnon, Northern Mindanao, Philippines",T40 Drone 2,Spraying,1.94,1.87,01:19,other,UTPL,default team,,R5394389539,99.0,86.0,,MKAVI1 T40 RPU028B_OCT_2024_ManualMode__flight_record.csv
2024-10-19 07:13:25-07:14:45,"Valencia-Lantapan Road, Purok 1, Balila, Lantapan, Bukidnon, Northern Mindanao, Philippines",T40 Drone 2,Spraying,2.28,4.3,01:20,other,UTPL,default team,,R5274254257,30.0,21.0,,MKAVI1 T40 RPU028B_OCT_2024_ManualMode__flight_record.csv
2024-10-19 07:11:06-07:11:26,"Valencia-Lantapan Road, Purok 1, Balila, Lantapan, Bukidnon, Northern Mindanao, Philippines",T40 Drone 2,Spraying,0.64,0.89,00:19,other,UTPL,default team,,R5234209163,47.0,44.0,,MKAVI1 T40 RPU028B_OCT_2024_ManualMode__flight_record.csv
2024-10-19 07:08:32-07:08:50,"Valencia-Lantapan Road, Purok 1, Balila, Lantapan, Bukidnon, Northern Mindanao, Philippines",T40 Drone 2,Spraying,0.55,0.72,00:17,other,UTPL,default team,,R5194164069,71.0,68.0,,MKAVI1 T40 RPU028B_OCT_2024_ManualMode__flight_record.csv
2024-10-19 07:01:45-07:02:05,"Valencia-Lantapan Road, Purok 1, Balila, Lantapan, Bukidnon, Northern Mindanao, Philippines",T40 Drone 2,Spraying,0.51,1.28,00:19,other,UTPL,default team,,R5074028787,58.0,56.0,,MKAVI1 T40 RPU028B_OCT_2024_ManualMode__flight_record.csv
2024-10-19 06:59:04-06:59:24,"Valencia-Lantapan Road, Purok 1, Balila, Lantapan, Bukidnon, Northern Mindanao, Philippines",T40 Drone 2,Spraying,0.54,1.12,00:19,other,UTPL,default team,,R5033983693,81.0,78.0,,MKAVI1 T40 RPU028B_OCT_2024_ManualMode__flight_record.csv
2024-10-19 06:57:14-06:58:14,"Valencia-Lantapan Road, Purok 1, Balila, Lantapan, Bukidnon, Northern Mindanao, Philippines",T40 Drone 2,Spraying,1.42,2.17,01:00,other,UTPL,default team,,R4993938599,100.0,90.0,,MKAVI1 T40 RPU028B_OCT_2024_ManualMode__flight_record.csv
2024-10-19 06:37:50-06:38:15,"Valencia-Lantapan Road, Purok 1, Balila, Lantapan, Bukidnon, Northern Mindanao, Philippines",T40 Drone 2,Spraying,0.78,1.2,00:24,other,UTPL,default team,,R7562466826,71.0,65.0,,MKAVI1 T40 RPU028B_OCT_2024_ManualMode__flight_record.csv
2024-10-19 06:36:21-06:37:16,"Valencia-Lantapan Road, Purok 1, Balila, Lantapan, Bukidnon, Northern Mindanao, Philippines",T40 Drone 2,Spraying,1.19,0.9,00:55,other,UTPL,default team,,R7522421732,90.0,79.0,,MKAVI1 T40 RPU028B_OCT_2024_ManualMode__flight_record.csv
2024-10-18 07:07:51-07:12:36,"Baclayon, Lantapan, Bukidnon, Northern Mindanao, Philippines",T40 Drone 2,Spraying,10.87,17.43,04:44,other,UTPL,default team,,R5540189579,58.0,24.0,,MKAVI1 T40 RPU028B_OCT_2024_ManualMode__flight_record.csv
2024-10-18 07:03:40-07:05:14,"Baclayon, Lantapan, Bukidnon, Northern Mindanao, Philippines",T40 Drone 2,Spraying,2.41,3.87,01:34,other,UTPL,default team,,R5480121938,99.0,82.0,,MKAVI1 T40 RPU028B_OCT_2024_ManualMode__flight_record.csv
2024-10-18 06:58:09-07:00:48,"Baclayon, Lantapan, Bukidnon, Northern Mindanao, Philippines",T40 Drone 2,Spraying,4.96,8.95,02:38,other,UTPL,default team,,R5019603357,44.0,26.0,,MKAVI1 T40 RPU028B_OCT_2024_ManualMode__flight_record.csv
2024-10-18 06:29:44-06:31:54,"Alanib, Lantapan, Bukidnon, Northern Mindanao, Philippines",T40 Drone 2,Spraying,2.18,12.54,02:09,other,UTPL,default team,,R4398904400,24.0,9.0,,MKAVI1 T40 RPU028B_OCT_2024_ManualMode__flight_record.csv
2024-10-18 06:26:22-06:26:44,"Alanib, Lantapan, Bukidnon, Northern Mindanao, Philippines",T40 Drone 2,Spraying,0.63,3.23,00:21,other,UTPL,default team,,R4258746571,54.0,50.0,,MKAVI1 T40 RPU028B_OCT_2024_ManualMode__flight_record.csv
2024-10-18 06:22:53-06:23:46,"Alanib, Lantapan, Bukidnon, Northern Mindanao, Philippines",T40 Drone 2,Spraying,0.51,3.05,00:53,other,UTPL,default team,,R4158633836,94.0,82.0,,MKAVI1 T40 RPU028B_OCT_2024_ManualMode__flight_record.csv
2024-10-18 06:19:00-06:20:32,"Alanib, Lantapan, Bukidnon, Northern Mindanao, Philippines",T40 Drone 2,Spraying,0.52,3.97,01:31,other,UTPL,default team,,R3097438845,23.0,13.0,,MKAVI1 T40 RPU028B_OCT_2024_ManualMode__flight_record.csv
2024-10-18 06:11:56-06:13:04,"Alanib, Lantapan, Bukidnon, Northern Mindanao, Philippines",T40 Drone 2,Spraying,2.03,3.76,01:08,other,UTPL,default team,,R2977303563,99.0,84.0,,MKAVI1 T40 RPU028B_OCT_2024_ManualMode__flight_record.csv
2024-10-18 06:06:56-06:07:26,"Alanib, Lantapan, Bukidnon, Northern Mindanao, Philippines",T40 Drone 2,Spraying,1.25,4.11,00:29,other,UTPL,default team,,R2256491871,26.0,22.0,,MKAVI1 T40 RPU028B_OCT_2024_ManualMode__flight_record.csv
2024-10-18 06:00:54-06:02:04,"Alanib, Lantapan, Bukidnon, Northern Mindanao, Philippines",T40 Drone 2,Spraying,0.54,0.4,01:10,other,UTPL,default team,,R2196424230,94.0,80.0,,MKAVI1 T40 RPU028B_OCT_2024_ManualMode__flight_record.csv
2024-10-18 03:25:16-03:26:42,"Valencia, Bukidnon, Northern Mindanao, Philippines",T40 Drone 2,Spraying,2.27,2.62,01:26,other,UTPL,default team,,R1455589991,61.0,53.0,,MKAVI1 T40 RPU028B_OCT_2024_ManualMode__flight_record.csv
2024-10-18 02:17:24-02:19:13,"Valencia, Bukidnon, Northern Mindanao, Philippines",T40 Drone 2,Spraying,4.64,7.4,01:48,other,UTPL,default team,,R0314304812,37.0,26.0,,MKAVI1 T40 RPU028B_OCT_2024_ManualMode__flight_record.csv
2024-10-17 23:04:20-23:05:41,"San Carlos, Valencia, Bukidnon, Northern Mindanao, Philippines",T40 Drone 2,Spraying,2.0,2.1,01:21,other,UTPL,default team,,R6740106174,49.0,41.0,,MKAVI1 T40 RPU028B_OCT_2024_ManualMode__flight_record.csv
2024-10-17 22:58:19-22:59:55,"San Carlos, Valencia, Bukidnon, Northern Mindanao, Philippines",T40 Drone 2,Spraying,2.86,4.32,01:36,other,UTPL,default team,,R6700061080,100.0,81.0,,MKAVI1 T40 RPU028B_OCT_2024_ManualMode__flight_record.csv
2024-10-17 07:18:01-07:22:15,"Lantapan, Bukidnon, Northern Mindanao, Philippines",T40 Drone 2,Spraying,1.97,14.48,04:14,other,UTPL,default team,,R5919181747,100.0,66.0,,MKAVI1 T40 RPU028B_OCT_2024_ManualMode__flight_record.csv
2024-10-17 06:55:25-06:56:57,"Lantapan, Bukidnon, Northern Mindanao, Philippines",T40 Drone 2,Spraying,2.58,4.28,01:31,other,UTPL,default team,,R5738978824,67.0,56.0,,MKAVI1 T40 RPU028B_OCT_2024_ManualMode__flight_record.csv
2024-10-17 06:51:32-06:52:22,"Lantapan, Bukidnon, Northern Mindanao, Philippines",T40 Drone 2,Spraying,1.64,1.88,00:50,other,UTPL,default team,,R5698933730,100.0,92.0,,MKAVI1 T40 RPU028B_OCT_2024_ManualMode__flight_record.csv
2024-10-17 02:02:08-02:03:09,"Dabongdabong, Valencia, Bukidnon, Northern Mindanao, Philippines",T40 Drone 2,Spraying,0.64,0.48,01:01,other,UTPL,default team,,R4517603457,50.0,43.0,,MKAVI1 T40 RPU028B_OCT_2024_ManualMode__flight_record.csv
2024-10-16 07:47:22-07:49:30,"Lantapan, Bukidnon, Northern Mindanao, Philippines",T40 Drone 2,Spraying,4.83,7.77,02:08,other,UTPL,default team,,R1474176313,81.0,68.0,,MKAVI1 T40 RPU028B_OCT_2024_ManualMode__flight_record.csv
2024-10-16 06:58:22-07:00:02,"Baclayon, Lantapan, Bukidnon, Northern Mindanao, Philippines",T40 Drone 2,Spraying,0.73,6.07,01:40,other,UTPL,default team,,R1013657732,62.0,48.0,,MKAVI1 T40 RPU028B_OCT_2024_ManualMode__flight_record.csv
2024-10-16 06:54:23-06:55:23,"Baclayon, Lantapan, Bukidnon, Northern Mindanao, Philippines",T40 Drone 2,Spraying,0.96,3.48,01:00,other,UTPL,default team,,R0973612638,100.0,90.0,,MKAVI1 T40 RPU028B_OCT_2024_ManualMode__flight_record.csv
2024-10-16 06:31:27-06:32:41,"Baclayon, Lantapan, Bukidnon, Northern Mindanao, Philippines",T40 Drone 2,Spraying,1.16,1.93,01:13,other,UTPL,default team,,R0633229339,32.0,19.0,,MKAVI1 T40 RPU028B_OCT_2024_ManualMode__flight_record.csv
2024-10-16 02:49:17-02:53:23,"Dabongdabong, Valencia, Bukidnon, Northern Mindanao, Philippines",T40 Drone 2,Spraying,8.85,12.32,04:06,other,UTPL,default team,,R0513094057,62.0,34.0,,MKAVI1 T40 RPU028B_OCT_2024_ManualMode__flight_record.csv
2024-10-15 07:45:09-07:45:58,"Alanib, Lantapan, Bukidnon, Northern Mindanao, Philippines",T40 Drone 2,Spraying,0.19,0.49,00:49,other,UTPL,default team,,R1279374405,56.0,52.0,,MKAVI1 T40 RPU028B_OCT_2024_ManualMode__flight_record.csv
2024-10-15 06:36:07-06:37:50,"Aglayan - Alanib - Ticalaan Road, Purok 1, Babahagon, Balila, Lantapan, Bukidnon, Northern Mindanao, Philippines",T40 Drone 2,Spraying,1.8,4.45,01:43,other,UTPL,default team,,R0478472525,79.0,69.0,,MKAVI1 T40 RPU028B_OCT_2024_ManualMode__flight_record.csv
2024-10-15 06:07:53-06:08:55,"Aglayan - Alanib - Ticalaan Road, Purok 1, Babahagon, Balila, Lantapan, Bukidnon, Northern Mindanao, Philippines",T40 Drone 2,Spraying,0.29,0.6,01:01,other,UTPL,default team,,R0037976491,43.0,37.0,,MKAVI1 T40 RPU028B_OCT_2024_ManualMode__flight_record.csv
2024-10-14 16:52:07-16:59:50,"Lantapan, Bukidnon, Northern Mindanao, Philippines",T40 Drone 2,Spraying,11.13,24.83,07:43,other,UTPL,default team,,R8373216601,100.0,17.0,,MKAVI1 T40 RPU028B_OCT_2024_ManualMode__flight_record.csv
2024-10-14 16:48:27-16:50:02,"Lantapan, Bukidnon, Northern Mindanao, Philippines",T40 Drone 2,Spraying,1.6,4.85,01:35,other,UTPL,default team,,R8233058772,33.0,23.0,,MKAVI1 T40 RPU028B_OCT_2024_ManualMode__flight_record.csv
2024-10-14 16:08:42-16:10:08,"Lantapan, Bukidnon, Northern Mindanao, Philippines",T40 Drone 2,Spraying,0.71,2.13,01:26,other,UTPL,default team,,R7952743114,33.0,22.0,,MKAVI1 T40 RPU028B_OCT_2024_ManualMode__flight_record.csv
2024-10-14 07:30:05-07:31:32,"Kaatuan, Lantapan, Bukidnon, Northern Mindanao, Philippines",T40 Drone 2,Spraying,2.86,6.08,01:26,other,UTPL,default team,,R7392111798,50.0,41.0,,MKAVI1 T40 RPU028B_OCT_2024_ManualMode__flight_record.csv
2024-10-12 07:51:37-07:53:18,"Baclayon, Lantapan, Bukidnon, Northern Mindanao, Philippines",T40 Drone 2,Spraying,0.76,1.77,01:41,other,UTPL,default team,,R0729011455,43.0,32.0,,MKAVI1 T40 RPU028B_OCT_2024_ManualMode__flight_record.csv
2024-10-12 07:31:41-07:32:59,"Baclayon, Lantapan, Bukidnon, Northern Mindanao, Philippines",T40 Drone 2,Spraying,0.31,0.98,01:18,other,UTPL,default team,,R0588853626,40.0,32.0,,MKAVI1 T40 RPU028B_OCT_2024_ManualMode__flight_record.csv
2024-10-12 06:27:29-06:31:29,"Purok 1, Balila, Lantapan, Bukidnon, Northern Mindanao, Philippines",T40 Drone 2,Spraying,6.37,26.48,04:00,other,UTPL,default team,,R8523642796,97.0,63.0,,MKAVI1 T40 RPU028B_OCT_2024_ManualMode__flight_record.csv
2024-10-12 06:22:46-06:25:08,"Purok 1, Balila, Lantapan, Bukidnon, Northern Mindanao, Philippines",T40 Drone 2,Spraying,3.48,13.56,02:21,other,UTPL,default team,,R8363462420,51.0,35.0,,MKAVI1 T40 RPU028B_OCT_2024_ManualMode__flight_record.csv
2024-10-11 07:36:47-07:40:55,"Lantapan, Bukidnon, Northern Mindanao, Philippines",T40 Drone 2,Spraying,7.59,22.43,04:08,other,UTPL,default team,,R7922966386,100.0,56.0,,MKAVI1 T40 RPU028B_OCT_2024_ManualMode__flight_record.csv
2024-10-11 07:19:54-07:24:54,"Songco, Lantapan, Bukidnon, Northern Mindanao, Philippines",T40 Drone 2,Spraying,7.6,22.91,05:00,other,UTPL,default team,,R7802831104,100.0,61.0,,MKAVI1 T40 RPU028B_OCT_2024_ManualMode__flight_record.csv
2024-10-11 07:14:16-07:17:22,"Songco, Lantapan, Bukidnon, Northern Mindanao, Philippines",T40 Drone 2,Spraying,3.28,13.68,03:05,other,UTPL,default team,,R7742763463,48.0,22.0,,MKAVI1 T40 RPU028B_OCT_2024_ManualMode__flight_record.csv
2024-10-11 07:12:52-07:13:08,"Songco, Lantapan, Bukidnon, Northern Mindanao, Philippines",T40 Drone 2,Spraying,0.54,1.33,00:15,other,UTPL,default team,,R7682695822,63.0,59.0,,MKAVI1 T40 RPU028B_OCT_2024_ManualMode__flight_record.csv
2024-10-11 07:11:23-07:11:43,"Songco, Lantapan, Bukidnon, Northern Mindanao, Philippines",T40 Drone 2,Spraying,0.66,1.37,00:19,other,UTPL,default team,,R7642650728,81.0,76.0,,MKAVI1 T40 RPU028B_OCT_2024_ManualMode__flight_record.csv
2024-10-11 07:05:12-07:06:44,"Songco, Lantapan, Bukidnon, Northern Mindanao, Philippines",T40 Drone 2,Spraying,1.32,4.26,01:32,other,UTPL,default team,,R7162109600,37.0,25.0,,MKAVI1 T40 RPU028B_OCT_2024_ManualMode__flight_record.csv
2024-10-11 06:37:05-06:41:17,"Alanib, Lantapan, Bukidnon, Northern Mindanao, Philippines",T40 Drone 2,Spraying,3.51,27.22,04:12,other,UTPL,default team,,R6461320455,68.0,32.0,,MKAVI1 T40 RPU028B_OCT_2024_ManualMode__flight_record.csv
2024-10-11 06:29:46-06:31:04,"Alanib, Lantapan, Bukidnon, Northern Mindanao, Philippines",T40 Drone 2,Spraying,0.98,1.93,01:17,other,UTPL,default team,,R6301140079,21.0,12.0,,MKAVI1 T40 RPU028B_OCT_2024_ManualMode__flight_record.csv
2024-10-11 06:25:53-06:27:09,"Alanib, Lantapan, Bukidnon, Northern Mindanao, Philippines",T40 Drone 2,Spraying,1.12,1.91,01:15,other,UTPL,default team,,R6160982250,49.0,40.0,,MKAVI1 T40 RPU028B_OCT_2024_ManualMode__flight_record.csv
2024-10-11 06:24:49-06:25:06,"Alanib, Lantapan, Bukidnon, Northern Mindanao, Philippines",T40 Drone 2,Spraying,0.63,1.53,00:16,other,UTPL,default team,,R6080892062,58.0,55.0,,MKAVI1 T40 RPU028B_OCT_2024_ManualMode__flight_record.csv
2024-10-11 06:23:47-06:24:04,"Alanib, Lantapan, Bukidnon, Northern Mindanao, Philippines",T40 Drone 2,Spraying,0.58,1.63,00:16,other,UTPL,default team,,R6000801874,68.0,65.0,,MKAVI1 T40 RPU028B_OCT_2024_ManualMode__flight_record.csv
2024-10-11 06:17:10-06:18:42,"Alanib, Lantapan, Bukidnon, Northern Mindanao, Philippines",T40 Drone 2,Spraying,1.11,4.64,01:32,other,UTPL,default team,,R5600350934,19.0,6.0,,MKAVI1 T40 RPU028B_OCT_2024_ManualMode__flight_record.csv
2024-10-11 06:15:50-06:16:09,"Alanib, Lantapan, Bukidnon, Northern Mindanao, Philippines",T40 Drone 2,Spraying,0.58,2.23,00:18,other,UTPL,default team,,R5560305840,33.0,29.0,,MKAVI1 T40 RPU028B_OCT_2024_ManualMode__flight_record.csv
2024-10-10 06:42:57-06:44:43,"Baclayon, Lantapan, Bukidnon, Northern Mindanao, Philippines",T40 Drone 2,Spraying,1.02,4.53,01:46,other,UTPL,default team,,R5179877447,52.0,40.0,,MKAVI1 T40 RPU028B_OCT_2024_ManualMode__flight_record.csv
2024-10-10 06:41:12-06:41:54,"Baclayon, Lantapan, Bukidnon, Northern Mindanao, Philippines",T40 Drone 2,Spraying,0.57,5.98,00:41,other,UTPL,default team,,R5139832353,66.0,59.0,,MKAVI1 T40 RPU028B_OCT_2024_ManualMode__flight_record.csv
2024-10-10 06:38:19-06:40:24,"Baclayon, Lantapan, Bukidnon, Northern Mindanao, Philippines",T40 Drone 2,Spraying,2.66,14.45,02:05,other,UTPL,default team,,R5099787259,100.0,74.0,,MKAVI1 T40 RPU028B_OCT_2024_ManualMode__flight_record.csv
2024-10-10 06:34:01-06:35:48,"Baclayon, Lantapan, Bukidnon, Northern Mindanao, Philippines",T40 Drone 2,Spraying,0.96,4.9,01:46,other,UTPL,default team,,R5039719618,24.0,11.0,,MKAVI1 T40 RPU028B_OCT_2024_ManualMode__flight_record.csv
2024-10-10 06:30:03-06:30:27,"Baclayon, Lantapan, Bukidnon, Northern Mindanao, Philippines",T40 Drone 2,Spraying,0.2,0.94,00:23,other,UTPL,default team,,R4939606883,59.0,55.0,,MKAVI1 T40 RPU028B_OCT_2024_ManualMode__flight_record.csv
2024-10-10 06:28:37-06:29:13,"Baclayon, Lantapan, Bukidnon, Northern Mindanao, Philippines",T40 Drone 2,Spraying,0.66,3.38,00:35,other,UTPL,default team,,R4899561789,73.0,67.0,,MKAVI1 T40 RPU028B_OCT_2024_ManualMode__flight_record.csv
2024-10-10 06:26:16-06:27:10,"Baclayon, Lantapan, Bukidnon, Northern Mindanao, Philippines",T40 Drone 2,Spraying,0.84,3.16,00:54,other,UTPL,default team,,R4859516695,100.0,89.0,,MKAVI1 T40 RPU028B_OCT_2024_ManualMode__flight_record.csv
2024-10-10 06:22:26-06:23:58,"Baclayon, Lantapan, Bukidnon, Northern Mindanao, Philippines",T40 Drone 2,Spraying,0.63,3.76,01:31,other,UTPL,default team,,R4699336319,18.0,8.0,,MKAVI1 T40 RPU028B_OCT_2024_ManualMode__flight_record.csv
2024-10-10 06:20:15-06:20:52,"Baclayon, Lantapan, Bukidnon, Northern Mindanao, Philippines",T40 Drone 2,Spraying,1.41,2.12,00:36,other,UTPL,default team,,R4639268678,35.0,30.0,,MKAVI1 T40 RPU028B_OCT_2024_ManualMode__flight_record.csv
2024-10-10 06:19:06-06:19:14,"Baclayon, Lantapan, Bukidnon, Northern Mindanao, Philippines",T40 Drone 2,Spraying,0.3,0.54,00:07,other,UTPL,default team,,R4599223584,47.0,45.0,,MKAVI1 T40 RPU028B_OCT_2024_ManualMode__flight_record.csv
2024-10-10 06:00:03-06:02:28,"Alanib, Lantapan, Bukidnon, Northern Mindanao, Philippines",T40 Drone 2,Spraying,4.98,10.82,02:25,other,UTPL,default team,,R4459065755,33.0,15.0,,MKAVI1 T40 RPU028B_OCT_2024_ManualMode__flight_record.csv
2024-10-10 05:58:09-05:58:39,"Alanib, Lantapan, Bukidnon, Northern Mindanao, Philippines",T40 Drone 2,Spraying,0.6,2.45,00:29,other,UTPL,default team,,R4419020661,51.0,45.0,,MKAVI1 T40 RPU028B_OCT_2024_ManualMode__flight_record.csv
2024-10-10 05:56:47-05:57:09,"Alanib, Lantapan, Bukidnon, Northern Mindanao, Philippines",T40 Drone 2,Spraying,0.62,2.15,00:21,other,UTPL,default team,,R4378975567,67.0,62.0,,MKAVI1 T40 RPU028B_OCT_2024_ManualMode__flight_record.csv
2024-10-10 05:54:30-05:55:51,"Alanib, Lantapan, Bukidnon, Northern Mindanao, Philippines",T40 Drone 2,Spraying,1.56,5.23,01:21,other,UTPL,default team,,R4338930473,97.0,78.0,,MKAVI1 T40 RPU028B_OCT_2024_ManualMode__flight_record.csv
2024-10-10 05:50:27-05:51:20,"Alanib, Lantapan, Bukidnon, Northern Mindanao, Philippines",T40 Drone 2,Spraying,0.99,2.07,00:53,other,UTPL,default team,,R4298885379,27.0,20.0,,MKAVI1 T40 RPU028B_OCT_2024_ManualMode__flight_record.csv
2024-10-09 16:39:46-16:42:11,"Alanib, Lantapan, Bukidnon, Northern Mindanao, Philippines",T40 Drone 2,Spraying,5.0,11.73,02:24,other,UTPL,default team,,R4118682456,61.0,40.0,,MKAVI1 T40 RPU028B_OCT_2024_ManualMode__flight_record.csv
2024-10-09 16:38:28-16:38:43,"Alanib, Lantapan, Bukidnon, Northern Mindanao, Philippines",T40 Drone 2,Spraying,0.58,1.2,00:14,other,UTPL,default team,,R4078637362,74.0,72.0,,MKAVI1 T40 RPU028B_OCT_2024_ManualMode__flight_record.csv
2024-10-09 16:36:26-16:37:29,"Alanib, Lantapan, Bukidnon, Northern Mindanao, Philippines",T40 Drone 2,Spraying,1.52,3.34,01:03,other,UTPL,default team,,R4038592268,98.0,85.0,,MKAVI1 T40 RPU028B_OCT_2024_ManualMode__flight_record.csv
2024-10-09 16:32:06-16:33:39,"Alanib, Lantapan, Bukidnon, Northern Mindanao, Philippines",T40 Drone 2,Spraying,2.22,4.93,01:32,other,UTPL,default team,,R3958502080,35.0,22.0,,MKAVI1 T40 RPU028B_OCT_2024_ManualMode__flight_record.csv
2024-10-09 06:45:41-06:47:27,"Aglayan - Alanib - Ticalaan Road, Purok 1, Babahagon, Balila, Lantapan, Bukidnon, Northern Mindanao, Philippines",T40 Drone 2,Spraying,2.94,6.24,01:45,other,UTPL,default team,,R3217667841,69.0,58.0,,MKAVI1 T40 RPU028B_OCT_2024_ManualMode__flight_record.csv
2024-10-09 06:43:26-06:44:52,"Aglayan - Alanib - Ticalaan Road, Purok 1, Babahagon, Balila, Lantapan, Bukidnon, Northern Mindanao, Philippines",T40 Drone 2,Spraying,2.41,4.86,01:25,other,UTPL,default team,,R3157600200,86.0,75.0,,MKAVI1 T40 RPU028B_OCT_2024_ManualMode__flight_record.csv
2024-10-09 06:23:47-06:24:50,"Aglayan - Alanib - Ticalaan Road, Purok 1, Babahagon, Balila, Lantapan, Bukidnon, Northern Mindanao, Philippines",T40 Drone 2,Spraying,1.56,3.79,01:02,other,UTPL,default team,,R2857261995,26.0,19.0,,MKAVI1 T40 RPU028B_OCT_2024_ManualMode__flight_record.csv
2024-10-09 06:12:32-06:14:09,"Aglayan - Alanib - Ticalaan Road, Purok 1, Babahagon, Balila, Lantapan, Bukidnon, Northern Mindanao, Philippines",T40 Drone 2,Spraying,2.94,8.75,01:36,other,UTPL,default team,,R2697081619,62.0,50.0,,MKAVI1 T40 RPU028B_OCT_2024_ManualMode__flight_record.csv
2024-10-08 17:16:10-17:18:11,"Lantapan, Bukidnon, Northern Mindanao, Philippines",T40 Drone 2,Spraying,2.36,5.67,02:01,other,UTPL,default team,,R2516878696,69.0,56.0,,MKAVI1 T40 RPU028B_OCT_2024_ManualMode__flight_record.csv
2024-10-08 16:45:55-16:50:18,"Lantapan, Bukidnon, Northern Mindanao, Philippines",T40 Drone 2,Spraying,7.47,21.79,04:22,other,UTPL,default team,,R2256585585,69.0,30.0,,MKAVI1 T40 RPU028B_OCT_2024_ManualMode__flight_record.csv
2024-10-08 16:38:36-16:40:50,"Lantapan, Bukidnon, Northern Mindanao, Philippines",T40 Drone 2,Spraying,3.82,7.09,02:13,other,UTPL,default team,,R6142701983,53.0,38.0,,MKAVI1 T40 RPU028B_OCT_2024_ManualMode__flight_record.csv
2024-10-08 16:17:57-16:20:09,"Lantapan, Bukidnon, Northern Mindanao, Philippines",T40 Drone 2,Spraying,4.65,12.29,02:12,other,UTPL,default team,,R6082634342,35.0,18.0,,MKAVI1 T40 RPU028B_OCT_2024_ManualMode__flight_record.csv
2024-10-08 16:15:14-16:15:37,"Lantapan, Bukidnon, Northern Mindanao, Philippines",T40 Drone 2,Spraying,0.77,1.05,00:22,other,UTPL,default team,,R6042589248,62.0,57.0,,MKAVI1 T40 RPU028B_OCT_2024_ManualMode__flight_record.csv
2024-10-08 16:12:11-16:13:08,"Lantapan, Bukidnon, Northern Mindanao, Philippines",T40 Drone 2,Spraying,0.58,0.89,00:57,other,UTPL,default team,,R6002544154,100.0,88.0,,MKAVI1 T40 RPU028B_OCT_2024_ManualMode__flight_record.csv
2024-10-08 15:52:16-15:53:38,"Lantapan, Bukidnon, Northern Mindanao, Philippines",T40 Drone 2,Spraying,1.89,2.72,01:21,other,UTPL,default team,,R5902431419,22.0,11.0,,MKAVI1 T40 RPU028B_OCT_2024_ManualMode__flight_record.csv
2024-10-08 07:33:07-07:36:30,"Lantapan, Bukidnon, Northern Mindanao, Philippines",T40 Drone 2,Spraying,5.01,18.88,03:23,other,UTPL,default team,,R5822341231,81.0,53.0,,MKAVI1 T40 RPU028B_OCT_2024_ManualMode__flight_record.csv
2024-10-08 07:31:11-07:32:19,"Lantapan, Bukidnon, Northern Mindanao, Philippines",T40 Drone 2,Spraying,2.14,4.96,01:08,other,UTPL,default team,,R5782296137,100.0,89.0,,MKAVI1 T40 RPU028B_OCT_2024_ManualMode__flight_record.csv
2024-10-08 07:01:59-07:03:48,"Lantapan, Bukidnon, Northern Mindanao, Philippines",T40 Drone 2,Spraying,2.65,10.0,01:48,other,UTPL,default team,,R5702205949,21.0,7.0,,MKAVI1 T40 RPU028B_OCT_2024_ManualMode__flight_record.csv
2024-10-08 06:54:52-06:56:01,"Lantapan, Bukidnon, Northern Mindanao, Philippines",T40 Drone 2,Spraying,2.33,8.94,01:09,other,UTPL,default team,,R5662160855,100.0,85.0,,MKAVI1 T40 RPU028B_OCT_2024_ManualMode__flight_record.csv
2024-10-08 06:29:07-06:31:55,"Baclayon, Lantapan, Bukidnon, Northern Mindanao, Philippines",T40 Drone 2,Spraying,4.82,12.92,02:48,other,UTPL,default team,,R5582070667,70.0,47.0,,MKAVI1 T40 RPU028B_OCT_2024_ManualMode__flight_record.csv
2024-10-08 06:26:20-06:27:35,"Baclayon, Lantapan, Bukidnon, Northern Mindanao, Philippines",T40 Drone 2,Spraying,1.72,5.61,01:15,other,UTPL,default team,,R5542025573,100.0,86.0,,MKAVI1 T40 RPU028B_OCT_2024_ManualMode__flight_record.csv
2024-10-08 06:00:15-06:02:01,"Baclayon, Lantapan, Bukidnon, Northern Mindanao, Philippines",T40 Drone 2,Spraying,2.51,11.85,01:46,other,UTPL,default team,,R5421890291,46.0,33.0,,MKAVI1 T40 RPU028B_OCT_2024_ManualMode__flight_record.csv
2024-10-05 07:48:27-07:49:59,"Kaatuan, Lantapan, Bukidnon, Northern Mindanao, Philippines",T40 Drone 2,Spraying,0.72,2.35,01:31,other,UTPL,default team,,R6382941913,39.0,28.0,,MKAVI1 T40 RPU028B_OCT_2024_ManualMode__flight_record.csv
2024-10-05 07:20:40-07:22:25,"Kaatuan, Lantapan, Bukidnon, Northern Mindanao, Philippines",T40 Drone 2,Spraying,3.46,4.5,01:45,other,UTPL,default team,,R6282829178,71.0,58.0,,MKAVI1 T40 RPU028B_OCT_2024_ManualMode__flight_record.csv
2024-10-04 09:41:20-09:43:19,"Songco, Lantapan, Bukidnon, Northern Mindanao, Philippines",T40 Drone 2,Spraying,3.06,3.68,01:58,other,UTPL,default team,,R6082603708,43.0,29.0,,MKAVI1 T40 RPU028B_OCT_2024_ManualMode__flight_record.csv
2024-10-04 09:25:42-09:27:11,"Songco, Lantapan, Bukidnon, Northern Mindanao, Philippines",T40 Drone 2,Spraying,0.46,2.22,01:28,other,UTPL,default team,,R5882378238,51.0,42.0,,MKAVI1 T40 RPU028B_OCT_2024_ManualMode__flight_record.csv
2024-10-04 09:22:27-09:23:36,"Songco, Lantapan, Bukidnon, Northern Mindanao, Philippines",T40 Drone 2,Spraying,1.17,5.21,01:08,other,UTPL,default team,,R5822310597,80.0,68.0,,MKAVI1 T40 RPU028B_OCT_2024_ManualMode__flight_record.csv
2024-10-04 09:16:37-09:18:27,"Songco, Lantapan, Bukidnon, Northern Mindanao, Philippines",T40 Drone 2,Spraying,1.39,4.65,01:50,other,UTPL,default team,,R5762242956,29.0,15.0,,MKAVI1 T40 RPU028B_OCT_2024_ManualMode__flight_record.csv
2024-10-04 09:14:48-09:15:20,"Songco, Lantapan, Bukidnon, Northern Mindanao, Philippines",T40 Drone 2,Spraying,1.23,0.91,00:31,other,UTPL,default team,,R5722197862,48.0,41.0,,MKAVI1 T40 RPU028B_OCT_2024_ManualMode__flight_record.csv
2024-10-04 08:57:14-08:58:32,"Songco, Lantapan, Bukidnon, Northern Mindanao, Philippines",T40 Drone 2,Spraying,1.64,2.23,01:17,other,UTPL,default team,,R5582040033,50.0,41.0,,MKAVI1 T40 RPU028B_OCT_2024_ManualMode__flight_record.csv
2024-10-04 08:56:00-08:56:14,"Songco, Lantapan, Bukidnon, Northern Mindanao, Philippines",T40 Drone 2,Spraying,0.52,0.87,00:13,other,UTPL,default team,,R5541994939,59.0,57.0,,MKAVI1 T40 RPU028B_OCT_2024_ManualMode__flight_record.csv
2024-10-04 08:52:38-08:55:18,"Songco, Lantapan, Bukidnon, Northern Mindanao, Philippines",T40 Drone 2,Spraying,4.13,9.71,02:40,other,UTPL,default team,,R5481927298,100.0,66.0,,MKAVI1 T40 RPU028B_OCT_2024_ManualMode__flight_record.csv
2024-10-04 08:26:05-08:27:13,"Alanib, Lantapan, Bukidnon, Northern Mindanao, Philippines",T40 Drone 2,Spraying,1.05,0.91,01:08,other,UTPL,default team,,R5241656734,33.0,26.0,,MKAVI1 T40 RPU028B_OCT_2024_ManualMode__flight_record.csv
2024-10-04 04:54:25-04:55:46,"Dabongdabong, Valencia, Bukidnon, Northern Mindanao, Philippines",T40 Drone 2,Spraying,1.41,1.49,01:20,other,UTPL,default team,,R4701047965,78.0,70.0,,MKAVI1 T40 RPU028B_OCT_2024_ManualMode__flight_record.csv
2024-10-04 04:20:33-04:21:47,"Dabongdabong, Valencia, Bukidnon, Northern Mindanao, Philippines",T40 Drone 2,Spraying,2.56,1.68,01:13,other,UTPL,default team,,R4560890136,74.0,66.0,,MKAVI1 T40 RPU028B_OCT_2024_ManualMode__flight_record.csv
2024-10-04 04:09:35-04:10:54,"Dabongdabong, Valencia, Bukidnon, Northern Mindanao, Philippines",T40 Drone 2,Spraying,0.7,0.65,01:19,other,UTPL,default team,,R4460777401,99.0,80.0,,MKAVI1 T40 RPU028B_OCT_2024_ManualMode__flight_record.csv
2024-10-04 01:24:31-01:26:23,"Valencia-Lantapan Road, San Carlos, Valencia, Bukidnon, Northern Mindanao, 8709088, Philippines",T40 Drone 2,Spraying,8.47,6.58,01:52,other,UTPL,default team,,R4260551931,75.0,61.0,,MKAVI1 T40 RPU028B_OCT_2024_ManualMode__flight_record.csv
2024-10-04 01:21:55-01:23:10,"Valencia-Lantapan Road, San Carlos, Valencia, Bukidnon, Northern Mindanao, 8709088, Philippines",T40 Drone 2,Spraying,4.66,3.57,01:15,other,UTPL,default team,,R4220506837,100.0,88.0,,MKAVI1 T40 RPU028B_OCT_2024_ManualMode__flight_record.csv
2024-10-04 00:52:53-00:53:55,"Valencia-Lantapan Road, San Carlos, Valencia, Bukidnon, Northern Mindanao, 8709088, Philippines",T40 Drone 2,Spraying,0.42,0.2,01:02,other,UTPL,default team,,R3820055897,72.0,65.0,,MKAVI1 T40 RPU028B_OCT_2024_ManualMode__flight_record.csv
2024-10-03 08:14:53-08:16:55,"Baclayon, Lantapan, Bukidnon, Northern Mindanao, Philippines",T40 Drone 2,Spraying,2.67,2.76,02:02,other,UTPL,default team,,R3359537316,70.0,56.0,,MKAVI1 T40 RPU028B_OCT_2024_ManualMode__flight_record.csv
2024-10-03 08:11:33-08:12:37,"Baclayon, Lantapan, Bukidnon, Northern Mindanao, Philippines",T40 Drone 2,Spraying,2.5,2.31,01:04,other,UTPL,default team,,R3319492222,100.0,89.0,,MKAVI1 T40 RPU028B_OCT_2024_ManualMode__flight_record.csv
2024-10-03 08:06:43-08:09:27,"Baclayon, Lantapan, Bukidnon, Northern Mindanao, Philippines",T40 Drone 2,Spraying,8.81,6.04,02:43,other,UTPL,default team,,R3259424581,57.0,37.0,,MKAVI1 T40 RPU028B_OCT_2024_ManualMode__flight_record.csv
2024-10-03 07:01:44-07:05:31,"Purok 1, Balila, Lantapan, Bukidnon, Northern Mindanao, Philippines",T40 Drone 2,Spraying,7.55,8.73,03:47,other,UTPL,default team,,R2718815812,98.0,64.0,,MKAVI1 T40 RPU028B_OCT_2024_ManualMode__flight_record.csv
2024-10-03 06:57:11-06:59:24,"Purok 1, Balila, Lantapan, Bukidnon, Northern Mindanao, Philippines",T40 Drone 2,Spraying,3.4,5.07,02:13,other,UTPL,default team,,R2658748171,49.0,33.0,,MKAVI1 T40 RPU028B_OCT_2024_ManualMode__flight_record.csv
2024-10-03 02:04:29-02:04:50,"Valencia, Bukidnon, Northern Mindanao, Philippines",T40 Drone 2,Spraying,0.0,0.04,00:20,other,UTPL,default team,,R2218252137,68.0,66.0,,MKAVI1 T40 RPU028B_OCT_2024_ManualMode__flight_record.csv
2024-10-02 07:19:44-07:22:36,"Aglayan - Alanib - Ticalaan Road, Purok 1, Babahagon, Balila, Lantapan, Bukidnon, Northern Mindanao, Philippines",T40 Drone 2,Spraying,5.59,7.64,02:51,other,UTPL,default team,,R1277192428,61.0,39.0,,MKAVI1 T40 RPU028B_OCT_2024_ManualMode__flight_record.csv
2024-10-02 07:12:01-07:13:48,"Aglayan - Alanib - Ticalaan Road, Purok 1, Babahagon, Balila, Lantapan, Bukidnon, Northern Mindanao, Philippines",T40 Drone 2,Spraying,3.48,3.78,01:47,other,UTPL,default team,,R1056944411,27.0,15.0,,MKAVI1 T40 RPU028B_OCT_2024_ManualMode__flight_record.csv
2024-10-02 07:05:15-07:06:04,"Aglayan - Alanib - Ticalaan Road, Purok 1, Babahagon, Balila, Lantapan, Bukidnon, Northern Mindanao, Philippines",T40 Drone 2,Spraying,2.65,1.93,00:49,other,UTPL,default team,,R0976854223,100.0,89.0,,MKAVI1 T40 RPU028B_OCT_2024_ManualMode__flight_record.csv
2024-10-02 07:00:12-07:02:17,"Aglayan - Alanib - Ticalaan Road, Purok 1, Babahagon, Balila, Lantapan, Bukidnon, Northern Mindanao, Philippines",T40 Drone 2,Spraying,2.01,4.24,02:04,other,UTPL,default team,,R0836696394,29.0,15.0,,MKAVI1 T40 RPU028B_OCT_2024_ManualMode__flight_record.csv
2024-10-02 06:54:11-06:55:03,"Aglayan - Alanib - Ticalaan Road, Purok 1, Babahagon, Balila, Lantapan, Bukidnon, Northern Mindanao, Philippines",T40 Drone 2,Spraying,0.69,1.05,00:52,other,UTPL,default team,,R0776628753,100.0,88.0,,MKAVI1 T40 RPU028B_OCT_2024_ManualMode__flight_record.csv
2024-10-02 06:49:19-06:50:48,"Aglayan - Alanib - Ticalaan Road, Purok 1, Babahagon, Balila, Lantapan, Bukidnon, Northern Mindanao, Philippines",T40 Drone 2,Spraying,0.87,2.49,01:28,other,UTPL,default team,,R0636470924,13.0,3.0,,MKAVI1 T40 RPU028B_OCT_2024_ManualMode__flight_record.csv
2024-10-01 08:22:57-08:24:32,"Alanib, Lantapan, Bukidnon, Northern Mindanao, Philippines",T40 Drone 2,Spraying,1.17,1.82,01:35,other,UTPL,default team,,R0316110172,46.0,36.0,,MKAVI1 T40 RPU028B_OCT_2024_ManualMode__flight_record.csv
2024-10-01 07:53:36-07:54:57,"Alanib, Lantapan, Bukidnon, Northern Mindanao, Philippines",T40 Drone 2,Spraying,0.43,0.39,01:21,other,UTPL,default team,,R8431102265,38.0,29.0,,MKAVI1 T40 RPU028B_OCT_2024_ManualMode__flight_record.csv
2024-10-01 07:12:06-07:15:13,"Purok 1, Balila, Lantapan, Bukidnon, Northern Mindanao, Philippines",T40 Drone 2,Spraying,4.32,8.94,03:07,other,UTPL,default team,,R7930538590,100.0,65.0,,MKAVI1 T40 RPU028B_OCT_2024_ManualMode__flight_record.csv
2024-10-01 07:08:32-07:09:58,"Purok 1, Balila, Lantapan, Bukidnon, Northern Mindanao, Philippines",T40 Drone 2,Spraying,2.17,3.09,01:26,other,UTPL,default team,,R7850448402,47.0,38.0,,MKAVI1 T40 RPU028B_OCT_2024_ManualMode__flight_record.csv
2024-06-25 07:24:31-07:29:00,"Lantapan, Bukidnon, Northern Mindanao, Philippines",T40 Drone 2,Spraying,6.34,19.05,04:29,other,UTPL,default team,,R1646554176,100.0,62.0,,MKAVI1 T40 RPU028B_JUN_2024_ManualMode__flight_record.csv
2024-06-25 07:11:22-07:13:35,"Songco, Lantapan, Bukidnon, Northern Mindanao, Philippines",T40 Drone 2,Spraying,3.54,11.14,02:13,other,UTPL,default team,,R1486373800,56.0,38.0,,MKAVI1 T40 RPU028B_JUN_2024_ManualMode__flight_record.csv
2024-06-25 07:03:30-07:05:04,"Songco, Lantapan, Bukidnon, Northern Mindanao, Philippines",T40 Drone 2,Spraying,2.41,8.02,01:34,other,UTPL,default team,,R1206058142,35.0,24.0,,MKAVI1 T40 RPU028B_JUN_2024_ManualMode__flight_record.csv
2024-06-25 06:41:14-06:42:42,"Alanib, Lantapan, Bukidnon, Northern Mindanao, Philippines",T40 Drone 2,Spraying,1.76,3.09,01:27,other,UTPL,default team,,R0865674843,48.0,37.0,,MKAVI1 T40 RPU028B_JUN_2024_ManualMode__flight_record.csv
2024-06-25 06:29:09-06:29:19,"Alanib, Lantapan, Bukidnon, Northern Mindanao, Philippines",T40 Drone 2,Spraying,0.52,1.22,00:09,other,UTPL,default team,,R0325066074,42.0,40.0,,MKAVI1 T40 RPU028B_JUN_2024_ManualMode__flight_record.csv
2024-06-25 06:27:39-06:28:03,"Alanib, Lantapan, Bukidnon, Northern Mindanao, Philippines",T40 Drone 2,Spraying,1.88,3.09,00:23,other,UTPL,default team,,R0184908245,59.0,54.0,,MKAVI1 T40 RPU028B_JUN_2024_ManualMode__flight_record.csv
2024-06-25 06:26:16-06:26:33,"Alanib, Lantapan, Bukidnon, Northern Mindanao, Philippines",T40 Drone 2,Spraying,1.01,2.03,00:16,other,UTPL,default team,,R0124840604,78.0,74.0,,MKAVI1 T40 RPU028B_JUN_2024_ManualMode__flight_record.csv
2024-06-25 06:10:14-06:11:07,"Lantapan, Bukidnon, Northern Mindanao, Philippines",T40 Drone 2,Spraying,0.11,0.35,00:52,other,UTPL,default team,,R8219810150,77.0,72.0,,MKAVI1 T40 RPU028B_JUN_2024_ManualMode__flight_record.csv
2024-06-25 02:08:48-02:09:36,"Dabongdabong, Valencia, Bukidnon, Northern Mindanao, Philippines",T40 Drone 2,Spraying,0.03,0.58,00:47,other,UTPL,default team,,R7238705347,81.0,76.0,,MKAVI1 T40 RPU028B_JUN_2024_ManualMode__flight_record.csv
2024-06-25 01:39:15-01:40:34,"Dabongdabong, Valencia, Bukidnon, Northern Mindanao, Philippines",T40 Drone 2,Spraying,1.38,4.74,01:18,other,UTPL,default team,,R6517893655,48.0,40.0,,MKAVI1 T40 RPU028B_JUN_2024_ManualMode__flight_record.csv
2024-06-24 23:37:11-23:38:05,"Valencia Bypass Road, Dabongdabong, Valencia, Bukidnon, Northern Mindanao, 8709088, Philippines",T40 Drone 2,Spraying,0.17,1.76,00:54,other,UTPL,default team,,R4635774237,84.0,78.0,,MKAVI1 T40 RPU028B_JUN_2024_ManualMode__flight_record.csv
2024-06-24 23:03:34-23:04:31,"Valencia Bypass Road, Dabongdabong, Valencia, Bukidnon, Northern Mindanao, 8709088, Philippines",T40 Drone 2,Spraying,0.48,0.71,00:57,other,UTPL,default team,,R3414398870,50.0,43.0,,MKAVI1 T40 RPU028B_JUN_2024_ManualMode__flight_record.csv
2024-06-24 06:45:28-06:47:02,"Lantapan, Bukidnon, Northern Mindanao, Philippines",T40 Drone 2,Spraying,2.71,10.31,01:33,other,UTPL,default team,,R1492234358,59.0,47.0,,MKAVI1 T40 RPU028B_JUN_2024_ManualMode__flight_record.csv
2024-06-24 06:41:24-06:42:17,"Lantapan, Bukidnon, Northern Mindanao, Philippines",T40 Drone 2,Spraying,1.64,2.7,00:53,other,UTPL,default team,,R1372099076,100.0,90.0,,MKAVI1 T40 RPU028B_JUN_2024_ManualMode__flight_record.csv
2024-06-22 06:54:47-06:55:41,"Aglayan - Alanib - Ticalaan Road, Purok 1, Babahagon, Balila, Lantapan, Bukidnon, Northern Mindanao, Philippines",T40 Drone 2,Spraying,0.79,2.59,00:54,other,UTPL,default team,,R7264588452,20.0,14.0,,MKAVI1 T40 RPU028B_JUN_2024_ManualMode__flight_record.csv
2024-06-22 02:35:02-02:36:29,"Valencia, Bukidnon, Northern Mindanao, Philippines",T40 Drone 2,Spraying,2.3,2.32,01:27,other,UTPL,default team,,R6083258179,17.0,6.0,,MKAVI1 T40 RPU028B_JUN_2024_ManualMode__flight_record.csv
2024-06-22 01:49:14-01:52:48,"Valencia, Bukidnon, Northern Mindanao, Philippines",T40 Drone 2,Spraying,7.16,12.09,03:34,other,UTPL,default team,,R5362446487,36.0,13.0,,MKAVI1 T40 RPU028B_JUN_2024_ManualMode__flight_record.csv
2024-06-21 06:54:36-06:55:54,"Lantapan, Bukidnon, Northern Mindanao, Philippines",T40 Drone 2,Spraying,1.54,2.63,01:17,other,UTPL,default team,,R3920823103,23.0,15.0,,MKAVI1 T40 RPU028B_JUN_2024_ManualMode__flight_record.csv
2024-06-21 06:03:02-06:05:12,"Songco, Lantapan, Bukidnon, Northern Mindanao, Philippines",T40 Drone 2,Spraying,3.6,10.68,02:09,other,UTPL,default team,,R3500349616,32.0,14.0,,MKAVI1 T40 RPU028B_JUN_2024_ManualMode__flight_record.csv
2024-06-21 05:43:16-05:45:01,"Songco, Lantapan, Bukidnon, Northern Mindanao, Philippines",T40 Drone 2,Spraying,0.69,2.82,01:44,other,UTPL,default team,,R3139943770,29.0,18.0,,MKAVI1 T40 RPU028B_JUN_2024_ManualMode__flight_record.csv
2024-06-21 05:32:12-05:33:37,"Songco, Lantapan, Bukidnon, Northern Mindanao, Philippines",T40 Drone 2,Spraying,1.41,1.71,01:25,other,UTPL,default team,,R2519244813,18.0,9.0,,MKAVI1 T40 RPU028B_JUN_2024_ManualMode__flight_record.csv
2024-06-21 05:29:39-05:29:52,"Songco, Lantapan, Bukidnon, Northern Mindanao, Philippines",T40 Drone 2,Spraying,0.68,1.49,00:12,other,UTPL,default team,,R2459177172,40.0,38.0,,MKAVI1 T40 RPU028B_JUN_2024_ManualMode__flight_record.csv
2024-06-21 05:28:20-05:28:34,"Songco, Lantapan, Bukidnon, Northern Mindanao, Philippines",T40 Drone 2,Spraying,0.62,1.03,00:13,other,UTPL,default team,,R2399109531,56.0,53.0,,MKAVI1 T40 RPU028B_JUN_2024_ManualMode__flight_record.csv
2024-06-21 05:25:25-05:26:07,"Songco, Lantapan, Bukidnon, Northern Mindanao, Philippines",T40 Drone 2,Spraying,0.4,1.2,00:42,other,UTPL,default team,,R2298996796,99.0,89.0,,MKAVI1 T40 RPU028B_JUN_2024_ManualMode__flight_record.csv
2024-06-21 01:35:47-01:38:37,"Dabongdabong, Valencia, Bukidnon, Northern Mindanao, Philippines",T40 Drone 2,Spraying,6.4,8.34,02:49,other,UTPL,default team,,R1898545856,27.0,3.0,,MKAVI1 T40 RPU028B_JUN_2024_ManualMode__flight_record.csv
2024-06-20 23:11:34-23:12:33,"Dabongdabong, Valencia, Bukidnon, Northern Mindanao, Philippines",T40 Drone 2,Spraying,0.56,0.93,00:58,other,UTPL,default team,,R1157711617,63.0,57.0,,MKAVI1 T40 RPU028B_JUN_2024_ManualMode__flight_record.csv
2024-06-20 23:02:32-23:04:16,"Dabongdabong, Valencia, Bukidnon, Northern Mindanao, Philippines",T40 Drone 2,Spraying,3.58,4.12,01:44,other,UTPL,default team,,R0977508694,67.0,55.0,,MKAVI1 T40 RPU028B_JUN_2024_ManualMode__flight_record.csv
2024-06-20 02:53:46-02:55:38,"Bagontaas, Valencia, Bukidnon, Northern Mindanao, 8709088, Philippines",T40 Drone 2,Spraying,4.17,4.84,01:52,other,UTPL,default team,,R8291598907,45.0,32.0,,MKAVI1 T40 RPU028B_JUN_2024_ManualMode__flight_record.csv
2024-06-19 22:50:22-22:51:56,"Dabongdabong, Valencia, Bukidnon, Northern Mindanao, Philippines",T40 Drone 2,Spraying,3.68,4.82,01:34,other,UTPL,default team,,R5368307045,43.0,34.0,,MKAVI1 T40 RPU028B_JUN_2024_ManualMode__flight_record.csv
2024-06-19 22:17:38-22:20:23,"Valencia Bypass Road, Dabongdabong, Valencia, Bukidnon, Northern Mindanao, 8709088, Philippines",T40 Drone 2,Spraying,4.53,7.02,02:44,other,UTPL,default team,,R4627472806,52.0,32.0,,MKAVI1 T40 RPU028B_JUN_2024_ManualMode__flight_record.csv
2024-06-19 02:29:25-02:31:43,"Dabongdabong, Valencia, Bukidnon, Northern Mindanao, Philippines",T40 Drone 2,Spraying,3.8,4.74,02:17,other,UTPL,default team,,R3946706208,81.0,68.0,,MKAVI1 T40 RPU028B_JUN_2024_ManualMode__flight_record.csv
2024-06-18 17:39:26-17:40:54,"Baclayon, Lantapan, Bukidnon, Northern Mindanao, Philippines",T40 Drone 2,Spraying,2.54,3.65,01:27,other,UTPL,default team,,R2685285747,30.0,21.0,,MKAVI1 T40 RPU028B_JUN_2024_ManualMode__flight_record.csv
2024-06-18 17:38:27-17:38:38,"Baclayon, Lantapan, Bukidnon, Northern Mindanao, Philippines",T40 Drone 2,Spraying,0.51,1.01,00:10,other,UTPL,default team,,R2625218106,38.0,37.0,,MKAVI1 T40 RPU028B_JUN_2024_ManualMode__flight_record.csv
2024-06-18 17:37:23-17:37:38,"Baclayon, Lantapan, Bukidnon, Northern Mindanao, Philippines",T40 Drone 2,Spraying,0.58,1.37,00:14,other,UTPL,default team,,R2565150465,48.0,45.0,,MKAVI1 T40 RPU028B_JUN_2024_ManualMode__flight_record.csv
2024-06-18 17:36:21-17:36:37,"Baclayon, Lantapan, Bukidnon, Northern Mindanao, Philippines",T40 Drone 2,Spraying,0.69,1.49,00:15,other,UTPL,default team,,R2525105371,58.0,55.0,,MKAVI1 T40 RPU028B_JUN_2024_ManualMode__flight_record.csv
2024-06-18 17:34:51-17:35:26,"Baclayon, Lantapan, Bukidnon, Northern Mindanao, Philippines",T40 Drone 2,Spraying,2.06,5.36,00:34,other,UTPL,default team,,R2465037730,76.0,69.0,,MKAVI1 T40 RPU028B_JUN_2024_ManualMode__flight_record.csv
2024-06-18 17:33:00-17:33:44,"Baclayon, Lantapan, Bukidnon, Northern Mindanao, Philippines",T40 Drone 2,Spraying,0.76,1.56,00:44,other,UTPL,default team,,R2384947542,100.0,90.0,,MKAVI1 T40 RPU028B_JUN_2024_ManualMode__flight_record.csv
2024-06-18 17:28:29-17:29:28,"Baclayon, Lantapan, Bukidnon, Northern Mindanao, Philippines",T40 Drone 2,Spraying,0.45,2.21,00:59,other,UTPL,default team,,R1984496602,11.0,4.0,,MKAVI1 T40 RPU028B_JUN_2024_ManualMode__flight_record.csv
2024-06-18 17:21:44-17:21:53,"Baclayon, Lantapan, Bukidnon, Northern Mindanao, Philippines",T40 Drone 2,Spraying,0.55,1.25,00:09,other,UTPL,default team,,R1804293679,74.0,72.0,,MKAVI1 T40 RPU028B_JUN_2024_ManualMode__flight_record.csv
2024-06-18 17:19:45-17:20:34,"Baclayon, Lantapan, Bukidnon, Northern Mindanao, Philippines",T40 Drone 2,Spraying,1.23,3.64,00:49,other,UTPL,default team,,R1724203491,99.0,88.0,,MKAVI1 T40 RPU028B_JUN_2024_ManualMode__flight_record.csv
2024-06-18 17:06:30-17:07:17,"Alanib, Lantapan, Bukidnon, Northern Mindanao, Philippines",T40 Drone 2,Spraying,0.99,2.2,00:46,other,UTPL,default team,,R1544000568,62.0,58.0,,MKAVI1 T40 RPU028B_JUN_2024_ManualMode__flight_record.csv
2024-06-18 16:35:44-16:37:13,"Alanib, Lantapan, Bukidnon, Northern Mindanao, Philippines",T40 Drone 2,Spraying,4.53,6.15,01:29,other,UTPL,default team,,R0963346705,67.0,56.0,,MKAVI1 T40 RPU028B_JUN_2024_ManualMode__flight_record.csv
2024-06-18 16:08:52-16:09:55,"Alanib, Lantapan, Bukidnon, Northern Mindanao, Philippines",T40 Drone 2,Spraying,3.2,5.27,01:03,other,UTPL,default team,,R0262557560,23.0,17.0,,MKAVI1 T40 RPU028B_JUN_2024_ManualMode__flight_record.csv
2024-06-18 06:18:22-06:18:43,"Alanib, Lantapan, Bukidnon, Northern Mindanao, Philippines",T40 Drone 2,Spraying,0.14,0.26,00:20,other,UTPL,default team,,R6735700799,69.0,65.0,,MKAVI1 T40 RPU028B_JUN_2024_ManualMode__flight_record.csv
2024-06-18 06:15:43-06:16:21,"Alanib, Lantapan, Bukidnon, Northern Mindanao, Philippines",T40 Drone 2,Spraying,0.77,1.22,00:38,other,UTPL,default team,,R6635588064,98.0,91.0,,MKAVI1 T40 RPU028B_JUN_2024_ManualMode__flight_record.csv
2024-06-18 01:55:21-01:56:55,"Dabongdabong, Valencia, Bukidnon, Northern Mindanao, Philippines",T40 Drone 2,Spraying,0.21,1.14,01:33,other,UTPL,default team,,R5554370526,43.0,32.0,,MKAVI1 T40 RPU028B_JUN_2024_ManualMode__flight_record.csv
2024-06-16 07:39:58-07:41:30,"Kaatuan, Lantapan, Bukidnon, Northern Mindanao, Philippines",T40 Drone 2,Spraying,1.67,3.64,01:32,other,UTPL,default team,,R1149410186,18.0,2.0,,MKAVI1 T40 RPU028B_JUN_2024_ManualMode__flight_record.csv
2024-06-16 07:28:24-07:29:31,"Kaatuan, Lantapan, Bukidnon, Northern Mindanao, Philippines",T40 Drone 2,Spraying,1.24,3.07,01:06,other,UTPL,default team,,R0789004340,36.0,29.0,,MKAVI1 T40 RPU028B_JUN_2024_ManualMode__flight_record.csv
2024-06-16 06:50:14-06:50:55,"Kaatuan, Lantapan, Bukidnon, Northern Mindanao, Philippines",T40 Drone 2,Spraying,0.57,1.04,00:40,other,UTPL,default team,,R0148282836,14.0,9.0,,MKAVI1 T40 RPU028B_JUN_2024_ManualMode__flight_record.csv
2024-06-16 06:38:51-06:40:04,"Kaatuan, Lantapan, Bukidnon, Northern Mindanao, Philippines",T40 Drone 2,Spraying,1.47,3.17,01:12,other,UTPL,default team,,R8423455305,44.0,35.0,,MKAVI1 T40 RPU028B_JUN_2024_ManualMode__flight_record.csv
2024-06-16 01:24:36-01:25:10,"Valencia, Bukidnon, Northern Mindanao, Philippines",T40 Drone 2,Spraying,0.88,2.53,00:33,other,UTPL,default team,,R6641448622,43.0,39.0,,MKAVI1 T40 RPU028B_JUN_2024_ManualMode__flight_record.csv
2024-06-15 06:46:17-06:47:31,"Valencia-Lantapan Road, Purok 1, Balila, Lantapan, Bukidnon, Northern Mindanao, Philippines",T40 Drone 2,Spraying,1.45,2.03,01:13,other,UTPL,default team,,R5900614383,44.0,36.0,,MKAVI1 T40 RPU028B_JUN_2024_ManualMode__flight_record.csv
2024-06-15 06:35:17-06:36:09,"Valencia-Lantapan Road, Purok 1, Balila, Lantapan, Bukidnon, Northern Mindanao, Philippines",T40 Drone 2,Spraying,1.22,1.61,00:51,other,UTPL,default team,,R5380028161,36.0,29.0,,MKAVI1 T40 RPU028B_JUN_2024_ManualMode__flight_record.csv
2024-06-15 05:50:07-05:51:44,"Baclayon, Lantapan, Bukidnon, Northern Mindanao, Philippines",T40 Drone 2,Spraying,2.65,8.04,01:36,other,UTPL,default team,,R4619171375,32.0,20.0,,MKAVI1 T40 RPU028B_JUN_2024_ManualMode__flight_record.csv
2024-06-15 03:04:11-03:04:57,"Valencia, Bukidnon, Northern Mindanao, Philippines",T40 Drone 2,Spraying,0.19,1.13,00:45,other,UTPL,default team,,R4158652794,48.0,43.0,,MKAVI1 T40 RPU028B_JUN_2024_ManualMode__flight_record.csv
2024-06-14 23:39:45-23:40:41,"Dabongdabong, Valencia, Bukidnon, Northern Mindanao, Philippines",T40 Drone 2,Spraying,0.32,2.0,00:56,other,UTPL,default team,,R2636939222,40.0,33.0,,MKAVI1 T40 RPU028B_JUN_2024_ManualMode__flight_record.csv
2024-06-14 16:46:23-16:48:13,"Lantapan, Bukidnon, Northern Mindanao, Philippines",T40 Drone 2,Spraying,2.6,7.1,01:50,other,UTPL,default team,,R1195315838,26.0,12.0,,MKAVI1 T40 RPU028B_JUN_2024_ManualMode__flight_record.csv
2024-06-14 16:26:32-16:29:11,"Lantapan, Bukidnon, Northern Mindanao, Philippines",T40 Drone 2,Spraying,4.73,15.34,02:39,other,UTPL,default team,,R0995090368,41.0,18.0,,MKAVI1 T40 RPU028B_JUN_2024_ManualMode__flight_record.csv
2024-06-14 16:00:40-16:02:35,"Lantapan, Bukidnon, Northern Mindanao, Philippines",T40 Drone 2,Spraying,2.08,7.97,01:54,other,UTPL,default team,,R0674729616,31.0,14.0,,MKAVI1 T40 RPU028B_JUN_2024_ManualMode__flight_record.csv
2024-06-14 07:11:16-07:12:24,"Lantapan, Bukidnon, Northern Mindanao, Philippines",T40 Drone 2,Spraying,0.01,0.31,01:08,other,UTPL,default team,,R0454481599,42.0,33.0,,MKAVI1 T40 RPU028B_JUN_2024_ManualMode__flight_record.csv
2024-06-14 07:05:26-07:06:04,"Lantapan, Bukidnon, Northern Mindanao, Philippines",T40 Drone 2,Spraying,1.22,1.99,00:38,other,UTPL,default team,,R0394413958,100.0,92.0,,MKAVI1 T40 RPU028B_JUN_2024_ManualMode__flight_record.csv
2024-06-14 02:42:38-02:43:50,"Dabongdabong, Valencia, Bukidnon, Northern Mindanao, Philippines",T40 Drone 2,Spraying,0.42,0.88,01:12,other,UTPL,default team,,R8068910017,81.0,74.0,,MKAVI1 T40 RPU028B_JUN_2024_ManualMode__flight_record.csv
2024-06-14 02:31:57-02:32:40,"San Carlos, Valencia, Bukidnon, Northern Mindanao, Philippines",T40 Drone 2,Spraying,0.3,0.71,00:43,other,UTPL,default team,,R7908729641,47.0,42.0,,MKAVI1 T40 RPU028B_JUN_2024_ManualMode__flight_record.csv
2024-06-14 02:03:42-02:04:30,"San Carlos, Valencia, Bukidnon, Northern Mindanao, Philippines",T40 Drone 2,Spraying,0.2,0.66,00:47,other,UTPL,default team,,R7328075778,46.0,41.0,,MKAVI1 T40 RPU028B_JUN_2024_ManualMode__flight_record.csv
2024-06-13 23:45:47-23:46:43,"Dabongdabong, Valencia, Bukidnon, Northern Mindanao, Philippines",T40 Drone 2,Spraying,0.42,2.07,00:55,other,UTPL,default team,,R6627286633,74.0,68.0,,MKAVI1 T40 RPU028B_JUN_2024_ManualMode__flight_record.csv
2024-06-13 17:09:02-17:09:55,"Lantapan, Bukidnon, Northern Mindanao, Philippines",T40 Drone 2,Spraying,0.69,2.52,00:53,other,UTPL,default team,,R4084423164,26.0,20.0,,MKAVI1 T40 RPU028B_JUN_2024_ManualMode__flight_record.csv
2024-06-13 06:54:07-06:54:58,"Lantapan, Bukidnon, Northern Mindanao, Philippines",T40 Drone 2,Spraying,0.28,1.48,00:51,other,UTPL,default team,,R3784084959,28.0,21.0,,MKAVI1 T40 RPU028B_JUN_2024_ManualMode__flight_record.csv
2024-06-13 06:14:31-06:16:12,"Lantapan, Bukidnon, Northern Mindanao, Philippines",T40 Drone 2,Spraying,1.48,13.2,01:41,other,UTPL,default team,,R3243476190,20.0,5.0,,MKAVI1 T40 RPU028B_JUN_2024_ManualMode__flight_record.csv
2024-06-12 16:06:39-16:07:27,"Lantapan, Bukidnon, Northern Mindanao, Philippines",T40 Drone 2,Spraying,1.08,2.45,00:47,other,UTPL,default team,,R2442574310,29.0,24.0,,MKAVI1 T40 RPU028B_JUN_2024_ManualMode__flight_record.csv
2024-06-12 07:27:16-07:30:42,"Lantapan, Bukidnon, Northern Mindanao, Philippines",T40 Drone 2,Spraying,6.19,15.63,03:26,other,UTPL,default team,,R2182281199,100.0,72.0,,MKAVI1 T40 RPU028B_JUN_2024_ManualMode__flight_record.csv
2024-06-12 07:15:32-07:17:45,"Songco, Lantapan, Bukidnon, Northern Mindanao, Philippines",T40 Drone 2,Spraying,3.35,10.67,02:12,other,UTPL,default team,,R2102191011,54.0,35.0,,MKAVI1 T40 RPU028B_JUN_2024_ManualMode__flight_record.csv
2024-06-12 07:06:39-07:08:37,"Songco, Lantapan, Bukidnon, Northern Mindanao, Philippines",T40 Drone 2,Spraying,2.65,9.63,01:57,other,UTPL,default team,,R1821875353,33.0,17.0,,MKAVI1 T40 RPU028B_JUN_2024_ManualMode__flight_record.csv
2024-06-12 06:43:54-06:44:07,"Alanib, Lantapan, Bukidnon, Northern Mindanao, Philippines",T40 Drone 2,Spraying,0.52,1.72,00:12,other,UTPL,default team,,R1601627336,19.0,18.0,,MKAVI1 T40 RPU028B_JUN_2024_ManualMode__flight_record.csv
2024-06-12 06:42:29-06:43:15,"Alanib, Lantapan, Bukidnon, Northern Mindanao, Philippines",T40 Drone 2,Spraying,2.73,3.89,00:45,other,UTPL,default team,,R1521537148,30.0,24.0,,MKAVI1 T40 RPU028B_JUN_2024_ManualMode__flight_record.csv
2024-06-12 06:41:26-06:41:43,"Alanib, Lantapan, Bukidnon, Northern Mindanao, Philippines",T40 Drone 2,Spraying,0.52,1.68,00:16,other,UTPL,default team,,R1461469507,40.0,37.0,,MKAVI1 T40 RPU028B_JUN_2024_ManualMode__flight_record.csv
2024-06-12 06:40:28-06:40:41,"Alanib, Lantapan, Bukidnon, Northern Mindanao, Philippines",T40 Drone 2,Spraying,0.47,1.62,00:12,other,UTPL,default team,,R1421424413,51.0,48.0,,MKAVI1 T40 RPU028B_JUN_2024_ManualMode__flight_record.csv
2024-06-12 06:33:02-06:34:01,"Alanib, Lantapan, Bukidnon, Northern Mindanao, Philippines",T40 Drone 2,Spraying,1.55,2.45,00:58,other,UTPL,default team,,R1081041114,16.0,10.0,,MKAVI1 T40 RPU028B_JUN_2024_ManualMode__flight_record.csv
2024-06-12 06:32:00-06:32:17,"Alanib, Lantapan, Bukidnon, Northern Mindanao, Philippines",T40 Drone 2,Spraying,0.55,1.37,00:16,other,UTPL,default team,,R1020973473,24.0,21.0,,MKAVI1 T40 RPU028B_JUN_2024_ManualMode__flight_record.csv
2024-06-12 06:30:52-06:31:23,"Alanib, Lantapan, Bukidnon, Northern Mindanao, Philippines",T40 Drone 2,Spraying,1.94,4.49,00:30,other,UTPL,default team,,R0980928379,33.0,28.0,,MKAVI1 T40 RPU028B_JUN_2024_ManualMode__flight_record.csv
2024-06-12 06:29:49-06:29:58,"Alanib, Lantapan, Bukidnon, Northern Mindanao, Philippines",T40 Drone 2,Spraying,0.47,1.21,00:08,other,UTPL,default team,,R0940883285,43.0,41.0,,MKAVI1 T40 RPU028B_JUN_2024_ManualMode__flight_record.csv
2024-06-12 05:56:08-05:57:19,"Lantapan, Bukidnon, Northern Mindanao, Philippines",T40 Drone 2,Spraying,0.05,0.38,01:10,other,UTPL,default team,,R0500387251,27.0,19.0,,MKAVI1 T40 RPU028B_JUN_2024_ManualMode__flight_record.csv
2024-06-12 02:42:04-02:43:13,"Dabongdabong, Valencia, Bukidnon, Northern Mindanao, Philippines",T40 Drone 2,Spraying,0.38,1.59,01:08,other,UTPL,default team,,R0099936311,50.0,43.0,,MKAVI1 T40 RPU028B_JUN_2024_ManualMode__flight_record.csv
2024-06-11 22:35:54-22:37:14,"Dabongdabong, Valencia, Bukidnon, Northern Mindanao, Philippines",T40 Drone 2,Spraying,3.15,5.0,01:19,other,UTPL,default team,,R7634274541,25.0,15.0,,MKAVI1 T40 RPU028B_JUN_2024_ManualMode__flight_record.csv
2024-06-11 22:06:00-22:06:39,"Valencia, Bukidnon, Northern Mindanao, 8709088, Philippines",T40 Drone 2,Spraying,0.09,1.0,00:39,other,UTPL,default team,,R7193778507,58.0,54.0,,MKAVI1 T40 RPU028B_JUN_2024_ManualMode__flight_record.csv
2024-06-11 18:16:25-18:18:26,"Lantapan, Bukidnon, Northern Mindanao, Philippines",T40 Drone 2,Spraying,2.57,6.33,02:01,other,UTPL,default team,,R6713237379,30.0,15.0,,MKAVI1 T40 RPU028B_JUN_2024_ManualMode__flight_record.csv
2024-06-11 17:46:20-17:51:08,"Lantapan, Bukidnon, Northern Mindanao, Philippines",T40 Drone 2,Spraying,7.45,18.04,04:48,other,UTPL,default team,,R6312786439,100.0,60.0,,MKAVI1 T40 RPU028B_JUN_2024_ManualMode__flight_record.csv
2024-06-11 17:38:10-17:39:24,"Lantapan, Bukidnon, Northern Mindanao, Philippines",T40 Drone 2,Spraying,1.45,3.74,01:14,other,UTPL,default team,,R6052493328,100.0,86.0,,MKAVI1 T40 RPU028B_JUN_2024_ManualMode__flight_record.csv
2024-06-11 07:01:54-07:02:55,"Aglayan - Alanib - Ticalaan Road, Purok 1, Babahagon, Balila, Lantapan, Bukidnon, Northern Mindanao, Philippines",T40 Drone 2,Spraying,0.4,1.97,01:01,other,UTPL,default team,,R5551929653,70.0,64.0,,MKAVI1 T40 RPU028B_JUN_2024_ManualMode__flight_record.csv
2024-06-11 02:34:34-02:35:25,"Valencia, Bukidnon, Northern Mindanao, 8709088, Philippines",T40 Drone 2,Spraying,0.38,1.67,00:50,other,UTPL,default team,,R4670937585,39.0,33.0,,MKAVI1 T40 RPU028B_JUN_2024_ManualMode__flight_record.csv
2024-06-10 22:32:31-22:33:20,"Valencia Bypass Road, Dabongdabong, Valencia, Bukidnon, Northern Mindanao, 8709088, Philippines",T40 Drone 2,Spraying,0.28,1.44,00:49,other,UTPL,default team,,R6421810903,83.0,78.0,,MKAVI1 T40 RPU028B_JUN_2024_ManualMode__flight_record.csv
2024-06-10 21:59:36-22:00:21,"Valencia Bypass Road, Dabongdabong, Valencia, Bukidnon, Northern Mindanao, 8709088, Philippines",T40 Drone 2,Spraying,1.35,2.71,00:44,other,UTPL,default team,,R6241607980,79.0,74.0,,MKAVI1 T40 RPU028B_JUN_2024_ManualMode__flight_record.csv
2024-06-10 16:59:07-17:00:22,"Lantapan, Bukidnon, Northern Mindanao, Philippines",T40 Drone 2,Spraying,0.81,2.7,01:15,other,UTPL,default team,,R5781089399,77.0,68.0,,MKAVI1 T40 RPU028B_JUN_2024_ManualMode__flight_record.csv
2024-06-10 16:35:03-16:37:37,"Lantapan, Bukidnon, Northern Mindanao, Philippines",T40 Drone 2,Spraying,1.77,6.18,02:34,other,UTPL,default team,,R5700999211,67.0,49.0,,MKAVI1 T40 RPU028B_JUN_2024_ManualMode__flight_record.csv
2024-06-10 16:00:29-16:02:08,"Baclayon, Lantapan, Bukidnon, Northern Mindanao, Philippines",T40 Drone 2,Spraying,2.33,6.03,01:38,other,UTPL,default team,,R5580863929,71.0,60.0,,MKAVI1 T40 RPU028B_JUN_2024_ManualMode__flight_record.csv
2024-06-10 15:34:16-15:34:41,"Baclayon, Lantapan, Bukidnon, Northern Mindanao, Philippines",T40 Drone 2,Spraying,0.29,0.65,00:24,other,UTPL,default team,,R5480751194,44.0,41.0,,MKAVI1 T40 RPU028B_JUN_2024_ManualMode__flight_record.csv
2024-06-10 07:55:44-07:56:41,"Lantapan, Bukidnon, Northern Mindanao, Philippines",T40 Drone 2,Spraying,1.21,2.46,00:56,other,UTPL,default team,,R5420683553,57.0,50.0,,MKAVI1 T40 RPU028B_JUN_2024_ManualMode__flight_record.csv
2024-06-10 06:58:08-06:59:42,"Songco, Lantapan, Bukidnon, Northern Mindanao, Philippines",T40 Drone 2,Spraying,1.79,10.44,01:34,other,UTPL,default team,,R5240480630,20.0,9.0,,MKAVI1 T40 RPU028B_JUN_2024_ManualMode__flight_record.csv
2024-06-10 06:57:23-06:57:36,"Songco, Lantapan, Bukidnon, Northern Mindanao, Philippines",T40 Drone 2,Spraying,0.65,1.64,00:12,other,UTPL,default team,,R5200435536,27.0,25.0,,MKAVI1 T40 RPU028B_JUN_2024_ManualMode__flight_record.csv
2024-06-10 06:56:07-06:56:25,"Songco, Lantapan, Bukidnon, Northern Mindanao, Philippines",T40 Drone 2,Spraying,0.97,2.06,00:17,other,UTPL,default team,,R5160390442,41.0,37.0,,MKAVI1 T40 RPU028B_JUN_2024_ManualMode__flight_record.csv
2024-06-10 06:35:50-06:37:26,"Songco, Lantapan, Bukidnon, Northern Mindanao, Philippines",T40 Drone 2,Spraying,1.85,3.81,01:36,other,UTPL,default team,,R5040255160,29.0,18.0,,MKAVI1 T40 RPU028B_JUN_2024_ManualMode__flight_record.csv
2024-06-10 06:33:08-06:33:37,"Songco, Lantapan, Bukidnon, Northern Mindanao, Philippines",T40 Drone 2,Spraying,0.68,4.39,00:28,other,UTPL,default team,,R4960164972,54.0,48.0,,MKAVI1 T40 RPU028B_JUN_2024_ManualMode__flight_record.csv
2024-06-10 06:23:45-06:25:01,"Songco, Lantapan, Bukidnon, Northern Mindanao, Philippines",T40 Drone 2,Spraying,2.27,2.79,01:16,other,UTPL,default team,,R4860052237,15.0,7.0,,MKAVI1 T40 RPU028B_JUN_2024_ManualMode__flight_record.csv
2024-06-10 06:21:43-06:21:58,"Songco, Lantapan, Bukidnon, Northern Mindanao, Philippines",T40 Drone 2,Spraying,0.76,1.81,00:15,other,UTPL,default team,,R4799984596,33.0,30.0,,MKAVI1 T40 RPU028B_JUN_2024_ManualMode__flight_record.csv
2024-06-10 06:20:11-06:20:20,"Songco, Lantapan, Bukidnon, Northern Mindanao, Philippines",T40 Drone 2,Spraying,0.3,1.12,00:09,other,UTPL,default team,,R4759939502,47.0,45.0,,MKAVI1 T40 RPU028B_JUN_2024_ManualMode__flight_record.csv
2024-06-09 08:02:05-08:05:40,"Lantapan, Bukidnon, Northern Mindanao, Philippines",T40 Drone 2,Spraying,1.95,7.34,03:34,other,UTPL,default team,,R4679849314,61.0,35.0,,MKAVI1 T40 RPU028B_JUN_2024_ManualMode__flight_record.csv
2024-06-09 07:43:48-07:45:50,"Lantapan, Bukidnon, Northern Mindanao, Philippines",T40 Drone 2,Spraying,1.04,2.57,02:01,other,UTPL,default team,,R4599759126,38.0,24.0,,MKAVI1 T40 RPU028B_JUN_2024_ManualMode__flight_record.csv
2024-06-09 06:28:31-06:29:31,"Lantapan, Bukidnon, Northern Mindanao, Philippines",T40 Drone 2,Spraying,0.69,1.4,01:00,other,UTPL,default team,,R1716512358,28.0,21.0,,MKAVI1 T40 RPU028B_JUN_2024_ManualMode__flight_record.csv
2024-06-09 06:16:36-06:17:41,"Lantapan, Bukidnon, Northern Mindanao, Philippines",T40 Drone 2,Spraying,0.19,0.13,01:04,other,UTPL,default team,,R1676467264,30.0,23.0,,MKAVI1 T40 RPU028B_JUN_2024_ManualMode__flight_record.csv
2024-06-09 01:02:26-01:03:14,"Valencia, Bukidnon, Northern Mindanao, Philippines",T40 Drone 2,Spraying,0.15,0.91,00:47,other,UTPL,default team,,R1396151606,45.0,40.0,,MKAVI1 T40 RPU028B_JUN_2024_ManualMode__flight_record.csv
2024-06-08 07:22:37-07:23:22,"Baclayon, Lantapan, Bukidnon, Northern Mindanao, Philippines",T40 Drone 2,Spraying,1.63,4.27,00:44,other,UTPL,default team,,R0595249726,67.0,59.0,,MKAVI1 T40 RPU028B_JUN_2024_ManualMode__flight_record.csv
2024-06-08 07:19:59-07:21:28,"Baclayon, Lantapan, Bukidnon, Northern Mindanao, Philippines",T40 Drone 2,Spraying,1.22,12.67,01:29,other,UTPL,default team,,R0555204632,100.0,79.0,,MKAVI1 T40 RPU028B_JUN_2024_ManualMode__flight_record.csv
2024-06-08 07:14:14-07:15:15,"Baclayon, Lantapan, Bukidnon, Northern Mindanao, Philippines",T40 Drone 2,Spraying,0.54,2.08,01:01,other,UTPL,default team,,R0495136991,17.0,10.0,,MKAVI1 T40 RPU028B_JUN_2024_ManualMode__flight_record.csv
2024-06-08 07:09:02-07:09:20,"Baclayon, Lantapan, Bukidnon, Northern Mindanao, Philippines",T40 Drone 2,Spraying,0.9,1.97,00:17,other,UTPL,default team,,R0395024256,61.0,58.0,,MKAVI1 T40 RPU028B_JUN_2024_ManualMode__flight_record.csv
2024-06-08 07:05:40-07:06:17,"Baclayon, Lantapan, Bukidnon, Northern Mindanao, Philippines",T40 Drone 2,Spraying,1.49,1.78,00:37,other,UTPL,default team,,R0314934068,99.0,92.0,,MKAVI1 T40 RPU028B_JUN_2024_ManualMode__flight_record.csv
2024-06-08 06:52:01-06:53:52,"Alanib, Lantapan, Bukidnon, Northern Mindanao, Philippines",T40 Drone 2,Spraying,1.47,6.76,01:51,other,UTPL,default team,,R0254866427,41.0,27.0,,MKAVI1 T40 RPU028B_JUN_2024_ManualMode__flight_record.csv
2024-06-08 06:50:12-06:50:58,"Alanib, Lantapan, Bukidnon, Northern Mindanao, Philippines",T40 Drone 2,Spraying,1.02,6.8,00:45,other,UTPL,default team,,R0214821333,57.0,49.0,,MKAVI1 T40 RPU028B_JUN_2024_ManualMode__flight_record.csv
2024-06-08 06:48:59-06:49:16,"Alanib, Lantapan, Bukidnon, Northern Mindanao, Philippines",T40 Drone 2,Spraying,0.64,2.44,00:16,other,UTPL,default team,,R0174776239,71.0,67.0,,MKAVI1 T40 RPU028B_JUN_2024_ManualMode__flight_record.csv
2024-06-08 06:46:31-06:48:15,"Alanib, Lantapan, Bukidnon, Northern Mindanao, Philippines",T40 Drone 2,Spraying,3.24,7.21,01:44,other,UTPL,default team,,R0114708598,100.0,79.0,,MKAVI1 T40 RPU028B_JUN_2024_ManualMode__flight_record.csv
2024-06-08 06:17:09-06:18:38,"Alanib, Lantapan, Bukidnon, Northern Mindanao, Philippines",T40 Drone 2,Spraying,4.07,8.09,01:28,other,UTPL,default team,,R8530038896,64.0,55.0,,MKAVI1 T40 RPU028B_JUN_2024_ManualMode__flight_record.csv
2024-06-08 05:52:16-05:53:23,"Alanib, Lantapan, Bukidnon, Northern Mindanao, Philippines",T40 Drone 2,Spraying,2.63,4.13,01:07,other,UTPL,default team,,R8189655597,28.0,20.0,,MKAVI1 T40 RPU028B_JUN_2024_ManualMode__flight_record.csv
2024-06-08 05:50:25-05:50:38,"Alanib, Lantapan, Bukidnon, Northern Mindanao, Philippines",T40 Drone 2,Spraying,0.73,1.71,00:12,other,UTPL,default team,,R8149610503,44.0,42.0,,MKAVI1 T40 RPU028B_JUN_2024_ManualMode__flight_record.csv
2024-06-07 06:50:22-06:53:41,"Purok 1, Balila, Lantapan, Bukidnon, Northern Mindanao, Philippines",T40 Drone 2,Spraying,4.29,25.2,03:19,other,UTPL,default team,,R7268618435,100.0,60.0,,MKAVI1 T40 RPU028B_JUN_2024_ManualMode__flight_record.csv
2024-06-07 06:46:08-06:47:55,"Purok 1, Balila, Lantapan, Bukidnon, Northern Mindanao, Philippines",T40 Drone 2,Spraying,3.76,12.42,01:46,other,UTPL,default team,,R7208550794,29.0,15.0,,MKAVI1 T40 RPU028B_JUN_2024_ManualMode__flight_record.csv
2024-06-06 17:20:34-17:22:03,"Kaatuan, Lantapan, Bukidnon, Northern Mindanao, Philippines",T40 Drone 2,Spraying,1.34,3.44,01:28,other,UTPL,default team,,R7008325324,25.0,14.0,,MKAVI1 T40 RPU028B_JUN_2024_ManualMode__flight_record.csv
2024-06-06 06:13:17-06:14:42,"Alanib, Lantapan, Bukidnon, Northern Mindanao, Philippines",T40 Drone 2,Spraying,3.61,4.85,01:24,other,UTPL,default team,,R6487739102,57.0,48.0,,MKAVI1 T40 RPU028B_JUN_2024_ManualMode__flight_record.csv
2024-06-05 22:36:11-22:36:49,"Valencia Bypass Road, Dabongdabong, Valencia, Bukidnon, Northern Mindanao, 8709088, Philippines",T40 Drone 2,Spraying,0.22,0.7,00:37,other,UTPL,default team,,R5317797769,28.0,24.0,,MKAVI1 T40 RPU028B_JUN_2024_ManualMode__flight_record.csv
2024-06-05 07:12:22-07:13:51,"Valencia-Lantapan Road, Purok 1, Balila, Lantapan, Bukidnon, Northern Mindanao, Philippines",T40 Drone 2,Spraying,1.33,2.53,01:29,other,UTPL,default team,,R4837256641,55.0,46.0,,MKAVI1 T40 RPU028B_JUN_2024_ManualMode__flight_record.csv
2024-06-05 07:09:28-07:10:04,"Valencia-Lantapan Road, Purok 1, Balila, Lantapan, Bukidnon, Northern Mindanao, Philippines",T40 Drone 2,Spraying,2.29,3.22,00:36,other,UTPL,default team,,R4777189000,79.0,73.0,,MKAVI1 T40 RPU028B_JUN_2024_ManualMode__flight_record.csv
2024-06-05 06:26:25-06:27:45,"Baclayon, Lantapan, Bukidnon, Northern Mindanao, Philippines",T40 Drone 2,Spraying,2.35,6.31,01:20,other,UTPL,default team,,R4376738060,44.0,35.0,,MKAVI1 T40 RPU028B_JUN_2024_ManualMode__flight_record.csv
2024-06-03 06:55:29-06:56:05,"Aglayan - Alanib - Ticalaan Road, Purok 1, Babahagon, Balila, Lantapan, Bukidnon, Northern Mindanao, Philippines",T40 Drone 2,Spraying,0.01,0.64,00:36,other,UTPL,default team,,R5337928139,74.0,70.0,,MKAVI1 T40 RPU028B_JUN_2024_ManualMode__flight_record.csv
2024-06-02 07:21:54-07:23:49,"Lantapan, Bukidnon, Northern Mindanao, Philippines",T40 Drone 2,Spraying,1.29,7.62,01:55,other,UTPL,default team,,R4056485131,24.0,9.0,,MKAVI1 T40 RPU028B_JUN_2024_ManualMode__flight_record.csv
2024-06-02 06:58:16-06:59:28,"Lantapan, Bukidnon, Northern Mindanao, Philippines",T40 Drone 2,Spraying,1.16,4.36,01:12,other,UTPL,default team,,R3696079285,41.0,32.0,,MKAVI1 T40 RPU028B_JUN_2024_ManualMode__flight_record.csv
2024-06-01 07:15:59-07:19:11,"Songco, Lantapan, Bukidnon, Northern Mindanao, Philippines",T40 Drone 2,Spraying,6.23,27.7,03:12,other,UTPL,default team,,R3055357781,37.0,6.0,,MKAVI1 T40 RPU028B_JUN_2024_ManualMode__flight_record.csv
2024-06-01 07:05:18-07:07:55,"Songco, Lantapan, Bukidnon, Northern Mindanao, Philippines",T40 Drone 2,Spraying,4.3,13.09,02:37,other,UTPL,default team,,R2835109764,29.0,8.0,,MKAVI1 T40 RPU028B_JUN_2024_ManualMode__flight_record.csv
2024-06-01 06:42:26-06:45:01,"Alanib, Lantapan, Bukidnon, Northern Mindanao, Philippines",T40 Drone 2,Spraying,7.61,10.06,02:35,other,UTPL,default team,,R2574816653,54.0,36.0,,MKAVI1 T40 RPU028B_JUN_2024_ManualMode__flight_record.csv
2024-06-01 06:02:24-06:03:20,"Lantapan, Bukidnon, Northern Mindanao, Philippines",T40 Drone 2,Spraying,2.38,2.77,00:56,other,UTPL,default team,,R1773914773,14.0,9.0,,MKAVI1 T40 RPU028B_JUN_2024_ManualMode__flight_record.csv
2024-06-01 05:59:39-05:59:52,"Lantapan, Bukidnon, Northern Mindanao, Philippines",T40 Drone 2,Spraying,0.8,1.88,00:12,other,UTPL,default team,,R1673802038,39.0,36.0,,MKAVI1 T40 RPU028B_JUN_2024_ManualMode__flight_record.csv
2024-05-31 22:43:15-22:44:14,"Dabongdabong, Valencia, Bukidnon, Northern Mindanao, Philippines",T40 Drone 2,Spraying,0.76,2.59,00:58,other,UTPL,default team,,R0552539406,53.0,46.0,,MKAVI1 T40 RPU028B_MAY_2024_ManualMode__flight_record.csv
2024-05-31 22:14:59-22:15:40,"Dabongdabong, Valencia, Bukidnon, Northern Mindanao, Philippines",T40 Drone 2,Spraying,0.14,0.7,00:40,other,UTPL,default team,,R0272223748,24.0,20.0,,MKAVI1 T40 RPU028B_MAY_2024_ManualMode__flight_record.csv
2024-05-31 18:15:09-18:19:04,"Purok 1, Balila, Lantapan, Bukidnon, Northern Mindanao, Philippines",T40 Drone 2,Spraying,3.85,33.33,03:55,other,UTPL,default team,,R8307125653,100.0,54.0,,MKAVI1 T40 RPU028B_MAY_2024_ManualMode__flight_record.csv
2024-05-31 18:05:45-18:07:55,"Purok 1, Balila, Lantapan, Bukidnon, Northern Mindanao, Philippines",T40 Drone 2,Spraying,2.89,16.62,02:10,other,UTPL,default team,,R8227035465,100.0,72.0,,MKAVI1 T40 RPU028B_MAY_2024_ManualMode__flight_record.csv
2024-05-31 18:02:26-18:03:37,"Purok 1, Balila, Lantapan, Bukidnon, Northern Mindanao, Philippines",T40 Drone 2,Spraying,0.03,0.22,01:10,other,UTPL,default team,,R7986764901,35.0,28.0,,MKAVI1 T40 RPU028B_MAY_2024_ManualMode__flight_record.csv
2024-05-31 07:09:31-07:11:53,"Songco, Lantapan, Bukidnon, Northern Mindanao, Philippines",T40 Drone 2,Spraying,4.52,14.63,02:21,other,UTPL,default team,,R7686426696,26.0,6.0,,MKAVI1 T40 RPU028B_MAY_2024_ManualMode__flight_record.csv
2024-05-31 06:32:47-06:33:46,"Lantapan, Bukidnon, Northern Mindanao, Philippines",T40 Drone 2,Spraying,0.56,0.63,00:58,other,UTPL,default team,,R7486201226,27.0,21.0,,MKAVI1 T40 RPU028B_MAY_2024_ManualMode__flight_record.csv
2024-05-31 01:02:21-01:03:57,"Valencia, Bukidnon, Northern Mindanao, Philippines",T40 Drone 2,Spraying,2.2,8.2,01:35,other,UTPL,default team,,R6465051329,66.0,55.0,,MKAVI1 T40 RPU028B_MAY_2024_ManualMode__flight_record.csv
2024-05-30 21:50:22-21:51:20,"Valencia, Bukidnon, Northern Mindanao, Philippines",T40 Drone 2,Spraying,0.49,2.33,00:57,other,UTPL,default team,,R5784284731,31.0,24.0,,MKAVI1 T40 RPU028B_MAY_2024_ManualMode__flight_record.csv
2024-05-30 16:32:21-16:33:52,"Songco, Lantapan, Bukidnon, Northern Mindanao, Philippines",T40 Drone 2,Spraying,1.23,2.7,01:31,other,UTPL,default team,,R4823202475,31.0,21.0,,MKAVI1 T40 RPU028B_MAY_2024_ManualMode__flight_record.csv
2024-05-30 16:31:05-16:31:21,"Songco, Lantapan, Bukidnon, Northern Mindanao, Philippines",T40 Drone 2,Spraying,0.65,1.9,00:15,other,UTPL,default team,,R4703067193,41.0,39.0,,MKAVI1 T40 RPU028B_MAY_2024_ManualMode__flight_record.csv
2024-05-30 16:29:55-16:30:13,"Songco, Lantapan, Bukidnon, Northern Mindanao, Philippines",T40 Drone 2,Spraying,0.64,3.01,00:17,other,UTPL,default team,,R4642999552,52.0,48.0,,MKAVI1 T40 RPU028B_MAY_2024_ManualMode__flight_record.csv
2024-05-30 16:21:13-16:21:44,"Songco, Lantapan, Bukidnon, Northern Mindanao, Philippines",T40 Drone 2,Spraying,2.59,4.18,00:31,other,UTPL,default team,,R4302616253,24.0,19.0,,MKAVI1 T40 RPU028B_MAY_2024_ManualMode__flight_record.csv
2024-05-30 16:20:05-16:20:21,"Songco, Lantapan, Bukidnon, Northern Mindanao, Philippines",T40 Drone 2,Spraying,1.09,2.35,00:16,other,UTPL,default team,,R4262571159,34.0,31.0,,MKAVI1 T40 RPU028B_MAY_2024_ManualMode__flight_record.csv
2024-05-30 07:29:53-07:31:15,"Baclayon, Lantapan, Bukidnon, Northern Mindanao, Philippines",T40 Drone 2,Spraying,1.3,2.13,01:22,other,UTPL,default team,,R4002278048,20.0,12.0,,MKAVI1 T40 RPU028B_MAY_2024_ManualMode__flight_record.csv
2024-05-30 07:28:49-07:29:06,"Baclayon, Lantapan, Bukidnon, Northern Mindanao, Philippines",T40 Drone 2,Spraying,0.61,1.65,00:16,other,UTPL,default team,,R3962232954,29.0,26.0,,MKAVI1 T40 RPU028B_MAY_2024_ManualMode__flight_record.csv
2024-05-30 07:22:19-07:24:03,"Baclayon, Lantapan, Bukidnon, Northern Mindanao, Philippines",T40 Drone 2,Spraying,2.44,14.7,01:44,other,UTPL,default team,,R3802052578,100.0,75.0,,MKAVI1 T40 RPU028B_MAY_2024_ManualMode__flight_record.csv
2024-05-30 07:16:26-07:17:11,"Baclayon, Lantapan, Bukidnon, Northern Mindanao, Philippines",T40 Drone 2,Spraying,2.65,5.12,00:44,other,UTPL,default team,,R3601827108,35.0,28.0,,MKAVI1 T40 RPU028B_MAY_2024_ManualMode__flight_record.csv
2024-05-30 06:57:33-06:58:33,"Alanib, Lantapan, Bukidnon, Northern Mindanao, Philippines",T40 Drone 2,Spraying,1.58,2.93,01:00,other,UTPL,default team,,R3341533997,65.0,59.0,,MKAVI1 T40 RPU028B_MAY_2024_ManualMode__flight_record.csv
2024-05-30 06:31:13-06:32:50,"Alanib, Lantapan, Bukidnon, Northern Mindanao, Philippines",T40 Drone 2,Spraying,4.41,8.71,01:36,other,UTPL,default team,,R2921060510,67.0,56.0,,MKAVI1 T40 RPU028B_MAY_2024_ManualMode__flight_record.csv
2024-05-30 06:04:41-06:06:05,"Alanib, Lantapan, Bukidnon, Northern Mindanao, Philippines",T40 Drone 2,Spraying,2.74,4.98,01:23,other,UTPL,default team,,R2300361553,28.0,18.0,,MKAVI1 T40 RPU028B_MAY_2024_ManualMode__flight_record.csv
2024-05-30 01:59:08-01:59:57,"Valencia, Bukidnon, Northern Mindanao, Philippines",T40 Drone 2,Spraying,0.8,2.23,00:48,other,UTPL,default team,,R1739730237,49.0,43.0,,MKAVI1 T40 RPU028B_MAY_2024_ManualMode__flight_record.csv
2024-05-30 01:09:45-01:11:10,"Valencia, Bukidnon, Northern Mindanao, Philippines",T40 Drone 2,Spraying,1.69,3.78,01:24,other,UTPL,default team,,R1419369485,44.0,34.0,,MKAVI1 T40 RPU028B_MAY_2024_ManualMode__flight_record.csv
2024-05-29 22:14:49-22:15:51,"Valencia, Bukidnon, Northern Mindanao, Philippines",T40 Drone 2,Spraying,1.4,1.08,01:02,other,UTPL,default team,,R0017791195,100.0,87.0,,MKAVI1 T40 RPU028B_MAY_2024_ManualMode__flight_record.csv
2024-05-29 17:33:19-17:34:29,"Baclayon, Lantapan, Bukidnon, Northern Mindanao, Philippines",T40 Drone 2,Spraying,0.01,0.24,01:10,other,UTPL,default team,,R7171701032,29.0,20.0,,MKAVI1 T40 RPU028B_MAY_2024_ManualMode__flight_record.csv
2024-05-29 17:13:04-17:14:01,"Baclayon, Lantapan, Bukidnon, Northern Mindanao, Philippines",T40 Drone 2,Spraying,0.01,0.35,00:57,other,UTPL,default team,,R6410844246,18.0,12.0,,MKAVI1 T40 RPU028B_MAY_2024_ManualMode__flight_record.csv
2024-05-29 16:50:25-16:51:25,"Alanib, Lantapan, Bukidnon, Northern Mindanao, Philippines",T40 Drone 2,Spraying,0.44,0.5,01:00,other,UTPL,default team,,R6050438400,53.0,47.0,,MKAVI1 T40 RPU028B_MAY_2024_ManualMode__flight_record.csv
2024-05-29 01:20:20-01:21:39,"Valencia Bypass Road, Dabongdabong, Valencia, Bukidnon, Northern Mindanao, 8709088, Philippines",T40 Drone 2,Spraying,1.11,2.18,01:18,other,UTPL,default team,,R5269559067,56.0,48.0,,MKAVI1 T40 RPU028B_MAY_2024_ManualMode__flight_record.csv
2024-05-29 01:12:20-01:13:20,"Valencia Bypass Road, Dabongdabong, Valencia, Bukidnon, Northern Mindanao, 8709088, Philippines",T40 Drone 2,Spraying,0.0,0.25,00:59,other,UTPL,default team,,R5029288503,69.0,63.0,,MKAVI1 T40 RPU028B_MAY_2024_ManualMode__flight_record.csv
2024-05-29 00:59:47-01:00:30,"Valencia Bypass Road, Dabongdabong, Valencia, Bukidnon, Northern Mindanao, 8709088, Philippines",T40 Drone 2,Spraying,0.33,1.67,00:42,other,UTPL,default team,,R4708927751,41.0,36.0,,MKAVI1 T40 RPU028B_MAY_2024_ManualMode__flight_record.csv
2024-05-29 00:36:35-00:37:16,"Dabongdabong, Valencia, Bukidnon, Northern Mindanao, Philippines",T40 Drone 2,Spraying,0.0,0.28,00:40,other,UTPL,default team,,R4428612093,66.0,61.0,,MKAVI1 T40 RPU028B_MAY_2024_ManualMode__flight_record.csv
2024-05-28 22:24:43-22:25:39,"Dabongdabong, Valencia, Bukidnon, Northern Mindanao, Philippines",T40 Drone 2,Spraying,0.28,1.38,00:56,other,UTPL,default team,,R3827935683,73.0,66.0,,MKAVI1 T40 RPU028B_MAY_2024_ManualMode__flight_record.csv
2024-05-28 06:02:07-06:03:16,"Baclayon, Lantapan, Bukidnon, Northern Mindanao, Philippines",T40 Drone 2,Spraying,0.92,4.69,01:08,other,UTPL,default team,,R1305094761,34.0,26.0,,MKAVI1 T40 RPU028B_MAY_2024_ManualMode__flight_record.csv
2024-05-28 01:54:58-01:56:04,"Dabongdabong, Valencia, Bukidnon, Northern Mindanao, Philippines",T40 Drone 2,Spraying,0.19,1.19,01:05,other,UTPL,default team,,R0864598727,26.0,18.0,,MKAVI1 T40 RPU028B_MAY_2024_ManualMode__flight_record.csv
2024-05-28 01:33:32-01:34:46,"Dabongdabong, Valencia, Bukidnon, Northern Mindanao, Philippines",T40 Drone 2,Spraying,2.0,4.69,01:14,other,UTPL,default team,,R0764485992,22.0,14.0,,MKAVI1 T40 RPU028B_MAY_2024_ManualMode__flight_record.csv
2024-05-27 23:42:17-23:45:11,"Valencia Bypass Road, Dabongdabong, Valencia, Bukidnon, Northern Mindanao, 8709088, Philippines",T40 Drone 2,Spraying,5.34,24.29,02:54,other,UTPL,default team,,R0384057599,36.0,7.0,,MKAVI1 T40 RPU028B_MAY_2024_ManualMode__flight_record.csv
2024-05-27 23:39:34-23:40:39,"Valencia Bypass Road, Dabongdabong, Valencia, Bukidnon, Northern Mindanao, 8709088, Philippines",T40 Drone 2,Spraying,2.35,3.6,01:05,other,UTPL,default team,,R0223877223,44.0,37.0,,MKAVI1 T40 RPU028B_MAY_2024_ManualMode__flight_record.csv
2024-05-27 06:40:19-06:42:13,"Aglayan - Alanib - Ticalaan Road, Purok 1, Babahagon, Balila, Lantapan, Bukidnon, Northern Mindanao, Philippines",T40 Drone 2,Spraying,3.9,5.54,01:53,other,UTPL,default team,,R8318846769,65.0,53.0,,MKAVI1 T40 RPU028B_MAY_2024_ManualMode__flight_record.csv
2024-05-25 17:17:23-17:21:48,"Purok 1, Balila, Lantapan, Bukidnon, Northern Mindanao, Philippines",T40 Drone 2,Spraying,7.9,28.36,04:25,other,UTPL,default team,,R7537967436,69.0,27.0,,MKAVI1 T40 RPU028B_MAY_2024_ManualMode__flight_record.csv
2024-05-25 17:15:02-17:15:58,"Purok 1, Balila, Lantapan, Bukidnon, Northern Mindanao, Philippines",T40 Drone 2,Spraying,1.09,2.06,00:56,other,UTPL,default team,,R7457877248,100.0,88.0,,MKAVI1 T40 RPU028B_MAY_2024_ManualMode__flight_record.csv
2024-05-25 17:07:20-17:11:42,"Purok 1, Balila, Lantapan, Bukidnon, Northern Mindanao, Philippines",T40 Drone 2,Spraying,8.1,25.78,04:22,other,UTPL,default team,,R7397809607,57.0,16.0,,MKAVI1 T40 RPU028B_MAY_2024_ManualMode__flight_record.csv
2024-05-25 07:26:54-07:30:22,"Songco, Lantapan, Bukidnon, Northern Mindanao, Philippines",T40 Drone 2,Spraying,5.98,23.79,03:27,other,UTPL,default team,,R7137516496,40.0,8.0,,MKAVI1 T40 RPU028B_MAY_2024_ManualMode__flight_record.csv
2024-05-25 07:18:09-07:20:25,"Songco, Lantapan, Bukidnon, Northern Mindanao, Philippines",T40 Drone 2,Spraying,3.99,13.48,02:16,other,UTPL,default team,,R6997358667,30.0,11.0,,MKAVI1 T40 RPU028B_MAY_2024_ManualMode__flight_record.csv
2024-05-25 06:58:10-06:59:13,"Alanib, Lantapan, Bukidnon, Northern Mindanao, Philippines",T40 Drone 2,Spraying,0.52,4.86,01:03,other,UTPL,default team,,R6656975368,22.0,14.0,,MKAVI1 T40 RPU028B_MAY_2024_ManualMode__flight_record.csv
2024-05-25 06:55:41-06:56:33,"Alanib, Lantapan, Bukidnon, Northern Mindanao, Philippines",T40 Drone 2,Spraying,3.23,4.11,00:51,other,UTPL,default team,,R6576885180,42.0,35.0,,MKAVI1 T40 RPU028B_MAY_2024_ManualMode__flight_record.csv
2024-05-25 06:47:43-06:48:37,"Alanib, Lantapan, Bukidnon, Northern Mindanao, Philippines",T40 Drone 2,Spraying,1.04,1.98,00:53,other,UTPL,default team,,R6336614616,18.0,13.0,,MKAVI1 T40 RPU028B_MAY_2024_ManualMode__flight_record.csv
2024-05-25 06:45:38-06:46:04,"Alanib, Lantapan, Bukidnon, Northern Mindanao, Philippines",T40 Drone 2,Spraying,1.78,2.63,00:25,other,UTPL,default team,,R6276546975,35.0,31.0,,MKAVI1 T40 RPU028B_MAY_2024_ManualMode__flight_record.csv
2024-05-25 06:44:30-06:44:46,"Alanib, Lantapan, Bukidnon, Northern Mindanao, Philippines",T40 Drone 2,Spraying,0.0,0.04,00:15,other,UTPL,default team,,R6216479334,44.0,42.0,,MKAVI1 T40 RPU028B_MAY_2024_ManualMode__flight_record.csv
2024-05-25 06:43:02-06:43:29,"Alanib, Lantapan, Bukidnon, Northern Mindanao, Philippines",T40 Drone 2,Spraying,1.86,3.57,00:26,other,UTPL,default team,,R6176434240,59.0,54.0,,MKAVI1 T40 RPU028B_MAY_2024_ManualMode__flight_record.csv
2024-05-25 06:41:40-06:41:55,"Alanib, Lantapan, Bukidnon, Northern Mindanao, Philippines",T40 Drone 2,Spraying,0.96,1.83,00:14,other,UTPL,default team,,R6136389146,76.0,72.0,,MKAVI1 T40 RPU028B_MAY_2024_ManualMode__flight_record.csv
2024-05-25 01:15:37-01:16:42,"Dabongdabong, Valencia, Bukidnon, Northern Mindanao, Philippines",T40 Drone 2,Spraying,0.44,2.68,01:05,other,UTPL,default team,,R5836050941,35.0,27.0,,MKAVI1 T40 RPU028B_MAY_2024_ManualMode__flight_record.csv
2024-05-24 08:02:23-08:03:59,"Lantapan, Bukidnon, Northern Mindanao, Philippines",T40 Drone 2,Spraying,3.98,9.1,01:36,other,UTPL,default team,,R5395554907,26.0,15.0,,MKAVI1 T40 RPU028B_MAY_2024_ManualMode__flight_record.csv
2024-05-24 07:09:12-07:10:47,"Songco, Lantapan, Bukidnon, Northern Mindanao, Philippines",T40 Drone 2,Spraying,1.24,10.4,01:35,other,UTPL,default team,,R4574630480,35.0,22.0,,MKAVI1 T40 RPU028B_MAY_2024_ManualMode__flight_record.csv
2024-05-24 07:06:21-07:06:40,"Songco, Lantapan, Bukidnon, Northern Mindanao, Philippines",T40 Drone 2,Spraying,1.0,2.24,00:18,other,UTPL,default team,,R4514562839,62.0,58.0,,MKAVI1 T40 RPU028B_MAY_2024_ManualMode__flight_record.csv
2024-05-24 06:51:17-06:52:40,"Songco, Lantapan, Bukidnon, Northern Mindanao, Philippines",T40 Drone 2,Spraying,1.69,4.01,01:22,other,UTPL,default team,,R4214224634,24.0,15.0,,MKAVI1 T40 RPU028B_MAY_2024_ManualMode__flight_record.csv
2024-05-24 06:49:01-06:49:17,"Songco, Lantapan, Bukidnon, Northern Mindanao, Philippines",T40 Drone 2,Spraying,0.73,2.08,00:15,other,UTPL,default team,,R4074066805,42.0,40.0,,MKAVI1 T40 RPU028B_MAY_2024_ManualMode__flight_record.csv
2024-05-24 06:48:00-06:48:11,"Songco, Lantapan, Bukidnon, Northern Mindanao, Philippines",T40 Drone 2,Spraying,0.58,1.38,00:10,other,UTPL,default team,,R3993976617,52.0,50.0,,MKAVI1 T40 RPU028B_MAY_2024_ManualMode__flight_record.csv
2024-05-24 06:46:53-06:47:05,"Songco, Lantapan, Bukidnon, Northern Mindanao, Philippines",T40 Drone 2,Spraying,0.55,1.57,00:11,other,UTPL,default team,,R3953931523,65.0,63.0,,MKAVI1 T40 RPU028B_MAY_2024_ManualMode__flight_record.csv
2024-05-24 01:20:02-01:21:05,"Valencia-Lantapan Road, San Carlos, Valencia, Bukidnon, Northern Mindanao, 8709088, Philippines",T40 Drone 2,Spraying,1.72,2.46,01:02,other,UTPL,default team,,R3133007096,44.0,36.0,,MKAVI1 T40 RPU028B_MAY_2024_ManualMode__flight_record.csv
2024-05-23 22:18:52-22:19:41,"Valencia-Lantapan Road, San Carlos, Valencia, Bukidnon, Northern Mindanao, 8709088, Philippines",T40 Drone 2,Spraying,0.16,1.37,00:49,other,UTPL,default team,,R2712533609,53.0,48.0,,MKAVI1 T40 RPU028B_MAY_2024_ManualMode__flight_record.csv
2024-05-23 07:15:50-07:16:50,"Baclayon, Lantapan, Bukidnon, Northern Mindanao, Philippines",T40 Drone 2,Spraying,2.39,10.39,00:59,other,UTPL,default team,,R1611293524,75.0,63.0,,MKAVI1 T40 RPU028B_MAY_2024_ManualMode__flight_record.csv
2024-05-23 07:13:48-07:14:45,"Baclayon, Lantapan, Bukidnon, Northern Mindanao, Philippines",T40 Drone 2,Spraying,1.1,6.17,00:57,other,UTPL,default team,,R1551225883,100.0,87.0,,MKAVI1 T40 RPU028B_MAY_2024_ManualMode__flight_record.csv
2024-05-23 07:03:58-07:05:02,"Baclayon, Lantapan, Bukidnon, Northern Mindanao, Philippines",T40 Drone 2,Spraying,0.44,2.59,01:03,other,UTPL,default team,,R1290932772,22.0,14.0,,MKAVI1 T40 RPU028B_MAY_2024_ManualMode__flight_record.csv
2024-05-23 06:42:28-06:43:30,"Alanib, Lantapan, Bukidnon, Northern Mindanao, Philippines",T40 Drone 2,Spraying,1.2,2.4,01:01,other,UTPL,default team,,R0970572020,78.0,71.0,,MKAVI1 T40 RPU028B_MAY_2024_ManualMode__flight_record.csv
2024-05-23 06:16:37-06:18:29,"Alanib, Lantapan, Bukidnon, Northern Mindanao, Philippines",T40 Drone 2,Spraying,4.38,7.18,01:51,other,UTPL,default team,,R0610166174,68.0,53.0,,MKAVI1 T40 RPU028B_MAY_2024_ManualMode__flight_record.csv
2024-05-23 06:08:13-06:08:25,"Alanib, Lantapan, Bukidnon, Northern Mindanao, Philippines",T40 Drone 2,Spraying,0.67,1.29,00:11,other,UTPL,default team,,R0329850516,43.0,40.0,,MKAVI1 T40 RPU028B_MAY_2024_ManualMode__flight_record.csv
2024-05-23 05:51:15-05:52:20,"Alanib, Lantapan, Bukidnon, Northern Mindanao, Philippines",T40 Drone 2,Spraying,3.49,5.71,01:04,other,UTPL,default team,,R0089579952,17.0,10.0,,MKAVI1 T40 RPU028B_MAY_2024_ManualMode__flight_record.csv
2024-05-23 05:49:19-05:49:32,"Alanib, Lantapan, Bukidnon, Northern Mindanao, Philippines",T40 Drone 2,Spraying,0.61,1.75,00:12,other,UTPL,default team,,R0029512311,34.0,32.0,,MKAVI1 T40 RPU028B_MAY_2024_ManualMode__flight_record.csv
2024-05-23 05:47:21-05:47:36,"Alanib, Lantapan, Bukidnon, Northern Mindanao, Philippines",T40 Drone 2,Spraying,0.8,2.39,00:14,other,UTPL,default team,,R8504910250,55.0,52.0,,MKAVI1 T40 RPU028B_MAY_2024_ManualMode__flight_record.csv
2024-05-22 07:16:03-07:17:09,"Baclayon, Lantapan, Bukidnon, Northern Mindanao, Philippines",T40 Drone 2,Spraying,1.26,1.78,01:06,other,UTPL,default team,,R8264639686,29.0,21.0,,MKAVI1 T40 RPU028B_MAY_2024_ManualMode__flight_record.csv
2024-05-22 06:32:22-06:33:35,"Alanib, Lantapan, Bukidnon, Northern Mindanao, Philippines",T40 Drone 2,Spraying,2.77,2.34,01:12,other,UTPL,default team,,R7603895635,60.0,52.0,,MKAVI1 T40 RPU028B_MAY_2024_ManualMode__flight_record.csv
2024-05-22 02:02:36-02:03:38,"Dabongdabong, Valencia, Bukidnon, Northern Mindanao, Philippines",T40 Drone 2,Spraying,1.16,0.91,01:01,other,UTPL,default team,,R6722903567,25.0,18.0,,MKAVI1 T40 RPU028B_MAY_2024_ManualMode__flight_record.csv
2024-05-22 00:47:26-00:48:13,"San Carlos, Valencia, Bukidnon, Northern Mindanao, Philippines",T40 Drone 2,Spraying,0.19,0.67,00:46,other,UTPL,default team,,R5982069328,46.0,41.0,,MKAVI1 T40 RPU028B_MAY_2024_ManualMode__flight_record.csv
2024-05-21 23:00:35-23:01:14,"Valencia Bypass Road, Dabongdabong, Valencia, Bukidnon, Northern Mindanao, 8709088, Philippines",T40 Drone 2,Spraying,0.52,1.33,00:39,other,UTPL,default team,,R5601640935,38.0,34.0,,MKAVI1 T40 RPU028B_MAY_2024_ManualMode__flight_record.csv
2024-05-21 17:38:18-17:41:09,"Aglayan - Alanib - Ticalaan Road, Purok 1, Babahagon, Balila, Lantapan, Bukidnon, Northern Mindanao, Philippines",T40 Drone 2,Spraying,6.48,12.94,02:50,other,UTPL,default team,,R4960919431,78.0,57.0,,MKAVI1 T40 RPU028B_MAY_2024_ManualMode__flight_record.csv
2024-05-21 07:08:55-07:10:13,"Valencia-Lantapan Road, Purok 1, Balila, Lantapan, Bukidnon, Northern Mindanao, Philippines",T40 Drone 2,Spraying,1.86,2.86,01:17,other,UTPL,default team,,R4500400850,25.0,17.0,,MKAVI1 T40 RPU028B_MAY_2024_ManualMode__flight_record.csv
2024-05-21 07:02:13-07:03:31,"Valencia-Lantapan Road, Purok 1, Balila, Lantapan, Bukidnon, Northern Mindanao, Philippines",T40 Drone 2,Spraying,1.9,8.28,01:18,other,UTPL,default team,,R4320197927,89.0,73.0,,MKAVI1 T40 RPU028B_MAY_2024_ManualMode__flight_record.csv
2024-05-21 06:59:03-07:00:14,"Valencia-Lantapan Road, Purok 1, Balila, Lantapan, Bukidnon, Northern Mindanao, Philippines",T40 Drone 2,Spraying,0.98,2.93,01:10,other,UTPL,default team,,R4160017551,38.0,29.0,,MKAVI1 T40 RPU028B_MAY_2024_ManualMode__flight_record.csv
2024-05-21 06:40:13-06:41:11,"Valencia-Lantapan Road, Purok 1, Balila, Lantapan, Bukidnon, Northern Mindanao, Philippines",T40 Drone 2,Spraying,1.57,1.39,00:58,other,UTPL,default team,,R3779589158,27.0,21.0,,MKAVI1 T40 RPU028B_MAY_2024_ManualMode__flight_record.csv
2024-05-20 18:14:17-18:16:38,"Songco, Lantapan, Bukidnon, Northern Mindanao, Philippines",T40 Drone 2,Spraying,3.68,14.47,02:21,other,UTPL,default team,,R3319070577,37.0,12.0,,MKAVI1 T40 RPU028B_MAY_2024_ManualMode__flight_record.csv
2024-05-20 18:09:39-18:10:41,"Songco, Lantapan, Bukidnon, Northern Mindanao, Philippines",T40 Drone 2,Spraying,1.46,3.38,01:02,other,UTPL,default team,,R3198935295,100.0,85.0,,MKAVI1 T40 RPU028B_MAY_2024_ManualMode__flight_record.csv
2024-05-20 17:49:00-17:49:55,"Alanib, Lantapan, Bukidnon, Northern Mindanao, Philippines",T40 Drone 2,Spraying,0.18,1.7,00:54,other,UTPL,default team,,R2718394167,25.0,19.0,,MKAVI1 T40 RPU028B_MAY_2024_ManualMode__flight_record.csv
2024-05-20 17:46:18-17:47:22,"Alanib, Lantapan, Bukidnon, Northern Mindanao, Philippines",T40 Drone 2,Spraying,1.43,2.6,01:03,other,UTPL,default team,,R2638303979,47.0,38.0,,MKAVI1 T40 RPU028B_MAY_2024_ManualMode__flight_record.csv
2024-05-20 17:37:46-17:39:01,"Alanib, Lantapan, Bukidnon, Northern Mindanao, Philippines",T40 Drone 2,Spraying,1.22,4.29,01:14,other,UTPL,default team,,R2337965774,19.0,10.0,,MKAVI1 T40 RPU028B_MAY_2024_ManualMode__flight_record.csv
2024-05-20 17:36:39-17:37:01,"Alanib, Lantapan, Bukidnon, Northern Mindanao, Philippines",T40 Drone 2,Spraying,0.55,2.27,00:21,other,UTPL,default team,,R2277898133,29.0,26.0,,MKAVI1 T40 RPU028B_MAY_2024_ManualMode__flight_record.csv
2024-05-20 17:35:40-17:35:57,"Alanib, Lantapan, Bukidnon, Northern Mindanao, Philippines",T40 Drone 2,Spraying,0.95,1.56,00:16,other,UTPL,default team,,R2197807945,39.0,36.0,,MKAVI1 T40 RPU028B_MAY_2024_ManualMode__flight_record.csv
2024-05-20 16:50:35-16:52:01,"Lantapan, Bukidnon, Northern Mindanao, Philippines",T40 Drone 2,Spraying,0.04,0.32,01:25,other,UTPL,default team,,R1997582475,25.0,17.0,,MKAVI1 T40 RPU028B_MAY_2024_ManualMode__flight_record.csv
2024-05-20 06:49:50-06:57:22,"Purok 1, Balila, Lantapan, Bukidnon, Northern Mindanao, Philippines",T40 Drone 2,Spraying,12.42,31.53,07:32,other,UTPL,default team,,R1697244270,100.0,19.0,,MKAVI1 T40 RPU028B_MAY_2024_ManualMode__flight_record.csv
2024-05-20 06:45:25-06:47:20,"Purok 1, Balila, Lantapan, Bukidnon, Northern Mindanao, Philippines",T40 Drone 2,Spraying,3.76,7.59,01:55,other,UTPL,default team,,R1657199176,32.0,11.0,,MKAVI1 T40 RPU028B_MAY_2024_ManualMode__flight_record.csv
2024-05-20 06:40:45-06:43:39,"Purok 1, Balila, Lantapan, Bukidnon, Northern Mindanao, Philippines",T40 Drone 2,Spraying,4.23,11.27,02:54,other,UTPL,default team,,R1617154082,100.0,57.0,,MKAVI1 T40 RPU028B_MAY_2024_ManualMode__flight_record.csv
2024-05-19 08:30:54-08:32:41,"Lantapan, Bukidnon, Northern Mindanao, Philippines",T40 Drone 2,Spraying,2.4,8.52,01:47,other,UTPL,default team,,R1216703142,50.0,36.0,,MKAVI1 T40 RPU028B_MAY_2024_ManualMode__flight_record.csv
2024-05-19 08:28:49-08:29:03,"Lantapan, Bukidnon, Northern Mindanao, Philippines",T40 Drone 2,Spraying,0.82,1.92,00:13,other,UTPL,default team,,R1156635501,69.0,66.0,,MKAVI1 T40 RPU028B_MAY_2024_ManualMode__flight_record.csv
2024-05-19 08:26:11-08:27:02,"Lantapan, Bukidnon, Northern Mindanao, Philippines",T40 Drone 2,Spraying,1.08,2.84,00:51,other,UTPL,default team,,R1116590407,100.0,89.0,,MKAVI1 T40 RPU028B_MAY_2024_ManualMode__flight_record.csv
2024-05-19 08:07:48-08:08:38,"Lantapan, Bukidnon, Northern Mindanao, Philippines",T40 Drone 2,Spraying,0.1,0.63,00:50,other,UTPL,default team,,R0996455125,29.0,20.0,,MKAVI1 T40 RPU028B_MAY_2024_ManualMode__flight_record.csv
2024-05-19 07:57:20-07:58:52,"Lantapan, Bukidnon, Northern Mindanao, Philippines",T40 Drone 2,Spraying,3.74,6.7,01:32,other,UTPL,default team,,R0816252202,28.0,16.0,,MKAVI1 T40 RPU028B_MAY_2024_ManualMode__flight_record.csv
2024-05-19 07:25:00-07:27:23,"Songco, Lantapan, Bukidnon, Northern Mindanao, Philippines",T40 Drone 2,Spraying,2.55,10.09,02:22,other,UTPL,default team,,R0696116920,34.0,15.0,,MKAVI1 T40 RPU028B_MAY_2024_ManualMode__flight_record.csv
2024-05-18 19:15:14-19:18:06,"Kaatuan, Lantapan, Bukidnon, Northern Mindanao, Philippines",T40 Drone 2,Spraying,5.01,14.38,02:51,other,UTPL,default team,,R0075417963,50.0,27.0,,MKAVI1 T40 RPU028B_MAY_2024_ManualMode__flight_record.csv
2024-05-18 16:37:17-16:40:38,"Lantapan, Bukidnon, Northern Mindanao, Philippines",T40 Drone 2,Spraying,2.05,12.56,03:21,other,UTPL,default team,,R8110319868,38.0,9.0,,MKAVI1 T40 RPU028B_MAY_2024_ManualMode__flight_record.csv
2024-05-18 08:09:17-08:10:39,"Baclayon, Lantapan, Bukidnon, Northern Mindanao, Philippines",T40 Drone 2,Spraying,2.13,4.9,01:22,other,UTPL,default team,,R7709868928,21.0,13.0,,MKAVI1 T40 RPU028B_MAY_2024_ManualMode__flight_record.csv
2024-05-18 08:01:38-08:03:16,"Baclayon, Lantapan, Bukidnon, Northern Mindanao, Philippines",T40 Drone 2,Spraying,1.7,7.27,01:38,other,UTPL,default team,,R7549688552,100.0,80.0,,MKAVI1 T40 RPU028B_MAY_2024_ManualMode__flight_record.csv
2024-05-18 07:58:14-07:59:10,"Baclayon, Lantapan, Bukidnon, Northern Mindanao, Philippines",T40 Drone 2,Spraying,1.0,1.65,00:56,other,UTPL,default team,,R7389508176,11.0,4.0,,MKAVI1 T40 RPU028B_MAY_2024_ManualMode__flight_record.csv
2024-05-18 07:35:18-07:36:03,"Alanib, Lantapan, Bukidnon, Northern Mindanao, Philippines",T40 Drone 2,Spraying,0.82,1.99,00:45,other,UTPL,default team,,R7069147424,77.0,72.0,,MKAVI1 T40 RPU028B_MAY_2024_ManualMode__flight_record.csv
2024-05-18 06:55:34-06:57:22,"Alanib, Lantapan, Bukidnon, Northern Mindanao, Philippines",T40 Drone 2,Spraying,4.38,7.28,01:47,other,UTPL,default team,,R2790182924,69.0,55.0,,MKAVI1 T40 RPU028B_MAY_2024_ManualMode__flight_record.csv
2024-05-18 06:29:45-06:30:44,"Alanib, Lantapan, Bukidnon, Northern Mindanao, Philippines",T40 Drone 2,Spraying,3.15,4.08,00:59,other,UTPL,default team,,R2269596702,14.0,8.0,,MKAVI1 T40 RPU028B_MAY_2024_ManualMode__flight_record.csv
2024-05-18 06:26:39-06:26:55,"Alanib, Lantapan, Bukidnon, Northern Mindanao, Philippines",T40 Drone 2,Spraying,0.77,2.56,00:15,other,UTPL,default team,,R2189506514,40.0,38.0,,MKAVI1 T40 RPU028B_MAY_2024_ManualMode__flight_record.csv
2024-05-18 06:25:40-06:25:53,"Alanib, Lantapan, Bukidnon, Northern Mindanao, Philippines",T40 Drone 2,Spraying,0.87,2.14,00:12,other,UTPL,default team,,R2149461420,50.0,47.0,,MKAVI1 T40 RPU028B_MAY_2024_ManualMode__flight_record.csv
2024-05-18 06:24:31-06:24:43,"Alanib, Lantapan, Bukidnon, Northern Mindanao, Philippines",T40 Drone 2,Spraying,0.65,1.69,00:11,other,UTPL,default team,,R2109416326,63.0,60.0,,MKAVI1 T40 RPU028B_MAY_2024_ManualMode__flight_record.csv
2024-05-17 17:07:03-17:08:26,"Baclayon, Lantapan, Bukidnon, Northern Mindanao, Philippines",T40 Drone 2,Spraying,1.35,4.04,01:23,other,UTPL,default team,,R1889168309,24.0,13.0,,MKAVI1 T40 RPU028B_MAY_2024_ManualMode__flight_record.csv
2024-05-17 16:59:43-17:00:33,"Baclayon, Lantapan, Bukidnon, Northern Mindanao, Philippines",T40 Drone 2,Spraying,2.09,3.95,00:50,other,UTPL,default team,,R1648897745,100.0,89.0,,MKAVI1 T40 RPU028B_MAY_2024_ManualMode__flight_record.csv
2024-05-17 07:58:13-07:59:46,"Alanib, Lantapan, Bukidnon, Northern Mindanao, Philippines",T40 Drone 2,Spraying,2.88,5.28,01:33,other,UTPL,default team,,R1268469352,80.0,70.0,,MKAVI1 T40 RPU028B_MAY_2024_ManualMode__flight_record.csv
2024-05-14 17:10:47-17:12:01,"Valencia-Lantapan Road, Purok 1, Balila, Lantapan, Bukidnon, Northern Mindanao, Philippines",T40 Drone 2,Spraying,1.53,2.53,01:13,other,UTPL,default team,,R7781657685,24.0,17.0,,MKAVI1 T40 RPU028B_MAY_2024_ManualMode__flight_record.csv
2024-05-14 16:44:42-16:46:13,"Baclayon, Lantapan, Bukidnon, Northern Mindanao, Philippines",T40 Drone 2,Spraying,4.36,6.67,01:30,other,UTPL,default team,,R6059790128,45.0,35.0,,MKAVI1 T40 RPU028B_MAY_2024_ManualMode__flight_record.csv
2024-05-14 07:24:28-07:28:18,"Purok 1, Balila, Lantapan, Bukidnon, Northern Mindanao, Philippines",T40 Drone 2,Spraying,4.92,19.46,03:50,other,UTPL,default team,,R5619294094,100.0,54.0,,MKAVI1 T40 RPU028B_MAY_2024_ManualMode__flight_record.csv
2024-05-14 07:17:00-07:18:57,"Purok 1, Balila, Lantapan, Bukidnon, Northern Mindanao, Philippines",T40 Drone 2,Spraying,3.63,11.87,01:57,other,UTPL,default team,,R5559226453,43.0,28.0,,MKAVI1 T40 RPU028B_MAY_2024_ManualMode__flight_record.csv
2024-05-13 15:41:44-15:46:02,"Garnet Street, Regina Dalisay Compound, Barangay 20-B, Poblacion, Davao City, Davao Region, 8000, Philippines",T40 Drone 2,Spraying,0.0,0.07,04:18,other,UTPL,default team,,R4763603672,81.0,18.0,,MKAVI1 T40 RPU028B_MAY_2024_ManualMode__flight_record.csv
2024-05-11 07:57:45-08:00:50,"Lantapan, Bukidnon, Northern Mindanao, Philippines",T40 Drone 2,Spraying,6.19,15.24,03:05,other,UTPL,default team,,R5195810589,99.0,67.0,,MKAVI1 T40 RPU028B_MAY_2024_ManualMode__flight_record.csv
2024-05-11 07:32:58-07:35:21,"Songco, Lantapan, Bukidnon, Northern Mindanao, Philippines",T40 Drone 2,Spraying,2.33,10.96,02:23,other,UTPL,default team,,R5155765495,46.0,25.0,,MKAVI1 T40 RPU028B_MAY_2024_ManualMode__flight_record.csv
2024-05-11 07:24:50-07:26:27,"Songco, Lantapan, Bukidnon, Northern Mindanao, Philippines",T40 Drone 2,Spraying,1.89,5.97,01:37,other,UTPL,default team,,R5035630213,31.0,19.0,,MKAVI1 T40 RPU028B_MAY_2024_ManualMode__flight_record.csv
2024-05-11 07:07:28-07:08:28,"Alanib, Lantapan, Bukidnon, Northern Mindanao, Philippines",T40 Drone 2,Spraying,1.51,3.47,01:00,other,UTPL,default team,,R4895472384,12.0,5.0,,MKAVI1 T40 RPU028B_MAY_2024_ManualMode__flight_record.csv
2024-05-10 18:08:25-18:10:49,"Lantapan, Bukidnon, Northern Mindanao, Philippines",T40 Drone 2,Spraying,2.94,13.07,02:24,other,UTPL,default team,,R4254750880,52.0,33.0,,MKAVI1 T40 RPU028B_MAY_2024_ManualMode__flight_record.csv
2024-05-10 17:05:16-17:06:24,"Songco, Lantapan, Bukidnon, Northern Mindanao, Philippines",T40 Drone 2,Spraying,2.07,1.95,01:07,other,UTPL,default team,,R3934390128,49.0,42.0,,MKAVI1 T40 RPU028B_MAY_2024_ManualMode__flight_record.csv
2024-05-10 16:47:46-16:49:04,"Songco, Lantapan, Bukidnon, Northern Mindanao, Philippines",T40 Drone 2,Spraying,1.27,1.16,01:18,other,UTPL,default team,,R3734164658,78.0,70.0,,MKAVI1 T40 RPU028B_MAY_2024_ManualMode__flight_record.csv
2024-05-10 01:44:05-01:44:59,"Valencia-Lantapan Road, San Carlos, Valencia, Bukidnon, Northern Mindanao, 8709088, Philippines",T40 Drone 2,Spraying,0.64,2.65,00:54,other,UTPL,default team,,R2773082402,45.0,39.0,,MKAVI1 T40 RPU028B_MAY_2024_ManualMode__flight_record.csv
2024-05-09 23:41:55-23:42:46,"Dabongdabong, Valencia, Bukidnon, Northern Mindanao, Philippines",T40 Drone 2,Spraying,0.01,0.58,00:50,other,UTPL,default team,,R2312563821,74.0,68.0,,MKAVI1 T40 RPU028B_MAY_2024_ManualMode__flight_record.csv
2024-05-09 18:04:37-18:06:31,"Baclayon, Lantapan, Bukidnon, Northern Mindanao, Philippines",T40 Drone 2,Spraying,3.29,4.87,01:54,other,UTPL,default team,,R1371504112,61.0,49.0,,MKAVI1 T40 RPU028B_MAY_2024_ManualMode__flight_record.csv
2024-05-09 18:03:14-18:03:49,"Baclayon, Lantapan, Bukidnon, Northern Mindanao, Philippines",T40 Drone 2,Spraying,0.95,1.21,00:34,other,UTPL,default team,,R1311436471,72.0,67.0,,MKAVI1 T40 RPU028B_MAY_2024_ManualMode__flight_record.csv
2024-05-09 18:00:11-18:01:02,"Baclayon, Lantapan, Bukidnon, Northern Mindanao, Philippines",T40 Drone 2,Spraying,2.8,2.9,00:51,other,UTPL,default team,,R1231346283,99.0,92.0,,MKAVI1 T40 RPU028B_MAY_2024_ManualMode__flight_record.csv
2024-05-09 17:54:35-17:56:12,"Baclayon, Lantapan, Bukidnon, Northern Mindanao, Philippines",T40 Drone 2,Spraying,3.59,3.65,01:37,other,UTPL,default team,,R1051143360,24.0,11.0,,MKAVI1 T40 RPU028B_MAY_2024_ManualMode__flight_record.csv
2024-05-09 17:43:17-17:44:27,"Baclayon, Lantapan, Bukidnon, Northern Mindanao, Philippines",T40 Drone 2,Spraying,1.26,1.73,01:09,other,UTPL,default team,,R0710760061,17.0,9.0,,MKAVI1 T40 RPU028B_MAY_2024_ManualMode__flight_record.csv
2024-05-09 17:20:17-17:21:31,"Alanib, Lantapan, Bukidnon, Northern Mindanao, Philippines",T40 Drone 2,Spraying,0.95,1.86,01:13,other,UTPL,default team,,R0430444403,71.0,62.0,,MKAVI1 T40 RPU028B_MAY_2024_ManualMode__flight_record.csv
2024-05-09 16:53:08-16:54:23,"Alanib, Lantapan, Bukidnon, Northern Mindanao, Philippines",T40 Drone 2,Spraying,3.0,1.99,01:15,other,UTPL,default team,,R8545436496,66.0,59.0,,MKAVI1 T40 RPU028B_MAY_2024_ManualMode__flight_record.csv
2024-05-09 16:16:51-16:17:54,"Alanib, Lantapan, Bukidnon, Northern Mindanao, Philippines",T40 Drone 2,Spraying,0.07,0.47,01:03,other,UTPL,default team,,R8205053197,31.0,24.0,,MKAVI1 T40 RPU028B_MAY_2024_ManualMode__flight_record.csv
2024-05-09 06:33:13-06:34:28,"Alanib, Lantapan, Bukidnon, Northern Mindanao, Philippines",T40 Drone 2,Spraying,2.16,2.15,01:15,other,UTPL,default team,,R0636625940,41.0,33.0,,MKAVI1 T40 RPU028B_MAY_2024_ManualMode__flight_record.csv
2024-05-08 07:27:46-07:28:58,"Valencia-Lantapan Road, Purok 1, Balila, Lantapan, Bukidnon, Northern Mindanao, Philippines",T40 Drone 2,Spraying,0.16,0.08,01:11,other,UTPL,default team,,R4372540798,48.0,41.0,,MKAVI1 T40 RPU028B_MAY_2024_ManualMode__flight_record.csv
2024-05-08 01:34:25-01:35:38,"Valencia Bypass Road, Dabongdabong, Valencia, Bukidnon, Northern Mindanao, 8709088, Philippines",T40 Drone 2,Spraying,0.6,1.02,01:13,other,UTPL,default team,,R2710669397,37.0,29.0,,MKAVI1 T40 RPU028B_MAY_2024_ManualMode__flight_record.csv
2024-05-07 17:53:01-17:56:38,"Lantapan, Bukidnon, Northern Mindanao, Philippines",T40 Drone 2,Spraying,6.19,17.49,03:37,other,UTPL,default team,,R1168933278,100.0,64.0,,MKAVI1 T40 RPU028B_MAY_2024_ManualMode__flight_record.csv
2024-05-07 17:28:21-17:31:39,"Songco, Lantapan, Bukidnon, Northern Mindanao, Philippines",T40 Drone 2,Spraying,3.81,13.75,03:18,other,UTPL,default team,,R1068820543,50.0,22.0,,MKAVI1 T40 RPU028B_MAY_2024_ManualMode__flight_record.csv
2024-05-07 17:19:10-17:20:48,"Songco, Lantapan, Bukidnon, Northern Mindanao, Philippines",T40 Drone 2,Spraying,2.32,4.96,01:37,other,UTPL,default team,,R0908640167,36.0,24.0,,MKAVI1 T40 RPU028B_MAY_2024_ManualMode__flight_record.csv
2024-05-07 07:14:57-07:17:43,"Purok 1, Balila, Lantapan, Bukidnon, Northern Mindanao, Philippines",T40 Drone 2,Spraying,3.11,12.57,02:46,other,UTPL,default team,,R7662099064,100.0,72.0,,MKAVI1 T40 RPU028B_MAY_2024_ManualMode__flight_record.csv
2024-05-07 07:10:53-07:12:36,"Purok 1, Balila, Lantapan, Bukidnon, Northern Mindanao, Philippines",T40 Drone 2,Spraying,3.24,7.89,01:42,other,UTPL,default team,,R7521941235,57.0,44.0,,MKAVI1 T40 RPU028B_MAY_2024_ManualMode__flight_record.csv
2024-05-07 01:51:59-01:53:01,"Dabongdabong, Valencia, Bukidnon, Northern Mindanao, Philippines",T40 Drone 2,Spraying,0.3,0.04,01:01,other,UTPL,default team,,R6680994261,41.0,35.0,,MKAVI1 T40 RPU028B_MAY_2024_ManualMode__flight_record.csv
2024-05-07 01:42:42-01:43:39,"Dabongdabong, Valencia, Bukidnon, Northern Mindanao, Philippines",T40 Drone 2,Spraying,0.2,2.34,00:57,other,UTPL,default team,,R6420701150,40.0,34.0,,MKAVI1 T40 RPU028B_MAY_2024_ManualMode__flight_record.csv
2024-05-06 22:11:18-22:12:23,"Valencia Bypass Road, Dabongdabong, Valencia, Bukidnon, Northern Mindanao, 8709088, Philippines",T40 Drone 2,Spraying,0.71,0.47,01:04,other,UTPL,default team,,R3857815134,59.0,52.0,,MKAVI1 T40 RPU028B_MAY_2024_ManualMode__flight_record.csv
2024-05-06 22:01:49-22:02:16,"Valencia Bypass Road, Dabongdabong, Valencia, Bukidnon, Northern Mindanao, 8709088, Philippines",T40 Drone 2,Spraying,0.0,0.01,00:26,other,UTPL,default team,,R3677612211,75.0,69.0,,MKAVI1 T40 RPU028B_MAY_2024_ManualMode__flight_record.csv
2024-05-06 21:36:41-21:38:02,"Dabongdabong, Valencia, Bukidnon, Northern Mindanao, Philippines",T40 Drone 2,Spraying,0.05,0.25,01:20,other,UTPL,default team,,R2936777972,37.0,29.0,,MKAVI1 T40 RPU028B_MAY_2024_ManualMode__flight_record.csv
2024-05-06 01:44:32-01:45:32,"Dabongdabong, Valencia, Bukidnon, Northern Mindanao, Philippines",T40 Drone 2,Spraying,1.34,1.9,00:59,other,UTPL,default team,,R7627914528,77.0,71.0,,MKAVI1 T40 RPU028B_MAY_2024_ManualMode__flight_record.csv
2024-05-02 07:29:04-07:30:11,"Aglayan - Alanib - Ticalaan Road, Purok 1, Babahagon, Balila, Lantapan, Bukidnon, Northern Mindanao, Philippines",T40 Drone 2,Spraying,1.04,3.3,01:06,other,UTPL,default team,,R7854334258,58.0,51.0,,MKAVI1 T40 RPU028B_MAY_2024_ManualMode__flight_record.csv
2024-05-01 07:48:14-07:49:23,"Lantapan, Bukidnon, Northern Mindanao, Philippines",T40 Drone 2,Spraying,0.98,2.16,01:09,other,UTPL,default team,,R6893252002,37.0,28.0,,MKAVI1 T40 RPU028B_MAY_2024_ManualMode__flight_record.csv
2024-05-01 07:46:19-07:46:51,"Lantapan, Bukidnon, Northern Mindanao, Philippines",T40 Drone 2,Spraying,0.5,0.74,00:31,other,UTPL,default team,,R6793139267,54.0,49.0,,MKAVI1 T40 RPU028B_MAY_2024_ManualMode__flight_record.csv
2024-05-01 06:55:28-06:56:34,"Songco, Lantapan, Bukidnon, Northern Mindanao, Philippines",T40 Drone 2,Spraying,0.52,0.71,01:05,other,UTPL,default team,,R6292575592,46.0,39.0,,MKAVI1 T40 RPU028B_MAY_2024_ManualMode__flight_record.csv
2024-05-01 02:06:03-02:07:18,"Dabongdabong, Valencia, Bukidnon, Northern Mindanao, Philippines",T40 Drone 2,Spraying,1.99,3.83,01:15,other,UTPL,default team,,R5131267866,44.0,36.0,,MKAVI1 T40 RPU028B_MAY_2024_ManualMode__flight_record.csv
2024-11-25 06:44:28-06:48:14,"Songco, Lantapan, Bukidnon, Northern Mindanao, Philippines",T40 Drone 2,Spraying,5.79,20.88,03:46,other,UTPL,default team,,R3315319269,46.0,17.0,,MKAVI1 T40 RPU028B_NOV_2024_ManualMode__flight_record.csv
2024-11-25 06:42:50-06:43:05,"Songco, Lantapan, Bukidnon, Northern Mindanao, Philippines",T40 Drone 2,Spraying,0.55,1.16,00:14,other,UTPL,default team,,R3275274175,62.0,59.0,,MKAVI1 T40 RPU028B_NOV_2024_ManualMode__flight_record.csv
2024-11-25 06:34:44-06:37:19,"Songco, Lantapan, Bukidnon, Northern Mindanao, Philippines",T40 Drone 2,Spraying,4.32,12.33,02:34,other,UTPL,default team,,R2654575218,29.0,8.0,,MKAVI1 T40 RPU028B_NOV_2024_ManualMode__flight_record.csv
2024-11-25 06:10:56-06:15:34,"Alanib, Lantapan, Bukidnon, Northern Mindanao, Philippines",T40 Drone 2,Spraying,3.24,35.85,04:38,other,UTPL,default team,,R2254124278,100.0,51.0,,MKAVI1 T40 RPU028B_NOV_2024_ManualMode__flight_record.csv
2024-11-25 06:04:12-06:05:38,"Alanib, Lantapan, Bukidnon, Northern Mindanao, Philippines",T40 Drone 2,Spraying,2.72,4.18,01:25,other,UTPL,default team,,R1973808620,45.0,36.0,,MKAVI1 T40 RPU028B_NOV_2024_ManualMode__flight_record.csv
2024-11-25 06:01:54-06:02:10,"Alanib, Lantapan, Bukidnon, Northern Mindanao, Philippines",T40 Drone 2,Spraying,0.56,1.79,00:15,other,UTPL,default team,,R1853673338,65.0,62.0,,MKAVI1 T40 RPU028B_NOV_2024_ManualMode__flight_record.csv
2024-11-25 05:55:47-05:56:43,"Alanib, Lantapan, Bukidnon, Northern Mindanao, Philippines",T40 Drone 2,Spraying,0.02,0.73,00:55,other,UTPL,default team,,R1252996928,10.0,3.0,,MKAVI1 T40 RPU028B_NOV_2024_ManualMode__flight_record.csv
2024-11-25 05:54:46-05:55:02,"Alanib, Lantapan, Bukidnon, Northern Mindanao, Philippines",T40 Drone 2,Spraying,0.71,1.11,00:15,other,UTPL,default team,,R1172906740,18.0,15.0,,MKAVI1 T40 RPU028B_NOV_2024_ManualMode__flight_record.csv
2024-11-25 05:53:46-05:54:10,"Alanib, Lantapan, Bukidnon, Northern Mindanao, Philippines",T40 Drone 2,Spraying,1.35,2.71,00:23,other,UTPL,default team,,R1132861646,26.0,22.0,,MKAVI1 T40 RPU028B_NOV_2024_ManualMode__flight_record.csv
2024-11-25 05:50:53-05:51:19,"Alanib, Lantapan, Bukidnon, Northern Mindanao, Philippines",T40 Drone 2,Spraying,0.93,1.37,00:25,other,UTPL,default team,,R1072794005,55.0,50.0,,MKAVI1 T40 RPU028B_NOV_2024_ManualMode__flight_record.csv
2024-11-25 05:49:23-05:49:37,"Alanib, Lantapan, Bukidnon, Northern Mindanao, Philippines",T40 Drone 2,Spraying,0.46,1.28,00:13,other,UTPL,default team,,R0972681270,74.0,71.0,,MKAVI1 T40 RPU028B_NOV_2024_ManualMode__flight_record.csv
2024-11-25 05:47:28-05:48:03,"Alanib, Lantapan, Bukidnon, Northern Mindanao, Philippines",T40 Drone 2,Spraying,0.6,0.85,00:35,other,UTPL,default team,,R0932636176,98.0,91.0,,MKAVI1 T40 RPU028B_NOV_2024_ManualMode__flight_record.csv
2024-11-24 08:17:04-08:19:37,"Lantapan, Bukidnon, Northern Mindanao, Philippines",T40 Drone 2,Spraying,3.07,14.93,02:32,other,UTPL,default team,,R8066523466,63.0,43.0,,MKAVI1 T40 RPU028B_NOV_2024_ManualMode__flight_record.csv
2024-11-24 07:39:28-07:41:06,"Lantapan, Bukidnon, Northern Mindanao, Philippines",T40 Drone 2,Spraying,2.47,6.98,01:38,other,UTPL,default team,,R7125463757,71.0,61.0,,MKAVI1 T40 RPU028B_NOV_2024_ManualMode__flight_record.csv
2024-11-24 07:36:20-07:37:17,"Lantapan, Bukidnon, Northern Mindanao, Philippines",T40 Drone 2,Spraying,0.45,1.09,00:57,other,UTPL,default team,,R7065396116,94.0,87.0,,MKAVI1 T40 RPU028B_NOV_2024_ManualMode__flight_record.csv
2024-11-24 01:39:13-01:40:27,"Bagontaas, Valencia, Bukidnon, Northern Mindanao, 8709088, Philippines",T40 Drone 2,Spraying,3.07,4.19,01:13,other,UTPL,default team,,R6184404048,36.0,29.0,,MKAVI1 T40 RPU028B_NOV_2024_ManualMode__flight_record.csv
2024-11-23 23:15:17-23:16:52,"Dabongdabong, Valencia, Bukidnon, Northern Mindanao, Philippines",T40 Drone 2,Spraying,3.8,4.03,01:34,other,UTPL,default team,,R4704899529,66.0,58.0,,MKAVI1 T40 RPU028B_NOV_2024_ManualMode__flight_record.csv
2024-11-23 22:47:16-22:49:10,"Dabongdabong, Valencia, Bukidnon, Northern Mindanao, Philippines",T40 Drone 2,Spraying,5.43,4.61,01:54,other,UTPL,default team,,R4484651512,30.0,19.0,,MKAVI1 T40 RPU028B_NOV_2024_ManualMode__flight_record.csv
2024-11-23 08:36:10-08:37:59,"Alanib, Lantapan, Bukidnon, Northern Mindanao, Philippines",T40 Drone 2,Spraying,2.72,5.23,01:49,other,UTPL,default team,,R7533009658,50.0,40.0,,MKAVI1 T40 RPU028B_NOV_2024_ManualMode__flight_record.csv
2024-11-23 08:34:26-08:34:40,"Alanib, Lantapan, Bukidnon, Northern Mindanao, Philippines",T40 Drone 2,Spraying,0.56,1.25,00:13,other,UTPL,default team,,R7492964564,63.0,61.0,,MKAVI1 T40 RPU028B_NOV_2024_ManualMode__flight_record.csv
2024-11-23 08:32:47-08:33:04,"Alanib, Lantapan, Bukidnon, Northern Mindanao, Philippines",T40 Drone 2,Spraying,0.54,1.68,00:16,other,UTPL,default team,,R7452919470,77.0,74.0,,MKAVI1 T40 RPU028B_NOV_2024_ManualMode__flight_record.csv
2024-11-23 08:30:38-08:31:28,"Alanib, Lantapan, Bukidnon, Northern Mindanao, Philippines",T40 Drone 2,Spraying,0.82,2.13,00:50,other,UTPL,default team,,R7392851829,100.0,89.0,,MKAVI1 T40 RPU028B_NOV_2024_ManualMode__flight_record.csv
2024-11-23 08:26:21-08:28:22,"Alanib, Lantapan, Bukidnon, Northern Mindanao, Philippines",T40 Drone 2,Spraying,3.15,9.22,02:00,other,UTPL,default team,,R7092513624,30.0,17.0,,MKAVI1 T40 RPU028B_NOV_2024_ManualMode__flight_record.csv
2024-11-23 08:24:01-08:24:17,"Alanib, Lantapan, Bukidnon, Northern Mindanao, Philippines",T40 Drone 2,Spraying,0.54,1.43,00:15,other,UTPL,default team,,R6992400889,49.0,47.0,,MKAVI1 T40 RPU028B_NOV_2024_ManualMode__flight_record.csv
2024-11-23 08:05:48-08:08:50,"Alanib, Lantapan, Bukidnon, Northern Mindanao, Philippines",T40 Drone 2,Spraying,5.73,16.38,03:01,other,UTPL,default team,,R6471814667,51.0,27.0,,MKAVI1 T40 RPU028B_NOV_2024_ManualMode__flight_record.csv
2024-11-23 07:27:03-07:28:46,"Aglayan - Alanib - Ticalaan Road, Purok 1, Babahagon, Balila, Lantapan, Bukidnon, Northern Mindanao, Philippines",T40 Drone 2,Spraying,2.99,5.79,01:42,other,UTPL,default team,,R5530754958,49.0,39.0,,MKAVI1 T40 RPU028B_NOV_2024_ManualMode__flight_record.csv
2024-11-23 07:23:29-07:26:15,"Aglayan - Alanib - Ticalaan Road, Purok 1, Babahagon, Balila, Lantapan, Bukidnon, Northern Mindanao, Philippines",T40 Drone 2,Spraying,7.18,24.15,02:45,other,UTPL,default team,,R5450664770,83.0,55.0,,MKAVI1 T40 RPU028B_NOV_2024_ManualMode__flight_record.csv
2024-11-23 07:07:57-07:08:57,"Aglayan - Alanib - Ticalaan Road, Purok 1, Babahagon, Balila, Lantapan, Bukidnon, Northern Mindanao, Philippines",T40 Drone 2,Spraying,1.12,3.28,01:00,other,UTPL,default team,,R5030191283,31.0,25.0,,MKAVI1 T40 RPU028B_NOV_2024_ManualMode__flight_record.csv
2024-11-23 06:45:05-06:46:29,"Aglayan - Alanib - Ticalaan Road, Purok 1, Babahagon, Balila, Lantapan, Bukidnon, Northern Mindanao, Philippines",T40 Drone 2,Spraying,2.99,6.35,01:24,other,UTPL,default team,,R4890033454,55.0,46.0,,MKAVI1 T40 RPU028B_NOV_2024_ManualMode__flight_record.csv
2024-11-22 07:55:12-07:56:31,"Lantapan, Bukidnon, Northern Mindanao, Philippines",T40 Drone 2,Spraying,0.62,1.35,01:18,other,UTPL,default team,,R4529627608,43.0,36.0,,MKAVI1 T40 RPU028B_NOV_2024_ManualMode__flight_record.csv
2024-11-22 07:29:13-07:32:05,"Lantapan, Bukidnon, Northern Mindanao, Philippines",T40 Drone 2,Spraying,7.12,19.07,02:51,other,UTPL,default team,,R4229289403,62.0,41.0,,MKAVI1 T40 RPU028B_NOV_2024_ManualMode__flight_record.csv
2024-11-22 07:25:31-07:26:55,"Lantapan, Bukidnon, Northern Mindanao, Philippines",T40 Drone 2,Spraying,1.86,4.12,01:24,other,UTPL,default team,,R4189244309,97.0,83.0,,MKAVI1 T40 RPU028B_NOV_2024_ManualMode__flight_record.csv
2024-11-22 07:08:23-07:09:54,"Lantapan, Bukidnon, Northern Mindanao, Philippines",T40 Drone 2,Spraying,2.49,4.88,01:31,other,UTPL,default team,,R3828838463,29.0,17.0,,MKAVI1 T40 RPU028B_NOV_2024_ManualMode__flight_record.csv
2024-11-22 06:38:54-06:40:49,"Lantapan, Bukidnon, Northern Mindanao, Philippines",T40 Drone 2,Spraying,0.58,1.24,01:55,other,UTPL,default team,,R3588567899,19.0,5.0,,MKAVI1 T40 RPU028B_NOV_2024_ManualMode__flight_record.csv
2024-11-22 06:32:53-06:33:07,"Lantapan, Bukidnon, Northern Mindanao, Philippines",T40 Drone 2,Spraying,0.33,1.36,00:13,other,UTPL,default team,,R3448410070,76.0,73.0,,MKAVI1 T40 RPU028B_NOV_2024_ManualMode__flight_record.csv
2024-11-22 06:31:03-06:31:46,"Lantapan, Bukidnon, Northern Mindanao, Philippines",T40 Drone 2,Spraying,1.54,2.53,00:43,other,UTPL,default team,,R3388342429,99.0,90.0,,MKAVI1 T40 RPU028B_NOV_2024_ManualMode__flight_record.csv
2024-11-21 07:55:35-07:57:46,"Songco, Lantapan, Bukidnon, Northern Mindanao, Philippines",T40 Drone 2,Spraying,3.34,10.31,02:11,other,UTPL,default team,,R3027936583,26.0,9.0,,MKAVI1 T40 RPU028B_NOV_2024_ManualMode__flight_record.csv
2024-11-21 07:52:43-07:52:54,"Songco, Lantapan, Bukidnon, Northern Mindanao, Philippines",T40 Drone 2,Spraying,0.51,1.05,00:10,other,UTPL,default team,,R2927823848,56.0,54.0,,MKAVI1 T40 RPU028B_NOV_2024_ManualMode__flight_record.csv
2024-11-21 07:51:04-07:51:19,"Songco, Lantapan, Bukidnon, Northern Mindanao, Philippines",T40 Drone 2,Spraying,0.71,1.54,00:14,other,UTPL,default team,,R2847733660,78.0,75.0,,MKAVI1 T40 RPU028B_NOV_2024_ManualMode__flight_record.csv
2024-11-21 07:49:34-07:50:31,"Songco, Lantapan, Bukidnon, Northern Mindanao, Philippines",T40 Drone 2,Spraying,1.92,2.38,00:57,other,UTPL,default team,,R2787666019,99.0,87.0,,MKAVI1 T40 RPU028B_NOV_2024_ManualMode__flight_record.csv
2024-11-21 07:36:13-07:38:14,"Songco, Lantapan, Bukidnon, Northern Mindanao, Philippines",T40 Drone 2,Spraying,1.49,6.8,02:00,other,UTPL,default team,,R2487327814,21.0,8.0,,MKAVI1 T40 RPU028B_NOV_2024_ManualMode__flight_record.csv
2024-11-21 07:23:23-07:25:12,"Songco, Lantapan, Bukidnon, Northern Mindanao, Philippines",T40 Drone 2,Spraying,1.96,4.96,01:49,other,UTPL,default team,,R2086876874,20.0,10.0,,MKAVI1 T40 RPU028B_NOV_2024_ManualMode__flight_record.csv
2024-11-21 07:22:28-07:22:46,"Songco, Lantapan, Bukidnon, Northern Mindanao, Philippines",T40 Drone 2,Spraying,0.71,1.86,00:17,other,UTPL,default team,,R2046831780,27.0,25.0,,MKAVI1 T40 RPU028B_NOV_2024_ManualMode__flight_record.csv
2024-11-21 07:21:18-07:21:38,"Songco, Lantapan, Bukidnon, Northern Mindanao, Philippines",T40 Drone 2,Spraying,0.69,2.14,00:19,other,UTPL,default team,,R2006786686,36.0,33.0,,MKAVI1 T40 RPU028B_NOV_2024_ManualMode__flight_record.csv
2024-11-21 07:19:30-07:19:50,"Songco, Lantapan, Bukidnon, Northern Mindanao, Philippines",T40 Drone 2,Spraying,0.6,2.69,00:19,other,UTPL,default team,,R1966741592,53.0,49.0,,MKAVI1 T40 RPU028B_NOV_2024_ManualMode__flight_record.csv
2024-11-21 07:18:02-07:18:17,"Songco, Lantapan, Bukidnon, Northern Mindanao, Philippines",T40 Drone 2,Spraying,0.51,1.38,00:14,other,UTPL,default team,,R1926696498,69.0,66.0,,MKAVI1 T40 RPU028B_NOV_2024_ManualMode__flight_record.csv
2024-11-21 07:16:15-07:16:59,"Songco, Lantapan, Bukidnon, Northern Mindanao, Philippines",T40 Drone 2,Spraying,1.25,1.76,00:44,other,UTPL,default team,,R1826583763,92.0,82.0,,MKAVI1 T40 RPU028B_NOV_2024_ManualMode__flight_record.csv
2024-11-21 06:57:34-06:59:00,"Alanib, Lantapan, Bukidnon, Northern Mindanao, Philippines",T40 Drone 2,Spraying,1.86,4.58,01:25,other,UTPL,default team,,R1606335746,28.0,20.0,,MKAVI1 T40 RPU028B_NOV_2024_ManualMode__flight_record.csv
2024-11-21 06:56:03-06:56:19,"Alanib, Lantapan, Bukidnon, Northern Mindanao, Philippines",T40 Drone 2,Spraying,0.62,1.85,00:15,other,UTPL,default team,,R1566290652,40.0,37.0,,MKAVI1 T40 RPU028B_NOV_2024_ManualMode__flight_record.csv
2024-11-21 06:47:27-06:48:40,"Alanib, Lantapan, Bukidnon, Northern Mindanao, Philippines",T40 Drone 2,Spraying,2.02,4.43,01:12,other,UTPL,default team,,R1346042635,23.0,15.0,,MKAVI1 T40 RPU028B_NOV_2024_ManualMode__flight_record.csv
2024-11-21 06:45:57-06:46:13,"Alanib, Lantapan, Bukidnon, Northern Mindanao, Philippines",T40 Drone 2,Spraying,0.58,1.11,00:15,other,UTPL,default team,,R1305997541,36.0,33.0,,MKAVI1 T40 RPU028B_NOV_2024_ManualMode__flight_record.csv
2024-11-21 06:44:25-06:44:43,"Alanib, Lantapan, Bukidnon, Northern Mindanao, Philippines",T40 Drone 2,Spraying,0.75,1.16,00:17,other,UTPL,default team,,R1265952447,51.0,48.0,,MKAVI1 T40 RPU028B_NOV_2024_ManualMode__flight_record.csv
2024-11-18 07:25:26-07:27:06,"Lantapan, Bukidnon, Northern Mindanao, Philippines",T40 Drone 2,Spraying,0.62,1.63,01:40,other,UTPL,default team,,R5951444091,40.0,30.0,,MKAVI1 T40 RPU028B_NOV_2024_ManualMode__flight_record.csv
2024-11-18 07:19:19-07:21:42,"Lantapan, Bukidnon, Northern Mindanao, Philippines",T40 Drone 2,Spraying,1.41,8.3,02:23,other,UTPL,default team,,R5871353903,100.0,71.0,,MKAVI1 T40 RPU028B_NOV_2024_ManualMode__flight_record.csv
2024-11-18 07:03:04-07:04:56,"Lantapan, Bukidnon, Northern Mindanao, Philippines",T40 Drone 2,Spraying,1.16,3.15,01:52,other,UTPL,default team,,R5110497117,32.0,19.0,,MKAVI1 T40 RPU028B_NOV_2024_ManualMode__flight_record.csv
2024-11-18 06:55:42-06:56:21,"Lantapan, Bukidnon, Northern Mindanao, Philippines",T40 Drone 2,Spraying,0.79,0.9,00:39,other,UTPL,default team,,R4970339288,100.0,92.0,,MKAVI1 T40 RPU028B_NOV_2024_ManualMode__flight_record.csv
2024-11-18 06:43:42-06:44:58,"Lantapan, Bukidnon, Northern Mindanao, Philippines",T40 Drone 2,Spraying,0.96,1.47,01:16,other,UTPL,default team,,R4569888348,100.0,86.0,,MKAVI1 T40 RPU028B_NOV_2024_ManualMode__flight_record.csv
2024-11-18 06:39:19-06:41:16,"Lantapan, Bukidnon, Northern Mindanao, Philippines",T40 Drone 2,Spraying,1.55,4.72,01:57,other,UTPL,default team,,R4269550143,42.0,29.0,,MKAVI1 T40 RPU028B_NOV_2024_ManualMode__flight_record.csv
2024-11-17 07:52:50-07:57:04,"Lantapan, Bukidnon, Northern Mindanao, Philippines",T40 Drone 2,Spraying,4.78,22.42,04:14,other,UTPL,default team,,R3048174776,100.0,60.0,,MKAVI1 T40 RPU028B_NOV_2024_ManualMode__flight_record.csv
2024-11-17 07:35:15-07:37:17,"Lantapan, Bukidnon, Northern Mindanao, Philippines",T40 Drone 2,Spraying,1.19,5.39,02:01,other,UTPL,default team,,R2887994400,42.0,29.0,,MKAVI1 T40 RPU028B_NOV_2024_ManualMode__flight_record.csv
2024-11-17 07:29:39-07:30:36,"Lantapan, Bukidnon, Northern Mindanao, Philippines",T40 Drone 2,Spraying,0.45,2.3,00:57,other,UTPL,default team,,R2847949306,99.0,86.0,,MKAVI1 T40 RPU028B_NOV_2024_ManualMode__flight_record.csv
2024-11-17 06:58:19-07:01:04,"Lantapan, Bukidnon, Northern Mindanao, Philippines",T40 Drone 2,Spraying,3.93,10.1,02:45,other,UTPL,default team,,R2167182708,56.0,35.0,,MKAVI1 T40 RPU028B_NOV_2024_ManualMode__flight_record.csv
2024-11-16 08:01:07-08:02:50,"Alanib, Lantapan, Bukidnon, Northern Mindanao, Philippines",T40 Drone 2,Spraying,0.92,3.44,01:43,other,UTPL,default team,,R1426348469,51.0,41.0,,MKAVI1 T40 RPU028B_NOV_2024_ManualMode__flight_record.csv
2024-11-16 07:57:46-07:58:08,"Alanib, Lantapan, Bukidnon, Northern Mindanao, Philippines",T40 Drone 2,Spraying,0.52,2.0,00:21,other,UTPL,default team,,R1326235734,78.0,74.0,,MKAVI1 T40 RPU028B_NOV_2024_ManualMode__flight_record.csv
2024-11-16 07:52:17-07:53:39,"Alanib, Lantapan, Bukidnon, Northern Mindanao, Philippines",T40 Drone 2,Spraying,0.78,2.79,01:21,other,UTPL,default team,,R1085965170,41.0,33.0,,MKAVI1 T40 RPU028B_NOV_2024_ManualMode__flight_record.csv
2024-11-16 07:48:11-07:48:27,"Alanib, Lantapan, Bukidnon, Northern Mindanao, Philippines",T40 Drone 2,Spraying,0.49,1.45,00:15,other,UTPL,default team,,R1025897529,75.0,73.0,,MKAVI1 T40 RPU028B_NOV_2024_ManualMode__flight_record.csv
2024-11-16 07:33:36-07:34:57,"Alanib, Lantapan, Bukidnon, Northern Mindanao, Philippines",T40 Drone 2,Spraying,1.49,3.55,01:20,other,UTPL,default team,,R0845694606,45.0,35.0,,MKAVI1 T40 RPU028B_NOV_2024_ManualMode__flight_record.csv
2024-11-16 07:32:13-07:32:33,"Alanib, Lantapan, Bukidnon, Northern Mindanao, Philippines",T40 Drone 2,Spraying,0.91,1.75,00:19,other,UTPL,default team,,R0805649512,56.0,53.0,,MKAVI1 T40 RPU028B_NOV_2024_ManualMode__flight_record.csv
2024-11-16 07:30:24-07:30:40,"Alanib, Lantapan, Bukidnon, Northern Mindanao, Philippines",T40 Drone 2,Spraying,0.89,1.38,00:15,other,UTPL,default team,,R0725559324,73.0,70.0,,MKAVI1 T40 RPU028B_NOV_2024_ManualMode__flight_record.csv
2024-11-16 06:57:01-06:58:03,"Aglayan - Alanib - Ticalaan Road, Purok 1, Babahagon, Balila, Lantapan, Bukidnon, Northern Mindanao, Philippines",T40 Drone 2,Spraying,1.29,2.48,01:01,other,UTPL,default team,,R0265040743,25.0,19.0,,MKAVI1 T40 RPU028B_NOV_2024_ManualMode__flight_record.csv
2024-11-16 06:53:36-06:55:46,"Aglayan - Alanib - Ticalaan Road, Purok 1, Babahagon, Balila, Lantapan, Bukidnon, Northern Mindanao, Philippines",T40 Drone 2,Spraying,1.89,2.83,02:09,other,UTPL,default team,,R0164928008,49.0,34.0,,MKAVI1 T40 RPU028B_NOV_2024_ManualMode__flight_record.csv
2024-11-16 06:50:43-06:52:48,"Aglayan - Alanib - Ticalaan Road, Purok 1, Babahagon, Balila, Lantapan, Bukidnon, Northern Mindanao, Philippines",T40 Drone 2,Spraying,6.63,15.0,02:04,other,UTPL,default team,,R0084837820,75.0,55.0,,MKAVI1 T40 RPU028B_NOV_2024_ManualMode__flight_record.csv
2024-11-16 06:26:32-06:27:31,"Aglayan - Alanib - Ticalaan Road, Purok 1, Babahagon, Balila, Lantapan, Bukidnon, Northern Mindanao, Philippines",T40 Drone 2,Spraying,0.96,0.89,00:59,other,UTPL,default team,,R7213470941,44.0,38.0,,MKAVI1 T40 RPU028B_NOV_2024_ManualMode__flight_record.csv
2024-11-15 08:55:21-08:56:55,"Baclayon, Lantapan, Bukidnon, Northern Mindanao, Philippines",T40 Drone 2,Spraying,1.23,2.33,01:33,other,UTPL,default team,,R6392546514,21.0,13.0,,MKAVI1 T40 RPU028B_NOV_2024_ManualMode__flight_record.csv
2024-11-15 08:52:44-08:53:10,"Baclayon, Lantapan, Bukidnon, Northern Mindanao, Philippines",T40 Drone 2,Spraying,0.66,1.64,00:25,other,UTPL,default team,,R6272411232,41.0,37.0,,MKAVI1 T40 RPU028B_NOV_2024_ManualMode__flight_record.csv
2024-11-15 08:51:24-08:51:49,"Baclayon, Lantapan, Bukidnon, Northern Mindanao, Philippines",T40 Drone 2,Spraying,0.69,1.68,00:24,other,UTPL,default team,,R6072185762,53.0,49.0,,MKAVI1 T40 RPU028B_NOV_2024_ManualMode__flight_record.csv
2024-11-15 08:49:34-08:50:24,"Baclayon, Lantapan, Bukidnon, Northern Mindanao, Philippines",T40 Drone 2,Spraying,0.45,1.01,00:49,other,UTPL,default team,,R6012118121,72.0,63.0,,MKAVI1 T40 RPU028B_NOV_2024_ManualMode__flight_record.csv
2024-11-15 08:47:13-08:47:59,"Baclayon, Lantapan, Bukidnon, Northern Mindanao, Philippines",T40 Drone 2,Spraying,0.6,1.56,00:46,other,UTPL,default team,,R5972073027,100.0,90.0,,MKAVI1 T40 RPU028B_NOV_2024_ManualMode__flight_record.csv
2024-11-15 08:44:14-08:45:10,"Baclayon, Lantapan, Bukidnon, Northern Mindanao, Philippines",T40 Drone 2,Spraying,0.21,0.59,00:55,other,UTPL,default team,,R4069931062,20.0,14.0,,MKAVI1 T40 RPU028B_NOV_2024_ManualMode__flight_record.csv
2024-11-15 08:37:31-08:38:02,"Baclayon, Lantapan, Bukidnon, Northern Mindanao, Philippines",T40 Drone 2,Spraying,0.64,3.01,00:30,other,UTPL,default team,,R3909750686,72.0,66.0,,MKAVI1 T40 RPU028B_NOV_2024_ManualMode__flight_record.csv
2024-11-15 08:35:16-08:36:06,"Baclayon, Lantapan, Bukidnon, Northern Mindanao, Philippines",T40 Drone 2,Spraying,1.0,1.0,00:50,other,UTPL,default team,,R3849683045,99.0,87.0,,MKAVI1 T40 RPU028B_NOV_2024_ManualMode__flight_record.csv
2024-11-15 08:21:44-08:24:00,"Alanib, Lantapan, Bukidnon, Northern Mindanao, Philippines",T40 Drone 2,Spraying,3.73,8.89,02:15,other,UTPL,default team,,R2488149849,51.0,35.0,,MKAVI1 T40 RPU028B_NOV_2024_ManualMode__flight_record.csv
2024-11-15 08:17:01-08:18:32,"Alanib, Lantapan, Bukidnon, Northern Mindanao, Philippines",T40 Drone 2,Spraying,2.88,3.65,01:31,other,UTPL,default team,,R2368014567,100.0,82.0,,MKAVI1 T40 RPU028B_NOV_2024_ManualMode__flight_record.csv
2024-11-15 08:13:09-08:14:25,"Alanib, Lantapan, Bukidnon, Northern Mindanao, Philippines",T40 Drone 2,Spraying,1.78,2.58,01:16,other,UTPL,default team,,R1366887217,26.0,15.0,,MKAVI1 T40 RPU028B_NOV_2024_ManualMode__flight_record.csv
2024-11-15 07:51:23-07:53:28,"Alanib, Lantapan, Bukidnon, Northern Mindanao, Philippines",T40 Drone 2,Spraying,3.85,7.06,02:04,other,UTPL,default team,,R8400661772,65.0,50.0,,MKAVI1 T40 RPU028B_NOV_2024_ManualMode__flight_record.csv
2024-11-15 07:27:29-07:29:05,"Alanib, Lantapan, Bukidnon, Northern Mindanao, Philippines",T40 Drone 2,Spraying,2.97,7.67,01:36,other,UTPL,default team,,R5537437551,25.0,15.0,,MKAVI1 T40 RPU028B_NOV_2024_ManualMode__flight_record.csv
2024-11-15 07:26:35-07:26:50,"Alanib, Lantapan, Bukidnon, Northern Mindanao, Philippines",T40 Drone 2,Spraying,0.74,1.15,00:14,other,UTPL,default team,,R5457347363,33.0,31.0,,MKAVI1 T40 RPU028B_NOV_2024_ManualMode__flight_record.csv
2024-11-14 08:20:01-08:22:26,"Alanib, Lantapan, Bukidnon, Northern Mindanao, Philippines",T40 Drone 2,Spraying,1.3,6.06,02:24,other,UTPL,default team,,R3395025022,68.0,52.0,,MKAVI1 T40 RPU028B_NOV_2024_ManualMode__flight_record.csv
2024-11-14 08:16:35-08:18:09,"Alanib, Lantapan, Bukidnon, Northern Mindanao, Philippines",T40 Drone 2,Spraying,1.51,5.77,01:34,other,UTPL,default team,,R3294912287,100.0,83.0,,MKAVI1 T40 RPU028B_NOV_2024_ManualMode__flight_record.csv
2024-11-14 08:13:31-08:14:52,"Alanib, Lantapan, Bukidnon, Northern Mindanao, Philippines",T40 Drone 2,Spraying,0.33,1.81,01:21,other,UTPL,default team,,R2133604561,22.0,13.0,,MKAVI1 T40 RPU028B_NOV_2024_ManualMode__flight_record.csv
2024-11-14 07:51:21-07:52:29,"Baclayon, Lantapan, Bukidnon, Northern Mindanao, Philippines",T40 Drone 2,Spraying,0.88,1.77,01:07,other,UTPL,default team,,R0712003724,25.0,18.0,,MKAVI1 T40 RPU028B_NOV_2024_ManualMode__flight_record.csv
2024-11-12 07:14:59-07:16:57,"Baclayon, Lantapan, Bukidnon, Northern Mindanao, Philippines",T40 Drone 2,Spraying,0.91,5.86,01:58,other,UTPL,default team,,R2199532760,48.0,35.0,,MKAVI1 T40 RPU028B_NOV_2024_ManualMode__flight_record.csv
2024-11-12 06:02:31-06:06:07,"Purok 1, Balila, Lantapan, Bukidnon, Northern Mindanao, Philippines",T40 Drone 2,Spraying,5.19,15.87,03:36,other,UTPL,default team,,R8432405435,100.0,71.0,,MKAVI1 T40 RPU028B_NOV_2024_ManualMode__flight_record.csv
2024-11-12 05:59:05-06:00:36,"Purok 1, Balila, Lantapan, Bukidnon, Northern Mindanao, Philippines",T40 Drone 2,Spraying,1.92,6.3,01:31,other,UTPL,default team,,R8212157418,51.0,41.0,,MKAVI1 T40 RPU028B_NOV_2024_ManualMode__flight_record.csv
2024-11-11 17:12:55-17:14:44,"Valencia-Lantapan Road, Purok 1, Balila, Lantapan, Bukidnon, Northern Mindanao, Philippines",T40 Drone 2,Spraying,0.81,1.27,01:48,other,UTPL,default team,,R7471323179,49.0,37.0,,MKAVI1 T40 RPU028B_NOV_2024_ManualMode__flight_record.csv
2024-11-11 17:07:00-17:08:21,"Valencia-Lantapan Road, Purok 1, Balila, Lantapan, Bukidnon, Northern Mindanao, Philippines",T40 Drone 2,Spraying,2.65,5.39,01:21,other,UTPL,default team,,R7351187897,100.0,86.0,,MKAVI1 T40 RPU028B_NOV_2024_ManualMode__flight_record.csv
2024-11-11 17:03:59-17:05:15,"Valencia-Lantapan Road, Purok 1, Balila, Lantapan, Bukidnon, Northern Mindanao, Philippines",T40 Drone 2,Spraying,0.3,0.38,01:16,other,UTPL,default team,,R6710466393,24.0,16.0,,MKAVI1 T40 RPU028B_NOV_2024_ManualMode__flight_record.csv
2024-11-11 08:03:25-08:07:57,"Lantapan, Bukidnon, Northern Mindanao, Philippines",T40 Drone 2,Spraying,4.75,16.32,04:32,other,UTPL,default team,,R4107535283,100.0,59.0,,MKAVI1 T40 RPU028B_NOV_2024_ManualMode__flight_record.csv
2024-11-11 07:59:09-08:00:25,"Lantapan, Bukidnon, Northern Mindanao, Philippines",T40 Drone 2,Spraying,0.86,0.95,01:15,other,UTPL,default team,,R3787174531,25.0,17.0,,MKAVI1 T40 RPU028B_NOV_2024_ManualMode__flight_record.csv
2024-11-09 07:28:27-07:30:41,"Alanib, Lantapan, Bukidnon, Northern Mindanao, Philippines",T40 Drone 2,Spraying,1.16,4.61,02:13,other,UTPL,default team,,R1584694361,51.0,37.0,,MKAVI1 T40 RPU028B_NOV_2024_ManualMode__flight_record.csv
2024-11-09 07:18:16-07:19:39,"Alanib, Lantapan, Bukidnon, Northern Mindanao, Philippines",T40 Drone 2,Spraying,0.52,2.04,01:23,other,UTPL,default team,,R1224288515,42.0,34.0,,MKAVI1 T40 RPU028B_NOV_2024_ManualMode__flight_record.csv
2024-11-09 06:59:33-07:01:19,"Alanib, Lantapan, Bukidnon, Northern Mindanao, Philippines",T40 Drone 2,Spraying,0.95,2.35,01:46,other,UTPL,default team,,R0863882669,49.0,37.0,,MKAVI1 T40 RPU028B_NOV_2024_ManualMode__flight_record.csv
2024-11-09 06:58:14-06:58:31,"Alanib, Lantapan, Bukidnon, Northern Mindanao, Philippines",T40 Drone 2,Spraying,0.86,1.24,00:16,other,UTPL,default team,,R0803815028,59.0,57.0,,MKAVI1 T40 RPU028B_NOV_2024_ManualMode__flight_record.csv
2024-11-09 06:22:34-06:24:02,"Aglayan - Alanib - Ticalaan Road, Purok 1, Babahagon, Balila, Lantapan, Bukidnon, Northern Mindanao, Philippines",T40 Drone 2,Spraying,1.47,2.46,01:28,other,UTPL,default team,,R0002913148,48.0,40.0,,MKAVI1 T40 RPU028B_NOV_2024_ManualMode__flight_record.csv
2024-11-09 06:20:04-06:22:03,"Aglayan - Alanib - Ticalaan Road, Purok 1, Babahagon, Balila, Lantapan, Bukidnon, Northern Mindanao, Philippines",T40 Drone 2,Spraying,4.63,9.33,01:58,other,UTPL,default team,,R8518356181,67.0,52.0,,MKAVI1 T40 RPU028B_NOV_2024_ManualMode__flight_record.csv
2024-11-09 06:04:13-06:05:03,"Aglayan - Alanib - Ticalaan Road, Purok 1, Babahagon, Balila, Lantapan, Bukidnon, Northern Mindanao, Philippines",T40 Drone 2,Spraying,0.14,0.43,00:50,other,UTPL,default team,,R7837589583,36.0,32.0,,MKAVI1 T40 RPU028B_NOV_2024_ManualMode__flight_record.csv
2024-11-09 05:53:35-05:54:39,"Aglayan - Alanib - Ticalaan Road, Purok 1, Babahagon, Balila, Lantapan, Bukidnon, Northern Mindanao, Philippines",T40 Drone 2,Spraying,1.38,1.18,01:03,other,UTPL,default team,,R7597319019,50.0,44.0,,MKAVI1 T40 RPU028B_NOV_2024_ManualMode__flight_record.csv
2024-11-08 17:21:46-17:23:49,"Lantapan, Bukidnon, Northern Mindanao, Philippines",T40 Drone 2,Spraying,1.33,7.17,02:03,other,UTPL,default team,,R7296980814,23.0,9.0,,MKAVI1 T40 RPU028B_NOV_2024_ManualMode__flight_record.csv
2024-11-08 17:19:08-17:19:42,"Lantapan, Bukidnon, Northern Mindanao, Philippines",T40 Drone 2,Spraying,0.28,0.49,00:34,other,UTPL,default team,,R7236913173,49.0,42.0,,MKAVI1 T40 RPU028B_NOV_2024_ManualMode__flight_record.csv
2024-11-08 17:16:11-17:17:26,"Lantapan, Bukidnon, Northern Mindanao, Philippines",T40 Drone 2,Spraying,0.48,1.36,01:14,other,UTPL,default team,,R7056710250,56.0,49.0,,MKAVI1 T40 RPU028B_NOV_2024_ManualMode__flight_record.csv
2024-11-08 16:57:02-16:58:40,"Lantapan, Bukidnon, Northern Mindanao, Philippines",T40 Drone 2,Spraying,1.39,3.67,01:38,other,UTPL,default team,,R6856484780,47.0,37.0,,MKAVI1 T40 RPU028B_NOV_2024_ManualMode__flight_record.csv
2024-11-08 16:54:11-16:54:33,"Lantapan, Bukidnon, Northern Mindanao, Philippines",T40 Drone 2,Spraying,0.91,1.07,00:21,other,UTPL,default team,,R6816439686,69.0,66.0,,MKAVI1 T40 RPU028B_NOV_2024_ManualMode__flight_record.csv
2024-11-08 16:51:07-16:52:05,"Lantapan, Bukidnon, Northern Mindanao, Philippines",T40 Drone 2,Spraying,0.84,1.02,00:58,other,UTPL,default team,,R6776394592,100.0,88.0,,MKAVI1 T40 RPU028B_NOV_2024_ManualMode__flight_record.csv
2024-11-08 16:46:36-16:47:56,"Lantapan, Bukidnon, Northern Mindanao, Philippines",T40 Drone 2,Spraying,0.72,2.59,01:19,other,UTPL,default team,,R6636236763,41.0,33.0,,MKAVI1 T40 RPU028B_NOV_2024_ManualMode__flight_record.csv
2024-11-08 16:44:15-16:44:47,"Lantapan, Bukidnon, Northern Mindanao, Philippines",T40 Drone 2,Spraying,0.51,1.01,00:31,other,UTPL,default team,,R6596191669,59.0,55.0,,MKAVI1 T40 RPU028B_NOV_2024_ManualMode__flight_record.csv
2024-11-08 16:40:07-16:41:02,"Lantapan, Bukidnon, Northern Mindanao, Philippines",T40 Drone 2,Spraying,0.95,1.17,00:55,other,UTPL,default team,,R6536124028,98.0,88.0,,MKAVI1 T40 RPU028B_NOV_2024_ManualMode__flight_record.csv
2024-11-08 16:35:51-16:37:19,"Lantapan, Bukidnon, Northern Mindanao, Philippines",T40 Drone 2,Spraying,1.97,1.93,01:27,other,UTPL,default team,,R6155695635,37.0,28.0,,MKAVI1 T40 RPU028B_NOV_2024_ManualMode__flight_record.csv
2024-11-08 16:18:25-16:19:37,"Lantapan, Bukidnon, Northern Mindanao, Philippines",T40 Drone 2,Spraying,0.27,1.16,01:11,other,UTPL,default team,,R5855357430,14.0,6.0,,MKAVI1 T40 RPU028B_NOV_2024_ManualMode__flight_record.csv
2024-11-08 07:12:31-07:16:37,"Lantapan, Bukidnon, Northern Mindanao, Philippines",T40 Drone 2,Spraying,4.98,18.48,04:06,other,UTPL,default team,,R5474929037,68.0,31.0,,MKAVI1 T40 RPU028B_NOV_2024_ManualMode__flight_record.csv
2024-11-08 07:06:56-07:10:42,"Lantapan, Bukidnon, Northern Mindanao, Philippines",T40 Drone 2,Spraying,5.9,19.15,03:46,other,UTPL,default team,,R5354793755,99.0,68.0,,MKAVI1 T40 RPU028B_NOV_2024_ManualMode__flight_record.csv
2024-11-08 06:51:11-06:54:40,"Songco, Lantapan, Bukidnon, Northern Mindanao, Philippines",T40 Drone 2,Spraying,5.3,11.53,03:29,other,UTPL,default team,,R5234658473,54.0,27.0,,MKAVI1 T40 RPU028B_NOV_2024_ManualMode__flight_record.csv
2024-11-08 06:42:53-06:44:16,"Songco, Lantapan, Bukidnon, Northern Mindanao, Philippines",T40 Drone 2,Spraying,1.43,3.1,01:22,other,UTPL,default team,,R5074478097,49.0,40.0,,MKAVI1 T40 RPU028B_NOV_2024_ManualMode__flight_record.csv
2024-11-08 06:19:51-06:24:39,"Alanib, Lantapan, Bukidnon, Northern Mindanao, Philippines",T40 Drone 2,Spraying,3.28,18.85,04:48,other,UTPL,default team,,R4794162439,100.0,54.0,,MKAVI1 T40 RPU028B_NOV_2024_ManualMode__flight_record.csv
2024-11-08 06:16:14-06:16:22,"Alanib, Lantapan, Bukidnon, Northern Mindanao, Philippines",T40 Drone 2,Spraying,0.21,0.57,00:07,other,UTPL,default team,,R4674027157,20.0,19.0,,MKAVI1 T40 RPU028B_NOV_2024_ManualMode__flight_record.csv
2024-11-08 06:04:45-06:06:05,"Alanib, Lantapan, Bukidnon, Northern Mindanao, Philippines",T40 Drone 2,Spraying,0.31,1.42,01:19,other,UTPL,default team,,R4373688952,20.0,11.0,,MKAVI1 T40 RPU028B_NOV_2024_ManualMode__flight_record.csv
2024-11-07 16:43:34-16:45:39,"Songco, Lantapan, Bukidnon, Northern Mindanao, Philippines",T40 Drone 2,Spraying,1.82,3.17,02:04,other,UTPL,default team,,R3993260559,47.0,35.0,,MKAVI1 T40 RPU028B_NOV_2024_ManualMode__flight_record.csv
2024-11-07 16:42:33-16:42:51,"Songco, Lantapan, Bukidnon, Northern Mindanao, Philippines",T40 Drone 2,Spraying,0.7,1.08,00:17,other,UTPL,default team,,R3933192918,55.0,52.0,,MKAVI1 T40 RPU028B_NOV_2024_ManualMode__flight_record.csv
2024-11-07 16:25:24-16:27:17,"Songco, Lantapan, Bukidnon, Northern Mindanao, Philippines",T40 Drone 2,Spraying,1.0,1.66,01:53,other,UTPL,default team,,R3572787072,29.0,17.0,,MKAVI1 T40 RPU028B_NOV_2024_ManualMode__flight_record.csv
2024-11-07 16:23:00-16:23:14,"Songco, Lantapan, Bukidnon, Northern Mindanao, Philippines",T40 Drone 2,Spraying,0.5,1.07,00:13,other,UTPL,default team,,R3512719431,46.0,45.0,,MKAVI1 T40 RPU028B_NOV_2024_ManualMode__flight_record.csv
2024-11-07 16:21:50-16:22:05,"Songco, Lantapan, Bukidnon, Northern Mindanao, Philippines",T40 Drone 2,Spraying,0.52,1.01,00:14,other,UTPL,default team,,R3472674337,56.0,54.0,,MKAVI1 T40 RPU028B_NOV_2024_ManualMode__flight_record.csv
2024-11-07 16:20:34-16:20:46,"Songco, Lantapan, Bukidnon, Northern Mindanao, Philippines",T40 Drone 2,Spraying,0.35,0.79,00:11,other,UTPL,default team,,R3432629243,68.0,66.0,,MKAVI1 T40 RPU028B_NOV_2024_ManualMode__flight_record.csv
2024-11-07 16:14:10-16:15:35,"Songco, Lantapan, Bukidnon, Northern Mindanao, Philippines",T40 Drone 2,Spraying,0.41,0.45,01:25,other,UTPL,default team,,R2992133209,22.0,14.0,,MKAVI1 T40 RPU028B_NOV_2024_ManualMode__flight_record.csv
2024-11-07 16:06:30-16:07:12,"Songco, Lantapan, Bukidnon, Northern Mindanao, Philippines",T40 Drone 2,Spraying,0.52,0.75,00:42,other,UTPL,default team,,R2851975380,98.0,90.0,,MKAVI1 T40 RPU028B_NOV_2024_ManualMode__flight_record.csv
2024-11-07 15:49:21-15:50:28,"Alanib, Lantapan, Bukidnon, Northern Mindanao, Philippines",T40 Drone 2,Spraying,0.17,0.41,01:06,other,UTPL,default team,,R2531614628,31.0,24.0,,MKAVI1 T40 RPU028B_NOV_2024_ManualMode__flight_record.csv
2024-11-07 07:45:40-07:47:32,"Baclayon, Lantapan, Bukidnon, Northern Mindanao, Philippines",T40 Drone 2,Spraying,2.67,9.04,01:52,other,UTPL,default team,,R1750735295,23.0,11.0,,MKAVI1 T40 RPU028B_NOV_2024_ManualMode__flight_record.csv
2024-11-07 07:44:29-07:44:50,"Baclayon, Lantapan, Bukidnon, Northern Mindanao, Philippines",T40 Drone 2,Spraying,0.47,1.82,00:20,other,UTPL,default team,,R1670645107,33.0,30.0,,MKAVI1 T40 RPU028B_NOV_2024_ManualMode__flight_record.csv
2024-11-07 07:43:11-07:43:39,"Baclayon, Lantapan, Bukidnon, Northern Mindanao, Philippines",T40 Drone 2,Spraying,1.15,3.87,00:27,other,UTPL,default team,,R1610577466,45.0,40.0,,MKAVI1 T40 RPU028B_NOV_2024_ManualMode__flight_record.csv
2024-11-07 07:41:50-07:42:08,"Baclayon, Lantapan, Bukidnon, Northern Mindanao, Philippines",T40 Drone 2,Spraying,0.52,1.69,00:17,other,UTPL,default team,,R1570532372,59.0,55.0,,MKAVI1 T40 RPU028B_NOV_2024_ManualMode__flight_record.csv
2024-11-07 07:40:41-07:40:56,"Baclayon, Lantapan, Bukidnon, Northern Mindanao, Philippines",T40 Drone 2,Spraying,0.61,1.1,00:14,other,UTPL,default team,,R1530487278,71.0,69.0,,MKAVI1 T40 RPU028B_NOV_2024_ManualMode__flight_record.csv
2024-11-07 07:19:05-07:21:07,"Baclayon, Lantapan, Bukidnon, Northern Mindanao, Philippines",T40 Drone 2,Spraying,3.65,8.59,02:01,other,UTPL,default team,,R0909788321,66.0,54.0,,MKAVI1 T40 RPU028B_NOV_2024_ManualMode__flight_record.csv
2024-11-07 06:47:41-06:49:25,"Alanib, Lantapan, Bukidnon, Northern Mindanao, Philippines",T40 Drone 2,Spraying,3.6,7.35,01:44,other,UTPL,default team,,R0549382475,49.0,36.0,,MKAVI1 T40 RPU028B_NOV_2024_ManualMode__flight_record.csv
2024-11-06 07:35:01-07:36:36,"Baclayon, Lantapan, Bukidnon, Northern Mindanao, Philippines",T40 Drone 2,Spraying,2.42,6.08,01:35,other,UTPL,default team,,R8323991269,14.0,3.0,,MKAVI1 T40 RPU028B_NOV_2024_ManualMode__flight_record.csv
2024-11-06 07:29:35-07:29:48,"Baclayon, Lantapan, Bukidnon, Northern Mindanao, Philippines",T40 Drone 2,Spraying,0.54,0.91,00:12,other,UTPL,default team,,R8223878534,72.0,69.0,,MKAVI1 T40 RPU028B_NOV_2024_ManualMode__flight_record.csv
2024-11-06 07:27:36-07:28:08,"Baclayon, Lantapan, Bukidnon, Northern Mindanao, Philippines",T40 Drone 2,Spraying,0.56,0.39,00:32,other,UTPL,default team,,R8123765799,99.0,92.0,,MKAVI1 T40 RPU028B_NOV_2024_ManualMode__flight_record.csv
2024-11-06 07:13:21-07:15:28,"Alanib, Lantapan, Bukidnon, Northern Mindanao, Philippines",T40 Drone 2,Spraying,4.59,9.09,02:06,other,UTPL,default team,,R7903517782,50.0,35.0,,MKAVI1 T40 RPU028B_NOV_2024_ManualMode__flight_record.csv
2024-11-06 07:12:05-07:12:24,"Alanib, Lantapan, Bukidnon, Northern Mindanao, Philippines",T40 Drone 2,Spraying,0.6,1.45,00:18,other,UTPL,default team,,R7863472688,62.0,58.0,,MKAVI1 T40 RPU028B_NOV_2024_ManualMode__flight_record.csv
2024-11-06 07:10:48-07:11:05,"Alanib, Lantapan, Bukidnon, Northern Mindanao, Philippines",T40 Drone 2,Spraying,0.61,1.77,00:16,other,UTPL,default team,,R7803405047,74.0,71.0,,MKAVI1 T40 RPU028B_NOV_2024_ManualMode__flight_record.csv
2024-11-06 07:08:31-07:09:49,"Alanib, Lantapan, Bukidnon, Northern Mindanao, Philippines",T40 Drone 2,Spraying,1.89,4.05,01:18,other,UTPL,default team,,R7743337406,100.0,85.0,,MKAVI1 T40 RPU028B_NOV_2024_ManualMode__flight_record.csv
2024-11-06 07:05:13-07:06:24,"Alanib, Lantapan, Bukidnon, Northern Mindanao, Philippines",T40 Drone 2,Spraying,1.1,2.21,01:11,other,UTPL,default team,,R7503066842,43.0,35.0,,MKAVI1 T40 RPU028B_NOV_2024_ManualMode__flight_record.csv
2024-11-06 06:41:46-06:43:57,"Alanib, Lantapan, Bukidnon, Northern Mindanao, Philippines",T40 Drone 2,Spraying,3.43,10.62,02:11,other,UTPL,default team,,R7322863919,61.0,47.0,,MKAVI1 T40 RPU028B_NOV_2024_ManualMode__flight_record.csv
2024-11-06 06:40:20-06:40:46,"Alanib, Lantapan, Bukidnon, Northern Mindanao, Philippines",T40 Drone 2,Spraying,0.85,0.97,00:25,other,UTPL,default team,,R7282818825,73.0,69.0,,MKAVI1 T40 RPU028B_NOV_2024_ManualMode__flight_record.csv
2024-11-06 06:39:15-06:39:36,"Alanib, Lantapan, Bukidnon, Northern Mindanao, Philippines",T40 Drone 2,Spraying,0.82,1.25,00:20,other,UTPL,default team,,R7222751184,83.0,79.0,,MKAVI1 T40 RPU028B_NOV_2024_ManualMode__flight_record.csv
2024-11-06 06:16:06-06:17:28,"Alanib, Lantapan, Bukidnon, Northern Mindanao, Philippines",T40 Drone 2,Spraying,3.33,6.11,01:22,other,UTPL,default team,,R6762232603,22.0,13.0,,MKAVI1 T40 RPU028B_NOV_2024_ManualMode__flight_record.csv
2024-11-06 06:15:15-06:15:30,"Alanib, Lantapan, Bukidnon, Northern Mindanao, Philippines",T40 Drone 2,Spraying,0.62,1.19,00:14,other,UTPL,default team,,R6722187509,30.0,27.0,,MKAVI1 T40 RPU028B_NOV_2024_ManualMode__flight_record.csv
2024-11-06 06:14:19-06:14:34,"Alanib, Lantapan, Bukidnon, Northern Mindanao, Philippines",T40 Drone 2,Spraying,0.64,1.47,00:14,other,UTPL,default team,,R6662119868,39.0,36.0,,MKAVI1 T40 RPU028B_NOV_2024_ManualMode__flight_record.csv
2024-11-06 05:52:11-05:55:29,"Alanib, Lantapan, Bukidnon, Northern Mindanao, Philippines",T40 Drone 2,Spraying,2.78,12.34,03:18,other,UTPL,default team,,R5921285629,41.0,14.0,,MKAVI1 T40 RPU028B_NOV_2024_ManualMode__flight_record.csv
2024-11-05 07:45:27-07:47:16,"Alanib, Lantapan, Bukidnon, Northern Mindanao, Philippines",T40 Drone 2,Spraying,0.23,3.25,01:48,other,UTPL,default team,,R5400699407,45.0,34.0,,MKAVI1 T40 RPU028B_NOV_2024_ManualMode__flight_record.csv
2024-11-05 07:39:00-07:40:42,"Alanib, Lantapan, Bukidnon, Northern Mindanao, Philippines",T40 Drone 2,Spraying,1.63,8.87,01:42,other,UTPL,default team,,R5200473937,100.0,82.0,,MKAVI1 T40 RPU028B_NOV_2024_ManualMode__flight_record.csv
2024-11-05 07:35:15-07:36:53,"Alanib, Lantapan, Bukidnon, Northern Mindanao, Philippines",T40 Drone 2,Spraying,0.46,1.97,01:37,other,UTPL,default team,,R4659865168,40.0,29.0,,MKAVI1 T40 RPU028B_NOV_2024_ManualMode__flight_record.csv
2024-11-05 07:31:02-07:31:29,"Alanib, Lantapan, Bukidnon, Northern Mindanao, Philippines",T40 Drone 2,Spraying,0.63,3.22,00:26,other,UTPL,default team,,R4599797527,71.0,67.0,,MKAVI1 T40 RPU028B_NOV_2024_ManualMode__flight_record.csv
2024-11-05 07:28:18-07:29:26,"Alanib, Lantapan, Bukidnon, Northern Mindanao, Philippines",T40 Drone 2,Spraying,1.29,5.81,01:08,other,UTPL,default team,,R4539729886,100.0,87.0,,MKAVI1 T40 RPU028B_NOV_2024_ManualMode__flight_record.csv
2024-11-05 07:12:53-07:15:59,"Alanib, Lantapan, Bukidnon, Northern Mindanao, Philippines",T40 Drone 2,Spraying,5.81,13.97,03:05,other,UTPL,default team,,R3778873100,48.0,27.0,,MKAVI1 T40 RPU028B_NOV_2024_ManualMode__flight_record.csv
2024-11-05 07:11:34-07:11:49,"Alanib, Lantapan, Bukidnon, Northern Mindanao, Philippines",T40 Drone 2,Spraying,0.96,1.4,00:14,other,UTPL,default team,,R3738828006,59.0,57.0,,MKAVI1 T40 RPU028B_NOV_2024_ManualMode__flight_record.csv
2024-11-05 06:32:49-06:34:53,"Aglayan - Alanib - Ticalaan Road, Purok 1, Babahagon, Balila, Lantapan, Bukidnon, Northern Mindanao, Philippines",T40 Drone 2,Spraying,2.5,8.7,02:04,other,UTPL,default team,,R2577520280,48.0,34.0,,MKAVI1 T40 RPU028B_NOV_2024_ManualMode__flight_record.csv
2024-11-05 06:28:22-06:32:15,"Aglayan - Alanib - Ticalaan Road, Purok 1, Babahagon, Balila, Lantapan, Bukidnon, Northern Mindanao, Philippines",T40 Drone 2,Spraying,7.37,25.17,03:53,other,UTPL,default team,,R2497430092,100.0,53.0,,MKAVI1 T40 RPU028B_NOV_2024_ManualMode__flight_record.csv
2024-11-05 06:24:30-06:25:16,"Aglayan - Alanib - Ticalaan Road, Purok 1, Babahagon, Balila, Lantapan, Bukidnon, Northern Mindanao, Philippines",T40 Drone 2,Spraying,0.0,0.14,00:45,other,UTPL,default team,,R2177069340,25.0,21.0,,MKAVI1 T40 RPU028B_NOV_2024_ManualMode__flight_record.csv
2024-11-05 06:03:48-06:04:58,"Aglayan - Alanib - Ticalaan Road, Purok 1, Babahagon, Balila, Lantapan, Bukidnon, Northern Mindanao, Philippines",T40 Drone 2,Spraying,2.36,2.95,01:10,other,UTPL,default team,,R1336122366,50.0,43.0,,MKAVI1 T40 RPU028B_NOV_2024_ManualMode__flight_record.csv
2024-11-04 08:02:40-08:07:21,"Kaatuan, Lantapan, Bukidnon, Northern Mindanao, Philippines",T40 Drone 2,Spraying,4.0,20.05,04:41,other,UTPL,default team,,R0615310674,100.0,56.0,,MKAVI1 T40 RPU028B_NOV_2024_ManualMode__flight_record.csv
2024-11-04 07:04:07-07:05:44,"Lantapan, Bukidnon, Northern Mindanao, Philippines",T40 Drone 2,Spraying,0.84,2.66,01:36,other,UTPL,default team,,R7689130323,67.0,55.0,,MKAVI1 T40 RPU028B_NOV_2024_ManualMode__flight_record.csv
2024-11-04 06:35:00-06:36:24,"Lantapan, Bukidnon, Northern Mindanao, Philippines",T40 Drone 2,Spraying,0.86,2.75,01:24,other,UTPL,default team,,R7228611742,70.0,61.0,,MKAVI1 T40 RPU028B_NOV_2024_ManualMode__flight_record.csv
2024-11-03 07:35:48-07:37:50,"Lantapan, Bukidnon, Northern Mindanao, Philippines",T40 Drone 2,Spraying,2.56,3.36,02:01,other,UTPL,default team,,R6367642221,29.0,15.0,,MKAVI1 T40 RPU028B_NOV_2024_ManualMode__flight_record.csv
2024-11-03 06:12:26-06:14:33,"Lantapan, Bukidnon, Northern Mindanao, Philippines",T40 Drone 2,Spraying,1.56,9.63,02:07,other,UTPL,default team,,R5186311948,48.0,32.0,,MKAVI1 T40 RPU028B_NOV_2024_ManualMode__flight_record.csv
2024-11-01 06:28:24-06:30:02,"Baclayon, Lantapan, Bukidnon, Northern Mindanao, Philippines",T40 Drone 2,Spraying,3.0,6.13,01:38,other,UTPL,default team,,R4705770820,50.0,40.0,,MKAVI1 T40 RPU028B_NOV_2024_ManualMode__flight_record.csv
2024-03-30 08:05:49-08:07:13,"Alanib, Lantapan, Bukidnon, Northern Mindanao, Philippines",T40 Drone 2,Spraying,2.05,5.16,01:24,other,UTPL,default team,,R8019708139,23.0,14.0,,MKAVI1 T40 RPU028B_MAR_2024_ManualMode__flight_record.csv
2024-03-30 08:02:38-08:03:08,"Alanib, Lantapan, Bukidnon, Northern Mindanao, Philippines",T40 Drone 2,Spraying,0.71,2.73,00:29,other,UTPL,default team,,R7919595404,50.0,45.0,,MKAVI1 T40 RPU028B_MAR_2024_ManualMode__flight_record.csv
2024-03-30 08:01:36-08:02:08,"Alanib, Lantapan, Bukidnon, Northern Mindanao, Philippines",T40 Drone 2,Spraying,0.75,3.71,00:31,other,UTPL,default team,,R7859527763,60.0,54.0,,MKAVI1 T40 RPU028B_MAR_2024_ManualMode__flight_record.csv
2024-03-30 08:00:30-08:01:01,"Alanib, Lantapan, Bukidnon, Northern Mindanao, Philippines",T40 Drone 2,Spraying,0.56,1.66,00:30,other,UTPL,default team,,R7799460122,72.0,66.0,,MKAVI1 T40 RPU028B_MAR_2024_ManualMode__flight_record.csv
2024-03-30 07:58:01-07:58:37,"Alanib, Lantapan, Bukidnon, Northern Mindanao, Philippines",T40 Drone 2,Spraying,0.03,0.03,00:36,other,UTPL,default team,,R7719369934,99.0,93.0,,MKAVI1 T40 RPU028B_MAR_2024_ManualMode__flight_record.csv
2024-03-30 07:44:59-07:46:26,"Alanib, Lantapan, Bukidnon, Northern Mindanao, Philippines",T40 Drone 2,Spraying,3.41,3.38,01:26,other,UTPL,default team,,R7659302293,66.0,57.0,,MKAVI1 T40 RPU028B_MAR_2024_ManualMode__flight_record.csv
2024-03-30 07:18:39-07:20:20,"Alanib, Lantapan, Bukidnon, Northern Mindanao, Philippines",T40 Drone 2,Spraying,3.52,9.38,01:41,other,UTPL,default team,,R7278873900,55.0,43.0,,MKAVI1 T40 RPU028B_MAR_2024_ManualMode__flight_record.csv
2024-03-30 07:17:11-07:17:42,"Alanib, Lantapan, Bukidnon, Northern Mindanao, Philippines",T40 Drone 2,Spraying,0.79,1.49,00:30,other,UTPL,default team,,R7198783712,68.0,63.0,,MKAVI1 T40 RPU028B_MAR_2024_ManualMode__flight_record.csv
2024-03-30 07:15:35-07:16:09,"Alanib, Lantapan, Bukidnon, Northern Mindanao, Philippines",T40 Drone 2,Spraying,0.79,1.0,00:33,other,UTPL,default team,,R7118693524,84.0,78.0,,MKAVI1 T40 RPU028B_MAR_2024_ManualMode__flight_record.csv
2024-03-30 07:01:48-07:04:01,"Baclayon, Lantapan, Bukidnon, Northern Mindanao, Philippines",T40 Drone 2,Spraying,3.63,5.15,02:12,other,UTPL,default team,,R7058625883,51.0,37.0,,MKAVI1 T40 RPU028B_MAR_2024_ManualMode__flight_record.csv
2024-03-28 07:23:37-07:27:16,"Purok 1, Balila, Lantapan, Bukidnon, Northern Mindanao, Philippines",T40 Drone 2,Spraying,5.48,18.9,03:39,other,UTPL,default team,,R6618129849,100.0,72.0,,MKAVI1 T40 RPU028B_MAR_2024_ManualMode__flight_record.csv
2024-03-28 07:12:26-07:15:01,"Purok 1, Balila, Lantapan, Bukidnon, Northern Mindanao, Philippines",T40 Drone 2,Spraying,4.6,13.49,02:34,other,UTPL,default team,,R6578084755,46.0,26.0,,MKAVI1 T40 RPU028B_MAR_2024_ManualMode__flight_record.csv
2024-03-28 07:07:46-07:11:14,"Purok 1, Balila, Lantapan, Bukidnon, Northern Mindanao, Philippines",T40 Drone 2,Spraying,4.52,17.31,03:28,other,UTPL,default team,,R6538039661,100.0,58.0,,MKAVI1 T40 RPU028B_MAR_2024_ManualMode__flight_record.csv
2024-03-28 07:02:18-07:05:21,"Purok 1, Balila, Lantapan, Bukidnon, Northern Mindanao, Philippines",T40 Drone 2,Spraying,3.87,15.55,03:02,other,UTPL,default team,,R6518017114,38.0,14.0,,MKAVI1 T40 RPU028B_MAR_2024_ManualMode__flight_record.csv
2024-03-28 01:23:37-01:25:07,"Dabongdabong, Valencia, Bukidnon, Northern Mindanao, Philippines",T40 Drone 2,Spraying,2.54,5.21,01:29,other,UTPL,default team,,R6337814191,57.0,46.0,,MKAVI1 T40 RPU028B_MAR_2024_ManualMode__flight_record.csv
2024-03-28 01:19:01-01:19:54,"Dabongdabong, Valencia, Bukidnon, Northern Mindanao, Philippines",T40 Drone 2,Spraying,2.42,1.93,00:53,other,UTPL,default team,,R6297769097,100.0,91.0,,MKAVI1 T40 RPU028B_MAR_2024_ManualMode__flight_record.csv
2024-03-28 01:04:44-01:05:58,"Dabongdabong, Valencia, Bukidnon, Northern Mindanao, Philippines",T40 Drone 2,Spraying,2.13,2.18,01:13,other,UTPL,default team,,R6097543627,25.0,16.0,,MKAVI1 T40 RPU028B_MAR_2024_ManualMode__flight_record.csv
2024-03-27 22:07:08-22:08:34,"Valencia-Lantapan Road, San Carlos, Valencia, Bukidnon, Northern Mindanao, 8709088, Philippines",T40 Drone 2,Spraying,3.51,3.27,01:26,other,UTPL,default team,,R5737137781,60.0,51.0,,MKAVI1 T40 RPU028B_MAR_2024_ManualMode__flight_record.csv
2024-03-27 21:51:08-21:51:58,"Valencia-Lantapan Road, San Carlos, Valencia, Bukidnon, Northern Mindanao, 8709088, Philippines",T40 Drone 2,Spraying,0.02,0.09,00:49,other,UTPL,default team,,R5576957405,25.0,19.0,,MKAVI1 T40 RPU028B_MAR_2024_ManualMode__flight_record.csv
2024-03-27 18:15:18-18:17:48,"Alanib, Lantapan, Bukidnon, Northern Mindanao, Philippines",T40 Drone 2,Spraying,2.57,13.04,02:30,other,UTPL,default team,,R5121739246,52.0,35.0,,MKAVI1 T40 RPU028B_MAR_2024_ManualMode__flight_record.csv
2024-03-27 18:14:09-18:14:45,"Alanib, Lantapan, Bukidnon, Northern Mindanao, Philippines",T40 Drone 2,Spraying,0.38,2.0,00:35,other,UTPL,default team,,R5081694152,63.0,57.0,,MKAVI1 T40 RPU028B_MAR_2024_ManualMode__flight_record.csv
2024-03-27 18:12:39-18:13:17,"Alanib, Lantapan, Bukidnon, Northern Mindanao, Philippines",T40 Drone 2,Spraying,0.57,2.72,00:37,other,UTPL,default team,,R5021626511,78.0,72.0,,MKAVI1 T40 RPU028B_MAR_2024_ManualMode__flight_record.csv
2024-03-27 18:10:39-18:11:57,"Alanib, Lantapan, Bukidnon, Northern Mindanao, Philippines",T40 Drone 2,Spraying,1.41,2.74,01:18,other,UTPL,default team,,R4981581417,100.0,86.0,,MKAVI1 T40 RPU028B_MAR_2024_ManualMode__flight_record.csv
2024-03-27 18:05:54-18:07:25,"Alanib, Lantapan, Bukidnon, Northern Mindanao, Philippines",T40 Drone 2,Spraying,1.24,6.42,01:31,other,UTPL,default team,,R4961558870,28.0,17.0,,MKAVI1 T40 RPU028B_MAR_2024_ManualMode__flight_record.csv
2024-03-27 17:31:06-17:32:52,"Baclayon, Lantapan, Bukidnon, Northern Mindanao, Philippines",T40 Drone 2,Spraying,1.11,3.89,01:46,other,UTPL,default team,,R4681243212,47.0,36.0,,MKAVI1 T40 RPU028B_MAR_2024_ManualMode__flight_record.csv
2024-03-27 17:25:29-17:27:00,"Baclayon, Lantapan, Bukidnon, Northern Mindanao, Philippines",T40 Drone 2,Spraying,1.61,2.43,01:31,other,UTPL,default team,,R4621175571,100.0,83.0,,MKAVI1 T40 RPU028B_MAR_2024_ManualMode__flight_record.csv
2024-03-27 01:29:22-01:30:29,"Valencia, Bukidnon, Northern Mindanao, Philippines",T40 Drone 2,Spraying,1.16,2.11,01:06,other,UTPL,default team,,R4140634443,36.0,29.0,,MKAVI1 T40 RPU028B_MAR_2024_ManualMode__flight_record.csv
2024-03-27 01:14:53-01:15:41,"Valencia, Bukidnon, Northern Mindanao, Philippines",T40 Drone 2,Spraying,0.77,0.57,00:48,other,UTPL,default team,,R4000476614,98.0,87.0,,MKAVI1 T40 RPU028B_MAR_2024_ManualMode__flight_record.csv
2024-03-26 22:18:32-22:19:35,"Dabongdabong, Valencia, Bukidnon, Northern Mindanao, Philippines",T40 Drone 2,Spraying,0.52,2.3,01:02,other,UTPL,default team,,R3580003127,76.0,69.0,,MKAVI1 T40 RPU028B_MAR_2024_ManualMode__flight_record.csv
2024-03-26 22:01:33-22:02:03,"Dabongdabong, Valencia, Bukidnon, Northern Mindanao, Philippines",T40 Drone 2,Spraying,0.0,0.01,00:29,other,UTPL,default team,,R3419822751,47.0,43.0,,MKAVI1 T40 RPU028B_MAR_2024_ManualMode__flight_record.csv
2024-03-26 21:39:08-21:40:12,"San Carlos, Valencia, Bukidnon, Northern Mindanao, Philippines",T40 Drone 2,Spraying,1.23,3.93,01:04,other,UTPL,default team,,R3299687469,42.0,34.0,,MKAVI1 T40 RPU028B_MAR_2024_ManualMode__flight_record.csv
2024-03-26 21:26:58-21:27:28,"San Carlos, Valencia, Bukidnon, Northern Mindanao, Philippines",T40 Drone 2,Spraying,0.0,0.01,00:29,other,UTPL,default team,,R3159529640,59.0,54.0,,MKAVI1 T40 RPU028B_MAR_2024_ManualMode__flight_record.csv
2024-03-26 21:10:55-21:11:50,"San Carlos, Valencia, Bukidnon, Northern Mindanao, Philippines",T40 Drone 2,Spraying,0.93,1.6,00:55,other,UTPL,default team,,R3019371811,58.0,52.0,,MKAVI1 T40 RPU028B_MAR_2024_ManualMode__flight_record.csv
2024-03-26 21:09:18-21:09:45,"San Carlos, Valencia, Bukidnon, Northern Mindanao, Philippines",T40 Drone 2,Spraying,0.0,0.01,00:26,other,UTPL,default team,,R2979326717,69.0,65.0,,MKAVI1 T40 RPU028B_MAR_2024_ManualMode__flight_record.csv
2024-03-26 18:01:01-18:02:28,"Baclayon, Lantapan, Bukidnon, Northern Mindanao, Philippines",T40 Drone 2,Spraying,2.45,6.07,01:26,other,UTPL,default team,,R4752305745,42.0,32.0,,MKAVI1 T40 RPU028B_MAR_2024_ManualMode__flight_record.csv
2024-03-26 17:22:54-17:24:24,"Valencia-Lantapan Road, Purok 1, Balila, Lantapan, Bukidnon, Northern Mindanao, Philippines",T40 Drone 2,Spraying,2.09,5.26,01:29,other,UTPL,default team,,R4171651882,33.0,22.0,,MKAVI1 T40 RPU028B_MAR_2024_ManualMode__flight_record.csv
2024-03-26 17:20:09-17:20:46,"Valencia-Lantapan Road, Purok 1, Balila, Lantapan, Bukidnon, Northern Mindanao, Philippines",T40 Drone 2,Spraying,0.64,2.65,00:36,other,UTPL,default team,,R4031494053,56.0,50.0,,MKAVI1 T40 RPU028B_MAR_2024_ManualMode__flight_record.csv
2024-03-26 17:18:33-17:19:00,"Valencia-Lantapan Road, Purok 1, Balila, Lantapan, Bukidnon, Northern Mindanao, Philippines",T40 Drone 2,Spraying,0.64,1.81,00:26,other,UTPL,default team,,R3891336224,71.0,66.0,,MKAVI1 T40 RPU028B_MAR_2024_ManualMode__flight_record.csv
2024-03-26 17:16:05-17:17:12,"Valencia-Lantapan Road, Purok 1, Balila, Lantapan, Bukidnon, Northern Mindanao, Philippines",T40 Drone 2,Spraying,1.81,4.68,01:07,other,UTPL,default team,,R3771200942,100.0,86.0,,MKAVI1 T40 RPU028B_MAR_2024_ManualMode__flight_record.csv
2024-03-26 17:12:59-17:14:09,"Valencia-Lantapan Road, Purok 1, Balila, Lantapan, Bukidnon, Northern Mindanao, Philippines",T40 Drone 2,Spraying,0.82,2.93,01:09,other,UTPL,default team,,R3611020566,39.0,30.0,,MKAVI1 T40 RPU028B_MAR_2024_ManualMode__flight_record.csv
2024-03-26 07:25:49-07:27:00,"Alanib, Lantapan, Bukidnon, Northern Mindanao, Philippines",T40 Drone 2,Spraying,1.6,4.19,01:11,other,UTPL,default team,,R2790096139,71.0,62.0,,MKAVI1 T40 RPU028B_MAR_2024_ManualMode__flight_record.csv
2024-03-26 07:07:09-07:07:38,"Alanib, Lantapan, Bukidnon, Northern Mindanao, Philippines",T40 Drone 2,Spraying,0.84,2.01,00:28,other,UTPL,default team,,R1969171712,66.0,61.0,,MKAVI1 T40 RPU028B_MAR_2024_ManualMode__flight_record.csv
2024-03-26 07:05:47-07:06:11,"Alanib, Lantapan, Bukidnon, Northern Mindanao, Philippines",T40 Drone 2,Spraying,0.97,2.34,00:23,other,UTPL,default team,,R1808991336,80.0,75.0,,MKAVI1 T40 RPU028B_MAR_2024_ManualMode__flight_record.csv
2024-03-26 06:50:44-06:53:21,"Songco, Lantapan, Bukidnon, Northern Mindanao, Philippines",T40 Drone 2,Spraying,5.09,16.68,02:37,other,UTPL,default team,,R1528675678,58.0,37.0,,MKAVI1 T40 RPU028B_MAR_2024_ManualMode__flight_record.csv
2024-03-26 06:43:02-06:44:28,"Songco, Lantapan, Bukidnon, Northern Mindanao, Philippines",T40 Drone 2,Spraying,2.48,6.54,01:26,other,UTPL,default team,,R1248360020,35.0,24.0,,MKAVI1 T40 RPU028B_MAR_2024_ManualMode__flight_record.csv
2024-03-26 06:21:40-06:25:49,"Lantapan, Bukidnon, Northern Mindanao, Philippines",T40 Drone 2,Spraying,8.38,26.02,04:09,other,UTPL,default team,,R0687728704,99.0,60.0,,MKAVI1 T40 RPU028B_MAR_2024_ManualMode__flight_record.csv
2024-03-26 06:04:14-06:05:05,"Lantapan, Bukidnon, Northern Mindanao, Philippines",T40 Drone 2,Spraying,0.01,0.48,00:50,other,UTPL,default team,,R0587615969,22.0,17.0,,MKAVI1 T40 RPU028B_MAR_2024_ManualMode__flight_record.csv
2024-03-26 05:59:54-06:00:15,"Lantapan, Bukidnon, Northern Mindanao, Philippines",T40 Drone 2,Spraying,0.55,1.38,00:20,other,UTPL,default team,,R0367367952,59.0,55.0,,MKAVI1 T40 RPU028B_MAR_2024_ManualMode__flight_record.csv
2024-03-26 05:58:19-05:58:47,"Lantapan, Bukidnon, Northern Mindanao, Philippines",T40 Drone 2,Spraying,0.62,2.04,00:27,other,UTPL,default team,,R0267255217,78.0,72.0,,MKAVI1 T40 RPU028B_MAR_2024_ManualMode__flight_record.csv
2024-03-26 01:27:32-01:29:07,"Valencia Bypass Road, Dabongdabong, Valencia, Bukidnon, Northern Mindanao, 8709088, Philippines",T40 Drone 2,Spraying,2.05,4.12,01:35,other,UTPL,default team,,R0167142482,59.0,49.0,,MKAVI1 T40 RPU028B_MAR_2024_ManualMode__flight_record.csv
2024-03-25 22:36:19-22:37:30,"Dabongdabong, Valencia, Bukidnon, Northern Mindanao, Philippines",T40 Drone 2,Spraying,1.22,3.59,01:11,other,UTPL,default team,,R7281007225,49.0,41.0,,MKAVI1 T40 RPU028B_MAR_2024_ManualMode__flight_record.csv
2024-03-25 22:26:33-22:27:00,"Dabongdabong, Valencia, Bukidnon, Northern Mindanao, Philippines",T40 Drone 2,Spraying,0.0,0.01,00:27,other,UTPL,default team,,R7120826849,78.0,71.0,,MKAVI1 T40 RPU028B_MAR_2024_ManualMode__flight_record.csv
2024-03-25 21:43:39-21:44:46,"Dabongdabong, Valencia, Bukidnon, Northern Mindanao, Philippines",T40 Drone 2,Spraying,1.19,3.93,01:06,other,UTPL,default team,,R6860533738,29.0,21.0,,MKAVI1 T40 RPU028B_MAR_2024_ManualMode__flight_record.csv
2024-03-25 18:05:38-18:06:36,"Lantapan, Bukidnon, Northern Mindanao, Philippines",T40 Drone 2,Spraying,1.6,3.27,00:58,other,UTPL,default team,,R6751313156,15.0,8.0,,MKAVI1 T40 RPU028B_MAR_2024_ManualMode__flight_record.csv
2024-03-25 17:09:46-17:10:56,"Songco, Lantapan, Bukidnon, Northern Mindanao, Philippines",T40 Drone 2,Spraying,0.78,1.43,01:10,other,UTPL,default team,,R6150636746,17.0,9.0,,MKAVI1 T40 RPU028B_MAR_2024_ManualMode__flight_record.csv
2024-03-25 17:07:36-17:07:58,"Songco, Lantapan, Bukidnon, Northern Mindanao, Philippines",T40 Drone 2,Spraying,0.57,1.13,00:21,other,UTPL,default team,,R6050524011,33.0,30.0,,MKAVI1 T40 RPU028B_MAR_2024_ManualMode__flight_record.csv
2024-03-25 17:02:40-17:03:12,"Songco, Lantapan, Bukidnon, Northern Mindanao, Philippines",T40 Drone 2,Spraying,0.57,2.38,00:31,other,UTPL,default team,,R5830275994,82.0,75.0,,MKAVI1 T40 RPU028B_MAR_2024_ManualMode__flight_record.csv
2024-03-25 17:01:15-17:01:52,"Songco, Lantapan, Bukidnon, Northern Mindanao, Philippines",T40 Drone 2,Spraying,0.71,1.62,00:37,other,UTPL,default team,,R5770208353,100.0,92.0,,MKAVI1 T40 RPU028B_MAR_2024_ManualMode__flight_record.csv
2024-03-25 16:30:45-16:31:38,"Songco, Lantapan, Bukidnon, Northern Mindanao, Philippines",T40 Drone 2,Spraying,1.04,1.44,00:53,other,UTPL,default team,,R5469870148,42.0,37.0,,MKAVI1 T40 RPU028B_MAR_2024_ManualMode__flight_record.csv
2024-03-25 07:45:14-07:46:47,"Alanib, Lantapan, Bukidnon, Northern Mindanao, Philippines",T40 Drone 2,Spraying,2.58,4.16,01:32,other,UTPL,default team,,R6574095925,23.0,13.0,,MKAVI1 T40 RPU028B_MAR_2024_ManualMode__flight_record.csv
2024-03-25 07:44:21-07:44:50,"Alanib, Lantapan, Bukidnon, Northern Mindanao, Philippines",T40 Drone 2,Spraying,0.0,0.07,00:28,other,UTPL,default team,,R6534050831,30.0,26.0,,MKAVI1 T40 RPU028B_MAR_2024_ManualMode__flight_record.csv
2024-03-25 07:43:27-07:43:53,"Alanib, Lantapan, Bukidnon, Northern Mindanao, Philippines",T40 Drone 2,Spraying,0.61,2.01,00:25,other,UTPL,default team,,R6453960643,38.0,34.0,,MKAVI1 T40 RPU028B_MAR_2024_ManualMode__flight_record.csv
2024-03-25 07:42:34-07:42:55,"Alanib, Lantapan, Bukidnon, Northern Mindanao, Philippines",T40 Drone 2,Spraying,0.47,1.72,00:20,other,UTPL,default team,,R6413915549,45.0,42.0,,MKAVI1 T40 RPU028B_MAR_2024_ManualMode__flight_record.csv
2024-03-25 07:41:27-07:41:57,"Alanib, Lantapan, Bukidnon, Northern Mindanao, Philippines",T40 Drone 2,Spraying,0.68,3.67,00:29,other,UTPL,default team,,R6313802814,57.0,51.0,,MKAVI1 T40 RPU028B_MAR_2024_ManualMode__flight_record.csv
2024-03-25 07:40:19-07:40:54,"Alanib, Lantapan, Bukidnon, Northern Mindanao, Philippines",T40 Drone 2,Spraying,0.66,2.88,00:34,other,UTPL,default team,,R6233712626,71.0,63.0,,MKAVI1 T40 RPU028B_MAR_2024_ManualMode__flight_record.csv
2024-03-25 07:26:07-07:28:00,"Alanib, Lantapan, Bukidnon, Northern Mindanao, Philippines",T40 Drone 2,Spraying,4.61,6.13,01:53,other,UTPL,default team,,R6053509703,65.0,52.0,,MKAVI1 T40 RPU028B_MAR_2024_ManualMode__flight_record.csv
2024-03-25 06:57:37-06:59:20,"Alanib, Lantapan, Bukidnon, Northern Mindanao, Philippines",T40 Drone 2,Spraying,3.25,10.33,01:43,other,UTPL,default team,,R5733148951,49.0,36.0,,MKAVI1 T40 RPU028B_MAR_2024_ManualMode__flight_record.csv
2024-03-25 06:56:04-06:56:40,"Alanib, Lantapan, Bukidnon, Northern Mindanao, Philippines",T40 Drone 2,Spraying,0.82,1.51,00:35,other,UTPL,default team,,R5693103857,64.0,57.0,,MKAVI1 T40 RPU028B_MAR_2024_ManualMode__flight_record.csv
2024-03-25 06:54:27-06:54:59,"Alanib, Lantapan, Bukidnon, Northern Mindanao, Philippines",T40 Drone 2,Spraying,0.69,1.0,00:31,other,UTPL,default team,,R5653058763,82.0,75.0,,MKAVI1 T40 RPU028B_MAR_2024_ManualMode__flight_record.csv
2024-03-25 06:40:54-06:43:16,"Baclayon, Lantapan, Bukidnon, Northern Mindanao, Philippines",T40 Drone 2,Spraying,2.82,7.73,02:21,other,UTPL,default team,,R5613013669,43.0,26.0,,MKAVI1 T40 RPU028B_MAR_2024_ManualMode__flight_record.csv
2024-03-25 06:35:42-06:37:37,"Baclayon, Lantapan, Bukidnon, Northern Mindanao, Philippines",T40 Drone 2,Spraying,4.76,13.65,01:55,other,UTPL,default team,,R5492878387,100.0,76.0,,MKAVI1 T40 RPU028B_MAR_2024_ManualMode__flight_record.csv
2024-03-25 06:32:11-06:33:33,"Baclayon, Lantapan, Bukidnon, Northern Mindanao, Philippines",T40 Drone 2,Spraying,0.71,1.78,01:21,other,UTPL,default team,,R5432810746,18.0,10.0,,MKAVI1 T40 RPU028B_MAR_2024_ManualMode__flight_record.csv
2024-03-25 06:20:05-06:21:18,"Baclayon, Lantapan, Bukidnon, Northern Mindanao, Philippines",T40 Drone 2,Spraying,0.73,1.28,01:13,other,UTPL,default team,,R5212562729,32.0,23.0,,MKAVI1 T40 RPU028B_MAR_2024_ManualMode__flight_record.csv
2024-03-24 07:26:05-07:29:59,"Purok 1, Balila, Lantapan, Bukidnon, Northern Mindanao, Philippines",T40 Drone 2,Spraying,5.09,21.51,03:54,other,UTPL,default team,,R5112449994,100.0,68.0,,MKAVI1 T40 RPU028B_MAR_2024_ManualMode__flight_record.csv
2024-03-24 07:11:21-07:15:59,"Purok 1, Balila, Lantapan, Bukidnon, Northern Mindanao, Philippines",T40 Drone 2,Spraying,5.89,21.43,04:38,other,UTPL,default team,,R5092427447,64.0,25.0,,MKAVI1 T40 RPU028B_MAR_2024_ManualMode__flight_record.csv
2024-03-24 07:08:23-07:09:48,"Purok 1, Balila, Lantapan, Bukidnon, Northern Mindanao, Philippines",T40 Drone 2,Spraying,1.54,4.27,01:25,other,UTPL,default team,,R5052382353,100.0,83.0,,MKAVI1 T40 RPU028B_MAR_2024_ManualMode__flight_record.csv
2024-03-24 07:03:06-07:05:26,"Purok 1, Balila, Lantapan, Bukidnon, Northern Mindanao, Philippines",T40 Drone 2,Spraying,4.94,12.74,02:19,other,UTPL,default team,,R4932247071,35.0,16.0,,MKAVI1 T40 RPU028B_MAR_2024_ManualMode__flight_record.csv
2024-03-23 18:26:49-18:30:39,"Lantapan, Bukidnon, Northern Mindanao, Philippines",T40 Drone 2,Spraying,5.05,13.33,03:50,other,UTPL,default team,,R4792089242,66.0,32.0,,MKAVI1 T40 RPU028B_MAR_2024_ManualMode__flight_record.csv
2024-03-23 18:13:37-18:15:02,"Lantapan, Bukidnon, Northern Mindanao, Philippines",T40 Drone 2,Spraying,1.45,2.56,01:25,other,UTPL,default team,,R4752044148,45.0,35.0,,MKAVI1 T40 RPU028B_MAR_2024_ManualMode__flight_record.csv
2024-03-22 21:56:18-21:57:21,"Valencia, Bukidnon, Northern Mindanao, Philippines",T40 Drone 2,Spraying,1.14,1.71,01:03,other,UTPL,default team,,R3931119721,81.0,74.0,,MKAVI1 T40 RPU028B_MAR_2024_ManualMode__flight_record.csv
2024-03-22 21:28:18-21:29:09,"Valencia, Bukidnon, Northern Mindanao, Philippines",T40 Drone 2,Spraying,0.01,0.49,00:51,other,UTPL,default team,,R3770939345,30.0,24.0,,MKAVI1 T40 RPU028B_MAR_2024_ManualMode__flight_record.csv
2024-03-22 17:28:37-17:29:58,"Baclayon, Lantapan, Bukidnon, Northern Mindanao, Philippines",T40 Drone 2,Spraying,0.06,0.35,01:21,other,UTPL,default team,,R3490623687,44.0,35.0,,MKAVI1 T40 RPU028B_MAR_2024_ManualMode__flight_record.csv
2024-03-22 16:45:59-16:47:16,"Alanib, Lantapan, Bukidnon, Northern Mindanao, Philippines",T40 Drone 2,Spraying,3.38,3.43,01:16,other,UTPL,default team,,R2970037465,44.0,36.0,,MKAVI1 T40 RPU028B_MAR_2024_ManualMode__flight_record.csv
2024-03-22 07:39:46-07:41:01,"Valencia-Lantapan Road, Purok 1, Balila, Lantapan, Bukidnon, Northern Mindanao, Philippines",T40 Drone 2,Spraying,0.85,2.47,01:15,other,UTPL,default team,,R1908842474,18.0,10.0,,MKAVI1 T40 RPU028B_MAR_2024_ManualMode__flight_record.csv
2024-03-22 07:31:09-07:32:07,"Valencia-Lantapan Road, Purok 1, Balila, Lantapan, Bukidnon, Northern Mindanao, Philippines",T40 Drone 2,Spraying,2.57,2.82,00:58,other,UTPL,default team,,R1688594457,94.0,84.0,,MKAVI1 T40 RPU028B_MAR_2024_ManualMode__flight_record.csv
2024-03-21 08:36:09-08:37:15,"Alanib, Lantapan, Bukidnon, Northern Mindanao, Philippines",T40 Drone 2,Spraying,2.62,3.61,01:06,other,UTPL,default team,,R7961512226,21.0,14.0,,MKAVI1 T40 RPU028B_MAR_2024_ManualMode__flight_record.csv
2024-03-21 08:34:38-08:35:06,"Alanib, Lantapan, Bukidnon, Northern Mindanao, Philippines",T40 Drone 2,Spraying,0.61,1.25,00:27,other,UTPL,default team,,R7781309303,33.0,29.0,,MKAVI1 T40 RPU028B_MAR_2024_ManualMode__flight_record.csv
2024-03-21 08:32:39-08:33:08,"Alanib, Lantapan, Bukidnon, Northern Mindanao, Philippines",T40 Drone 2,Spraying,0.66,1.15,00:28,other,UTPL,default team,,R7661174021,52.0,47.0,,MKAVI1 T40 RPU028B_MAR_2024_ManualMode__flight_record.csv
2024-03-21 08:30:57-08:31:36,"Alanib, Lantapan, Bukidnon, Northern Mindanao, Philippines",T40 Drone 2,Spraying,1.01,1.01,00:38,other,UTPL,default team,,R7581083833,72.0,64.0,,MKAVI1 T40 RPU028B_MAR_2024_ManualMode__flight_record.csv
2024-03-21 07:53:55-07:56:32,"Songco, Lantapan, Bukidnon, Northern Mindanao, Philippines",T40 Drone 2,Spraying,5.34,14.82,02:36,other,UTPL,default team,,R6940362329,56.0,37.0,,MKAVI1 T40 RPU028B_MAR_2024_ManualMode__flight_record.csv
2024-03-21 07:46:15-07:47:49,"Songco, Lantapan, Bukidnon, Northern Mindanao, Philippines",T40 Drone 2,Spraying,2.47,6.52,01:33,other,UTPL,default team,,R6700091765,42.0,32.0,,MKAVI1 T40 RPU028B_MAR_2024_ManualMode__flight_record.csv
2024-03-21 07:24:37-07:28:23,"Lantapan, Bukidnon, Northern Mindanao, Philippines",T40 Drone 2,Spraying,8.53,30.59,03:46,other,UTPL,default team,,R6479843748,93.0,57.0,,MKAVI1 T40 RPU028B_MAR_2024_ManualMode__flight_record.csv
2024-03-21 07:03:34-07:04:30,"Lantapan, Bukidnon, Northern Mindanao, Philippines",T40 Drone 2,Spraying,0.41,1.29,00:56,other,UTPL,default team,,R6379731013,20.0,14.0,,MKAVI1 T40 RPU028B_MAR_2024_ManualMode__flight_record.csv
2024-03-21 06:59:05-06:59:32,"Lantapan, Bukidnon, Northern Mindanao, Philippines",T40 Drone 2,Spraying,0.58,1.75,00:27,other,UTPL,default team,,R6219550637,59.0,54.0,,MKAVI1 T40 RPU028B_MAR_2024_ManualMode__flight_record.csv
2024-03-21 01:20:29-01:22:03,"Dabongdabong, Valencia, Bukidnon, Northern Mindanao, Philippines",T40 Drone 2,Spraying,3.74,6.14,01:34,other,UTPL,default team,,R6059370261,28.0,17.0,,MKAVI1 T40 RPU028B_MAR_2024_ManualMode__flight_record.csv
2024-03-20 22:29:32-22:30:28,"Valencia Bypass Road, Dabongdabong, Valencia, Bukidnon, Northern Mindanao, 8709088, Philippines",T40 Drone 2,Spraying,1.51,2.57,00:56,other,UTPL,default team,,R5178378193,67.0,61.0,,MKAVI1 T40 RPU028B_MAR_2024_ManualMode__flight_record.csv
2024-03-20 08:11:23-08:14:34,"Purok 1, Balila, Lantapan, Bukidnon, Northern Mindanao, Philippines",T40 Drone 2,Spraying,6.18,24.6,03:11,other,UTPL,default team,,R4057115561,65.0,36.0,,MKAVI1 T40 RPU028B_MAR_2024_ManualMode__flight_record.csv
2024-03-20 08:08:49-08:10:13,"Purok 1, Balila, Lantapan, Bukidnon, Northern Mindanao, Philippines",T40 Drone 2,Spraying,1.1,5.75,01:24,other,UTPL,default team,,R3977025373,100.0,81.0,,MKAVI1 T40 RPU028B_MAR_2024_ManualMode__flight_record.csv
2024-03-20 08:05:43-08:06:30,"Purok 1, Balila, Lantapan, Bukidnon, Northern Mindanao, Philippines",T40 Drone 2,Spraying,0.87,1.42,00:46,other,UTPL,default team,,R3816844997,41.0,36.0,,MKAVI1 T40 RPU028B_MAR_2024_ManualMode__flight_record.csv
2024-03-19 08:04:44-08:05:31,"Aglayan - Alanib - Ticalaan Road, Purok 1, Babahagon, Balila, Lantapan, Bukidnon, Northern Mindanao, Philippines",T40 Drone 2,Spraying,0.18,0.73,00:47,other,UTPL,default team,,R5455739095,30.0,25.0,,MKAVI1 T40 RPU028B_MAR_2024_ManualMode__flight_record.csv
2024-03-19 01:25:10-01:27:27,"Valencia, Bukidnon, Northern Mindanao, Philippines",T40 Drone 2,Spraying,4.64,9.89,02:16,other,UTPL,default team,,R4774972497,77.0,60.0,,MKAVI1 T40 RPU028B_MAR_2024_ManualMode__flight_record.csv
2024-03-18 23:03:41-23:04:54,"Dabongdabong, Valencia, Bukidnon, Northern Mindanao, Philippines",T40 Drone 2,Spraying,1.32,2.2,01:13,other,UTPL,default team,,R4454611745,76.0,68.0,,MKAVI1 T40 RPU028B_MAR_2024_ManualMode__flight_record.csv
2024-03-18 22:20:37-22:21:57,"Valencia, Bukidnon, Northern Mindanao, Philippines",T40 Drone 2,Spraying,1.85,5.94,01:20,other,UTPL,default team,,R4234363728,66.0,57.0,,MKAVI1 T40 RPU028B_MAR_2024_ManualMode__flight_record.csv
2024-03-18 22:18:03-22:18:27,"Valencia, Bukidnon, Northern Mindanao, Philippines",T40 Drone 2,Spraying,0.0,0.01,00:24,other,UTPL,default team,,R4174296087,86.0,83.0,,MKAVI1 T40 RPU028B_MAR_2024_ManualMode__flight_record.csv
2024-03-18 21:52:14-21:53:19,"Valencia, Bukidnon, Northern Mindanao, Philippines",T40 Drone 2,Spraying,0.45,0.43,01:04,other,UTPL,default team,,R4014115711,47.0,41.0,,MKAVI1 T40 RPU028B_MAR_2024_ManualMode__flight_record.csv
2024-03-18 17:57:14-17:58:43,"Lantapan, Bukidnon, Northern Mindanao, Philippines",T40 Drone 2,Spraying,3.09,3.75,01:28,other,UTPL,default team,,R3873957882,43.0,33.0,,MKAVI1 T40 RPU028B_MAR_2024_ManualMode__flight_record.csv
2024-03-18 16:57:42-16:59:13,"Songco, Lantapan, Bukidnon, Northern Mindanao, Philippines",T40 Drone 2,Spraying,2.93,4.9,01:30,other,UTPL,default team,,R3653709865,74.0,64.0,,MKAVI1 T40 RPU028B_MAR_2024_ManualMode__flight_record.csv
2024-03-18 16:18:24-16:20:49,"Songco, Lantapan, Bukidnon, Northern Mindanao, Philippines",T40 Drone 2,Spraying,3.89,10.38,02:25,other,UTPL,default team,,R3393416754,35.0,15.0,,MKAVI1 T40 RPU028B_MAR_2024_ManualMode__flight_record.csv
2024-03-18 07:48:03-07:51:51,"Alanib, Lantapan, Bukidnon, Northern Mindanao, Philippines",T40 Drone 2,Spraying,9.17,15.92,03:48,other,UTPL,default team,,R3293304019,43.0,13.0,,MKAVI1 T40 RPU028B_MAR_2024_ManualMode__flight_record.csv
2024-03-18 07:42:36-07:45:01,"Alanib, Lantapan, Bukidnon, Northern Mindanao, Philippines",T40 Drone 2,Spraying,3.25,4.41,02:25,other,UTPL,default team,,R3213213831,100.0,74.0,,MKAVI1 T40 RPU028B_MAR_2024_ManualMode__flight_record.csv
2024-03-18 07:14:25-07:15:53,"Alanib, Lantapan, Bukidnon, Northern Mindanao, Philippines",T40 Drone 2,Spraying,2.13,4.56,01:27,other,UTPL,default team,,R2992965814,23.0,12.0,,MKAVI1 T40 RPU028B_MAR_2024_ManualMode__flight_record.csv
2024-03-18 06:52:10-06:53:54,"Baclayon, Lantapan, Bukidnon, Northern Mindanao, Philippines",T40 Drone 2,Spraying,2.38,3.13,01:44,other,UTPL,default team,,R2892853079,35.0,24.0,,MKAVI1 T40 RPU028B_MAR_2024_ManualMode__flight_record.csv
2024-03-17 07:00:56-07:02:36,"Alanib, Lantapan, Bukidnon, Northern Mindanao, Philippines",T40 Drone 2,Spraying,1.34,5.68,01:40,other,UTPL,default team,,R2192063934,76.0,64.0,,MKAVI1 T40 RPU028B_MAR_2024_ManualMode__flight_record.csv
2024-03-17 06:58:07-06:59:09,"Alanib, Lantapan, Bukidnon, Northern Mindanao, Philippines",T40 Drone 2,Spraying,1.57,4.4,01:02,other,UTPL,default team,,R2131996293,100.0,91.0,,MKAVI1 T40 RPU028B_MAR_2024_ManualMode__flight_record.csv
2024-03-17 06:02:45-06:04:14,"Alanib, Lantapan, Bukidnon, Northern Mindanao, Philippines",T40 Drone 2,Spraying,0.89,2.77,01:28,other,UTPL,default team,,R1871703182,24.0,15.0,,MKAVI1 T40 RPU028B_MAR_2024_ManualMode__flight_record.csv
2024-03-17 06:01:48-06:02:16,"Alanib, Lantapan, Bukidnon, Northern Mindanao, Philippines",T40 Drone 2,Spraying,0.66,2.0,00:27,other,UTPL,default team,,R1811635541,32.0,28.0,,MKAVI1 T40 RPU028B_MAR_2024_ManualMode__flight_record.csv
2024-03-17 06:00:09-06:00:25,"Alanib, Lantapan, Bukidnon, Northern Mindanao, Philippines",T40 Drone 2,Spraying,0.54,1.61,00:15,other,UTPL,default team,,R1731545353,45.0,42.0,,MKAVI1 T40 RPU028B_MAR_2024_ManualMode__flight_record.csv
2024-03-17 05:59:01-05:59:32,"Alanib, Lantapan, Bukidnon, Northern Mindanao, Philippines",T40 Drone 2,Spraying,0.77,3.59,00:30,other,UTPL,default team,,R1691500259,57.0,51.0,,MKAVI1 T40 RPU028B_MAR_2024_ManualMode__flight_record.csv
2024-03-17 05:58:01-05:58:28,"Alanib, Lantapan, Bukidnon, Northern Mindanao, Philippines",T40 Drone 2,Spraying,0.66,2.48,00:26,other,UTPL,default team,,R1651455165,69.0,63.0,,MKAVI1 T40 RPU028B_MAR_2024_ManualMode__flight_record.csv
2024-03-16 17:30:47-17:36:30,"Kaatuan, Lantapan, Bukidnon, Northern Mindanao, Philippines",T40 Drone 2,Spraying,5.92,24.2,05:43,other,UTPL,default team,,R1571364977,100.0,50.0,,MKAVI1 T40 RPU028B_MAR_2024_ManualMode__flight_record.csv
2024-03-16 06:43:20-06:46:52,"Purok 1, Balila, Lantapan, Bukidnon, Northern Mindanao, Philippines",T40 Drone 2,Spraying,6.12,22.49,03:31,other,UTPL,default team,,R1491274789,72.0,42.0,,MKAVI1 T40 RPU028B_MAR_2024_ManualMode__flight_record.csv
2024-03-16 06:40:53-06:42:13,"Purok 1, Balila, Lantapan, Bukidnon, Northern Mindanao, Philippines",T40 Drone 2,Spraying,1.04,3.94,01:20,other,UTPL,default team,,R1451229695,100.0,84.0,,MKAVI1 T40 RPU028B_MAR_2024_ManualMode__flight_record.csv
2024-03-16 06:36:58-06:38:22,"Purok 1, Balila, Lantapan, Bukidnon, Northern Mindanao, Philippines",T40 Drone 2,Spraying,2.27,5.21,01:23,other,UTPL,default team,,R1431207148,39.0,29.0,,MKAVI1 T40 RPU028B_MAR_2024_ManualMode__flight_record.csv
2024-03-15 07:38:28-07:39:42,"Aglayan - Alanib - Ticalaan Road, Purok 1, Babahagon, Balila, Lantapan, Bukidnon, Northern Mindanao, Philippines",T40 Drone 2,Spraying,0.75,2.26,01:13,other,UTPL,default team,,R1230981678,48.0,38.0,,MKAVI1 T40 RPU028B_MAR_2024_ManualMode__flight_record.csv
2024-03-14 18:08:50-18:09:38,"Baclayon, Lantapan, Bukidnon, Northern Mindanao, Philippines",T40 Drone 2,Spraying,0.99,1.65,00:47,other,UTPL,default team,,R0530192533,50.0,40.0,,MKAVI1 T40 RPU028B_MAR_2024_ManualMode__flight_record.csv
2024-03-14 18:06:41-18:07:03,"Baclayon, Lantapan, Bukidnon, Northern Mindanao, Philippines",T40 Drone 2,Spraying,0.0,0.12,00:21,other,UTPL,default team,,R0470124892,78.0,72.0,,MKAVI1 T40 RPU028B_MAR_2024_ManualMode__flight_record.csv
2024-03-14 17:38:58-17:40:11,"Valencia-Lantapan Road, Purok 1, Balila, Lantapan, Bukidnon, Northern Mindanao, Philippines",T40 Drone 2,Spraying,1.41,1.69,01:13,other,UTPL,default team,,R7583989635,38.0,31.0,,MKAVI1 T40 RPU028B_MAR_2024_ManualMode__flight_record.csv
2024-03-14 17:32:00-17:33:23,"Valencia-Lantapan Road, Purok 1, Balila, Lantapan, Bukidnon, Northern Mindanao, Philippines",T40 Drone 2,Spraying,3.18,10.22,01:23,other,UTPL,default team,,R7423809259,100.0,83.0,,MKAVI1 T40 RPU028B_MAR_2024_ManualMode__flight_record.csv
2024-03-14 08:22:30-08:24:33,"Alanib, Lantapan, Bukidnon, Northern Mindanao, Philippines",T40 Drone 2,Spraying,2.08,11.11,02:02,other,UTPL,default team,,R5942140781,58.0,44.0,,MKAVI1 T40 RPU028B_MAR_2024_ManualMode__flight_record.csv
2024-03-14 08:21:08-08:21:48,"Alanib, Lantapan, Bukidnon, Northern Mindanao, Philippines",T40 Drone 2,Spraying,0.61,3.9,00:39,other,UTPL,default team,,R5862050593,71.0,64.0,,MKAVI1 T40 RPU028B_MAR_2024_ManualMode__flight_record.csv
2024-03-14 08:19:15-08:19:36,"Alanib, Lantapan, Bukidnon, Northern Mindanao, Philippines",T40 Drone 2,Spraying,0.57,1.45,00:20,other,UTPL,default team,,R5741915311,90.0,86.0,,MKAVI1 T40 RPU028B_MAR_2024_ManualMode__flight_record.csv
2024-03-14 07:45:29-07:48:30,"Songco, Lantapan, Bukidnon, Northern Mindanao, Philippines",T40 Drone 2,Spraying,6.69,22.7,03:00,other,UTPL,default team,,R4840900696,51.0,26.0,,MKAVI1 T40 RPU028B_MAR_2024_ManualMode__flight_record.csv
2024-03-14 07:44:05-07:44:38,"Songco, Lantapan, Bukidnon, Northern Mindanao, Philippines",T40 Drone 2,Spraying,0.73,1.52,00:32,other,UTPL,default team,,R4740787961,68.0,61.0,,MKAVI1 T40 RPU028B_MAR_2024_ManualMode__flight_record.csv
2024-03-14 07:37:28-07:38:56,"Songco, Lantapan, Bukidnon, Northern Mindanao, Philippines",T40 Drone 2,Spraying,2.16,4.66,01:27,other,UTPL,default team,,R4560585038,40.0,30.0,,MKAVI1 T40 RPU028B_MAR_2024_ManualMode__flight_record.csv
2024-03-14 07:15:28-07:19:26,"Lantapan, Bukidnon, Northern Mindanao, Philippines",T40 Drone 2,Spraying,7.65,31.65,03:58,other,UTPL,default team,,R4320314474,98.0,60.0,,MKAVI1 T40 RPU028B_MAR_2024_ManualMode__flight_record.csv
2024-03-14 06:51:49-06:53:00,"Lantapan, Bukidnon, Northern Mindanao, Philippines",T40 Drone 2,Spraying,0.81,2.96,01:10,other,UTPL,default team,,R4240224286,20.0,12.0,,MKAVI1 T40 RPU028B_MAR_2024_ManualMode__flight_record.csv
2024-03-13 17:36:54-17:38:38,"Lantapan, Bukidnon, Northern Mindanao, Philippines",T40 Drone 2,Spraying,1.38,6.12,01:43,other,UTPL,default team,,R3979931175,31.0,19.0,,MKAVI1 T40 RPU028B_MAR_2024_ManualMode__flight_record.csv
2024-03-13 17:15:47-17:18:13,"Lantapan, Bukidnon, Northern Mindanao, Philippines",T40 Drone 2,Spraying,3.47,7.02,02:26,other,UTPL,default team,,R3839773346,68.0,51.0,,MKAVI1 T40 RPU028B_MAR_2024_ManualMode__flight_record.csv
2024-03-13 08:31:06-08:34:33,"Purok 1, Balila, Lantapan, Bukidnon, Northern Mindanao, Philippines",T40 Drone 2,Spraying,5.0,20.36,03:26,other,UTPL,default team,,R3459344953,73.0,45.0,,MKAVI1 T40 RPU028B_MAR_2024_ManualMode__flight_record.csv
2024-03-13 08:28:40-08:29:53,"Purok 1, Balila, Lantapan, Bukidnon, Northern Mindanao, Philippines",T40 Drone 2,Spraying,1.29,5.09,01:13,other,UTPL,default team,,R3419299859,100.0,86.0,,MKAVI1 T40 RPU028B_MAR_2024_ManualMode__flight_record.csv
2024-03-13 08:23:51-08:25:19,"Purok 1, Balila, Lantapan, Bukidnon, Northern Mindanao, Philippines",T40 Drone 2,Spraying,2.92,5.72,01:27,other,UTPL,default team,,R3399277312,44.0,36.0,,MKAVI1 T40 RPU028B_MAR_2024_ManualMode__flight_record.csv
2024-03-12 07:11:17-07:12:39,"Aglayan - Alanib - Ticalaan Road, Purok 1, Babahagon, Balila, Lantapan, Bukidnon, Northern Mindanao, Philippines",T40 Drone 2,Spraying,0.4,2.26,01:22,other,UTPL,default team,,R3159006748,33.0,23.0,,MKAVI1 T40 RPU028B_MAR_2024_ManualMode__flight_record.csv
2024-03-12 07:04:12-07:04:48,"Aglayan - Alanib - Ticalaan Road, Purok 1, Babahagon, Balila, Lantapan, Bukidnon, Northern Mindanao, Philippines",T40 Drone 2,Spraying,0.27,1.22,00:36,other,UTPL,default team,,R3118961654,100.0,93.0,,MKAVI1 T40 RPU028B_MAR_2024_ManualMode__flight_record.csv
2024-03-12 06:57:07-06:58:34,"Aglayan - Alanib - Ticalaan Road, Purok 1, Babahagon, Balila, Lantapan, Bukidnon, Northern Mindanao, Philippines",T40 Drone 2,Spraying,0.79,3.14,01:26,other,UTPL,default team,,R3058894013,53.0,42.0,,MKAVI1 T40 RPU028B_MAR_2024_ManualMode__flight_record.csv
2024-03-12 01:15:44-01:17:27,"Dabongdabong, Valencia, Bukidnon, Northern Mindanao, Philippines",T40 Drone 2,Spraying,1.97,8.79,01:42,other,UTPL,default team,,R2918736184,50.0,37.0,,MKAVI1 T40 RPU028B_MAR_2024_ManualMode__flight_record.csv
2024-03-12 00:40:08-00:41:19,"Dabongdabong, Valencia, Bukidnon, Northern Mindanao, Philippines",T40 Drone 2,Spraying,0.96,4.06,01:11,other,UTPL,default team,,R2718510714,82.0,74.0,,MKAVI1 T40 RPU028B_MAR_2024_ManualMode__flight_record.csv
2024-03-11 08:35:44-08:37:25,"Lantapan, Bukidnon, Northern Mindanao, Philippines",T40 Drone 2,Spraying,2.43,6.78,01:40,other,UTPL,default team,,R2197924492,52.0,41.0,,MKAVI1 T40 RPU028B_MAR_2024_ManualMode__flight_record.csv
2024-03-11 08:30:51-08:32:04,"Lantapan, Bukidnon, Northern Mindanao, Philippines",T40 Drone 2,Spraying,1.07,5.75,01:13,other,UTPL,default team,,R2137856851,100.0,85.0,,MKAVI1 T40 RPU028B_MAR_2024_ManualMode__flight_record.csv
2024-03-11 07:33:36-07:34:24,"Songco, Lantapan, Bukidnon, Northern Mindanao, Philippines",T40 Drone 2,Spraying,0.29,0.37,00:48,other,UTPL,default team,,R1697360817,73.0,68.0,,MKAVI1 T40 RPU028B_MAR_2024_ManualMode__flight_record.csv
2024-03-11 06:50:34-06:51:37,"Songco, Lantapan, Bukidnon, Northern Mindanao, Philippines",T40 Drone 2,Spraying,2.96,5.39,01:03,other,UTPL,default team,,R1056639313,24.0,15.0,,MKAVI1 T40 RPU028B_MAR_2024_ManualMode__flight_record.csv
2024-03-11 06:49:30-06:50:06,"Songco, Lantapan, Bukidnon, Northern Mindanao, Philippines",T40 Drone 2,Spraying,1.04,1.96,00:35,other,UTPL,default team,,R0976549125,36.0,29.0,,MKAVI1 T40 RPU028B_MAR_2024_ManualMode__flight_record.csv
2024-03-11 06:47:55-06:48:37,"Songco, Lantapan, Bukidnon, Northern Mindanao, Philippines",T40 Drone 2,Spraying,1.28,1.78,00:41,other,UTPL,default team,,R0896458937,54.0,46.0,,MKAVI1 T40 RPU028B_MAR_2024_ManualMode__flight_record.csv
2024-03-10 08:31:57-08:34:55,"Alanib, Lantapan, Bukidnon, Northern Mindanao, Philippines",T40 Drone 2,Spraying,4.03,15.97,02:58,other,UTPL,default team,,R0716256014,62.0,40.0,,MKAVI1 T40 RPU028B_MAR_2024_ManualMode__flight_record.csv
2024-03-10 08:28:22-08:29:21,"Alanib, Lantapan, Bukidnon, Northern Mindanao, Philippines",T40 Drone 2,Spraying,0.3,0.8,00:59,other,UTPL,default team,,R0576098185,100.0,90.0,,MKAVI1 T40 RPU028B_MAR_2024_ManualMode__flight_record.csv
2024-03-10 08:24:33-08:26:01,"Alanib, Lantapan, Bukidnon, Northern Mindanao, Philippines",T40 Drone 2,Spraying,1.19,6.79,01:27,other,UTPL,default team,,R0295782527,,,,MKAVI1 T40 RPU028B_MAR_2024_ManualMode__flight_record.csv
2024-03-10 08:24:31-08:25:58,"Alanib, Lantapan, Bukidnon, Northern Mindanao, Philippines",T40 Drone 2,Spraying,1.19,6.79,01:27,other,UTPL,default team,,R0516030544,27.0,16.0,,MKAVI1 T40 RPU028B_MAR_2024_ManualMode__flight_record.csv
2024-03-10 08:03:07-08:05:05,"Alanib, Lantapan, Bukidnon, Northern Mindanao, Philippines",T40 Drone 2,Spraying,1.77,6.19,01:57,other,UTPL,default team,,R0195669792,53.0,39.0,,MKAVI1 T40 RPU028B_MAR_2024_ManualMode__flight_record.csv
2024-03-10 07:43:35-07:45:41,"Baclayon, Lantapan, Bukidnon, Northern Mindanao, Philippines",T40 Drone 2,Spraying,1.55,1.15,02:06,other,UTPL,default team,,R0075534510,46.0,34.0,,MKAVI1 T40 RPU028B_MAR_2024_ManualMode__flight_record.csv
2024-03-09 18:31:35-18:33:26,"Kaatuan, Lantapan, Bukidnon, Northern Mindanao, Philippines",T40 Drone 2,Spraying,1.39,5.8,01:51,other,UTPL,default team,,R1703221375,23.0,9.0,,MKAVI1 T40 RPU028B_MAR_2024_ManualMode__flight_record.csv
2024-03-09 18:08:23-18:12:41,"Lantapan, Bukidnon, Northern Mindanao, Philippines",T40 Drone 2,Spraying,4.17,15.76,04:17,other,UTPL,default team,,R1583086093,48.0,14.0,,MKAVI1 T40 RPU028B_MAR_2024_ManualMode__flight_record.csv
2024-03-09 17:02:26-17:06:16,"Lantapan, Bukidnon, Northern Mindanao, Philippines",T40 Drone 2,Spraying,4.39,13.75,03:50,other,UTPL,default team,,R1422905717,43.0,8.0,,MKAVI1 T40 RPU028B_MAR_2024_ManualMode__flight_record.csv
2024-03-09 16:57:52-16:59:04,"Lantapan, Bukidnon, Northern Mindanao, Philippines",T40 Drone 2,Spraying,0.03,0.24,01:12,other,UTPL,default team,,R1342815529,100.0,85.0,,MKAVI1 T40 RPU028B_MAR_2024_ManualMode__flight_record.csv
2024-03-09 08:04:44-08:06:09,"Valencia-Lantapan Road, Purok 1, Balila, Lantapan, Bukidnon, Northern Mindanao, Philippines",T40 Drone 2,Spraying,2.42,2.31,01:24,other,UTPL,default team,,R1262725341,49.0,40.0,,MKAVI1 T40 RPU028B_MAR_2024_ManualMode__flight_record.csv
2024-03-09 07:59:02-08:00:38,"Valencia-Lantapan Road, Purok 1, Balila, Lantapan, Bukidnon, Northern Mindanao, Philippines",T40 Drone 2,Spraying,3.37,9.62,01:36,other,UTPL,default team,,R1162612606,95.0,80.0,,MKAVI1 T40 RPU028B_MAR_2024_ManualMode__flight_record.csv
2024-03-09 00:51:15-00:52:09,"Valencia, Bukidnon, Northern Mindanao, Philippines",T40 Drone 2,Spraying,2.9,2.23,00:54,other,UTPL,default team,,R0682071478,95.0,83.0,,MKAVI1 T40 RPU028B_MAR_2024_ManualMode__flight_record.csv
2024-03-08 17:54:21-17:57:38,"Kaatuan, Lantapan, Bukidnon, Northern Mindanao, Philippines",T40 Drone 2,Spraying,6.74,12.74,03:16,other,UTPL,default team,,R0061372521,37.0,11.0,,MKAVI1 T40 RPU028B_MAR_2024_ManualMode__flight_record.csv
2024-03-08 16:57:53-16:59:12,"Kaatuan, Lantapan, Bukidnon, Northern Mindanao, Philippines",T40 Drone 2,Spraying,1.52,4.09,01:19,other,UTPL,default team,,R8456680272,47.0,37.0,,MKAVI1 T40 RPU028B_MAR_2024_ManualMode__flight_record.csv
2024-03-08 16:38:06-16:39:53,"Kaatuan, Lantapan, Bukidnon, Northern Mindanao, Philippines",T40 Drone 2,Spraying,1.88,5.85,01:47,other,UTPL,default team,,R8416635178,27.0,14.0,,MKAVI1 T40 RPU028B_MAR_2024_ManualMode__flight_record.csv
2024-03-08 08:28:32-08:30:58,"Purok 1, Balila, Lantapan, Bukidnon, Northern Mindanao, Philippines",T40 Drone 2,Spraying,2.22,10.55,02:26,other,UTPL,default team,,R8336544990,76.0,57.0,,MKAVI1 T40 RPU028B_MAR_2024_ManualMode__flight_record.csv
2024-03-08 08:26:02-08:27:04,"Purok 1, Balila, Lantapan, Bukidnon, Northern Mindanao, Philippines",T40 Drone 2,Spraying,0.65,1.97,01:02,other,UTPL,default team,,R8276477349,100.0,90.0,,MKAVI1 T40 RPU028B_MAR_2024_ManualMode__flight_record.csv
2024-03-08 08:21:08-08:23:59,"Purok 1, Balila, Lantapan, Bukidnon, Northern Mindanao, Philippines",T40 Drone 2,Spraying,4.38,7.83,02:50,other,UTPL,default team,,R8256454802,61.0,40.0,,MKAVI1 T40 RPU028B_MAR_2024_ManualMode__flight_record.csv
2024-03-08 08:17:11-08:19:14,"Purok 1, Balila, Lantapan, Bukidnon, Northern Mindanao, Philippines",T40 Drone 2,Spraying,2.68,7.08,02:03,other,UTPL,default team,,R8216409708,100.0,78.0,,MKAVI1 T40 RPU028B_MAR_2024_ManualMode__flight_record.csv
2024-03-08 07:23:49-07:25:26,"Aglayan - Alanib - Ticalaan Road, Purok 1, Babahagon, Balila, Lantapan, Bukidnon, Northern Mindanao, Philippines",T40 Drone 2,Spraying,3.14,1.82,01:36,other,UTPL,default team,,R8096274426,63.0,52.0,,MKAVI1 T40 RPU028B_MAR_2024_ManualMode__flight_record.csv
2024-03-08 07:22:32-07:23:23,"Aglayan - Alanib - Ticalaan Road, Purok 1, Babahagon, Balila, Lantapan, Bukidnon, Northern Mindanao, Philippines",T40 Drone 2,Spraying,1.25,2.8,00:50,other,UTPL,default team,,R8056229332,71.0,65.0,,MKAVI1 T40 RPU028B_MAR_2024_ManualMode__flight_record.csv
2024-03-08 07:04:59-07:06:07,"Aglayan - Alanib - Ticalaan Road, Purok 1, Babahagon, Balila, Lantapan, Bukidnon, Northern Mindanao, Philippines",T40 Drone 2,Spraying,1.67,3.35,01:07,other,UTPL,default team,,R7956116597,37.0,29.0,,MKAVI1 T40 RPU028B_MAR_2024_ManualMode__flight_record.csv
2024-03-08 01:31:31-01:32:52,"San Carlos, Valencia, Bukidnon, Northern Mindanao, Philippines",T40 Drone 2,Spraying,4.59,4.58,01:20,other,UTPL,default team,,R7795936221,26.0,17.0,,MKAVI1 T40 RPU028B_MAR_2024_ManualMode__flight_record.csv
2024-03-08 00:58:06-00:59:10,"San Carlos, Valencia, Bukidnon, Northern Mindanao, Philippines",T40 Drone 2,Spraying,0.0,0.15,01:04,other,UTPL,default team,,R7555665657,49.0,42.0,,MKAVI1 T40 RPU028B_MAR_2024_ManualMode__flight_record.csv
2024-03-07 22:52:29-22:53:56,"Valencia Bypass Road, Dabongdabong, Valencia, Bukidnon, Northern Mindanao, 8709088, Philippines",T40 Drone 2,Spraying,2.34,6.1,01:27,other,UTPL,default team,,R7395485281,45.0,35.0,,MKAVI1 T40 RPU028B_MAR_2024_ManualMode__flight_record.csv
2024-03-07 17:37:35-17:44:49,"Kaatuan, Lantapan, Bukidnon, Northern Mindanao, Philippines",T40 Drone 2,Spraying,13.41,32.42,07:14,other,UTPL,default team,,R4289374526,100.0,28.0,,MKAVI1 T40 RPU028B_MAR_2024_ManualMode__flight_record.csv
2024-03-07 08:26:48-08:27:39,"Baclayon, Lantapan, Bukidnon, Northern Mindanao, Philippines",T40 Drone 2,Spraying,0.01,0.25,00:50,other,UTPL,default team,,R4129194150,84.0,79.0,,MKAVI1 T40 RPU028B_MAR_2024_ManualMode__flight_record.csv
2024-03-06 08:16:29-08:18:45,"Alanib, Lantapan, Bukidnon, Northern Mindanao, Philippines",T40 Drone 2,Spraying,3.72,4.71,02:16,other,UTPL,default team,,R4546568116,52.0,36.0,,MKAVI1 T40 RPU028B_MAR_2024_ManualMode__flight_record.csv
2024-03-06 07:15:12-07:17:39,"Songco, Lantapan, Bukidnon, Northern Mindanao, Philippines",T40 Drone 2,Spraying,3.94,17.81,02:27,other,UTPL,default team,,R4025981894,53.0,34.0,,MKAVI1 T40 RPU028B_MAR_2024_ManualMode__flight_record.csv
2024-03-06 07:06:55-07:08:31,"Songco, Lantapan, Bukidnon, Northern Mindanao, Philippines",T40 Drone 2,Spraying,2.08,8.02,01:35,other,UTPL,default team,,R3865801518,34.0,23.0,,MKAVI1 T40 RPU028B_MAR_2024_ManualMode__flight_record.csv
2024-03-06 06:43:34-06:47:54,"Lantapan, Bukidnon, Northern Mindanao, Philippines",T40 Drone 2,Spraying,5.84,19.34,04:20,other,UTPL,default team,,R3685598595,95.0,61.0,,MKAVI1 T40 RPU028B_MAR_2024_ManualMode__flight_record.csv
2024-03-06 06:26:07-06:27:08,"Lantapan, Bukidnon, Northern Mindanao, Philippines",T40 Drone 2,Spraying,1.34,4.41,01:01,other,UTPL,default team,,R3605508407,22.0,15.0,,MKAVI1 T40 RPU028B_MAR_2024_ManualMode__flight_record.csv
2024-03-06 06:24:47-06:25:18,"Lantapan, Bukidnon, Northern Mindanao, Philippines",T40 Drone 2,Spraying,0.81,1.37,00:30,other,UTPL,default team,,R3425305484,33.0,28.0,,MKAVI1 T40 RPU028B_MAR_2024_ManualMode__flight_record.csv
2024-03-06 06:22:00-06:22:24,"Lantapan, Bukidnon, Northern Mindanao, Philippines",T40 Drone 2,Spraying,0.52,1.48,00:23,other,UTPL,default team,,R3345215296,58.0,54.0,,MKAVI1 T40 RPU028B_MAR_2024_ManualMode__flight_record.csv
2024-03-06 02:21:55-02:22:56,"Valencia-Lantapan Road, San Carlos, Valencia, Bukidnon, Northern Mindanao, 8709088, Philippines",T40 Drone 2,Spraying,0.8,2.34,01:01,other,UTPL,default team,,R3205057467,83.0,77.0,,MKAVI1 T40 RPU028B_MAR_2024_ManualMode__flight_record.csv
2024-03-06 02:07:11-02:08:14,"Valencia-Lantapan Road, San Carlos, Valencia, Bukidnon, Northern Mindanao, 8709088, Philippines",T40 Drone 2,Spraying,0.0,0.01,01:02,other,UTPL,default team,,R2964786903,31.0,21.0,,MKAVI1 T40 RPU028B_MAR_2024_ManualMode__flight_record.csv
2024-03-05 23:16:43-23:17:32,"Dabongdabong, Valencia, Bukidnon, Northern Mindanao, Philippines",T40 Drone 2,Spraying,0.8,1.55,00:49,other,UTPL,default team,,R3867857654,45.0,40.0,,MKAVI1 T40 RPU028B_MAR_2024_ManualMode__flight_record.csv
2024-03-05 22:05:44-22:06:55,"Dabongdabong, Valencia, Bukidnon, Northern Mindanao, Philippines",T40 Drone 2,Spraying,0.48,0.93,01:10,other,UTPL,default team,,R3467406714,83.0,76.0,,MKAVI1 T40 RPU028B_MAR_2024_ManualMode__flight_record.csv
2024-03-05 07:15:50-07:19:17,"Purok 1, Balila, Lantapan, Bukidnon, Northern Mindanao, Philippines",T40 Drone 2,Spraying,4.08,17.9,03:27,other,UTPL,default team,,R4268333222,68.0,38.0,,MKAVI1 T40 RPU028B_MAR_2024_ManualMode__flight_record.csv
2024-03-05 07:13:10-07:14:34,"Purok 1, Balila, Lantapan, Bukidnon, Northern Mindanao, Philippines",T40 Drone 2,Spraying,1.16,4.8,01:24,other,UTPL,default team,,R4188243034,100.0,83.0,,MKAVI1 T40 RPU028B_MAR_2024_ManualMode__flight_record.csv
2024-03-05 07:08:21-07:11:07,"Purok 1, Balila, Lantapan, Bukidnon, Northern Mindanao, Philippines",T40 Drone 2,Spraying,5.63,11.89,02:46,other,UTPL,default team,,R4148197940,63.0,43.0,,MKAVI1 T40 RPU028B_MAR_2024_ManualMode__flight_record.csv
2024-03-04 18:13:12-18:15:41,"Lantapan, Bukidnon, Northern Mindanao, Philippines",T40 Drone 2,Spraying,3.16,7.38,02:28,other,UTPL,default team,,R1934701555,36.0,18.0,,MKAVI1 T40 RPU028B_MAR_2024_ManualMode__flight_record.csv
2024-03-04 17:50:08-17:51:30,"Lantapan, Bukidnon, Northern Mindanao, Philippines",T40 Drone 2,Spraying,1.68,2.94,01:21,other,UTPL,default team,,R1834588820,29.0,19.0,,MKAVI1 T40 RPU028B_MAR_2024_ManualMode__flight_record.csv
2024-03-04 17:03:41-17:07:57,"Lantapan, Bukidnon, Northern Mindanao, Philippines",T40 Drone 2,Spraying,3.67,13.6,04:16,other,UTPL,default team,,R1674408444,65.0,21.0,,MKAVI1 T40 RPU028B_MAR_2024_ManualMode__flight_record.csv
2024-03-04 16:35:40-16:37:10,"Lantapan, Bukidnon, Northern Mindanao, Philippines",T40 Drone 2,Spraying,0.57,1.91,01:29,other,UTPL,default team,,R1554273162,67.0,57.0,,MKAVI1 T40 RPU028B_MAR_2024_ManualMode__flight_record.csv
2024-03-04 07:30:17-07:31:47,"Aglayan - Alanib - Ticalaan Road, Purok 1, Babahagon, Balila, Lantapan, Bukidnon, Northern Mindanao, Philippines",T40 Drone 2,Spraying,2.63,5.16,01:29,other,UTPL,default team,,R1354047692,60.0,46.0,,MKAVI1 T40 RPU028B_MAR_2024_ManualMode__flight_record.csv
2024-03-03 18:12:00-18:13:25,"Lantapan, Bukidnon, Northern Mindanao, Philippines",T40 Drone 2,Spraying,1.72,4.48,01:25,other,UTPL,default team,,R1013664393,24.0,13.0,,MKAVI1 T40 RPU028B_MAR_2024_ManualMode__flight_record.csv
2024-03-03 17:42:55-17:43:35,"Lantapan, Bukidnon, Northern Mindanao, Philippines",T40 Drone 2,Spraying,0.72,0.88,00:39,other,UTPL,default team,,R0913551658,21.0,16.0,,MKAVI1 T40 RPU028B_MAR_2024_ManualMode__flight_record.csv
2024-03-03 17:20:35-17:21:46,"Lantapan, Bukidnon, Northern Mindanao, Philippines",T40 Drone 2,Spraying,1.74,2.94,01:10,other,UTPL,default team,,R0813438923,36.0,28.0,,MKAVI1 T40 RPU028B_MAR_2024_ManualMode__flight_record.csv
2024-03-03 08:05:36-08:10:37,"Lantapan, Bukidnon, Northern Mindanao, Philippines",T40 Drone 2,Spraying,4.27,19.7,05:01,other,UTPL,default team,,R0733348735,100.0,60.0,,MKAVI1 T40 RPU028B_MAR_2024_ManualMode__flight_record.csv
2024-03-03 07:06:01-07:07:15,"Lantapan, Bukidnon, Northern Mindanao, Philippines",T40 Drone 2,Spraying,2.09,3.28,01:14,other,UTPL,default team,,R0493078171,65.0,56.0,,MKAVI1 T40 RPU028B_MAR_2024_ManualMode__flight_record.csv
2024-03-02 08:31:08-08:32:58,"Baclayon, Lantapan, Bukidnon, Northern Mindanao, Philippines",T40 Drone 2,Spraying,2.14,9.82,01:50,other,UTPL,default team,,R0252807607,72.0,59.0,,MKAVI1 T40 RPU028B_MAR_2024_ManualMode__flight_record.csv
2024-03-02 08:27:56-08:29:18,"Baclayon, Lantapan, Bukidnon, Northern Mindanao, Philippines",T40 Drone 2,Spraying,0.18,1.51,01:22,other,UTPL,default team,,R0132672325,100.0,88.0,,MKAVI1 T40 RPU028B_MAR_2024_ManualMode__flight_record.csv
2024-03-02 08:17:13-08:18:23,"Baclayon, Lantapan, Bukidnon, Northern Mindanao, Philippines",T40 Drone 2,Spraying,2.39,3.5,01:10,other,UTPL,default team,,R0012537043,100.0,87.0,,MKAVI1 T40 RPU028B_MAR_2024_ManualMode__flight_record.csv
2024-03-02 00:33:55-00:35:22,"Valencia, Bukidnon, Northern Mindanao, Philippines",T40 Drone 2,Spraying,2.23,4.72,01:27,other,UTPL,default team,,R7687033102,54.0,45.0,,MKAVI1 T40 RPU028B_MAR_2024_ManualMode__flight_record.csv
2024-03-01 23:01:08-23:02:34,"San Carlos, Valencia, Bukidnon, Northern Mindanao, Philippines",T40 Drone 2,Spraying,3.1,4.2,01:25,other,UTPL,default team,,R7366672350,24.0,15.0,,MKAVI1 T40 RPU028B_MAR_2024_ManualMode__flight_record.csv
2024-03-01 22:30:36-22:31:51,"Valencia, Bukidnon, Northern Mindanao, Philippines",T40 Drone 2,Spraying,4.98,6.1,01:14,other,UTPL,default team,,R7046311598,38.0,31.0,,MKAVI1 T40 RPU028B_MAR_2024_ManualMode__flight_record.csv
