latitude,longitude,elevation,utc_offset_seconds,timezone,timezone_abbreviation
7.838313,125.14066,313.0,28800,Asia/Singapore,GMT+8

time,temperature_2m (°C),wind_speed_10m (km/h),wind_direction_10m (°),relative_humidity_2m (%),precipitation (mm)
2024-01-01T00:00,24.4,7.9,60,92,0.00
2024-01-01T01:00,24.2,7.8,68,91,0.00
2024-01-01T02:00,24.0,7.5,73,91,0.00
2024-01-01T03:00,23.2,7.0,69,94,0.00
2024-01-01T04:00,22.8,8.6,68,96,0.00
2024-01-01T05:00,22.4,8.1,69,97,0.00
2024-01-01T06:00,22.1,9.8,73,98,0.00
2024-01-01T07:00,24.1,8.4,43,94,0.00
2024-01-01T08:00,26.4,10.5,38,84,0.00
2024-01-01T09:00,28.1,12.7,29,78,0.10
2024-01-01T10:00,28.1,8.9,14,76,0.10
2024-01-01T11:00,29.4,13.0,42,72,0.10
2024-01-01T12:00,29.7,14.2,36,71,0.10
2024-01-01T13:00,29.7,14.4,37,72,0.20
2024-01-01T14:00,28.3,16.1,40,76,1.80
2024-01-01T15:00,28.1,13.0,39,75,0.20
2024-01-01T16:00,27.4,13.0,48,78,0.00
2024-01-01T17:00,26.7,10.0,26,81,0.00
2024-01-01T18:00,25.8,10.0,41,83,0.00
2024-01-01T19:00,25.4,8.4,50,84,0.00
2024-01-01T20:00,25.1,8.9,40,86,0.00
2024-01-01T21:00,24.8,8.6,57,89,0.00
2024-01-01T22:00,24.9,6.1,40,88,0.00
2024-01-01T23:00,24.7,7.8,56,90,0.00
2024-01-02T00:00,24.3,7.2,53,91,0.00
2024-01-02T01:00,24.0,5.3,62,92,0.00
2024-01-02T02:00,24.0,3.7,79,91,1.10
2024-01-02T03:00,24.0,6.6,68,93,0.10
2024-01-02T04:00,24.1,5.9,79,92,0.70
2024-01-02T05:00,24.1,3.4,32,92,0.40
2024-01-02T06:00,23.9,5.2,16,94,1.20
2024-01-02T07:00,23.9,10.7,45,93,0.50
2024-01-02T08:00,24.5,11.9,29,91,0.90
2024-01-02T09:00,25.6,12.6,27,85,0.50
2024-01-02T10:00,26.4,13.6,32,83,0.40
2024-01-02T11:00,26.9,12.2,34,80,0.30
2024-01-02T12:00,26.9,10.6,24,80,0.30
2024-01-02T13:00,26.5,9.0,29,83,0.80
2024-01-02T14:00,26.9,8.2,29,82,0.20
2024-01-02T15:00,27.2,9.4,40,80,0.00
2024-01-02T16:00,26.9,7.7,49,84,0.20
2024-01-02T17:00,26.7,4.9,54,84,0.10
2024-01-02T18:00,25.4,5.4,53,87,0.00
2024-01-02T19:00,24.6,6.8,58,90,0.00
2024-01-02T20:00,24.4,7.7,53,91,0.00
2024-01-02T21:00,24.1,7.1,66,92,0.00
2024-01-02T22:00,23.8,7.3,70,94,0.00
2024-01-02T23:00,23.8,6.5,71,94,0.00
2024-01-03T00:00,23.7,6.3,66,95,0.00
2024-01-03T01:00,23.3,7.6,65,97,0.00
2024-01-03T02:00,23.2,8.0,63,97,0.00
2024-01-03T03:00,23.1,8.4,59,98,0.00
2024-01-03T04:00,23.2,7.8,68,97,0.00
2024-01-03T05:00,23.2,6.3,66,96,0.00
2024-01-03T06:00,23.0,6.8,65,97,0.00
2024-01-03T07:00,24.4,7.7,49,93,0.00
2024-01-03T08:00,26.2,8.4,25,86,0.00
2024-01-03T09:00,26.6,7.2,360,84,0.30
2024-01-03T10:00,27.7,8.4,7,79,0.30
2024-01-03T11:00,28.8,10.8,26,73,0.20
2024-01-03T12:00,29.6,11.1,29,70,0.10
2024-01-03T13:00,29.6,10.3,29,69,0.10
2024-01-03T14:00,29.4,10.6,10,69,0.00
2024-01-03T15:00,28.8,10.3,25,71,0.00
2024-01-03T16:00,28.7,5.5,11,73,0.00
2024-01-03T17:00,27.6,3.2,360,83,0.00
2024-01-03T18:00,26.5,3.6,354,88,0.00
2024-01-03T19:00,25.2,3.6,53,91,0.00
2024-01-03T20:00,24.8,3.1,69,92,0.00
2024-01-03T21:00,25.1,3.2,27,91,0.00
2024-01-03T22:00,24.4,5.4,20,95,0.00
2024-01-03T23:00,24.1,3.3,41,96,0.00
2024-01-04T00:00,24.1,5.9,43,96,0.00
2024-01-04T01:00,24.0,6.6,49,96,0.00
2024-01-04T02:00,23.5,7.1,66,96,0.00
2024-01-04T03:00,23.3,7.8,68,95,0.00
2024-01-04T04:00,22.8,8.1,69,96,0.00
2024-01-04T05:00,22.4,8.1,77,96,0.00
2024-01-04T06:00,22.1,7.9,74,96,0.00
2024-01-04T07:00,23.5,7.7,62,93,0.00
2024-01-04T08:00,25.6,7.3,20,86,0.00
2024-01-04T09:00,27.2,10.0,15,79,0.00
2024-01-04T10:00,28.6,10.8,21,70,0.00
2024-01-04T11:00,29.8,11.6,30,64,0.00
2024-01-04T12:00,30.7,10.8,30,60,0.10
2024-01-04T13:00,30.9,11.3,37,58,0.30
2024-01-04T14:00,30.8,11.2,42,60,0.30
2024-01-04T15:00,30.4,10.4,44,63,0.10
2024-01-04T16:00,29.8,11.2,50,67,0.10
2024-01-04T17:00,28.3,6.9,43,74,0.00
2024-01-04T18:00,26.7,6.7,36,78,0.00
2024-01-04T19:00,25.8,7.1,30,83,0.00
2024-01-04T20:00,25.0,7.6,19,87,0.00
2024-01-04T21:00,24.5,6.0,33,90,0.00
2024-01-04T22:00,23.9,7.1,41,92,0.00
2024-01-04T23:00,23.5,8.2,52,93,0.00
2024-01-05T00:00,22.6,10.0,69,95,0.00
2024-01-05T01:00,21.8,10.0,75,95,0.00
2024-01-05T02:00,21.4,9.9,71,95,0.00
2024-01-05T03:00,21.1,10.9,73,96,0.00
2024-01-05T04:00,21.1,11.0,71,93,0.00
2024-01-05T05:00,21.2,10.2,67,88,0.00
2024-01-05T06:00,21.1,8.9,63,84,0.00
2024-01-05T07:00,22.6,9.0,53,83,0.00
2024-01-05T08:00,25.5,7.8,22,75,0.00
2024-01-05T09:00,26.4,8.1,13,72,0.00
2024-01-05T10:00,28.5,9.7,15,62,0.00
2024-01-05T11:00,29.7,11.8,27,53,0.00
2024-01-05T12:00,30.4,11.4,28,54,0.00
2024-01-05T13:00,30.9,11.1,36,53,0.00
2024-01-05T14:00,31.0,11.2,42,53,0.00
2024-01-05T15:00,30.7,11.2,48,54,0.00
2024-01-05T16:00,29.9,10.2,48,60,0.00
2024-01-05T17:00,28.2,9.5,53,67,0.00
2024-01-05T18:00,26.8,10.4,56,71,0.00
2024-01-05T19:00,25.7,8.9,47,76,0.00
2024-01-05T20:00,25.0,8.9,32,82,0.00
2024-01-05T21:00,24.4,7.6,59,82,0.00
2024-01-05T22:00,23.9,8.6,57,86,0.00
2024-01-05T23:00,23.5,9.3,54,89,0.00
2024-01-06T00:00,23.2,9.0,61,90,0.00
2024-01-06T01:00,23.0,9.4,67,89,0.00
2024-01-06T02:00,23.2,8.2,61,88,0.00
2024-01-06T03:00,22.8,8.2,61,90,0.00
2024-01-06T04:00,22.4,7.4,67,92,0.00
2024-01-06T05:00,22.2,6.6,61,93,0.00
2024-01-06T06:00,22.7,7.4,47,92,0.00
2024-01-06T07:00,23.7,9.7,48,89,0.10
2024-01-06T08:00,25.9,9.7,22,82,0.00
2024-01-06T09:00,25.8,11.3,17,82,0.20
2024-01-06T10:00,26.7,14.6,33,78,0.10
2024-01-06T11:00,27.6,16.1,39,75,0.00
2024-01-06T12:00,28.6,16.6,41,69,0.00
2024-01-06T13:00,29.0,14.6,50,70,0.10
2024-01-06T14:00,29.1,15.8,47,70,0.10
2024-01-06T15:00,27.8,12.0,46,76,0.80
2024-01-06T16:00,27.6,11.0,38,76,0.00
2024-01-06T17:00,26.4,8.6,15,83,0.00
2024-01-06T18:00,25.5,9.0,23,85,0.00
2024-01-06T19:00,24.9,8.9,32,88,0.00
2024-01-06T20:00,24.3,9.4,47,90,0.00
2024-01-06T21:00,24.4,7.1,49,90,0.00
2024-01-06T22:00,24.1,7.5,55,91,0.00
2024-01-06T23:00,23.9,7.1,60,92,0.00
2024-01-07T00:00,23.6,8.4,59,93,0.00
2024-01-07T01:00,23.3,8.9,63,94,0.00
2024-01-07T02:00,23.3,9.2,59,93,0.00
2024-01-07T03:00,23.1,9.2,59,94,0.00
2024-01-07T04:00,22.7,9.6,70,95,0.00
2024-01-07T05:00,22.9,8.0,63,94,0.00
2024-01-07T06:00,23.2,7.9,51,93,0.00
2024-01-07T07:00,24.6,9.9,44,90,0.00
2024-01-07T08:00,26.1,13.8,33,83,0.00
2024-01-07T09:00,27.3,14.3,28,79,0.20
2024-01-07T10:00,28.0,17.9,30,77,0.40
2024-01-07T11:00,28.8,16.9,38,73,0.20
2024-01-07T12:00,29.7,15.8,41,67,0.10
2024-01-07T13:00,30.1,14.5,42,65,0.10
2024-01-07T14:00,29.9,14.8,47,65,0.00
2024-01-07T15:00,29.8,15.8,47,65,0.00
2024-01-07T16:00,29.2,15.3,47,67,0.00
2024-01-07T17:00,28.0,12.3,38,73,0.00
2024-01-07T18:00,26.5,10.9,46,77,0.00
2024-01-07T19:00,25.5,9.9,44,82,0.00
2024-01-07T20:00,24.8,10.2,42,86,0.00
2024-01-07T21:00,25.0,10.2,45,85,0.00
2024-01-07T22:00,24.7,9.2,48,87,0.00
2024-01-07T23:00,24.2,9.9,57,90,0.00
2024-01-08T00:00,23.6,10.0,52,92,0.00
2024-01-08T01:00,23.4,9.5,53,92,0.00
2024-01-08T02:00,23.7,9.5,53,91,0.00
2024-01-08T03:00,23.4,9.8,54,92,0.00
2024-01-08T04:00,23.4,9.7,51,92,0.00
2024-01-08T05:00,23.2,10.4,44,92,0.00
2024-01-08T06:00,23.4,11.0,49,91,0.10
2024-01-08T07:00,24.9,13.8,47,85,0.00
2024-01-08T08:00,26.5,14.6,40,79,0.00
2024-01-08T09:00,27.2,17.4,34,75,0.00
2024-01-08T10:00,28.5,17.5,37,69,0.10
2024-01-08T11:00,29.0,19.6,46,66,0.10
2024-01-08T12:00,28.9,19.4,42,67,0.20
2024-01-08T13:00,28.8,18.2,52,68,0.10
2024-01-08T14:00,29.5,19.0,53,63,0.00
2024-01-08T15:00,29.2,18.5,53,62,0.00
2024-01-08T16:00,28.6,17.4,50,64,0.00
2024-01-08T17:00,27.6,13.7,45,68,0.00
2024-01-08T18:00,26.7,13.5,48,69,0.00
2024-01-08T19:00,25.6,13.2,47,72,0.00
2024-01-08T20:00,24.9,13.0,42,78,0.00
2024-01-08T21:00,25.1,10.6,35,80,0.00
2024-01-08T22:00,24.8,11.7,34,83,0.10
2024-01-08T23:00,24.4,10.8,30,87,0.00
2024-01-09T00:00,24.2,12.0,44,88,0.00
2024-01-09T01:00,24.1,10.4,44,88,0.10
2024-01-09T02:00,23.9,9.5,37,89,0.00
2024-01-09T03:00,23.4,10.2,42,92,0.00
2024-01-09T04:00,23.2,10.0,38,93,0.00
2024-01-09T05:00,23.2,9.6,34,92,0.00
2024-01-09T06:00,23.6,8.9,14,91,0.00
2024-01-09T07:00,24.5,10.5,16,88,0.00
2024-01-09T08:00,25.6,11.6,26,84,0.00
2024-01-09T09:00,26.4,13.0,14,85,0.20
2024-01-09T10:00,27.2,14.2,24,82,0.20
2024-01-09T11:00,28.1,15.6,34,77,0.30
2024-01-09T12:00,28.5,14.6,40,72,0.30
2024-01-09T13:00,29.3,13.6,32,70,0.20
2024-01-09T14:00,29.5,13.5,34,67,0.00
2024-01-09T15:00,29.4,12.2,45,66,0.10
2024-01-09T16:00,28.2,11.8,27,73,0.10
2024-01-09T17:00,27.2,10.4,20,79,0.00
2024-01-09T18:00,26.1,9.0,29,82,0.00
2024-01-09T19:00,25.5,10.0,41,84,0.00
2024-01-09T20:00,24.9,10.5,41,86,0.00
2024-01-09T21:00,24.9,8.7,48,86,0.00
2024-01-09T22:00,24.6,9.0,37,89,0.00
2024-01-09T23:00,24.4,9.2,39,91,0.00
2024-01-10T00:00,24.1,8.7,38,93,0.00
2024-01-10T01:00,24.0,7.5,35,93,0.00
2024-01-10T02:00,24.0,7.6,45,94,0.00
2024-01-10T03:00,24.0,7.9,47,94,0.00
2024-01-10T04:00,23.8,8.0,36,95,0.00
2024-01-10T05:00,23.7,8.8,35,96,0.00
2024-01-10T06:00,23.4,8.2,38,97,0.00
2024-01-10T07:00,24.7,10.1,35,91,0.00
2024-01-10T08:00,26.5,12.4,26,82,0.00
2024-01-10T09:00,27.6,12.4,36,76,0.00
2024-01-10T10:00,28.8,10.7,40,71,0.00
2024-01-10T11:00,29.7,11.0,23,69,0.00
2024-01-10T12:00,30.2,11.6,26,67,0.10
2024-01-10T13:00,30.2,11.8,12,69,0.10
2024-01-10T14:00,30.9,12.3,21,65,0.00
2024-01-10T15:00,30.6,12.7,45,63,0.10
2024-01-10T16:00,30.0,11.6,54,65,0.00
2024-01-10T17:00,28.6,4.0,80,75,0.00
2024-01-10T18:00,27.5,2.8,140,73,0.00
2024-01-10T19:00,26.4,1.5,166,78,0.00
2024-01-10T20:00,24.9,3.6,90,87,0.00
2024-01-10T21:00,24.8,4.8,63,88,0.00
2024-01-10T22:00,24.7,4.1,45,88,0.00
2024-01-10T23:00,24.8,3.7,29,88,0.00
2024-01-11T00:00,24.4,4.8,27,90,0.00
2024-01-11T01:00,23.7,6.8,25,93,0.00
2024-01-11T02:00,22.9,7.7,37,97,0.00
2024-01-11T03:00,22.9,7.4,43,96,0.00
2024-01-11T04:00,22.7,8.4,40,97,0.00
2024-01-11T05:00,22.9,8.7,42,95,0.00
2024-01-11T06:00,22.8,7.7,53,95,0.00
2024-01-11T07:00,24.3,7.6,45,89,0.00
2024-01-11T08:00,26.1,10.6,28,81,0.00
2024-01-11T09:00,26.6,15.0,21,81,0.20
2024-01-11T10:00,28.0,18.3,36,74,0.20
2024-01-11T11:00,29.4,17.8,42,66,0.00
2024-01-11T12:00,30.0,17.6,46,62,0.00
2024-01-11T13:00,30.3,16.8,47,60,0.00
2024-01-11T14:00,30.5,17.5,53,59,0.00
2024-01-11T15:00,30.2,16.9,56,59,0.00
2024-01-11T16:00,29.4,13.9,53,63,0.00
2024-01-11T17:00,28.4,12.3,52,67,0.00
2024-01-11T18:00,27.1,13.3,57,70,0.00
2024-01-11T19:00,26.2,13.0,56,75,0.00
2024-01-11T20:00,25.5,12.0,46,79,0.00
2024-01-11T21:00,25.5,12.3,50,77,0.00
2024-01-11T22:00,24.8,10.8,53,81,0.00
2024-01-11T23:00,24.4,8.9,50,83,0.00
2024-01-12T00:00,24.1,8.0,36,85,0.00
2024-01-12T01:00,23.4,8.8,35,90,0.00
2024-01-12T02:00,22.9,10.0,52,92,0.00
2024-01-12T03:00,22.7,10.8,53,92,0.00
2024-01-12T04:00,22.7,9.2,59,90,0.00
2024-01-12T05:00,22.4,6.9,47,92,0.00
2024-01-12T06:00,22.0,6.9,47,93,0.00
2024-01-12T07:00,23.6,10.1,35,87,0.00
2024-01-12T08:00,25.9,12.7,25,77,0.00
2024-01-12T09:00,26.9,15.9,38,70,0.00
2024-01-12T10:00,27.0,16.6,42,72,0.00
2024-01-12T11:00,28.9,20.4,41,66,0.00
2024-01-12T12:00,28.4,17.9,52,69,0.00
2024-01-12T13:00,29.2,18.2,56,66,0.00
2024-01-12T14:00,29.2,18.7,60,66,0.00
2024-01-12T15:00,28.7,16.8,59,70,0.00
2024-01-12T16:00,28.3,16.9,52,70,0.00
2024-01-12T17:00,27.3,14.8,49,74,0.00
2024-01-12T18:00,26.1,15.3,47,77,0.00
2024-01-12T19:00,25.6,15.3,43,79,0.00
2024-01-12T20:00,25.0,14.4,37,82,0.00
2024-01-12T21:00,25.2,12.8,38,82,0.00
2024-01-12T22:00,24.9,12.1,37,83,0.00
2024-01-12T23:00,24.4,10.6,35,85,0.00
2024-01-13T00:00,24.0,10.3,36,88,0.00
2024-01-13T01:00,23.5,10.5,38,91,0.00
2024-01-13T02:00,23.0,10.7,48,94,0.00
2024-01-13T03:00,22.7,9.9,57,95,0.00
2024-01-13T04:00,22.3,8.5,54,96,0.00
2024-01-13T05:00,21.8,8.4,59,97,0.00
2024-01-13T06:00,21.6,9.1,56,96,0.00
2024-01-13T07:00,23.7,10.7,48,89,0.00
2024-01-13T08:00,25.7,12.2,24,81,0.00
2024-01-13T09:00,26.5,15.1,33,77,0.00
2024-01-13T10:00,27.5,18.4,35,72,0.20
2024-01-13T11:00,27.8,18.6,43,73,0.10
2024-01-13T12:00,29.3,18.1,44,67,0.10
2024-01-13T13:00,29.3,20.1,44,68,0.30
2024-01-13T14:00,28.9,19.7,50,68,0.00
2024-01-13T15:00,28.9,18.2,52,67,0.00
2024-01-13T16:00,27.4,20.0,52,73,0.00
2024-01-13T17:00,26.5,17.1,48,78,0.00
2024-01-13T18:00,25.2,15.3,41,81,0.00
2024-01-13T19:00,24.7,15.5,36,83,0.00
2024-01-13T20:00,24.3,14.6,33,85,0.00
2024-01-13T21:00,24.7,12.0,39,83,0.00
2024-01-13T22:00,24.0,11.3,37,86,0.00
2024-01-13T23:00,23.2,8.7,52,90,0.00
2024-01-14T00:00,22.7,10.6,55,93,0.00
2024-01-14T01:00,22.6,10.8,60,93,0.00
2024-01-14T02:00,22.9,11.0,67,90,0.00
2024-01-14T03:00,23.6,9.7,51,85,0.00
2024-01-14T04:00,23.7,10.7,48,85,0.00
2024-01-14T05:00,23.9,10.7,42,85,0.10
2024-01-14T06:00,23.9,11.7,47,85,0.20
2024-01-14T07:00,24.5,13.3,38,85,0.20
2024-01-14T08:00,25.3,15.8,35,83,0.20
2024-01-14T09:00,26.5,19.1,41,78,0.00
2024-01-14T10:00,27.5,21.3,39,74,0.20
2024-01-14T11:00,28.0,22.5,49,71,0.30
2024-01-14T12:00,28.3,22.2,48,71,0.30
2024-01-14T13:00,28.0,24.2,53,71,0.10
2024-01-14T14:00,27.9,22.1,53,72,0.10
2024-01-14T15:00,28.0,19.9,45,70,0.00
2024-01-14T16:00,26.9,18.6,44,75,0.00
2024-01-14T17:00,26.1,16.8,42,77,0.00
2024-01-14T18:00,25.3,17.7,39,80,0.10
2024-01-14T19:00,24.8,16.0,36,83,0.00
2024-01-14T20:00,24.5,16.4,29,86,0.00
2024-01-14T21:00,24.6,14.7,36,84,0.00
2024-01-14T22:00,24.3,14.0,35,86,0.00
2024-01-14T23:00,24.2,14.2,36,86,0.00
2024-01-15T00:00,24.1,15.9,38,86,0.00
2024-01-15T01:00,24.1,15.8,43,85,0.00
2024-01-15T02:00,24.0,15.3,49,85,0.00
2024-01-15T03:00,24.0,16.3,45,85,0.00
2024-01-15T04:00,24.0,15.5,48,86,0.00
2024-01-15T05:00,24.1,15.5,48,86,0.00
2024-01-15T06:00,24.1,14.8,47,86,0.00
2024-01-15T07:00,25.0,16.9,40,83,0.00
2024-01-15T08:00,25.9,18.1,44,81,0.10
2024-01-15T09:00,27.4,22.9,42,73,0.20
2024-01-15T10:00,28.2,22.4,44,73,0.30
2024-01-15T11:00,28.4,23.4,47,73,0.60
2024-01-15T12:00,27.7,20.7,49,76,0.80
2024-01-15T13:00,28.6,22.4,45,69,0.40
2024-01-15T14:00,28.7,22.9,37,71,0.30
2024-01-15T15:00,27.6,20.9,44,74,0.30
2024-01-15T16:00,26.2,20.4,45,80,0.20
2024-01-15T17:00,25.9,17.8,45,81,0.10
2024-01-15T18:00,25.4,16.1,40,81,0.10
2024-01-15T19:00,25.1,15.0,46,83,0.10
2024-01-15T20:00,24.8,16.1,40,84,0.00
2024-01-15T21:00,24.4,14.3,47,88,2.60
2024-01-15T22:00,24.2,14.4,53,87,1.30
2024-01-15T23:00,24.2,15.0,48,87,1.90
2024-01-16T00:00,24.0,16.6,42,86,4.20
2024-01-16T01:00,23.7,15.5,48,87,2.60
2024-01-16T02:00,23.6,15.5,48,86,3.40
2024-01-16T03:00,23.5,11.5,46,86,3.40
2024-01-16T04:00,23.7,14.8,47,86,3.90
2024-01-16T05:00,23.6,15.5,48,87,2.20
2024-01-16T06:00,23.6,19.3,45,87,1.60
2024-01-16T07:00,23.7,18.9,42,88,0.60
2024-01-16T08:00,24.1,19.6,43,88,1.40
2024-01-16T09:00,23.7,19.9,42,87,1.00
2024-01-16T10:00,24.3,21.4,45,83,0.40
2024-01-16T11:00,24.1,19.6,43,85,0.70
2024-01-16T12:00,25.2,20.5,39,82,0.30
2024-01-16T13:00,25.3,20.0,38,82,0.40
2024-01-16T14:00,25.2,16.1,50,82,0.10
2024-01-16T15:00,25.5,18.4,50,81,0.00
2024-01-16T16:00,25.4,19.9,49,80,0.00
2024-01-16T17:00,24.9,20.0,51,81,0.00
2024-01-16T18:00,24.6,19.5,52,81,0.00
2024-01-16T19:00,24.2,18.6,47,82,0.00
2024-01-16T20:00,23.8,17.1,44,85,0.00
2024-01-16T21:00,24.1,18.3,45,84,0.00
2024-01-16T22:00,23.9,18.3,47,85,0.00
2024-01-16T23:00,23.8,15.8,43,85,0.00
2024-01-17T00:00,23.5,14.3,41,87,0.00
2024-01-17T01:00,23.4,15.1,40,87,0.00
2024-01-17T02:00,23.4,16.4,40,87,0.10
2024-01-17T03:00,23.6,17.6,44,85,0.00
2024-01-17T04:00,23.8,18.3,47,84,0.00
2024-01-17T05:00,23.6,17.6,44,85,0.00
2024-01-17T06:00,23.6,17.6,41,85,0.00
2024-01-17T07:00,24.0,17.5,37,85,0.00
2024-01-17T08:00,25.0,19.5,39,83,0.00
2024-01-17T09:00,25.7,18.8,36,81,0.30
2024-01-17T10:00,26.8,22.2,40,77,0.40
2024-01-17T11:00,26.3,22.7,44,79,0.40
2024-01-17T12:00,26.4,24.0,47,79,0.20
2024-01-17T13:00,26.9,26.2,46,75,0.10
2024-01-17T14:00,27.2,26.7,47,74,0.10
2024-01-17T15:00,26.8,23.7,48,74,0.00
2024-01-17T16:00,26.0,19.5,51,81,1.40
2024-01-17T17:00,24.9,22.0,50,83,2.00
2024-01-17T18:00,24.4,20.2,51,84,0.20
2024-01-17T19:00,24.2,19.5,51,84,0.00
2024-01-17T20:00,24.1,17.1,48,84,0.10
2024-01-17T21:00,24.2,14.8,56,83,0.00
2024-01-17T22:00,24.1,14.6,52,82,0.00
2024-01-17T23:00,24.0,13.2,55,82,0.00
2024-01-18T00:00,24.0,13.8,57,81,0.00
2024-01-18T01:00,24.1,13.8,57,80,0.00
2024-01-18T02:00,24.4,16.1,51,78,0.00
2024-01-18T03:00,24.4,16.6,51,78,0.00
2024-01-18T04:00,24.1,14.9,53,80,0.00
2024-01-18T05:00,24.0,14.9,53,81,0.10
2024-01-18T06:00,24.0,14.0,44,83,0.10
2024-01-18T07:00,24.5,13.8,43,84,0.00
2024-01-18T08:00,25.5,15.4,37,82,0.00
2024-01-18T09:00,24.9,11.9,25,88,0.40
2024-01-18T10:00,25.6,14.2,30,86,0.90
2024-01-18T11:00,26.3,17.0,36,84,0.40
2024-01-18T12:00,27.1,19.6,41,80,0.70
2024-01-18T13:00,26.8,16.3,41,81,0.60
2024-01-18T14:00,26.8,16.4,40,81,0.20
2024-01-18T15:00,26.2,15.4,37,82,0.30
2024-01-18T16:00,25.9,15.5,31,83,0.20
2024-01-18T17:00,25.1,13.7,27,87,0.10
2024-01-18T18:00,24.6,14.7,22,87,0.00
2024-01-18T19:00,24.1,14.0,18,90,0.00
2024-01-18T20:00,23.9,13.2,17,91,0.00
2024-01-18T21:00,24.1,12.4,17,90,0.00
2024-01-18T22:00,23.7,12.0,16,92,0.00
2024-01-18T23:00,23.6,12.6,20,92,0.00
2024-01-19T00:00,23.4,12.9,36,93,0.00
2024-01-19T01:00,23.1,9.8,54,93,0.00
2024-01-19T02:00,23.1,9.9,46,92,0.00
2024-01-19T03:00,23.0,8.2,41,93,0.00
2024-01-19T04:00,23.1,8.2,49,93,0.00
2024-01-19T05:00,23.2,10.2,45,92,0.00
2024-01-19T06:00,23.1,8.7,42,93,0.00
2024-01-19T07:00,24.3,12.3,40,88,0.00
2024-01-19T08:00,25.7,13.5,34,83,0.00
2024-01-19T09:00,26.6,10.9,27,84,0.30
2024-01-19T10:00,26.4,12.0,21,85,0.70
2024-01-19T11:00,27.7,19.6,36,79,0.10
2024-01-19T12:00,28.1,18.3,47,77,0.10
2024-01-19T13:00,29.1,19.1,47,71,0.10
2024-01-19T14:00,29.0,16.7,53,69,0.00
2024-01-19T15:00,28.9,17.1,49,70,0.00
2024-01-19T16:00,28.2,15.9,51,71,0.00
2024-01-19T17:00,27.0,13.6,40,76,0.00
2024-01-19T18:00,25.8,11.5,39,79,0.00
2024-01-19T19:00,25.2,10.9,44,81,0.00
2024-01-19T20:00,24.6,10.5,41,84,0.00
2024-01-19T21:00,24.7,8.4,31,84,0.00
2024-01-19T22:00,24.1,7.7,28,86,0.00
2024-01-19T23:00,23.6,7.6,31,89,0.00
2024-01-20T00:00,23.2,7.4,47,91,0.00
2024-01-20T01:00,22.8,7.3,57,92,0.00
2024-01-20T02:00,22.4,7.5,55,93,0.00
2024-01-20T03:00,21.7,8.6,68,95,0.00
2024-01-20T04:00,21.4,7.9,60,96,0.00
2024-01-20T05:00,20.9,9.2,59,98,0.00
2024-01-20T06:00,21.0,10.5,59,98,0.00
2024-01-20T07:00,22.2,9.6,56,95,0.00
2024-01-20T08:00,24.6,8.5,28,88,0.00
2024-01-20T09:00,26.7,14.0,23,77,0.00
2024-01-20T10:00,27.8,16.6,41,71,0.00
2024-01-20T11:00,28.6,17.4,40,68,0.10
2024-01-20T12:00,29.3,16.1,39,65,0.00
2024-01-20T13:00,29.5,16.0,36,64,0.00
2024-01-20T14:00,29.5,15.0,44,64,0.10
2024-01-20T15:00,29.1,12.1,53,67,0.10
2024-01-20T16:00,28.5,12.0,41,69,0.00
2024-01-20T17:00,27.1,8.9,32,75,0.00
2024-01-20T18:00,25.9,8.6,33,77,0.00
2024-01-20T19:00,25.1,7.8,22,80,0.00
2024-01-20T20:00,24.4,6.4,27,84,0.00
2024-01-20T21:00,23.8,3.9,22,89,0.00
2024-01-20T22:00,24.2,3.8,17,88,0.00
2024-01-20T23:00,23.8,4.0,10,91,0.00
2024-01-21T00:00,23.4,5.4,20,93,0.00
2024-01-21T01:00,22.8,7.7,53,94,0.00
2024-01-21T02:00,22.3,8.1,69,94,0.00
2024-01-21T03:00,22.0,8.7,73,92,0.00
2024-01-21T04:00,22.0,7.5,73,90,0.00
2024-01-21T05:00,21.8,6.2,69,90,0.00
2024-01-21T06:00,21.9,6.3,66,88,0.00
2024-01-21T07:00,23.8,8.7,48,84,0.00
2024-01-21T08:00,25.7,10.5,27,77,0.00
2024-01-21T09:00,27.2,14.6,38,69,0.00
2024-01-21T10:00,28.2,15.2,36,67,0.00
2024-01-21T11:00,29.2,15.3,34,64,0.00
2024-01-21T12:00,30.0,15.4,37,59,0.00
2024-01-21T13:00,30.5,14.7,36,56,0.00
2024-01-21T14:00,31.1,14.4,37,53,0.00
2024-01-21T15:00,30.8,15.0,46,55,0.00
2024-01-21T16:00,29.3,15.8,63,63,0.00
2024-01-21T17:00,27.9,13.2,68,68,0.00
2024-01-21T18:00,26.8,9.2,64,71,0.00
2024-01-21T19:00,25.8,6.1,50,77,0.00
2024-01-21T20:00,25.3,4.0,27,82,0.00
2024-01-21T21:00,24.8,4.1,38,85,0.00
2024-01-21T22:00,24.3,4.1,38,91,0.00
2024-01-21T23:00,24.0,3.3,41,91,0.00
2024-01-22T00:00,23.3,3.1,69,94,0.00
2024-01-22T01:00,23.0,3.5,66,93,0.00
2024-01-22T02:00,22.4,5.1,86,94,0.00
2024-01-22T03:00,22.1,4.4,81,94,0.00
2024-01-22T04:00,21.6,4.4,81,96,0.00
2024-01-22T05:00,21.1,5.4,82,96,0.00
2024-01-22T06:00,20.8,6.3,77,97,0.00
2024-01-22T07:00,22.7,7.3,57,94,0.00
2024-01-22T08:00,25.1,8.8,19,84,0.00
2024-01-22T09:00,26.8,12.9,27,77,0.00
2024-01-22T10:00,28.1,15.1,33,69,0.00
2024-01-22T11:00,29.0,16.5,32,65,0.00
2024-01-22T12:00,29.6,16.9,38,63,0.00
2024-01-22T13:00,30.0,16.8,48,61,0.00
2024-01-22T14:00,29.8,15.7,58,61,0.00
2024-01-22T15:00,29.1,13.2,61,64,0.00
2024-01-22T16:00,28.1,8.9,58,70,0.00
2024-01-22T17:00,27.3,6.9,47,75,0.00
2024-01-22T18:00,26.2,8.2,41,77,0.00
2024-01-22T19:00,25.5,9.7,48,79,0.00
2024-01-22T20:00,25.2,9.8,36,81,0.00
2024-01-22T21:00,24.6,7.1,24,84,0.00
2024-01-22T22:00,24.0,8.4,31,87,0.00
2024-01-22T23:00,23.6,9.2,39,89,0.00
2024-01-23T00:00,23.3,9.4,47,91,0.00
2024-01-23T01:00,22.9,9.7,48,93,0.00
2024-01-23T02:00,22.5,9.3,54,95,0.00
2024-01-23T03:00,22.3,9.1,56,96,0.00
2024-01-23T04:00,22.2,9.7,51,96,0.00
2024-01-23T05:00,22.4,10.7,45,96,0.00
2024-01-23T06:00,22.3,9.4,50,96,0.00
2024-01-23T07:00,23.7,9.5,37,89,0.00
2024-01-23T08:00,25.2,12.1,27,83,0.00
2024-01-23T09:00,26.9,13.2,26,77,0.10
2024-01-23T10:00,27.8,15.9,33,76,0.10
2024-01-23T11:00,28.6,16.2,37,73,0.10
2024-01-23T12:00,29.2,14.8,39,70,0.00
2024-01-23T13:00,29.6,16.1,40,66,0.00
2024-01-23T14:00,29.6,15.3,56,65,0.00
2024-01-23T15:00,28.1,14.8,47,71,0.00
2024-01-23T16:00,27.4,16.3,49,72,0.00
2024-01-23T17:00,26.6,13.0,44,75,0.00
2024-01-23T18:00,25.7,10.2,45,76,0.00
2024-01-23T19:00,25.1,7.5,35,78,0.00
2024-01-23T20:00,24.1,5.4,20,83,0.00
2024-01-23T21:00,23.4,5.4,42,88,0.00
2024-01-23T22:00,22.9,6.9,62,89,0.00
2024-01-23T23:00,22.3,6.8,72,90,0.00
2024-01-24T00:00,21.7,6.2,69,92,0.00
2024-01-24T01:00,21.1,6.4,74,93,0.00
2024-01-24T02:00,20.7,7.2,72,92,0.00
2024-01-24T03:00,20.4,7.9,66,90,0.00
2024-01-24T04:00,20.3,8.7,66,91,0.00
2024-01-24T05:00,20.2,8.0,63,93,0.00
2024-01-24T06:00,20.1,8.4,65,91,0.00
2024-01-24T07:00,22.2,9.8,54,85,0.00
2024-01-24T08:00,24.7,9.5,25,78,0.00
2024-01-24T09:00,26.4,11.6,26,69,0.00
2024-01-24T10:00,28.1,15.2,36,61,0.00
2024-01-24T11:00,29.0,14.5,35,61,0.00
2024-01-24T12:00,30.2,16.7,37,57,0.00
2024-01-24T13:00,30.8,15.2,31,55,0.00
2024-01-24T14:00,29.8,20.1,47,61,0.10
2024-01-24T15:00,28.7,17.9,56,68,0.00
2024-01-24T16:00,28.4,21.4,57,69,0.00
2024-01-24T17:00,26.7,16.6,66,75,0.00
2024-01-24T18:00,25.8,14.0,67,76,0.00
2024-01-24T19:00,25.2,13.8,62,78,0.00
2024-01-24T20:00,25.2,14.9,53,79,0.00
2024-01-24T21:00,24.5,10.4,46,84,0.10
2024-01-24T22:00,24.2,12.0,49,86,0.00
2024-01-24T23:00,24.1,13.3,33,86,0.10
2024-01-25T00:00,23.4,13.3,19,89,0.50
2024-01-25T01:00,23.2,10.4,20,91,0.10
2024-01-25T02:00,23.0,11.9,25,92,0.00
2024-01-25T03:00,23.0,12.8,32,90,0.00
2024-01-25T04:00,22.9,12.5,33,89,0.00
2024-01-25T05:00,22.9,13.2,35,89,0.00
2024-01-25T06:00,22.9,14.3,39,88,0.00
2024-01-25T07:00,23.8,16.3,41,84,0.00
2024-01-25T08:00,25.0,18.1,35,79,0.00
2024-01-25T09:00,26.5,17.0,36,73,0.00
2024-01-25T10:00,27.6,18.7,38,66,0.00
2024-01-25T11:00,28.5,19.4,40,62,0.00
2024-01-25T12:00,29.1,18.1,41,58,0.00
2024-01-25T13:00,29.4,19.9,45,55,0.00
2024-01-25T14:00,29.6,19.1,47,54,0.00
2024-01-25T15:00,29.1,20.3,53,57,0.00
2024-01-25T16:00,28.3,19.7,52,60,0.00
2024-01-25T17:00,27.0,17.3,47,64,0.00
2024-01-25T18:00,25.8,16.9,50,67,0.00
2024-01-25T19:00,24.8,14.6,52,73,0.00
2024-01-25T20:00,23.9,13.0,46,80,0.00
2024-01-25T21:00,23.7,9.2,48,82,0.00
2024-01-25T22:00,22.9,9.4,47,86,0.00
2024-01-25T23:00,22.7,10.5,52,87,0.00
2024-01-26T00:00,22.6,10.5,59,88,0.00
2024-01-26T01:00,22.1,12.4,60,90,0.00
2024-01-26T02:00,21.9,11.3,63,90,0.00
2024-01-26T03:00,22.1,9.5,61,89,0.00
2024-01-26T04:00,22.0,8.9,58,88,0.00
2024-01-26T05:00,21.8,7.6,59,89,0.00
2024-01-26T06:00,21.9,9.0,53,88,0.00
2024-01-26T07:00,23.7,12.5,46,82,0.00
2024-01-26T08:00,25.1,14.6,40,77,0.00
2024-01-26T09:00,26.5,13.2,29,72,0.00
2024-01-26T10:00,26.9,19.3,37,71,0.10
2024-01-26T11:00,27.1,20.4,36,72,0.10
2024-01-26T12:00,27.7,21.7,40,72,0.00
2024-01-26T13:00,27.6,22.3,39,74,0.30
2024-01-26T14:00,27.3,23.0,41,72,0.30
2024-01-26T15:00,27.3,26.6,54,71,0.30
2024-01-26T16:00,26.1,23.7,47,77,0.20
2024-01-26T17:00,25.5,19.9,46,79,0.30
2024-01-26T18:00,24.5,22.5,55,80,0.20
2024-01-26T19:00,24.1,23.9,53,80,0.00
2024-01-26T20:00,24.0,22.1,53,81,0.00
2024-01-26T21:00,24.1,20.9,58,77,0.00
2024-01-26T22:00,23.5,20.6,57,78,0.00
2024-01-26T23:00,23.1,19.4,59,77,0.00
2024-01-27T00:00,22.8,16.9,56,75,0.00
2024-01-27T01:00,22.3,15.0,55,71,0.00
2024-01-27T02:00,22.1,15.3,56,68,0.00
2024-01-27T03:00,21.8,15.1,57,71,0.00
2024-01-27T04:00,22.0,16.0,59,72,0.00
2024-01-27T05:00,21.8,15.1,57,73,0.00
2024-01-27T06:00,21.7,14.2,54,75,0.00
2024-01-27T07:00,22.1,14.7,54,77,0.00
2024-01-27T08:00,23.1,15.3,49,74,0.00
2024-01-27T09:00,25.0,20.7,49,66,0.00
2024-01-27T10:00,26.6,23.1,39,62,0.00
2024-01-27T11:00,27.1,22.3,39,56,0.00
2024-01-27T12:00,28.0,21.1,47,54,0.00
2024-01-27T13:00,28.3,20.1,44,54,0.00
2024-01-27T14:00,28.4,21.8,38,53,0.00
2024-01-27T15:00,27.7,20.2,41,56,0.00
2024-01-27T16:00,26.7,20.9,54,63,0.00
2024-01-27T17:00,25.9,20.3,53,66,0.00
2024-01-27T18:00,24.8,20.3,57,70,0.00
2024-01-27T19:00,23.9,21.6,62,74,0.00
2024-01-27T20:00,23.5,20.1,61,76,0.00
2024-01-27T21:00,23.9,17.6,62,71,0.00
2024-01-27T22:00,23.7,16.9,63,72,0.00
2024-01-27T23:00,23.7,17.7,63,73,0.00
2024-01-28T00:00,23.1,14.8,61,77,0.00
2024-01-28T01:00,22.4,12.0,51,80,0.00
2024-01-28T02:00,21.7,10.3,54,83,0.00
2024-01-28T03:00,21.3,10.0,52,85,0.00
2024-01-28T04:00,21.1,10.5,49,85,0.00
2024-01-28T05:00,21.2,10.5,52,83,0.00
2024-01-28T06:00,21.3,8.9,50,81,0.00
2024-01-28T07:00,22.5,11.0,41,79,0.00
2024-01-28T08:00,24.4,14.3,39,71,0.00
2024-01-28T09:00,26.2,13.6,37,67,0.00
2024-01-28T10:00,27.8,18.9,35,63,0.00
2024-01-28T11:00,28.8,22.0,38,59,0.00
2024-01-28T12:00,28.4,21.0,52,61,0.00
2024-01-28T13:00,28.6,20.7,50,61,0.00
2024-01-28T14:00,27.6,20.5,59,67,0.00
2024-01-28T15:00,27.4,21.6,57,67,0.00
2024-01-28T16:00,26.5,21.9,63,71,0.00
2024-01-28T17:00,25.7,20.3,65,73,0.00
2024-01-28T18:00,24.9,20.5,66,74,0.00
2024-01-28T19:00,24.7,21.5,59,74,0.00
2024-01-28T20:00,24.3,20.5,56,76,0.00
2024-01-28T21:00,24.8,15.7,58,72,0.00
2024-01-28T22:00,24.5,14.4,58,74,0.00
2024-01-28T23:00,24.3,15.1,52,76,0.00
2024-01-29T00:00,24.2,13.2,45,77,0.00
2024-01-29T01:00,23.8,13.0,48,79,0.00
2024-01-29T02:00,23.8,13.8,51,79,0.00
2024-01-29T03:00,23.8,14.5,46,79,0.00
2024-01-29T04:00,24.0,15.3,49,78,0.00
2024-01-29T05:00,23.9,13.0,51,79,0.00
2024-01-29T06:00,23.9,12.2,47,79,0.00
2024-01-29T07:00,24.5,13.8,43,79,0.00
2024-01-29T08:00,25.3,14.8,41,77,0.00
2024-01-29T09:00,25.9,11.1,36,78,0.50
2024-01-29T10:00,26.8,15.8,35,75,0.00
2024-01-29T11:00,27.3,17.7,38,73,0.10
2024-01-29T12:00,27.4,20.6,44,73,0.10
2024-01-29T13:00,27.6,19.9,45,72,0.10
2024-01-29T14:00,27.3,18.9,48,73,0.50
2024-01-29T15:00,26.9,20.2,41,75,0.10
2024-01-29T16:00,26.2,21.8,52,77,0.10
2024-01-29T17:00,25.7,21.7,50,77,0.10
2024-01-29T18:00,25.1,22.2,50,79,0.10
2024-01-29T19:00,24.7,21.0,51,80,0.10
2024-01-29T20:00,24.3,21.7,50,82,0.30
2024-01-29T21:00,24.2,17.4,50,82,0.20
2024-01-29T22:00,24.0,16.1,50,82,0.20
2024-01-29T23:00,23.8,13.3,57,83,0.30
2024-01-30T00:00,23.5,11.6,54,86,0.30
2024-01-30T01:00,23.5,11.8,59,84,0.20
2024-01-30T02:00,23.6,11.9,55,84,0.40
2024-01-30T03:00,23.7,12.2,47,83,0.20
2024-01-30T04:00,23.7,13.3,49,84,0.10
2024-01-30T05:00,23.4,13.0,51,86,1.70
2024-01-30T06:00,23.4,10.9,44,87,6.00
2024-01-30T07:00,23.4,10.7,50,89,5.60
2024-01-30T08:00,23.7,11.0,49,88,3.20
2024-01-30T09:00,24.5,11.8,31,89,2.30
2024-01-30T10:00,24.9,15.2,22,88,0.60
2024-01-30T11:00,25.5,15.3,24,86,0.20
2024-01-30T12:00,26.0,17.6,35,83,0.20
2024-01-30T13:00,26.8,17.3,43,79,0.10
2024-01-30T14:00,27.5,14.5,42,77,0.10
2024-01-30T15:00,27.4,13.8,41,75,0.10
2024-01-30T16:00,27.2,13.2,45,75,0.00
2024-01-30T17:00,26.1,11.8,40,80,0.10
2024-01-30T18:00,25.0,10.1,35,84,0.00
2024-01-30T19:00,24.6,10.0,30,86,0.10
2024-01-30T20:00,24.5,13.3,33,86,0.00
2024-01-30T21:00,24.0,12.8,50,90,0.10
2024-01-30T22:00,24.2,14.8,43,88,0.10
2024-01-30T23:00,24.0,14.3,39,89,0.10
2024-01-31T00:00,23.9,14.1,40,89,0.20
2024-01-31T01:00,23.9,15.9,39,89,0.90
2024-01-31T02:00,23.7,15.8,41,90,0.20
2024-01-31T03:00,23.7,16.1,51,90,0.10
2024-01-31T04:00,23.8,13.8,47,89,0.10
2024-01-31T05:00,23.8,11.3,37,90,0.10
2024-01-31T06:00,23.5,10.9,44,91,0.00
2024-01-31T07:00,24.3,13.8,43,89,0.00
2024-01-31T08:00,25.4,18.4,39,85,0.00
2024-01-31T09:00,25.1,13.8,41,86,0.90
2024-01-31T10:00,25.8,15.3,43,82,1.10
2024-01-31T11:00,25.3,13.2,45,86,2.10
2024-01-31T12:00,25.1,13.4,36,87,0.80
2024-01-31T13:00,25.6,13.2,35,85,1.40
2024-01-31T14:00,25.8,12.1,37,84,0.30
2024-01-31T15:00,25.5,12.0,39,87,0.90
2024-01-31T16:00,25.0,12.7,43,88,0.90
2024-01-31T17:00,24.4,13.6,40,89,1.30
2024-01-31T18:00,24.2,13.5,42,88,0.40
2024-01-31T19:00,23.9,12.3,38,89,0.30
2024-01-31T20:00,23.7,13.0,44,90,0.20
2024-01-31T21:00,23.7,8.7,24,93,6.50
2024-01-31T22:00,23.4,11.2,15,94,2.80
2024-01-31T23:00,23.3,8.5,28,95,2.00
2024-02-01T00:00,23.2,9.7,22,96,0.50
2024-02-01T01:00,23.0,9.3,36,96,0.60
2024-02-01T02:00,23.0,10.4,46,95,1.10
2024-02-01T03:00,23.2,9.7,31,94,0.40
2024-02-01T04:00,23.2,10.7,42,95,0.50
2024-02-01T05:00,23.3,13.0,44,94,0.20
2024-02-01T06:00,23.4,10.9,44,92,0.10
2024-02-01T07:00,24.1,10.1,35,90,0.00
2024-02-01T08:00,25.2,12.9,36,86,0.00
2024-02-01T09:00,25.8,12.9,30,84,0.40
2024-02-01T10:00,26.0,14.6,38,83,0.10
2024-02-01T11:00,26.7,17.0,36,80,0.20
2024-02-01T12:00,27.4,17.7,38,79,0.30
2024-02-01T13:00,27.6,19.9,42,74,0.40
2024-02-01T14:00,27.4,15.0,42,77,0.20
2024-02-01T15:00,26.2,17.3,43,80,0.20
2024-02-01T16:00,25.7,13.4,36,84,0.10
2024-02-01T17:00,25.4,12.8,22,85,0.30
2024-02-01T18:00,24.6,10.8,21,88,0.00
2024-02-01T19:00,24.1,8.8,12,90,0.00
2024-02-01T20:00,23.9,8.7,7,92,0.10
2024-02-01T21:00,24.1,7.6,357,93,0.20
2024-02-01T22:00,23.8,6.9,6,95,0.60
2024-02-01T23:00,23.6,6.6,9,96,2.60
2024-02-02T00:00,23.7,7.1,15,94,0.00
2024-02-02T01:00,23.5,8.3,18,95,0.00
2024-02-02T02:00,23.5,10.3,25,94,0.00
2024-02-02T03:00,23.5,11.3,27,94,0.00
2024-02-02T04:00,23.4,11.0,23,94,0.00
2024-02-02T05:00,23.2,11.3,22,94,0.00
2024-02-02T06:00,23.1,11.4,24,95,0.00
2024-02-02T07:00,23.7,9.7,22,93,0.00
2024-02-02T08:00,24.6,9.3,16,89,0.00
2024-02-02T09:00,25.4,13.9,31,86,0.00
2024-02-02T10:00,26.4,13.6,32,81,0.00
2024-02-02T11:00,27.2,13.4,36,77,0.00
2024-02-02T12:00,28.0,12.7,45,74,0.10
2024-02-02T13:00,28.4,11.9,35,74,0.10
2024-02-02T14:00,28.7,12.5,33,73,0.10
2024-02-02T15:00,25.7,6.5,19,82,2.80
2024-02-02T16:00,25.9,6.2,353,83,0.90
2024-02-02T17:00,25.5,11.8,27,86,0.10
2024-02-02T18:00,24.8,10.0,21,88,0.00
2024-02-02T19:00,24.3,11.7,34,89,0.00
2024-02-02T20:00,24.1,11.3,31,88,0.00
2024-02-02T21:00,24.9,10.6,35,84,0.00
2024-02-02T22:00,24.7,10.0,30,84,0.00
2024-02-02T23:00,24.3,9.4,23,86,0.00
2024-02-03T00:00,23.8,9.7,27,88,0.00
2024-02-03T01:00,23.6,10.6,28,89,0.00
2024-02-03T02:00,23.3,11.8,27,89,0.00
2024-02-03T03:00,23.0,12.2,28,90,0.00
2024-02-03T04:00,22.9,12.4,30,91,0.00
2024-02-03T05:00,22.5,11.7,34,92,0.00
2024-02-03T06:00,21.8,10.5,38,96,0.00
2024-02-03T07:00,22.6,12.7,35,94,0.00
2024-02-03T08:00,24.7,15.6,23,84,0.00
2024-02-03T09:00,26.5,18.2,34,77,0.00
2024-02-03T10:00,27.6,17.8,36,71,0.00
2024-02-03T11:00,28.7,16.8,42,65,0.00
2024-02-03T12:00,29.8,16.8,47,60,0.00
2024-02-03T13:00,28.9,15.9,39,65,0.00
2024-02-03T14:00,27.6,16.3,43,72,0.00
2024-02-03T15:00,27.0,13.5,44,76,0.00
2024-02-03T16:00,26.7,14.3,41,77,0.00
2024-02-03T17:00,25.9,11.4,28,82,0.00
2024-02-03T18:00,25.3,10.6,24,83,0.00
2024-02-03T19:00,24.9,10.9,17,86,0.00
2024-02-03T20:00,24.5,10.9,17,89,0.00
2024-02-03T21:00,23.9,6.2,353,96,1.70
2024-02-03T22:00,24.1,6.3,24,96,0.50
2024-02-03T23:00,24.0,9.0,16,97,0.00
2024-02-04T00:00,23.6,10.9,9,97,0.10
2024-02-04T01:00,23.6,10.9,8,95,0.00
2024-02-04T02:00,23.5,10.7,14,95,0.10
2024-02-04T03:00,23.3,10.0,21,94,0.00
2024-02-04T04:00,23.2,9.4,18,95,0.00
2024-02-04T05:00,23.2,10.5,16,95,0.00
2024-02-04T06:00,23.3,12.4,26,94,0.00
2024-02-04T07:00,23.9,14.1,32,92,0.00
2024-02-04T08:00,25.0,13.7,30,87,0.00
2024-02-04T09:00,26.6,17.5,37,77,0.00
2024-02-04T10:00,27.9,15.8,41,69,0.00
2024-02-04T11:00,28.1,15.3,34,70,0.00
2024-02-04T12:00,28.8,14.6,40,69,0.10
2024-02-04T13:00,28.9,17.7,51,71,0.00
2024-02-04T14:00,29.3,14.6,50,68,0.10
2024-02-04T15:00,28.5,16.6,48,71,0.20
2024-02-04T16:00,27.8,14.5,42,73,0.10
2024-02-04T17:00,26.7,11.8,38,79,0.10
2024-02-04T18:00,25.0,10.2,18,84,0.30
2024-02-04T19:00,24.6,9.4,18,86,0.00
2024-02-04T20:00,24.6,12.8,32,85,0.00
2024-02-04T21:00,24.7,11.0,32,85,0.00
2024-02-04T22:00,24.6,12.2,34,85,0.00
2024-02-04T23:00,24.5,13.8,33,85,0.00
2024-02-05T00:00,24.1,12.5,33,85,0.00
2024-02-05T01:00,23.9,13.9,31,86,0.00
2024-02-05T02:00,23.8,13.9,37,86,0.00
2024-02-05T03:00,23.2,12.3,40,87,0.00
2024-02-05T04:00,23.0,12.2,47,87,0.00
2024-02-05T05:00,23.0,9.4,43,86,0.00
2024-02-05T06:00,22.4,7.0,35,89,0.00
2024-02-05T07:00,23.5,8.2,23,85,0.00
2024-02-05T08:00,24.8,10.3,12,81,0.00
2024-02-05T09:00,26.0,12.6,20,76,0.00
2024-02-05T10:00,27.3,11.8,27,69,0.00
2024-02-05T11:00,28.6,11.8,23,62,0.00
2024-02-05T12:00,29.4,11.9,25,58,0.00
2024-02-05T13:00,29.8,13.0,34,56,0.00
2024-02-05T14:00,29.8,14.2,36,55,0.00
2024-02-05T15:00,29.7,13.2,35,56,0.00
2024-02-05T16:00,29.0,12.4,30,59,0.00
2024-02-05T17:00,27.8,8.7,24,66,0.00
2024-02-05T18:00,25.6,7.1,41,71,0.00
2024-02-05T19:00,24.6,7.2,63,74,0.00
2024-02-05T20:00,23.6,6.1,50,78,0.00
2024-02-05T21:00,23.0,5.5,58,81,0.00
2024-02-05T22:00,22.7,6.1,62,82,0.00
2024-02-05T23:00,22.1,5.8,68,87,0.00
2024-02-06T00:00,21.6,6.5,84,89,0.00
2024-02-06T01:00,21.3,6.2,97,89,0.00
2024-02-06T02:00,21.1,4.3,90,86,0.00
2024-02-06T03:00,21.0,3.7,79,85,0.00
2024-02-06T04:00,21.4,3.6,84,82,0.00
2024-02-06T05:00,22.0,3.4,72,80,0.00
2024-02-06T06:00,21.1,4.0,63,84,0.00
2024-02-06T07:00,23.0,7.0,55,83,0.00
2024-02-06T08:00,24.8,6.9,28,80,0.00
2024-02-06T09:00,26.2,6.5,341,77,0.00
2024-02-06T10:00,27.0,8.3,360,74,0.00
2024-02-06T11:00,26.9,8.6,15,71,0.00
2024-02-06T12:00,26.8,7.9,16,69,0.00
2024-02-06T13:00,28.0,8.9,14,64,0.00
2024-02-06T14:00,29.2,10.4,14,60,0.00
2024-02-06T15:00,29.0,9.7,22,60,0.00
2024-02-06T16:00,28.5,9.1,34,62,0.00
2024-02-06T17:00,27.1,5.8,30,71,0.00
2024-02-06T18:00,25.5,6.2,36,75,0.00
2024-02-06T19:00,24.4,5.2,56,80,0.00
2024-02-06T20:00,23.7,3.4,72,86,0.20
2024-02-06T21:00,23.3,1.8,90,88,0.00
2024-02-06T22:00,22.8,4.3,85,84,0.00
2024-02-06T23:00,22.6,5.4,90,79,0.00
2024-02-07T00:00,22.3,4.3,85,81,0.00
2024-02-07T01:00,22.1,5.5,79,84,0.00
2024-02-07T02:00,21.7,4.8,77,88,0.00
2024-02-07T03:00,21.7,5.4,82,89,0.00
2024-02-07T04:00,21.8,4.7,90,88,0.00
2024-02-07T05:00,22.0,2.5,90,88,0.00
2024-02-07T06:00,22.1,3.5,66,87,0.00
2024-02-07T07:00,23.3,5.8,68,87,0.00
2024-02-07T08:00,25.1,5.1,8,83,0.00
2024-02-07T09:00,26.3,8.3,2,83,0.10
2024-02-07T10:00,27.4,10.3,12,79,0.10
2024-02-07T11:00,27.1,11.8,12,81,0.10
2024-02-07T12:00,27.2,8.0,10,80,0.10
2024-02-07T13:00,27.5,9.5,25,79,0.20
2024-02-07T14:00,26.9,9.4,18,79,0.60
2024-02-07T15:00,26.7,7.3,11,81,0.30
2024-02-07T16:00,26.7,1.8,360,79,0.20
2024-02-07T17:00,25.5,5.3,332,85,0.30
2024-02-07T18:00,24.4,3.2,297,94,0.80
2024-02-07T19:00,24.2,2.3,321,95,0.20
2024-02-07T20:00,23.9,0.4,180,94,0.10
2024-02-07T21:00,24.1,2.3,51,93,0.00
2024-02-07T22:00,23.7,3.6,37,95,0.00
2024-02-07T23:00,23.4,4.8,48,95,0.00
2024-02-08T00:00,23.2,4.8,63,95,0.00
2024-02-08T01:00,23.0,4.5,76,95,0.00
2024-02-08T02:00,22.8,5.3,62,95,0.00
2024-02-08T03:00,22.5,5.8,60,96,0.00
2024-02-08T04:00,22.5,6.1,62,96,0.00
2024-02-08T05:00,22.2,6.3,59,97,0.00
2024-02-08T06:00,22.0,5.5,58,98,0.00
2024-02-08T07:00,22.7,6.3,59,97,0.00
2024-02-08T08:00,24.5,7.2,6,92,0.00
2024-02-08T09:00,24.7,6.6,13,88,0.30
2024-02-08T10:00,25.3,6.1,3,84,0.10
2024-02-08T11:00,25.8,6.4,333,84,0.00
2024-02-08T12:00,26.5,8.0,350,80,0.00
2024-02-08T13:00,27.0,9.0,355,78,0.00
2024-02-08T14:00,27.2,8.0,355,76,0.10
2024-02-08T15:00,27.4,7.6,5,75,0.20
2024-02-08T16:00,27.0,9.4,356,76,0.00
2024-02-08T17:00,26.4,8.0,8,80,0.00
2024-02-08T18:00,25.3,7.4,29,82,0.00
2024-02-08T19:00,24.9,6.6,29,84,0.00
2024-02-08T20:00,24.6,6.6,29,86,0.00
2024-02-08T21:00,25.0,3.7,11,89,0.00
2024-02-08T22:00,24.9,3.6,6,90,0.00
2024-02-08T23:00,24.6,4.0,5,92,0.00
2024-02-09T00:00,24.4,4.7,9,92,0.00
2024-02-09T01:00,24.2,3.6,6,92,0.00
2024-02-09T02:00,24.1,4.7,9,92,0.00
2024-02-09T03:00,23.9,5.6,15,92,0.00
2024-02-09T04:00,23.4,4.3,24,94,0.00
2024-02-09T05:00,22.5,4.1,52,96,0.00
2024-02-09T06:00,22.1,5.5,67,96,0.00
2024-02-09T07:00,23.6,8.2,52,90,0.00
2024-02-09T08:00,25.4,9.2,26,84,0.00
2024-02-09T09:00,27.2,11.3,27,75,0.10
2024-02-09T10:00,28.0,11.8,23,70,0.10
2024-02-09T11:00,28.9,12.7,29,67,0.10
2024-02-09T12:00,29.3,13.4,31,67,0.10
2024-02-09T13:00,29.9,13.6,40,65,0.00
2024-02-09T14:00,29.9,18.4,42,63,0.10
2024-02-09T15:00,28.9,16.4,40,69,0.10
2024-02-09T16:00,27.6,17.3,45,74,0.30
2024-02-09T17:00,26.6,13.2,45,76,0.00
2024-02-09T18:00,25.6,15.3,49,77,0.00
2024-02-09T19:00,25.0,13.8,39,80,0.00
2024-02-09T20:00,24.4,13.2,29,80,0.00
2024-02-09T21:00,24.1,9.9,33,82,0.00
2024-02-09T22:00,23.7,11.3,27,84,0.00
2024-02-09T23:00,23.4,11.9,29,85,0.00
2024-02-10T00:00,23.0,11.0,38,87,0.00
2024-02-10T01:00,22.5,10.0,38,90,0.00
2024-02-10T02:00,22.3,9.7,39,91,0.00
2024-02-10T03:00,22.1,10.0,38,92,0.00
2024-02-10T04:00,22.2,10.7,40,92,0.00
2024-02-10T05:00,22.0,11.0,38,92,0.00
2024-02-10T06:00,21.4,10.2,39,94,0.00
2024-02-10T07:00,22.8,11.8,40,88,0.00
2024-02-10T08:00,24.9,14.7,31,81,0.00
2024-02-10T09:00,26.3,18.1,35,74,0.00
2024-02-10T10:00,27.8,20.5,38,67,0.00
2024-02-10T11:00,28.5,19.9,41,63,0.00
2024-02-10T12:00,29.2,21.2,42,60,0.00
2024-02-10T13:00,29.3,19.9,42,61,0.00
2024-02-10T14:00,28.9,20.4,46,63,0.00
2024-02-10T15:00,28.6,20.9,49,63,0.00
2024-02-10T16:00,28.0,20.4,45,65,0.00
2024-02-10T17:00,26.9,18.6,44,69,0.00
2024-02-10T18:00,25.8,17.9,56,72,0.00
2024-02-10T19:00,25.0,17.4,56,76,0.00
2024-02-10T20:00,24.5,17.4,52,79,0.00
2024-02-10T21:00,25.0,17.4,52,75,0.00
2024-02-10T22:00,24.9,17.0,54,74,0.00
2024-02-10T23:00,24.8,18.1,55,74,0.00
2024-02-11T00:00,24.6,16.0,54,77,0.00
2024-02-11T01:00,24.7,16.9,52,76,0.00
2024-02-11T02:00,24.6,17.1,55,73,0.00
2024-02-11T03:00,24.1,16.8,59,71,0.10
2024-02-11T04:00,23.8,14.0,55,72,0.00
2024-02-11T05:00,23.7,13.4,54,73,0.00
2024-02-11T06:00,23.4,11.5,58,75,0.00
2024-02-11T07:00,24.2,12.8,52,76,0.00
2024-02-11T08:00,25.6,14.3,39,73,0.00
2024-02-11T09:00,24.1,18.6,46,74,0.10
2024-02-11T10:00,25.7,21.9,44,70,0.00
2024-02-11T11:00,27.5,28.6,41,65,0.00
2024-02-11T12:00,26.8,25.0,49,69,0.00
2024-02-11T13:00,27.8,27.2,46,65,0.00
2024-02-11T14:00,27.7,27.6,41,66,0.00
2024-02-11T15:00,27.9,25.5,44,65,0.00
2024-02-11T16:00,27.4,26.0,48,66,0.00
2024-02-11T17:00,26.3,21.8,51,72,0.00
2024-02-11T18:00,25.4,21.8,51,73,0.00
2024-02-11T19:00,24.8,22.5,50,70,0.00
2024-02-11T20:00,24.0,20.4,44,72,0.00
2024-02-11T21:00,23.6,18.8,47,67,0.00
2024-02-11T22:00,23.3,18.4,48,68,0.00
2024-02-11T23:00,23.2,19.6,46,71,0.00
2024-02-12T00:00,23.1,20.1,47,76,0.00
2024-02-12T01:00,23.1,19.1,47,78,0.00
2024-02-12T02:00,23.2,18.3,43,78,0.00
2024-02-12T03:00,22.9,17.3,47,80,0.00
2024-02-12T04:00,22.8,17.3,48,81,0.00
2024-02-12T05:00,22.9,16.8,43,81,0.00
2024-02-12T06:00,22.9,17.7,39,82,0.00
2024-02-12T07:00,23.6,19.5,39,82,0.00
2024-02-12T08:00,24.7,20.7,31,78,0.00
2024-02-12T09:00,25.8,22.3,38,75,0.00
2024-02-12T10:00,26.9,25.0,41,71,0.00
2024-02-12T11:00,27.8,24.1,39,67,0.00
2024-02-12T12:00,28.6,23.4,43,64,0.00
2024-02-12T13:00,28.6,23.4,47,65,0.00
2024-02-12T14:00,28.2,21.4,49,67,0.00
2024-02-12T15:00,28.3,22.5,49,67,0.00
2024-02-12T16:00,27.3,22.0,52,70,0.00
2024-02-12T17:00,25.8,18.7,52,76,0.00
2024-02-12T18:00,24.9,18.7,52,77,0.00
2024-02-12T19:00,24.2,18.2,52,79,0.00
2024-02-12T20:00,23.7,17.4,50,81,0.00
2024-02-12T21:00,24.1,16.8,48,80,0.00
2024-02-12T22:00,23.4,17.1,46,82,0.00
2024-02-12T23:00,23.1,16.8,47,82,0.00
2024-02-13T00:00,22.6,15.3,47,83,0.00
2024-02-13T01:00,22.1,13.8,43,85,0.00
2024-02-13T02:00,21.7,13.0,46,88,0.00
2024-02-13T03:00,21.7,13.2,43,88,0.00
2024-02-13T04:00,21.3,12.0,39,90,0.00
2024-02-13T05:00,21.4,11.9,35,89,0.00
2024-02-13T06:00,21.7,11.1,36,87,0.00
2024-02-13T07:00,23.0,14.6,38,83,0.10
2024-02-13T08:00,23.6,15.5,31,82,0.10
2024-02-13T09:00,25.6,18.8,32,75,0.00
2024-02-13T10:00,26.9,20.7,35,68,0.00
2024-02-13T11:00,28.0,23.1,39,62,0.00
2024-02-13T12:00,28.6,24.2,42,60,0.00
2024-02-13T13:00,28.7,22.9,44,59,0.00
2024-02-13T14:00,29.0,21.8,39,57,0.00
2024-02-13T15:00,29.2,21.2,35,54,0.00
2024-02-13T16:00,28.8,19.6,46,56,0.00
2024-02-13T17:00,26.9,18.8,54,63,0.00
2024-02-13T18:00,25.8,18.6,54,65,0.00
2024-02-13T19:00,24.8,18.5,53,74,0.00
2024-02-13T20:00,24.1,16.0,44,78,0.00
2024-02-13T21:00,25.1,17.1,44,75,0.00
2024-02-13T22:00,24.9,17.3,42,77,0.00
2024-02-13T23:00,24.6,16.6,42,77,0.00
2024-02-14T00:00,24.0,15.0,42,80,0.00
2024-02-14T01:00,24.1,15.3,43,78,0.00
2024-02-14T02:00,23.9,15.1,40,78,0.00
2024-02-14T03:00,23.8,15.3,49,78,0.00
2024-02-14T04:00,23.5,17.1,46,79,0.00
2024-02-14T05:00,23.5,17.1,44,80,0.00
2024-02-14T06:00,23.3,16.2,37,82,0.00
2024-02-14T07:00,23.8,17.3,36,83,0.00
2024-02-14T08:00,24.9,18.8,29,79,0.00
2024-02-14T09:00,26.0,19.1,36,77,0.10
2024-02-14T10:00,27.1,20.6,43,71,0.00
2024-02-14T11:00,28.6,23.5,49,64,0.00
2024-02-14T12:00,28.3,20.9,45,65,0.00
2024-02-14T13:00,28.7,22.4,44,64,0.00
2024-02-14T14:00,28.8,19.6,44,64,0.00
2024-02-14T15:00,28.8,18.1,43,63,0.00
2024-02-14T16:00,28.4,18.3,43,63,0.00
2024-02-14T17:00,27.3,15.1,38,67,0.00
2024-02-14T18:00,25.8,14.4,37,70,0.00
2024-02-14T19:00,24.5,14.0,35,75,0.00
2024-02-14T20:00,23.4,11.9,29,82,0.00
2024-02-14T21:00,23.4,12.5,33,85,0.00
2024-02-14T22:00,23.0,11.0,32,88,0.00
2024-02-14T23:00,22.6,11.1,29,90,0.00
2024-02-15T00:00,22.6,11.4,24,90,0.00
2024-02-15T01:00,22.5,11.8,20,90,0.00
2024-02-15T02:00,22.3,12.7,15,91,0.00
2024-02-15T03:00,21.8,12.2,14,92,0.00
2024-02-15T04:00,20.8,10.7,20,93,0.00
2024-02-15T05:00,20.6,10.6,24,93,0.00
2024-02-15T06:00,20.8,12.1,30,91,0.00
2024-02-15T07:00,21.8,13.1,32,89,0.00
2024-02-15T08:00,24.1,13.8,7,82,0.00
2024-02-15T09:00,26.3,14.6,33,72,0.00
2024-02-15T10:00,27.7,14.5,44,66,0.00
2024-02-15T11:00,28.7,17.1,46,60,0.00
2024-02-15T12:00,28.8,17.6,43,58,0.00
2024-02-15T13:00,29.2,17.4,40,59,0.00
2024-02-15T14:00,30.0,13.9,31,56,0.00
2024-02-15T15:00,30.4,13.1,37,53,0.00
2024-02-15T16:00,29.9,14.0,48,54,0.00
2024-02-15T17:00,28.3,12.3,58,64,0.00
2024-02-15T18:00,26.6,8.0,54,69,0.00
2024-02-15T19:00,25.4,6.9,47,76,0.00
2024-02-15T20:00,24.5,6.4,43,81,0.00
2024-02-15T21:00,24.9,5.3,28,79,0.00
2024-02-15T22:00,24.6,7.4,43,81,0.00
2024-02-15T23:00,24.3,7.2,53,83,0.00
2024-02-16T00:00,24.3,6.6,45,83,0.00
2024-02-16T01:00,24.2,8.5,36,84,0.10
2024-02-16T02:00,23.9,7.4,43,88,1.00
2024-02-16T03:00,23.7,5.1,39,90,0.00
2024-02-16T04:00,22.6,4.3,66,95,0.00
2024-02-16T05:00,22.8,3.4,58,95,0.00
2024-02-16T06:00,22.7,4.7,67,95,0.00
2024-02-16T07:00,24.0,7.3,57,89,0.00
2024-02-16T08:00,25.8,8.2,29,79,0.00
2024-02-16T09:00,27.2,9.6,20,72,0.00
2024-02-16T10:00,28.2,13.3,33,67,0.10
2024-02-16T11:00,29.0,13.7,35,66,0.00
2024-02-16T12:00,29.5,13.8,43,64,0.10
2024-02-16T13:00,29.9,15.3,43,62,0.00
2024-02-16T14:00,29.1,17.4,56,68,0.30
2024-02-16T15:00,28.7,19.9,44,67,0.20
2024-02-16T16:00,27.4,17.4,38,76,0.10
2024-02-16T17:00,26.2,16.7,37,79,0.10
2024-02-16T18:00,25.3,14.8,26,84,0.10
2024-02-16T19:00,24.7,17.6,41,83,0.10
2024-02-16T20:00,24.1,16.7,37,85,0.00
2024-02-16T21:00,23.6,12.9,36,88,0.00
2024-02-16T22:00,23.4,10.6,35,88,0.00
2024-02-16T23:00,22.9,8.9,32,90,0.00
2024-02-17T00:00,22.2,8.1,32,93,0.00
2024-02-17T01:00,22.1,8.0,36,94,0.00
2024-02-17T02:00,21.6,8.7,45,96,0.00
2024-02-17T03:00,21.3,7.9,51,97,0.00
2024-02-17T04:00,21.3,7.7,49,97,0.00
2024-02-17T05:00,21.3,7.6,45,96,0.00
2024-02-17T06:00,21.5,8.4,43,95,0.00
2024-02-17T07:00,23.0,11.0,41,89,0.00
2024-02-17T08:00,24.6,12.4,26,82,0.00
2024-02-17T09:00,25.9,16.7,33,75,0.00
2024-02-17T10:00,27.4,17.0,36,67,0.00
2024-02-17T11:00,28.8,16.8,42,60,0.00
2024-02-17T12:00,29.0,16.5,44,57,0.00
2024-02-17T13:00,29.5,16.4,52,59,0.00
2024-02-17T14:00,29.5,15.0,55,62,0.00
2024-02-17T15:00,29.3,15.9,57,63,0.00
2024-02-17T16:00,28.6,16.4,57,68,0.00
2024-02-17T17:00,27.6,14.4,53,71,0.00
2024-02-17T18:00,26.4,13.1,53,74,0.00
2024-02-17T19:00,25.6,12.3,52,78,0.00
2024-02-17T20:00,25.2,12.0,44,81,0.00
2024-02-17T21:00,25.1,12.6,37,83,0.00
2024-02-17T22:00,24.8,12.1,37,85,0.00
2024-02-17T23:00,24.4,10.4,46,87,0.00
2024-02-18T00:00,24.1,8.9,47,88,0.00
2024-02-18T01:00,24.2,7.9,43,88,0.00
2024-02-18T02:00,24.3,6.9,47,88,0.00
2024-02-18T03:00,24.5,7.4,39,88,0.00
2024-02-18T04:00,24.3,7.6,19,89,0.00
2024-02-18T05:00,23.6,6.8,18,93,0.00
2024-02-18T06:00,23.6,7.2,18,93,0.00
2024-02-18T07:00,24.7,8.3,2,90,0.00
2024-02-18T08:00,25.8,11.1,25,84,0.10
2024-02-18T09:00,27.5,12.9,23,80,0.20
2024-02-18T10:00,28.6,14.5,35,73,0.20
2024-02-18T11:00,29.6,14.8,39,67,0.20
2024-02-18T12:00,29.7,16.3,41,66,0.20
2024-02-18T13:00,29.4,16.6,30,69,0.00
2024-02-18T14:00,30.0,17.1,42,65,0.00
2024-02-18T15:00,29.1,18.1,47,69,0.00
2024-02-18T16:00,27.9,19.6,54,72,0.10
2024-02-18T17:00,27.1,16.3,43,74,0.00
2024-02-18T18:00,26.0,17.4,38,76,0.00
2024-02-18T19:00,25.3,18.2,38,79,0.00
2024-02-18T20:00,24.8,18.4,39,80,0.00
2024-02-18T21:00,24.7,15.5,36,80,0.00
2024-02-18T22:00,23.9,13.9,37,83,0.00
2024-02-18T23:00,23.6,13.0,34,84,0.00
2024-02-19T00:00,23.4,14.0,35,85,0.00
2024-02-19T01:00,22.9,13.7,30,87,0.00
2024-02-19T02:00,22.2,12.7,35,90,0.00
2024-02-19T03:00,22.1,11.8,38,90,0.00
2024-02-19T04:00,21.6,10.5,38,92,0.00
2024-02-19T05:00,21.5,10.0,30,93,0.00
2024-02-19T06:00,21.3,10.9,34,94,0.00
2024-02-19T07:00,22.9,12.7,35,86,0.00
2024-02-19T08:00,24.6,13.4,27,81,0.00
2024-02-19T09:00,26.3,15.2,31,71,0.00
2024-02-19T10:00,28.2,18.3,47,61,0.00
2024-02-19T11:00,27.8,16.7,33,66,0.00
2024-02-19T12:00,28.7,16.9,40,65,0.00
2024-02-19T13:00,29.3,18.1,43,64,0.00
2024-02-19T14:00,29.1,17.6,44,65,0.00
2024-02-19T15:00,29.5,16.3,47,62,0.00
2024-02-19T16:00,29.0,16.6,49,63,0.00
2024-02-19T17:00,27.8,15.5,48,69,0.00
2024-02-19T18:00,26.3,14.0,48,73,0.00
2024-02-19T19:00,25.4,12.5,39,79,0.00
2024-02-19T20:00,25.0,13.6,37,82,0.00
2024-02-19T21:00,24.7,11.4,35,84,0.00
2024-02-19T22:00,24.3,9.9,33,86,0.00
2024-02-19T23:00,24.0,10.4,34,88,0.00
2024-02-20T00:00,23.7,11.0,23,90,0.00
2024-02-20T01:00,23.3,10.5,27,92,0.00
2024-02-20T02:00,22.9,11.2,33,94,0.00
2024-02-20T03:00,22.7,10.7,48,95,0.00
2024-02-20T04:00,22.8,9.2,48,93,0.00
2024-02-20T05:00,22.8,7.9,30,92,0.00
2024-02-20T06:00,22.7,8.2,29,93,0.00
2024-02-20T07:00,23.7,10.2,23,91,0.00
2024-02-20T08:00,25.2,14.3,28,82,0.00
2024-02-20T09:00,26.8,12.6,31,76,0.10
2024-02-20T10:00,28.4,14.8,43,68,0.00
2024-02-20T11:00,29.1,16.3,41,65,0.00
2024-02-20T12:00,29.8,14.3,45,64,0.00
2024-02-20T13:00,30.5,14.8,51,60,0.00
2024-02-20T14:00,30.6,16.3,55,58,0.00
2024-02-20T15:00,30.0,17.8,58,60,0.00
2024-02-20T16:00,29.4,17.4,52,60,0.00
2024-02-20T17:00,28.2,14.8,41,62,0.00
2024-02-20T18:00,26.5,14.3,39,65,0.00
2024-02-20T19:00,25.1,12.7,43,72,0.00
2024-02-20T20:00,23.9,10.7,45,79,0.00
2024-02-20T21:00,23.8,9.7,48,80,0.00
2024-02-20T22:00,22.8,7.2,53,87,0.00
2024-02-20T23:00,22.0,6.8,58,92,0.00
2024-02-21T00:00,21.6,8.1,58,95,0.00
2024-02-21T01:00,21.4,8.8,55,95,0.00
2024-02-21T02:00,21.3,10.4,56,95,0.00
2024-02-21T03:00,21.2,9.4,58,97,0.00
2024-02-21T04:00,21.2,9.5,53,97,0.00
2024-02-21T05:00,21.2,8.7,52,97,0.00
2024-02-21T06:00,21.1,9.3,54,98,0.00
2024-02-21T07:00,23.1,10.2,42,91,0.00
2024-02-21T08:00,25.4,11.6,30,82,0.00
2024-02-21T09:00,26.0,8.2,15,80,0.00
2024-02-21T10:00,26.6,13.1,21,80,0.10
2024-02-21T11:00,27.6,15.9,33,76,0.20
2024-02-21T12:00,28.6,17.5,37,76,0.10
2024-02-21T13:00,29.4,19.2,38,71,0.10
2024-02-21T14:00,29.1,18.2,51,70,0.40
2024-02-21T15:00,29.2,18.8,43,68,0.20
2024-02-21T16:00,28.1,18.1,47,73,0.10
2024-02-21T17:00,27.1,15.6,40,76,0.10
2024-02-21T18:00,26.1,15.5,44,79,0.00
2024-02-21T19:00,25.6,12.9,36,82,0.00
2024-02-21T20:00,25.2,13.5,25,84,0.00
2024-02-21T21:00,25.1,11.0,23,87,0.00
2024-02-21T22:00,24.9,10.2,18,89,0.00
2024-02-21T23:00,24.8,9.1,18,89,0.00
2024-02-22T00:00,24.7,8.9,27,90,0.10
2024-02-22T01:00,24.6,7.0,35,91,0.20
2024-02-22T02:00,24.6,6.6,41,92,0.50
2024-02-22T03:00,24.5,6.4,27,94,0.60
2024-02-22T04:00,24.4,6.6,22,95,0.00
2024-02-22T05:00,24.2,7.0,12,97,0.10
2024-02-22T06:00,24.1,6.9,28,98,0.60
2024-02-22T07:00,24.5,6.6,22,96,0.20
2024-02-22T08:00,25.5,8.3,18,86,0.40
2024-02-22T09:00,25.8,10.2,32,87,0.10
2024-02-22T10:00,26.5,12.1,27,84,0.20
2024-02-22T11:00,26.9,15.8,45,80,0.10
2024-02-22T12:00,28.6,15.3,49,72,0.10
2024-02-22T13:00,28.8,16.6,39,72,0.10
2024-02-22T14:00,28.5,16.8,35,73,0.10
2024-02-22T15:00,28.6,17.7,29,73,0.30
2024-02-22T16:00,28.1,17.0,36,75,0.20
2024-02-22T17:00,27.2,14.8,34,77,0.10
2024-02-22T18:00,26.1,11.1,25,82,0.00
2024-02-22T19:00,25.7,11.2,33,84,0.00
2024-02-22T20:00,25.1,10.6,28,86,0.00
2024-02-22T21:00,25.0,10.1,35,91,0.00
2024-02-22T22:00,24.5,7.2,18,94,0.00
2024-02-22T23:00,24.3,7.7,28,94,0.00
2024-02-23T00:00,23.8,4.2,31,96,0.00
2024-02-23T01:00,23.6,5.0,21,97,0.10
2024-02-23T02:00,23.4,5.8,22,97,1.80
2024-02-23T03:00,23.4,6.3,31,97,0.00
2024-02-23T04:00,23.6,6.4,43,95,0.00
2024-02-23T05:00,23.7,6.6,45,94,0.00
2024-02-23T06:00,23.5,6.1,45,95,0.00
2024-02-23T07:00,24.4,8.9,40,91,0.10
2024-02-23T08:00,25.6,9.2,31,87,0.10
2024-02-23T09:00,25.3,8.0,27,90,1.60
2024-02-23T10:00,25.6,9.0,29,87,0.90
2024-02-23T11:00,26.1,9.6,20,84,1.90
2024-02-23T12:00,26.5,9.0,23,84,0.70
2024-02-23T13:00,27.3,12.2,24,81,0.00
2024-02-23T14:00,28.7,12.4,30,75,0.10
2024-02-23T15:00,28.2,16.4,38,73,0.70
2024-02-23T16:00,27.6,13.1,37,76,0.10
2024-02-23T17:00,26.9,11.6,26,80,0.00
2024-02-23T18:00,25.6,11.0,32,83,0.00
2024-02-23T19:00,25.0,9.8,36,85,0.00
2024-02-23T20:00,24.6,8.7,24,88,0.00
2024-02-23T21:00,24.5,8.3,5,94,0.00
2024-02-23T22:00,24.5,8.6,15,93,0.00
2024-02-23T23:00,24.3,8.8,12,92,0.00
2024-02-24T00:00,23.9,9.2,11,94,0.00
2024-02-24T01:00,23.8,9.1,18,94,0.00
2024-02-24T02:00,23.6,9.3,16,94,0.00
2024-02-24T03:00,23.5,10.9,27,93,0.00
2024-02-24T04:00,23.4,10.2,39,91,0.00
2024-02-24T05:00,23.2,8.9,47,91,0.00
2024-02-24T06:00,22.9,7.1,41,92,0.00
2024-02-24T07:00,24.2,9.0,29,89,0.00
2024-02-24T08:00,25.7,12.1,30,81,0.00
2024-02-24T09:00,27.0,15.3,34,77,0.00
2024-02-24T10:00,28.1,15.9,33,70,0.00
2024-02-24T11:00,29.3,15.5,36,64,0.00
2024-02-24T12:00,30.5,15.6,38,61,0.00
2024-02-24T13:00,31.0,13.6,37,59,0.00
2024-02-24T14:00,31.1,14.3,41,58,0.00
2024-02-24T15:00,30.7,15.1,50,60,0.00
2024-02-24T16:00,29.9,15.3,56,62,0.00
2024-02-24T17:00,28.2,14.8,64,70,0.00
2024-02-24T18:00,26.6,12.1,63,75,0.00
2024-02-24T19:00,25.7,8.5,54,80,0.00
2024-02-24T20:00,25.3,5.9,52,83,0.00
2024-02-24T21:00,25.6,5.6,40,81,0.00
2024-02-24T22:00,25.2,8.0,36,83,0.00
2024-02-24T23:00,24.8,9.3,36,83,0.00
2024-02-25T00:00,23.9,8.8,35,85,0.00
2024-02-25T01:00,23.6,10.4,34,84,0.00
2024-02-25T02:00,23.0,10.0,30,86,0.00
2024-02-25T03:00,22.1,8.7,42,90,0.00
2024-02-25T04:00,21.5,9.4,47,93,0.00
2024-02-25T05:00,21.0,9.2,48,94,0.00
2024-02-25T06:00,21.2,9.2,51,94,0.00
2024-02-25T07:00,23.1,9.7,42,88,0.00
2024-02-25T08:00,25.1,11.8,23,81,0.00
2024-02-25T09:00,26.4,12.4,26,77,0.30
2024-02-25T10:00,27.9,14.0,35,69,0.30
2024-02-25T11:00,29.0,14.6,38,63,0.00
2024-02-25T12:00,29.9,15.9,38,59,0.00
2024-02-25T13:00,30.1,18.6,47,58,0.10
2024-02-25T14:00,29.7,17.3,47,63,0.10
2024-02-25T15:00,29.6,17.8,42,62,0.00
2024-02-25T16:00,28.7,17.4,50,66,0.00
2024-02-25T17:00,27.4,14.8,47,73,0.00
2024-02-25T18:00,25.9,15.0,46,76,0.00
2024-02-25T19:00,25.3,14.8,47,80,0.00
2024-02-25T20:00,24.9,14.3,45,81,0.00
2024-02-25T21:00,25.1,13.8,47,80,0.00
2024-02-25T22:00,24.7,12.7,47,82,0.00
2024-02-25T23:00,24.5,14.5,48,83,0.00
2024-02-26T00:00,24.1,13.3,52,82,0.00
2024-02-26T01:00,23.7,11.8,50,82,0.00
2024-02-26T02:00,23.0,10.5,49,83,0.00
2024-02-26T03:00,22.8,11.5,49,84,0.00
2024-02-26T04:00,22.6,12.0,49,85,0.00
2024-02-26T05:00,22.2,10.7,45,85,0.00
2024-02-26T06:00,21.8,12.0,44,86,0.00
2024-02-26T07:00,23.3,13.8,33,82,0.00
2024-02-26T08:00,24.7,16.5,32,76,0.00
2024-02-26T09:00,26.4,16.4,29,66,0.00
2024-02-26T10:00,27.9,17.4,40,64,0.00
2024-02-26T11:00,29.1,21.4,48,58,0.00
2024-02-26T12:00,29.4,20.4,49,60,0.00
2024-02-26T13:00,29.8,19.5,51,59,0.00
2024-02-26T14:00,29.3,21.0,59,63,0.00
2024-02-26T15:00,28.7,22.2,54,66,0.00
2024-02-26T16:00,27.7,22.2,54,70,0.00
2024-02-26T17:00,26.8,19.1,54,73,0.00
2024-02-26T18:00,25.8,15.6,56,75,0.00
2024-02-26T19:00,25.1,16.4,57,78,0.00
2024-02-26T20:00,24.9,17.6,55,79,0.00
2024-02-26T21:00,25.2,16.3,55,77,0.00
2024-02-26T22:00,25.0,17.1,51,78,0.00
2024-02-26T23:00,24.7,16.4,52,80,0.00
2024-02-27T00:00,24.3,14.7,54,81,0.00
2024-02-27T01:00,24.3,14.5,55,80,0.00
2024-02-27T02:00,24.2,13.3,52,80,0.00
2024-02-27T03:00,23.9,14.1,52,81,0.20
2024-02-27T04:00,23.9,14.6,52,82,1.30
2024-02-27T05:00,23.8,15.6,52,82,0.50
2024-02-27T06:00,23.7,16.5,54,83,1.00
2024-02-27T07:00,24.1,17.6,49,82,0.00
2024-02-27T08:00,25.0,19.1,49,78,0.00
2024-02-27T09:00,26.2,23.6,39,70,0.00
2024-02-27T10:00,27.0,23.9,44,67,0.10
2024-02-27T11:00,27.7,25.0,40,64,0.10
2024-02-27T12:00,29.1,25.6,38,59,0.00
2024-02-27T13:00,28.4,23.4,45,64,0.00
2024-02-27T14:00,29.3,25.8,40,61,0.00
2024-02-27T15:00,28.5,26.2,43,63,0.00
2024-02-27T16:00,27.8,25.0,50,65,0.00
2024-02-27T17:00,27.0,21.7,48,68,0.00
2024-02-27T18:00,26.0,20.4,45,68,0.00
2024-02-27T19:00,25.2,21.1,46,71,0.00
2024-02-27T20:00,24.5,21.2,50,76,0.00
2024-02-27T21:00,24.3,19.0,57,74,0.00
2024-02-27T22:00,24.0,18.1,55,73,0.00
2024-02-27T23:00,23.9,18.9,51,72,0.00
2024-02-28T00:00,23.6,20.4,49,73,0.00
2024-02-28T01:00,23.2,19.9,46,76,0.00
2024-02-28T02:00,23.0,19.1,47,77,0.00
2024-02-28T03:00,22.8,17.1,51,78,0.00
2024-02-28T04:00,22.6,16.1,50,80,0.00
2024-02-28T05:00,22.7,15.5,46,80,0.00
2024-02-28T06:00,22.7,17.1,46,81,0.00
2024-02-28T07:00,23.8,19.9,45,79,0.00
2024-02-28T08:00,25.2,19.9,46,75,0.00
2024-02-28T09:00,26.1,22.7,46,71,0.00
2024-02-28T10:00,26.9,24.0,43,67,0.00
2024-02-28T11:00,26.9,23.2,44,68,0.00
2024-02-28T12:00,27.0,24.2,43,68,0.00
2024-02-28T13:00,27.3,23.2,46,68,0.00
2024-02-28T14:00,27.2,21.2,50,69,0.00
2024-02-28T15:00,26.1,19.2,64,75,0.50
2024-02-28T16:00,25.3,19.1,58,79,0.80
2024-02-28T17:00,24.4,17.9,52,85,0.90
2024-02-28T18:00,23.9,17.4,50,85,0.50
2024-02-28T19:00,23.9,19.6,46,85,0.00
2024-02-28T20:00,23.8,18.6,41,87,0.00
2024-02-28T21:00,24.2,19.9,49,80,0.00
2024-02-28T22:00,23.8,18.4,42,82,0.00
2024-02-28T23:00,23.6,17.7,33,84,0.10
2024-02-29T00:00,23.5,18.9,39,85,0.00
2024-02-29T01:00,23.4,19.3,37,84,0.00
2024-02-29T02:00,23.4,17.7,33,85,0.00
2024-02-29T03:00,23.1,16.9,29,87,0.10
2024-02-29T04:00,23.2,15.3,27,87,0.00
2024-02-29T05:00,23.2,15.6,26,88,0.10
2024-02-29T06:00,23.3,16.4,26,88,0.10
2024-02-29T07:00,24.0,17.7,29,87,0.00
2024-02-29T08:00,24.9,18.9,35,85,0.00
2024-02-29T09:00,25.1,15.9,25,86,0.70
2024-02-29T10:00,25.1,16.0,23,88,0.50
2024-02-29T11:00,25.7,17.3,31,85,0.20
2024-02-29T12:00,27.5,21.0,38,77,0.20
2024-02-29T13:00,28.1,20.0,51,75,0.40
2024-02-29T14:00,28.0,21.6,46,74,0.20
2024-02-29T15:00,27.7,16.8,42,77,0.10
2024-02-29T16:00,26.5,18.1,49,79,0.30
2024-02-29T17:00,26.1,17.3,36,82,0.10
2024-02-29T18:00,25.3,16.3,31,83,0.20
2024-02-29T19:00,24.9,15.9,28,86,0.10
2024-02-29T20:00,24.7,15.5,25,87,0.10
2024-02-29T21:00,24.5,15.5,28,90,0.10
2024-02-29T22:00,24.4,15.5,25,89,0.10
2024-02-29T23:00,24.0,14.3,18,91,0.00
2024-03-01T00:00,23.9,14.2,21,92,0.00
2024-03-01T01:00,23.7,15.0,21,92,0.00
2024-03-01T02:00,23.7,14.1,13,92,0.00
2024-03-01T03:00,23.5,13.5,16,93,0.00
2024-03-01T04:00,23.3,13.0,14,94,0.00
2024-03-01T05:00,23.2,11.9,14,94,0.00
2024-03-01T06:00,23.2,10.7,12,94,0.00
2024-03-01T07:00,24.3,14.3,18,90,0.10
2024-03-01T08:00,24.9,15.6,23,87,0.00
2024-03-01T09:00,26.6,19.4,43,78,0.10
2024-03-01T10:00,28.0,18.3,45,71,0.00
2024-03-01T11:00,29.0,17.8,45,68,0.00
2024-03-01T12:00,29.2,17.8,42,67,0.10
2024-03-01T13:00,29.5,18.1,41,66,0.10
2024-03-01T14:00,29.3,18.3,45,67,0.00
2024-03-01T15:00,29.6,18.6,49,66,0.00
2024-03-01T16:00,28.5,19.8,57,69,0.00
2024-03-01T17:00,27.5,17.5,53,72,0.00
2024-03-01T18:00,26.3,15.3,49,75,0.00
2024-03-01T19:00,25.5,13.2,45,79,0.00
2024-03-01T20:00,25.0,11.6,30,80,0.00
2024-03-01T21:00,25.0,11.9,29,80,0.00
2024-03-01T22:00,24.5,12.9,30,81,0.00
2024-03-01T23:00,23.8,12.8,32,83,0.00
2024-03-02T00:00,23.4,11.3,31,84,0.00
2024-03-02T01:00,23.1,11.3,31,86,0.00
2024-03-02T02:00,23.0,12.4,30,87,0.00
2024-03-02T03:00,22.8,12.7,29,88,0.00
2024-03-02T04:00,22.5,12.3,32,90,0.00
2024-03-02T05:00,22.0,12.6,31,93,0.00
2024-03-02T06:00,21.8,12.3,32,94,0.00
2024-03-02T07:00,23.5,14.3,34,84,0.00
2024-03-02T08:00,25.2,16.3,28,78,0.00
2024-03-02T09:00,27.0,19.2,38,70,0.00
2024-03-02T10:00,29.0,19.1,41,60,0.00
2024-03-02T11:00,30.0,17.8,43,56,0.00
2024-03-02T12:00,30.7,17.4,50,54,0.00
2024-03-02T13:00,30.3,19.0,63,58,0.00
2024-03-02T14:00,30.1,19.0,65,58,0.00
2024-03-02T15:00,30.2,17.4,60,59,0.00
2024-03-02T16:00,29.5,15.9,62,62,0.00
2024-03-02T17:00,28.0,12.7,61,69,0.00
2024-03-02T18:00,26.3,9.4,58,75,0.00
2024-03-02T19:00,25.4,8.2,49,79,0.00
2024-03-02T20:00,24.7,8.4,31,83,0.00
2024-03-02T21:00,24.8,9.0,29,82,0.00
2024-03-02T22:00,24.6,10.0,26,83,0.00
2024-03-02T23:00,24.4,9.4,23,83,0.00
2024-03-03T00:00,24.2,9.0,23,82,0.00
2024-03-03T01:00,23.0,7.9,30,86,0.00
2024-03-03T02:00,22.1,7.5,35,90,0.00
2024-03-03T03:00,21.4,8.2,41,93,0.00
2024-03-03T04:00,20.9,10.0,52,95,0.00
2024-03-03T05:00,20.6,10.6,55,95,0.00
2024-03-03T06:00,20.4,10.7,50,96,0.00
2024-03-03T07:00,22.1,10.8,37,91,0.00
2024-03-03T08:00,24.5,13.0,19,80,0.00
2024-03-03T09:00,26.2,16.5,32,70,0.00
2024-03-03T10:00,27.9,16.6,34,62,0.00
2024-03-03T11:00,28.8,15.3,39,58,0.00
2024-03-03T12:00,29.7,14.8,39,54,0.00
2024-03-03T13:00,30.2,15.0,44,51,0.00
2024-03-03T14:00,30.4,15.6,52,50,0.00
2024-03-03T15:00,30.2,15.5,54,50,0.00
2024-03-03T16:00,29.5,14.5,55,51,0.00
2024-03-03T17:00,28.2,10.7,50,59,0.00
2024-03-03T18:00,26.4,10.8,53,65,0.00
2024-03-03T19:00,25.0,12.2,56,73,0.00
2024-03-03T20:00,24.2,12.8,50,79,0.00
2024-03-03T21:00,24.0,12.7,43,83,0.00
2024-03-03T22:00,23.8,13.8,39,83,0.00
2024-03-03T23:00,22.8,11.9,29,87,0.00
2024-03-04T00:00,22.2,11.8,31,92,0.00
2024-03-04T01:00,21.7,11.2,33,96,0.00
2024-03-04T02:00,21.4,11.9,35,96,0.00
2024-03-04T03:00,21.4,12.3,38,95,0.00
2024-03-04T04:00,21.2,11.7,43,95,0.00
2024-03-04T05:00,20.6,11.5,46,98,0.00
2024-03-04T06:00,20.4,11.6,54,97,0.00
2024-03-04T07:00,22.1,10.7,45,90,0.00
2024-03-04T08:00,24.7,13.4,20,81,0.00
2024-03-04T09:00,26.8,16.0,31,73,0.00
2024-03-04T10:00,28.0,15.3,41,68,0.00
2024-03-04T11:00,28.6,15.0,44,65,0.00
2024-03-04T12:00,29.5,14.0,44,61,0.00
2024-03-04T13:00,30.0,14.3,51,59,0.00
2024-03-04T14:00,30.1,13.7,55,59,0.00
2024-03-04T15:00,29.7,14.1,58,61,0.00
2024-03-04T16:00,29.1,16.0,59,63,0.00
2024-03-04T17:00,27.5,15.4,53,69,0.00
2024-03-04T18:00,26.3,13.2,47,72,0.00
2024-03-04T19:00,25.9,16.1,50,72,0.00
2024-03-04T20:00,24.9,15.3,43,76,0.00
2024-03-04T21:00,25.1,14.5,42,75,0.00
2024-03-04T22:00,24.7,13.4,36,77,0.00
2024-03-04T23:00,24.1,13.0,34,79,0.00
2024-03-05T00:00,23.3,11.7,34,82,0.00
2024-03-05T01:00,22.8,10.8,37,85,0.00
2024-03-05T02:00,22.2,10.0,52,88,0.00
2024-03-05T03:00,21.8,9.7,59,90,0.00
2024-03-05T04:00,21.6,9.5,53,91,0.00
2024-03-05T05:00,21.4,9.5,53,91,0.00
2024-03-05T06:00,21.3,10.1,55,91,0.00
2024-03-05T07:00,23.6,10.4,44,84,0.00
2024-03-05T08:00,26.0,11.8,31,74,0.00
2024-03-05T09:00,27.6,14.5,35,69,0.00
2024-03-05T10:00,29.7,15.8,47,59,0.00
2024-03-05T11:00,30.2,15.1,50,58,0.00
2024-03-05T12:00,29.6,14.5,48,64,0.00
2024-03-05T13:00,30.4,14.3,51,62,0.00
2024-03-05T14:00,31.0,13.7,55,60,0.20
2024-03-05T15:00,30.9,14.2,54,61,0.20
2024-03-05T16:00,29.8,15.9,57,65,0.00
2024-03-05T17:00,28.5,14.6,57,70,0.00
2024-03-05T18:00,27.1,11.8,40,76,0.00
2024-03-05T19:00,26.1,11.9,29,81,0.00
2024-03-05T20:00,25.6,12.2,28,83,0.00
2024-03-05T21:00,25.9,11.4,35,82,0.00
2024-03-05T22:00,25.6,10.6,24,83,0.00
2024-03-05T23:00,25.1,10.6,28,85,0.00
2024-03-06T00:00,24.8,9.4,32,86,0.00
2024-03-06T01:00,23.9,9.5,37,90,0.00
2024-03-06T02:00,23.6,9.4,43,91,0.00
2024-03-06T03:00,23.3,9.2,48,92,0.00
2024-03-06T04:00,22.9,9.9,57,93,0.00
2024-03-06T05:00,22.5,9.2,64,94,0.00
2024-03-06T06:00,22.0,10.1,63,96,0.00
2024-03-06T07:00,23.7,9.9,44,90,0.00
2024-03-06T08:00,26.0,10.1,27,81,0.00
2024-03-06T09:00,28.3,12.0,33,70,0.00
2024-03-06T10:00,30.4,13.5,46,60,0.00
2024-03-06T11:00,30.5,14.0,44,59,0.00
2024-03-06T12:00,31.0,12.5,41,60,0.20
2024-03-06T13:00,31.8,12.0,44,58,0.00
2024-03-06T14:00,31.7,12.4,54,59,0.10
2024-03-06T15:00,32.0,15.3,60,57,0.00
2024-03-06T16:00,30.9,15.9,57,61,0.00
2024-03-06T17:00,29.4,15.0,48,67,0.00
2024-03-06T18:00,28.1,12.5,51,71,0.00
2024-03-06T19:00,26.9,10.9,56,76,0.00
2024-03-06T20:00,25.8,8.7,38,82,0.00
2024-03-06T21:00,25.9,8.8,19,83,0.00
2024-03-06T22:00,25.2,8.1,21,86,0.00
2024-03-06T23:00,24.4,7.8,34,88,0.00
2024-03-07T00:00,23.8,8.9,47,90,0.00
2024-03-07T01:00,23.0,9.0,61,92,0.00
2024-03-07T02:00,22.5,9.3,54,94,0.00
2024-03-07T03:00,22.1,9.4,47,96,0.00
2024-03-07T04:00,21.8,10.0,49,98,0.00
2024-03-07T05:00,21.6,9.7,48,98,0.00
2024-03-07T06:00,21.5,10.4,46,97,0.00
2024-03-07T07:00,23.1,10.8,30,91,0.00
2024-03-07T08:00,25.4,15.0,35,78,0.00
2024-03-07T09:00,27.4,17.2,37,65,0.00
2024-03-07T10:00,29.1,17.4,40,59,0.00
2024-03-07T11:00,30.4,16.6,49,55,0.00
2024-03-07T12:00,30.8,17.4,56,54,0.00
2024-03-07T13:00,31.0,19.2,60,54,0.00
2024-03-07T14:00,30.5,21.3,64,57,0.00
2024-03-07T15:00,30.3,19.8,61,58,0.00
2024-03-07T16:00,30.3,16.5,58,56,0.00
2024-03-07T17:00,29.1,14.8,56,61,0.00
2024-03-07T18:00,27.4,11.8,59,68,0.00
2024-03-07T19:00,26.3,11.1,61,72,0.00
2024-03-07T20:00,25.5,10.7,50,76,0.00
2024-03-07T21:00,25.4,12.0,46,74,0.00
2024-03-07T22:00,24.7,11.8,40,77,0.00
2024-03-07T23:00,23.6,11.7,34,81,0.00
2024-03-08T00:00,23.4,13.4,31,83,0.00
2024-03-08T01:00,22.9,12.8,38,84,0.00
2024-03-08T02:00,22.3,10.9,44,84,0.00
2024-03-08T03:00,21.4,10.0,41,86,0.00
2024-03-08T04:00,21.1,10.0,41,89,0.00
2024-03-08T05:00,20.5,10.7,40,94,0.00
2024-03-08T06:00,19.8,11.5,44,98,0.00
2024-03-08T07:00,21.8,12.3,32,89,0.00
2024-03-08T08:00,24.1,14.8,23,76,0.00
2024-03-08T09:00,26.5,15.0,21,66,0.00
2024-03-08T10:00,28.6,15.5,31,58,0.00
2024-03-08T11:00,30.6,16.9,50,51,0.00
2024-03-08T12:00,31.0,17.8,54,52,0.00
2024-03-08T13:00,30.0,16.6,51,58,0.00
2024-03-08T14:00,29.4,13.6,53,61,0.00
2024-03-08T15:00,29.5,14.8,56,62,0.00
2024-03-08T16:00,29.4,15.9,57,63,0.00
2024-03-08T17:00,28.0,15.2,54,69,0.00
2024-03-08T18:00,27.1,14.5,48,73,0.00
2024-03-08T19:00,26.2,15.6,50,77,0.00
2024-03-08T20:00,25.8,13.8,43,79,0.00
2024-03-08T21:00,25.7,13.4,24,80,0.00
2024-03-08T22:00,25.5,12.7,29,81,0.00
2024-03-08T23:00,25.4,13.6,32,80,0.00
2024-03-09T00:00,24.8,13.0,24,83,0.00
2024-03-09T01:00,24.5,14.8,26,84,0.00
2024-03-09T02:00,24.0,13.8,28,86,0.00
2024-03-09T03:00,23.3,13.4,31,89,0.00
2024-03-09T04:00,22.9,11.2,40,90,0.00
2024-03-09T05:00,22.7,10.4,46,90,0.00
2024-03-09T06:00,22.6,9.9,46,90,0.00
2024-03-09T07:00,24.0,11.5,41,82,0.00
2024-03-09T08:00,25.9,13.8,33,74,0.00
2024-03-09T09:00,27.5,19.2,38,65,0.00
2024-03-09T10:00,28.8,20.9,44,58,0.00
2024-03-09T11:00,29.2,19.1,47,56,0.00
2024-03-09T12:00,30.2,17.3,48,55,0.00
2024-03-09T13:00,29.7,19.4,55,58,0.00
2024-03-09T14:00,30.3,20.0,52,57,0.00
2024-03-09T15:00,29.9,19.7,52,58,0.00
2024-03-09T16:00,29.3,21.0,52,60,0.00
2024-03-09T17:00,28.0,20.2,59,65,0.00
2024-03-09T18:00,26.6,18.2,52,69,0.00
2024-03-09T19:00,25.7,18.3,54,72,0.00
2024-03-09T20:00,24.9,16.4,52,75,0.00
2024-03-09T21:00,24.4,16.1,48,77,0.00
2024-03-09T22:00,24.0,14.0,46,80,0.00
2024-03-09T23:00,23.5,11.7,43,82,0.00
2024-03-10T00:00,23.3,12.0,39,84,0.00
2024-03-10T01:00,23.1,12.6,37,85,0.00
2024-03-10T02:00,23.1,12.6,31,85,0.00
2024-03-10T03:00,22.8,11.6,30,87,0.00
2024-03-10T04:00,22.5,10.1,27,88,0.00
2024-03-10T05:00,21.8,9.0,29,91,0.00
2024-03-10T06:00,21.6,9.2,31,92,0.00
2024-03-10T07:00,24.0,12.9,27,79,0.00
2024-03-10T08:00,25.8,18.0,33,71,0.00
2024-03-10T09:00,27.8,20.0,39,63,0.00
2024-03-10T10:00,28.6,21.1,46,60,0.00
2024-03-10T11:00,29.2,22.4,44,58,0.00
2024-03-10T12:00,30.3,23.2,46,54,0.00
2024-03-10T13:00,30.0,22.5,51,55,0.00
2024-03-10T14:00,29.9,21.7,61,56,0.00
2024-03-10T15:00,29.5,23.2,60,57,0.00
2024-03-10T16:00,29.1,22.6,59,58,0.00
2024-03-10T17:00,28.1,20.2,59,61,0.00
2024-03-10T18:00,26.8,15.2,59,65,0.00
2024-03-10T19:00,25.6,13.4,59,69,0.00
2024-03-10T20:00,24.5,11.7,56,74,0.00
2024-03-10T21:00,23.5,9.4,50,77,0.00
2024-03-10T22:00,22.4,8.9,58,83,0.00
2024-03-10T23:00,22.0,9.2,64,85,0.00
2024-03-11T00:00,21.5,9.2,64,87,0.00
2024-03-11T01:00,20.9,8.5,62,89,0.00
2024-03-11T02:00,20.6,8.5,62,89,0.00
2024-03-11T03:00,20.5,8.2,67,90,0.00
2024-03-11T04:00,20.4,7.7,62,91,0.00
2024-03-11T05:00,20.1,8.0,54,93,0.00
2024-03-11T06:00,20.2,9.0,53,94,0.00
2024-03-11T07:00,22.5,9.0,37,85,0.00
2024-03-11T08:00,24.7,12.6,20,73,0.00
2024-03-11T09:00,26.4,15.0,27,67,0.00
2024-03-11T10:00,28.5,17.3,36,56,0.00
2024-03-11T11:00,30.4,20.4,49,48,0.00
2024-03-11T12:00,29.8,19.2,52,52,0.00
2024-03-11T13:00,30.0,17.4,50,52,0.00
2024-03-11T14:00,29.6,16.9,50,55,0.00
2024-03-11T15:00,29.3,17.1,51,57,0.00
2024-03-11T16:00,28.9,17.7,52,59,0.00
2024-03-11T17:00,28.3,12.8,58,61,0.00
2024-03-11T18:00,26.5,10.5,49,67,0.00
2024-03-11T19:00,25.3,11.7,47,71,0.00
2024-03-11T20:00,24.4,9.4,47,76,0.00
2024-03-11T21:00,23.8,8.1,45,82,0.00
2024-03-11T22:00,23.1,7.4,51,85,0.00
2024-03-11T23:00,22.7,8.0,63,86,0.00
2024-03-12T00:00,22.2,8.9,69,86,0.00
2024-03-12T01:00,21.9,9.2,64,85,0.00
2024-03-12T02:00,21.8,9.3,62,86,0.00
2024-03-12T03:00,22.0,9.5,65,83,0.00
2024-03-12T04:00,22.2,8.4,65,81,0.00
2024-03-12T05:00,22.3,7.2,63,80,0.00
2024-03-12T06:00,22.2,7.4,61,81,0.00
2024-03-12T07:00,24.5,7.7,37,76,0.00
2024-03-12T08:00,26.4,10.2,23,71,0.00
2024-03-12T09:00,27.0,9.0,29,70,0.10
2024-03-12T10:00,28.1,13.3,33,65,0.10
2024-03-12T11:00,28.9,18.4,40,65,0.10
2024-03-12T12:00,29.0,15.8,49,67,0.10
2024-03-12T13:00,30.7,17.6,46,61,0.20
2024-03-12T14:00,30.5,18.7,52,59,0.40
2024-03-12T15:00,29.5,12.0,51,67,0.30
2024-03-12T16:00,29.6,14.3,45,65,0.00
2024-03-12T17:00,27.8,14.6,33,72,0.10
2024-03-12T18:00,26.3,11.3,27,80,0.00
2024-03-12T19:00,26.0,11.1,29,82,0.00
2024-03-12T20:00,25.7,10.9,27,83,0.00
2024-03-12T21:00,25.0,9.8,24,87,0.00
2024-03-12T22:00,24.8,9.4,23,91,0.00
2024-03-12T23:00,24.7,12.5,18,90,0.00
2024-03-13T00:00,24.6,11.1,13,89,0.10
2024-03-13T01:00,24.0,10.8,21,92,0.00
2024-03-13T02:00,23.8,10.0,26,93,0.00
2024-03-13T03:00,23.7,9.8,24,94,0.00
2024-03-13T04:00,23.6,9.7,22,94,0.00
2024-03-13T05:00,23.5,10.3,25,94,0.00
2024-03-13T06:00,23.7,11.6,30,92,0.00
2024-03-13T07:00,25.1,16.0,31,82,0.00
2024-03-13T08:00,26.2,16.6,30,78,0.10
2024-03-13T09:00,27.5,21.7,43,72,0.10
2024-03-13T10:00,28.8,25.5,46,64,0.20
2024-03-13T11:00,29.8,25.7,47,59,0.10
2024-03-13T12:00,30.3,25.1,52,57,0.00
2024-03-13T13:00,30.4,25.9,55,56,0.00
2024-03-13T14:00,30.4,26.3,57,56,0.00
2024-03-13T15:00,30.1,26.1,55,57,0.00
2024-03-13T16:00,29.4,24.0,54,59,0.00
2024-03-13T17:00,28.2,20.7,55,63,0.00
2024-03-13T18:00,27.3,18.7,52,66,0.00
2024-03-13T19:00,25.9,15.7,53,73,0.00
2024-03-13T20:00,24.7,12.7,47,80,0.00
2024-03-13T21:00,24.6,13.4,54,79,0.00
2024-03-13T22:00,24.4,13.0,46,78,0.00
2024-03-13T23:00,23.6,12.5,41,81,0.00
2024-03-14T00:00,22.7,11.5,44,84,0.00
2024-03-14T01:00,22.0,10.8,53,87,0.00
2024-03-14T02:00,21.5,9.8,54,86,0.00
2024-03-14T03:00,21.1,9.5,53,88,0.00
2024-03-14T04:00,20.7,10.3,54,90,0.00
2024-03-14T05:00,20.6,10.6,55,91,0.00
2024-03-14T06:00,20.7,11.0,58,91,0.00
2024-03-14T07:00,23.6,13.0,39,82,0.00
2024-03-14T08:00,25.8,19.2,38,73,0.00
2024-03-14T09:00,27.8,24.7,42,63,0.00
2024-03-14T10:00,28.5,22.1,46,62,0.00
2024-03-14T11:00,29.4,21.7,54,59,0.00
2024-03-14T12:00,29.4,20.1,54,60,0.00
2024-03-14T13:00,30.7,21.3,51,55,0.00
2024-03-14T14:00,30.3,20.3,53,56,0.00
2024-03-14T15:00,30.1,20.2,55,56,0.00
2024-03-14T16:00,29.4,19.4,55,58,0.00
2024-03-14T17:00,28.2,16.9,50,62,0.00
2024-03-14T18:00,27.1,13.8,43,66,0.00
2024-03-14T19:00,25.8,12.7,43,74,0.00
2024-03-14T20:00,25.1,11.0,38,79,0.00
2024-03-14T21:00,25.0,11.3,27,80,0.00
2024-03-14T22:00,24.4,11.6,30,85,0.00
2024-03-14T23:00,24.2,11.3,37,86,0.00
2024-03-15T00:00,24.0,10.5,38,87,0.00
2024-03-15T01:00,23.7,10.4,34,89,0.00
2024-03-15T02:00,23.7,10.8,30,89,0.00
2024-03-15T03:00,23.5,9.8,24,89,0.00
2024-03-15T04:00,23.1,9.2,21,90,0.00
2024-03-15T05:00,22.9,8.8,19,91,0.00
2024-03-15T06:00,22.6,9.8,24,92,0.00
2024-03-15T07:00,24.3,12.2,28,84,0.00
2024-03-15T08:00,26.7,15.4,37,71,0.00
2024-03-15T09:00,28.2,14.8,45,64,0.00
2024-03-15T10:00,29.2,16.3,49,61,0.00
2024-03-15T11:00,29.9,17.4,50,58,0.00
2024-03-15T12:00,30.0,19.2,56,58,0.00
2024-03-15T13:00,30.6,21.0,55,56,0.00
2024-03-15T14:00,29.9,22.4,60,58,0.00
2024-03-15T15:00,29.4,20.1,61,60,0.00
2024-03-15T16:00,28.5,19.5,60,62,0.00
2024-03-15T17:00,27.6,18.2,51,65,0.00
2024-03-15T18:00,26.6,15.6,40,68,0.00
2024-03-15T19:00,25.6,13.0,34,72,0.00
2024-03-15T20:00,24.7,11.9,29,77,0.00
2024-03-15T21:00,24.6,11.1,29,79,0.00
2024-03-15T22:00,23.8,10.1,35,83,0.00
2024-03-15T23:00,22.9,9.4,47,88,0.00
2024-03-16T00:00,22.4,9.7,48,91,0.00
2024-03-16T01:00,21.9,9.4,50,93,0.00
2024-03-16T02:00,21.4,9.3,54,95,0.00
2024-03-16T03:00,21.0,9.5,61,96,0.00
2024-03-16T04:00,20.8,9.5,65,97,0.00
2024-03-16T05:00,20.6,9.5,61,97,0.00
2024-03-16T06:00,20.8,10.5,59,97,0.00
2024-03-16T07:00,23.2,10.4,46,87,0.00
2024-03-16T08:00,25.5,12.8,32,77,0.00
2024-03-16T09:00,27.4,15.8,30,67,0.00
2024-03-16T10:00,29.6,19.7,40,56,0.00
2024-03-16T11:00,30.7,20.6,43,51,0.00
2024-03-16T12:00,31.4,20.7,50,49,0.00
2024-03-16T13:00,31.6,19.9,55,49,0.00
2024-03-16T14:00,31.0,20.7,59,52,0.00
2024-03-16T15:00,30.7,22.2,54,53,0.00
2024-03-16T16:00,29.4,22.9,53,58,0.00
2024-03-16T17:00,28.1,20.8,53,64,0.00
2024-03-16T18:00,26.7,17.8,48,70,0.00
2024-03-16T19:00,25.7,15.3,47,76,0.00
2024-03-16T20:00,25.0,15.0,46,80,0.00
2024-03-16T21:00,24.9,13.8,43,79,0.00
2024-03-16T22:00,24.4,13.7,45,82,0.00
2024-03-16T23:00,24.1,13.2,45,84,0.00
2024-03-17T00:00,24.0,13.0,46,84,0.00
2024-03-17T01:00,23.6,12.0,46,85,0.00
2024-03-17T02:00,23.4,10.2,45,85,0.00
2024-03-17T03:00,22.8,9.7,45,88,0.00
2024-03-17T04:00,22.0,8.9,43,91,0.00
2024-03-17T05:00,21.2,8.3,56,95,0.00
2024-03-17T06:00,21.0,9.2,64,94,0.00
2024-03-17T07:00,23.6,10.0,41,82,0.00
2024-03-17T08:00,26.1,15.0,35,68,0.00
2024-03-17T09:00,28.2,19.2,40,59,0.00
2024-03-17T10:00,29.5,19.1,43,54,0.00
2024-03-17T11:00,30.7,20.4,44,49,0.00
2024-03-17T12:00,31.5,22.2,47,44,0.00
2024-03-17T13:00,32.3,22.7,49,41,0.00
2024-03-17T14:00,32.0,22.7,54,43,0.00
2024-03-17T15:00,31.2,22.1,62,46,0.00
2024-03-17T16:00,30.2,21.3,66,51,0.00
2024-03-17T17:00,28.8,20.2,68,57,0.00
2024-03-17T18:00,27.7,15.1,65,60,0.00
2024-03-17T19:00,26.8,13.2,61,64,0.00
2024-03-17T20:00,25.5,11.9,61,70,0.00
2024-03-17T21:00,24.8,10.4,56,73,0.00
2024-03-17T22:00,23.8,8.9,47,78,0.00
2024-03-17T23:00,22.9,9.7,51,83,0.00
2024-03-18T00:00,22.7,9.2,59,85,0.00
2024-03-18T01:00,22.7,8.0,54,85,0.00
2024-03-18T02:00,22.2,7.1,49,88,0.00
2024-03-18T03:00,21.5,7.5,55,92,0.00
2024-03-18T04:00,20.7,8.4,65,95,0.00
2024-03-18T05:00,20.2,8.7,66,94,0.00
2024-03-18T06:00,19.9,9.4,67,92,0.00
2024-03-18T07:00,22.8,9.6,34,78,0.00
2024-03-18T08:00,25.4,11.0,19,68,0.00
2024-03-18T09:00,27.7,11.9,25,58,0.00
2024-03-18T10:00,29.7,13.5,34,46,0.00
2024-03-18T11:00,30.6,13.6,40,46,0.00
2024-03-18T12:00,31.3,13.0,51,45,0.00
2024-03-18T13:00,31.8,11.9,55,44,0.00
2024-03-18T14:00,32.3,8.8,35,42,0.00
2024-03-18T15:00,31.9,10.9,34,42,0.00
2024-03-18T16:00,31.1,14.8,47,45,0.00
2024-03-18T17:00,29.5,19.6,49,51,0.00
2024-03-18T18:00,28.3,16.1,40,55,0.00
2024-03-18T19:00,26.8,14.1,58,64,0.00
2024-03-18T20:00,25.7,13.8,57,70,0.00
2024-03-18T21:00,25.7,7.6,45,72,0.00
2024-03-18T22:00,25.0,6.8,32,76,0.00
2024-03-18T23:00,24.3,7.4,23,80,0.00
2024-03-19T00:00,23.8,9.4,32,83,0.00
2024-03-19T01:00,23.4,10.5,38,85,0.00
2024-03-19T02:00,23.0,10.1,35,87,0.00
2024-03-19T03:00,22.7,9.5,37,88,0.00
2024-03-19T04:00,22.1,8.9,47,91,0.00
2024-03-19T05:00,21.4,8.5,54,94,0.00
2024-03-19T06:00,20.8,9.0,67,95,0.00
2024-03-19T07:00,23.1,8.2,49,83,0.00
2024-03-19T08:00,26.0,9.0,23,69,0.00
2024-03-19T09:00,27.8,10.7,14,63,0.00
2024-03-19T10:00,29.7,11.8,20,54,0.00
2024-03-19T11:00,30.9,10.6,35,48,0.00
2024-03-19T12:00,31.3,8.9,43,46,0.00
2024-03-19T13:00,32.5,6.3,31,43,0.00
2024-03-19T14:00,32.7,6.1,360,41,0.00
2024-03-19T15:00,32.4,12.3,5,42,0.00
2024-03-19T16:00,31.0,16.4,15,48,0.00
2024-03-19T17:00,30.0,16.3,43,52,0.00
2024-03-19T18:00,27.9,16.6,51,61,0.00
2024-03-19T19:00,27.7,12.4,54,61,0.00
2024-03-19T20:00,26.9,11.8,70,65,0.00
2024-03-19T21:00,26.9,5.8,7,65,0.00
2024-03-19T22:00,26.2,5.4,8,70,0.00
2024-03-19T23:00,25.3,2.9,30,76,0.00
2024-03-20T00:00,24.5,2.4,27,81,0.00
2024-03-20T01:00,24.2,4.8,48,82,0.00
2024-03-20T02:00,23.8,6.2,54,84,0.00
2024-03-20T03:00,23.5,6.0,57,85,0.00
2024-03-20T04:00,23.1,5.3,62,86,0.00
2024-03-20T05:00,22.5,5.2,56,89,0.00
2024-03-20T06:00,22.1,6.8,65,91,0.00
2024-03-20T07:00,24.4,6.3,31,82,0.00
2024-03-20T08:00,26.7,8.7,17,72,0.00
2024-03-20T09:00,29.2,13.8,33,57,0.00
2024-03-20T10:00,30.4,14.6,40,52,0.00
2024-03-20T11:00,31.6,14.0,48,48,0.00
2024-03-20T12:00,32.5,15.3,49,44,0.00
2024-03-20T13:00,33.0,15.2,54,41,0.00
2024-03-20T14:00,33.5,14.7,59,40,0.00
2024-03-20T15:00,33.2,16.4,50,42,0.00
2024-03-20T16:00,31.6,19.7,59,48,0.20
2024-03-20T17:00,29.2,20.9,69,58,0.00
2024-03-20T18:00,27.7,13.9,69,66,0.00
2024-03-20T19:00,26.9,13.2,61,71,0.00
2024-03-20T20:00,26.4,13.5,56,73,0.00
2024-03-20T21:00,26.4,11.0,49,73,0.00
2024-03-20T22:00,26.0,8.4,40,74,0.00
2024-03-20T23:00,25.5,8.0,27,77,0.00
2024-03-21T00:00,24.8,7.7,28,81,0.00
2024-03-21T01:00,24.3,7.2,37,84,0.00
2024-03-21T02:00,23.7,6.6,45,88,0.00
2024-03-21T03:00,23.0,7.9,51,91,0.00
2024-03-21T04:00,22.6,7.3,57,92,0.00
2024-03-21T05:00,22.6,7.4,61,91,0.00
2024-03-21T06:00,22.5,7.6,65,92,0.00
2024-03-21T07:00,24.8,7.6,25,81,0.00
2024-03-21T08:00,27.1,14.1,32,70,0.00
2024-03-21T09:00,28.9,17.3,31,62,0.00
2024-03-21T10:00,30.3,16.5,36,56,0.00
2024-03-21T11:00,31.4,17.6,46,53,0.10
2024-03-21T12:00,31.7,17.4,52,52,0.10
2024-03-21T13:00,32.0,18.0,53,55,0.10
2024-03-21T14:00,31.3,22.1,62,54,0.90
2024-03-21T15:00,29.4,20.6,65,62,0.20
2024-03-21T16:00,28.6,18.5,57,63,0.00
2024-03-21T17:00,28.0,18.8,61,66,0.00
2024-03-21T18:00,26.5,14.5,67,71,0.00
2024-03-21T19:00,26.0,15.3,51,73,0.00
2024-03-21T20:00,25.7,15.5,46,74,0.00
2024-03-21T21:00,25.6,12.1,53,74,0.00
2024-03-21T22:00,25.6,12.3,50,73,0.00
2024-03-21T23:00,25.3,11.5,39,75,0.00
2024-03-22T00:00,24.6,9.5,37,78,0.00
2024-03-22T01:00,24.3,8.9,43,79,0.00
2024-03-22T02:00,23.9,7.7,41,80,0.00
2024-03-22T03:00,23.7,8.0,54,80,0.00
2024-03-22T04:00,23.3,6.6,49,81,0.00
2024-03-22T05:00,22.9,6.4,47,83,0.00
2024-03-22T06:00,22.7,7.6,45,85,0.00
2024-03-22T07:00,24.7,9.7,27,77,0.00
2024-03-22T08:00,26.6,14.4,32,65,0.00
2024-03-22T09:00,28.1,17.4,38,55,0.00
2024-03-22T10:00,29.7,16.8,43,51,0.00
2024-03-22T11:00,30.6,16.1,42,48,0.00
2024-03-22T12:00,31.4,15.5,48,46,0.00
2024-03-22T13:00,32.7,14.3,56,42,0.00
2024-03-22T14:00,31.5,20.0,76,48,0.00
2024-03-22T15:00,31.1,18.2,72,48,0.00
2024-03-22T16:00,30.7,18.4,59,49,0.00
2024-03-22T17:00,29.6,17.4,60,52,0.00
2024-03-22T18:00,28.1,16.4,61,55,0.00
2024-03-22T19:00,26.9,16.9,61,62,0.00
2024-03-22T20:00,25.7,15.3,51,68,0.00
2024-03-22T21:00,25.1,16.1,39,71,0.00
2024-03-22T22:00,24.5,15.3,30,74,0.00
2024-03-22T23:00,24.0,14.2,27,75,0.00
2024-03-23T00:00,23.4,12.6,27,77,0.00
2024-03-23T01:00,22.9,11.5,32,79,0.00
2024-03-23T02:00,22.3,10.6,35,82,0.00
2024-03-23T03:00,21.8,10.3,36,85,0.00
2024-03-23T04:00,21.3,11.2,40,88,0.00
2024-03-23T05:00,21.0,10.7,42,89,0.00
2024-03-23T06:00,21.0,10.7,45,89,0.00
2024-03-23T07:00,24.0,11.8,27,76,0.00
2024-03-23T08:00,26.5,16.6,30,67,0.00
2024-03-23T09:00,29.0,18.1,44,56,0.00
2024-03-23T10:00,30.4,19.2,50,51,0.00
2024-03-23T11:00,31.0,20.0,56,50,0.00
2024-03-23T12:00,31.3,18.7,50,48,0.00
2024-03-23T13:00,30.2,17.5,53,54,0.00
2024-03-23T14:00,31.6,19.4,48,50,0.10
2024-03-23T15:00,31.6,20.5,52,49,0.00
2024-03-23T16:00,30.6,19.9,55,51,0.00
2024-03-23T17:00,28.9,19.6,54,57,0.00
2024-03-23T18:00,27.4,17.3,47,63,0.00
2024-03-23T19:00,26.3,18.1,44,70,0.00
2024-03-23T20:00,25.4,18.1,41,75,0.00
2024-03-23T21:00,25.0,14.6,33,77,0.00
2024-03-23T22:00,24.4,13.8,33,79,0.00
2024-03-23T23:00,24.0,14.0,35,81,0.00
2024-03-24T00:00,23.7,13.7,35,84,0.00
2024-03-24T01:00,23.6,12.5,33,85,0.00
2024-03-24T02:00,23.4,11.8,38,87,0.00
2024-03-24T03:00,23.5,12.3,40,87,0.00
2024-03-24T04:00,23.5,12.5,39,87,0.00
2024-03-24T05:00,23.4,12.5,39,87,0.00
2024-03-24T06:00,23.7,12.5,39,86,0.00
2024-03-24T07:00,25.5,13.8,33,78,0.00
2024-03-24T08:00,27.4,17.0,36,70,0.00
2024-03-24T09:00,27.9,19.2,40,68,0.00
2024-03-24T10:00,29.1,20.7,40,65,0.00
2024-03-24T11:00,30.3,21.7,48,59,0.10
2024-03-24T12:00,31.4,20.9,49,53,0.10
2024-03-24T13:00,30.8,22.7,49,59,0.20
2024-03-24T14:00,30.2,22.6,53,59,0.30
2024-03-24T15:00,30.1,24.9,51,58,0.10
2024-03-24T16:00,29.8,21.7,50,54,0.00
2024-03-24T17:00,28.8,19.4,43,54,0.00
2024-03-24T18:00,27.2,16.7,37,61,0.00
2024-03-24T19:00,26.0,16.6,39,70,0.00
2024-03-24T20:00,25.2,13.9,31,76,0.00
2024-03-24T21:00,25.1,15.1,33,79,0.00
2024-03-24T22:00,24.9,15.0,27,80,0.00
2024-03-24T23:00,24.7,14.5,27,81,0.00
2024-03-25T00:00,24.5,13.7,27,82,0.00
2024-03-25T01:00,24.4,12.7,29,82,0.00
2024-03-25T02:00,24.2,12.9,30,83,0.00
2024-03-25T03:00,24.0,13.1,32,85,0.00
2024-03-25T04:00,23.7,11.7,34,86,0.00
2024-03-25T05:00,24.2,11.8,40,84,0.00
2024-03-25T06:00,24.3,12.0,49,83,0.00
2024-03-25T07:00,25.6,15.1,38,78,0.00
2024-03-25T08:00,27.4,17.9,40,69,0.00
2024-03-25T09:00,29.4,16.5,44,60,0.00
2024-03-25T10:00,30.0,15.6,52,59,0.00
2024-03-25T11:00,31.1,13.7,55,57,0.00
2024-03-25T12:00,32.6,15.6,56,52,0.20
2024-03-25T13:00,32.5,17.0,58,54,0.40
2024-03-25T14:00,32.1,16.6,56,56,0.00
2024-03-25T15:00,32.0,14.8,56,57,0.00
2024-03-25T16:00,31.6,16.0,59,59,0.00
2024-03-25T17:00,29.7,15.0,55,66,0.00
2024-03-25T18:00,28.4,13.3,57,71,0.00
2024-03-25T19:00,27.5,10.6,35,74,0.00
2024-03-25T20:00,26.9,9.6,34,78,0.00
2024-03-25T21:00,26.8,9.6,20,79,0.00
2024-03-25T22:00,26.5,9.2,26,80,0.00
2024-03-25T23:00,26.4,8.4,25,80,0.00
2024-03-26T00:00,26.1,10.2,32,83,0.00
2024-03-26T01:00,25.3,8.7,42,87,0.00
2024-03-26T02:00,25.1,7.8,56,87,0.00
2024-03-26T03:00,24.9,6.4,63,87,0.00
2024-03-26T04:00,24.8,6.6,68,87,0.00
2024-03-26T05:00,24.2,6.9,84,88,0.00
2024-03-26T06:00,23.9,7.3,79,89,0.00
2024-03-26T07:00,26.3,6.6,49,79,0.00
2024-03-26T08:00,28.4,7.8,22,69,0.00
2024-03-26T09:00,29.7,7.3,20,65,0.10
2024-03-26T10:00,31.4,5.9,11,57,0.20
2024-03-26T11:00,32.4,6.0,17,53,0.20
2024-03-26T12:00,32.9,5.9,43,51,0.40
2024-03-26T13:00,33.4,5.5,67,53,0.10
2024-03-26T14:00,33.3,8.3,56,53,0.00
2024-03-26T15:00,30.6,7.6,25,63,0.00
2024-03-26T16:00,30.0,5.6,50,65,0.00
2024-03-26T17:00,29.8,7.1,15,65,0.00
2024-03-26T18:00,28.8,9.5,25,68,0.00
2024-03-26T19:00,28.2,11.0,41,71,0.00
2024-03-26T20:00,27.5,9.9,46,74,0.00
2024-03-26T21:00,26.8,8.2,23,81,0.00
2024-03-26T22:00,26.1,8.3,34,84,0.00
2024-03-26T23:00,25.4,8.1,45,87,0.00
2024-03-27T00:00,24.9,10.2,51,89,0.00
2024-03-27T01:00,24.6,10.8,53,91,0.00
2024-03-27T02:00,24.3,10.3,54,91,0.00
2024-03-27T03:00,24.3,10.7,57,89,0.00
2024-03-27T04:00,24.2,10.0,60,90,0.00
2024-03-27T05:00,23.8,10.3,65,91,0.00
2024-03-27T06:00,23.5,11.6,68,91,0.00
2024-03-27T07:00,25.6,9.7,51,80,0.00
2024-03-27T08:00,27.8,11.0,32,72,0.00
2024-03-27T09:00,30.3,12.9,36,59,0.00
2024-03-27T10:00,31.6,14.8,51,54,0.10
2024-03-27T11:00,32.3,14.4,58,53,0.10
2024-03-27T12:00,33.0,15.5,54,50,0.00
2024-03-27T13:00,32.9,17.2,64,52,0.00
2024-03-27T14:00,31.1,18.3,54,57,0.50
2024-03-27T15:00,31.1,17.1,62,58,0.10
2024-03-27T16:00,30.3,14.1,58,60,0.00
2024-03-27T17:00,29.6,15.4,57,62,0.00
2024-03-27T18:00,28.2,12.1,53,68,0.00
2024-03-27T19:00,27.0,11.5,49,74,0.00
2024-03-27T20:00,26.5,10.9,46,77,0.00
2024-03-27T21:00,26.5,7.8,22,78,0.00
2024-03-27T22:00,26.1,8.5,28,81,0.00
2024-03-27T23:00,25.6,8.3,34,83,0.00
2024-03-28T00:00,25.3,8.9,50,83,0.00
2024-03-28T01:00,24.9,8.3,56,84,0.00
2024-03-28T02:00,24.1,9.4,67,87,0.00
2024-03-28T03:00,23.5,9.7,59,89,0.00
2024-03-28T04:00,23.2,10.0,69,91,0.00
2024-03-28T05:00,22.9,9.6,70,92,0.00
2024-03-28T06:00,23.0,10.2,72,91,0.00
2024-03-28T07:00,26.1,9.2,45,79,0.00
2024-03-28T08:00,28.3,13.9,37,69,0.00
2024-03-28T09:00,29.9,15.3,43,62,0.20
2024-03-28T10:00,30.7,14.1,52,59,0.20
2024-03-28T11:00,31.1,15.4,53,59,0.10
2024-03-28T12:00,31.8,15.3,49,56,0.00
2024-03-28T13:00,32.5,15.6,56,53,0.00
2024-03-28T14:00,31.5,19.0,65,58,0.40
2024-03-28T15:00,29.6,16.9,50,65,0.10
2024-03-28T16:00,30.2,15.3,41,63,0.10
2024-03-28T17:00,28.7,15.6,56,68,0.00
2024-03-28T18:00,27.5,11.0,41,72,0.00
2024-03-28T19:00,26.7,11.8,40,76,0.00
2024-03-28T20:00,26.2,11.6,30,80,0.00
2024-03-28T21:00,26.2,9.7,27,79,0.00
2024-03-28T22:00,25.9,9.0,29,81,0.00
2024-03-28T23:00,25.2,8.1,32,85,0.00
2024-03-29T00:00,24.7,8.2,41,88,0.00
2024-03-29T01:00,24.4,8.7,48,89,0.00
2024-03-29T02:00,24.2,8.7,48,91,0.00
2024-03-29T03:00,24.2,9.2,48,90,0.00
2024-03-29T04:00,23.9,8.9,47,91,0.00
2024-03-29T05:00,23.6,8.4,50,93,0.00
2024-03-29T06:00,23.1,10.0,60,95,0.00
2024-03-29T07:00,25.3,9.2,39,84,0.00
2024-03-29T08:00,27.5,12.6,31,72,0.00
2024-03-29T09:00,29.1,10.3,36,66,0.20
2024-03-29T10:00,30.9,12.5,39,59,0.10
2024-03-29T11:00,29.4,15.4,57,64,2.50
2024-03-29T12:00,29.1,16.9,50,65,2.10
2024-03-29T13:00,30.6,15.8,66,59,0.80
2024-03-29T14:00,30.7,16.6,49,58,0.00
2024-03-29T15:00,30.9,15.6,61,56,0.00
2024-03-29T16:00,27.7,11.4,55,72,0.20
2024-03-29T17:00,27.6,11.2,48,70,0.00
2024-03-29T18:00,26.6,8.9,27,75,0.00
2024-03-29T19:00,26.0,10.7,33,78,0.00
2024-03-29T20:00,25.7,10.2,23,78,0.00
2024-03-29T21:00,25.5,11.6,30,79,0.00
2024-03-29T22:00,25.1,11.4,28,81,0.00
2024-03-29T23:00,24.6,10.6,24,83,0.00
2024-03-30T00:00,24.0,8.9,21,86,0.00
2024-03-30T01:00,23.4,10.0,30,90,0.00
2024-03-30T02:00,23.1,11.0,41,91,0.00
2024-03-30T03:00,22.8,11.0,52,92,0.00
2024-03-30T04:00,22.3,10.5,59,91,0.00
2024-03-30T05:00,21.7,10.5,63,92,0.00
2024-03-30T06:00,21.3,10.5,68,92,0.00
2024-03-30T07:00,23.9,9.3,54,80,0.00
2024-03-30T08:00,26.9,10.5,27,65,0.00
2024-03-30T09:00,29.0,10.1,17,60,0.00
2024-03-30T10:00,30.8,11.3,31,54,0.00
2024-03-30T11:00,32.1,11.2,33,49,0.00
2024-03-30T12:00,33.0,11.0,41,45,0.00
2024-03-30T13:00,33.3,12.4,54,43,0.00
2024-03-30T14:00,33.0,14.4,58,44,0.00
2024-03-30T15:00,33.2,14.3,56,43,0.00
2024-03-30T16:00,32.5,15.0,63,48,0.00
2024-03-30T17:00,29.9,19.8,71,59,0.00
2024-03-30T18:00,28.7,17.8,69,64,0.00
2024-03-30T19:00,27.6,15.5,59,70,0.00
2024-03-30T20:00,26.9,14.3,39,74,0.00
2024-03-30T21:00,26.3,11.9,29,76,0.00
2024-03-30T22:00,25.4,12.1,27,81,0.00
2024-03-30T23:00,25.0,11.7,34,83,0.00
2024-03-31T00:00,24.6,11.8,40,84,0.00
2024-03-31T01:00,24.2,11.7,43,86,0.00
2024-03-31T02:00,24.4,11.2,42,86,0.00
2024-03-31T03:00,24.5,11.0,41,86,0.00
2024-03-31T04:00,24.5,11.4,35,86,0.00
2024-03-31T05:00,24.4,10.9,27,87,0.00
2024-03-31T06:00,24.5,11.7,18,86,0.00
2024-03-31T07:00,26.2,13.4,27,78,0.00
2024-03-31T08:00,28.3,16.1,42,67,0.00
2024-03-31T09:00,29.4,14.1,40,63,0.00
2024-03-31T10:00,31.0,14.1,40,56,0.00
2024-03-31T11:00,32.4,14.5,46,51,0.00
2024-03-31T12:00,32.9,15.0,42,50,0.00
2024-03-31T13:00,32.7,16.5,46,51,0.00
2024-03-31T14:00,32.3,18.2,52,52,0.00
2024-03-31T15:00,31.8,19.4,59,53,0.00
2024-03-31T16:00,30.7,20.6,61,56,0.00
2024-03-31T17:00,29.8,19.4,59,59,0.00
2024-03-31T18:00,28.2,17.8,58,62,0.00
2024-03-31T19:00,27.0,17.8,54,66,0.00
2024-03-31T20:00,26.0,15.0,48,72,0.00
2024-03-31T21:00,25.4,13.2,47,76,0.00
2024-03-31T22:00,24.7,12.3,40,80,0.00
2024-03-31T23:00,24.1,10.7,40,84,0.00
2024-04-01T00:00,22.9,9.7,51,90,0.00
2024-04-01T01:00,22.0,10.6,62,94,0.00
2024-04-01T02:00,21.6,11.1,61,94,0.00
2024-04-01T03:00,21.1,12.2,62,93,0.00
2024-04-01T04:00,21.1,12.4,60,91,0.00
2024-04-01T05:00,21.2,12.0,57,89,0.00
2024-04-01T06:00,21.6,11.5,51,88,0.00
2024-04-01T07:00,24.2,11.0,32,78,0.00
2024-04-01T08:00,26.6,14.2,27,70,0.00
2024-04-01T09:00,28.9,16.0,31,60,0.00
2024-04-01T10:00,31.0,16.4,38,51,0.00
2024-04-01T11:00,32.2,16.3,45,47,0.00
2024-04-01T12:00,32.8,16.6,51,44,0.00
2024-04-01T13:00,33.2,16.7,53,41,0.00
2024-04-01T14:00,32.8,18.8,61,44,0.00
2024-04-01T15:00,32.1,19.8,61,47,0.00
2024-04-01T16:00,31.3,19.2,60,50,0.00
2024-04-01T17:00,30.0,18.7,56,54,0.00
2024-04-01T18:00,28.5,16.3,47,59,0.00
2024-04-01T19:00,27.3,17.1,44,65,0.00
2024-04-01T20:00,26.2,15.9,38,70,0.00
2024-04-01T21:00,25.8,14.6,38,70,0.00
2024-04-01T22:00,24.9,12.0,39,75,0.00
2024-04-01T23:00,24.2,12.1,37,80,0.00
2024-04-02T00:00,23.5,10.7,40,85,0.00
2024-04-02T01:00,22.9,10.7,50,89,0.00
2024-04-02T02:00,22.4,10.4,56,92,0.00
2024-04-02T03:00,22.3,9.7,59,94,0.00
2024-04-02T04:00,22.2,9.8,54,94,0.00
2024-04-02T05:00,22.2,10.5,52,94,0.00
2024-04-02T06:00,22.6,11.5,46,92,0.00
2024-04-02T07:00,24.8,12.0,33,82,0.00
2024-04-02T08:00,27.2,14.7,36,68,0.00
2024-04-02T09:00,28.8,13.7,35,62,0.10
2024-04-02T10:00,30.8,13.3,41,53,0.00
2024-04-02T11:00,31.8,15.8,43,49,0.00
2024-04-02T12:00,32.3,18.3,43,48,0.00
2024-04-02T13:00,32.4,17.9,50,48,0.20
2024-04-02T14:00,32.3,18.3,58,48,0.10
2024-04-02T15:00,31.9,18.9,59,49,0.00
2024-04-02T16:00,30.4,19.3,57,56,0.00
2024-04-02T17:00,28.9,19.3,61,61,0.00
2024-04-02T18:00,27.4,18.3,54,68,0.00
2024-04-02T19:00,26.5,16.8,47,72,0.00
2024-04-02T20:00,25.8,15.8,35,77,0.00
2024-04-02T21:00,25.6,14.0,29,78,0.00
2024-04-02T22:00,24.8,13.2,26,82,0.00
2024-04-02T23:00,24.5,12.7,29,83,0.00
2024-04-03T00:00,24.1,13.2,29,86,0.00
2024-04-03T01:00,23.8,12.9,30,86,0.00
2024-04-03T02:00,23.5,11.6,26,88,0.00
2024-04-03T03:00,23.3,11.8,27,89,0.00
2024-04-03T04:00,23.3,11.9,29,88,0.00
2024-04-03T05:00,23.2,11.3,37,88,0.00
2024-04-03T06:00,22.8,11.2,42,89,0.00
2024-04-03T07:00,24.6,12.2,34,79,0.00
2024-04-03T08:00,26.8,13.9,31,68,0.00
2024-04-03T09:00,29.4,14.8,41,55,0.00
2024-04-03T10:00,30.8,15.8,49,51,0.00
2024-04-03T11:00,31.8,16.3,49,46,0.00
2024-04-03T12:00,32.4,17.4,56,44,0.00
2024-04-03T13:00,32.9,16.3,59,42,0.00
2024-04-03T14:00,32.4,15.8,60,43,0.00
2024-04-03T15:00,32.4,14.3,62,42,0.00
2024-04-03T16:00,32.2,15.0,55,43,0.00
2024-04-03T17:00,31.0,15.3,56,46,0.00
2024-04-03T18:00,29.8,12.2,56,50,0.00
2024-04-03T19:00,28.4,14.7,65,59,0.00
2024-04-03T20:00,27.1,11.6,54,70,0.00
2024-04-03T21:00,26.4,10.7,45,76,0.00
2024-04-03T22:00,25.6,11.2,42,82,0.00
2024-04-03T23:00,25.3,11.9,35,83,0.00
2024-04-04T00:00,25.1,12.7,43,83,0.00
2024-04-04T01:00,24.8,12.9,36,83,0.00
2024-04-04T02:00,24.4,11.8,31,84,0.00
2024-04-04T03:00,23.4,10.5,41,89,0.00
2024-04-04T04:00,22.9,11.2,57,89,0.00
2024-04-04T05:00,23.4,11.7,56,83,0.00
2024-04-04T06:00,24.3,12.2,47,81,0.00
2024-04-04T07:00,25.8,13.5,29,76,0.00
2024-04-04T08:00,27.5,15.7,37,70,0.00
2024-04-04T09:00,29.0,16.8,42,62,0.00
2024-04-04T10:00,29.7,17.3,43,60,0.00
2024-04-04T11:00,30.4,16.3,45,58,0.00
2024-04-04T12:00,31.8,15.5,48,53,0.00
2024-04-04T13:00,32.5,16.4,57,50,0.00
2024-04-04T14:00,32.2,16.6,56,51,0.00
2024-04-04T15:00,32.1,16.9,63,49,0.00
2024-04-04T16:00,31.3,17.7,63,48,0.00
2024-04-04T17:00,30.6,16.7,57,51,0.00
2024-04-04T18:00,28.6,17.4,66,61,0.00
2024-04-04T19:00,27.2,15.8,55,69,0.00
2024-04-04T20:00,26.3,13.3,38,75,0.00
2024-04-04T21:00,26.5,11.3,31,72,0.00
2024-04-04T22:00,26.0,12.4,22,76,0.00
2024-04-04T23:00,25.4,12.7,29,80,0.00
2024-04-05T00:00,25.2,14.5,35,80,0.00
2024-04-05T01:00,24.8,13.9,37,83,0.00
2024-04-05T02:00,24.6,13.0,34,84,0.00
2024-04-05T03:00,24.5,12.8,32,85,0.00
2024-04-05T04:00,24.2,11.6,30,87,0.00
2024-04-05T05:00,24.0,11.1,29,88,0.00
2024-04-05T06:00,24.4,12.6,27,86,0.00
2024-04-05T07:00,26.0,15.4,33,78,0.00
2024-04-05T08:00,28.4,18.4,40,65,0.00
2024-04-05T09:00,29.5,19.4,47,62,0.00
2024-04-05T10:00,30.2,18.4,51,60,0.00
2024-04-05T11:00,31.6,18.0,53,55,0.00
2024-04-05T12:00,33.0,15.5,48,51,0.00
2024-04-05T13:00,33.0,16.4,52,50,0.00
2024-04-05T14:00,32.2,16.8,55,52,0.00
2024-04-05T15:00,31.7,18.1,55,53,0.00
2024-04-05T16:00,30.5,17.6,59,56,0.00
2024-04-05T17:00,29.5,15.9,52,60,0.00
2024-04-05T18:00,28.2,14.0,44,66,0.00
2024-04-05T19:00,27.3,14.2,36,71,0.00
2024-04-05T20:00,26.6,13.7,35,75,0.00
2024-04-05T21:00,26.6,11.8,40,74,0.00
2024-04-05T22:00,26.2,12.1,37,76,0.00
2024-04-05T23:00,25.5,11.5,41,80,0.00
2024-04-06T00:00,25.0,12.0,44,82,0.00
2024-04-06T01:00,24.6,12.0,41,83,0.00
2024-04-06T02:00,24.8,11.5,44,83,0.00
2024-04-06T03:00,24.9,10.6,35,84,0.00
2024-04-06T04:00,24.9,11.1,25,84,0.00
2024-04-06T05:00,24.9,11.3,22,84,0.00
2024-04-06T06:00,25.1,12.0,33,84,0.00
2024-04-06T07:00,26.5,11.0,32,78,0.00
2024-04-06T08:00,27.1,13.0,28,76,0.00
2024-04-06T09:00,29.5,15.3,43,66,0.10
2024-04-06T10:00,28.7,16.6,51,70,2.40
2024-04-06T11:00,28.6,15.2,36,71,0.20
2024-04-06T12:00,30.0,14.1,38,65,0.10
2024-04-06T13:00,29.7,15.6,40,65,0.20
2024-04-06T14:00,29.6,17.6,47,63,0.10
2024-04-06T15:00,29.0,16.8,43,65,0.10
2024-04-06T16:00,29.0,16.1,39,66,0.00
2024-04-06T17:00,27.8,15.9,38,70,0.00
2024-04-06T18:00,26.7,16.3,45,75,0.00
2024-04-06T19:00,26.1,14.7,31,79,0.00
2024-04-06T20:00,25.7,14.8,29,80,0.00
2024-04-06T21:00,25.9,12.9,36,78,0.00
2024-04-06T22:00,25.1,12.4,36,83,0.00
2024-04-06T23:00,25.1,13.4,31,83,0.00
2024-04-07T00:00,24.8,13.8,20,86,0.00
2024-04-07T01:00,24.9,15.7,20,85,0.00
2024-04-07T02:00,24.6,15.5,22,86,0.00
2024-04-07T03:00,23.9,14.5,23,89,0.00
2024-04-07T04:00,23.6,12.8,22,89,0.00
2024-04-07T05:00,23.3,12.1,23,90,0.00
2024-04-07T06:00,23.4,12.2,24,89,0.00
2024-04-07T07:00,24.9,13.0,28,79,0.00
2024-04-07T08:00,27.0,14.3,34,67,0.00
2024-04-07T09:00,29.0,19.1,44,59,0.00
2024-04-07T10:00,30.8,21.3,53,51,0.00
2024-04-07T11:00,31.4,20.4,54,51,0.00
2024-04-07T12:00,31.5,17.3,54,52,0.00
2024-04-07T13:00,32.3,18.5,53,50,0.00
2024-04-07T14:00,32.3,17.6,55,49,0.00
2024-04-07T15:00,31.3,16.9,52,54,0.00
2024-04-07T16:00,30.7,17.1,49,56,0.00
2024-04-07T17:00,29.8,16.5,58,59,0.00
2024-04-07T18:00,28.3,13.8,62,65,0.00
2024-04-07T19:00,27.0,12.1,60,71,0.00
2024-04-07T20:00,25.7,11.0,52,75,0.00
2024-04-07T21:00,25.3,12.7,45,77,0.00
2024-04-07T22:00,24.1,12.2,45,83,0.00
2024-04-07T23:00,23.1,11.0,52,88,0.00
2024-04-08T00:00,22.5,11.4,62,90,0.00
2024-04-08T01:00,21.7,11.9,65,93,0.00
2024-04-08T02:00,20.5,11.8,70,97,0.00
2024-04-08T03:00,20.0,12.5,72,96,0.00
2024-04-08T04:00,19.6,11.8,70,90,0.00
2024-04-08T05:00,19.5,10.0,69,84,0.00
2024-04-08T06:00,20.3,11.3,63,81,0.00
2024-04-08T07:00,23.8,10.2,45,72,0.00
2024-04-08T08:00,26.5,11.0,32,63,0.00
2024-04-08T09:00,29.2,12.2,19,50,0.00
2024-04-08T10:00,31.4,13.2,29,45,0.00
2024-04-08T11:00,32.6,13.3,49,45,0.00
2024-04-08T12:00,33.1,14.3,62,45,0.00
2024-04-08T13:00,33.0,13.8,39,47,0.50
2024-04-08T14:00,31.9,16.1,63,54,1.30
2024-04-08T15:00,30.4,15.1,50,60,0.70
2024-04-08T16:00,29.3,16.1,39,66,0.10
2024-04-08T17:00,28.6,14.5,42,68,0.00
2024-04-08T18:00,27.5,13.5,44,72,0.00
2024-04-08T19:00,26.7,10.7,50,76,0.00
2024-04-08T20:00,26.1,10.2,42,79,0.00
2024-04-08T21:00,26.0,11.0,38,80,0.00
2024-04-08T22:00,25.6,11.2,33,83,0.00
2024-04-08T23:00,25.4,13.4,36,84,0.00
2024-04-09T00:00,24.7,12.5,39,86,0.00
2024-04-09T01:00,23.9,12.0,41,88,0.00
2024-04-09T02:00,22.7,11.0,41,94,0.00
2024-04-09T03:00,22.1,12.0,46,96,0.00
2024-04-09T04:00,21.7,11.8,59,94,0.00
2024-04-09T05:00,21.0,11.6,68,96,0.00
2024-04-09T06:00,21.1,11.0,71,94,0.00
2024-04-09T07:00,24.0,9.4,50,82,0.00
2024-04-09T08:00,27.1,12.1,23,68,0.00
2024-04-09T09:00,29.7,14.8,39,57,0.00
2024-04-09T10:00,31.9,14.5,48,48,0.00
2024-04-09T11:00,32.4,15.4,57,46,0.00
2024-04-09T12:00,32.7,14.8,43,47,0.00
2024-04-09T13:00,33.4,15.6,40,44,0.00
2024-04-09T14:00,33.5,16.3,43,44,0.00
2024-04-09T15:00,33.2,17.8,48,45,0.00
2024-04-09T16:00,31.9,19.0,53,51,0.00
2024-04-09T17:00,30.6,17.9,56,56,0.00
2024-04-09T18:00,29.0,15.2,59,62,0.00
2024-04-09T19:00,27.8,13.2,55,68,0.00
2024-04-09T20:00,26.8,11.1,36,74,0.00
2024-04-09T21:00,26.6,10.8,37,74,0.00
2024-04-09T22:00,25.9,10.4,34,77,0.00
2024-04-09T23:00,25.8,11.8,38,78,0.00
2024-04-10T00:00,25.6,10.3,36,81,0.00
2024-04-10T01:00,25.4,9.3,28,82,0.00
2024-04-10T02:00,25.0,8.6,33,83,0.00
2024-04-10T03:00,24.7,8.3,34,85,0.00
2024-04-10T04:00,24.7,9.4,32,85,0.00
2024-04-10T05:00,24.4,10.9,34,85,0.00
2024-04-10T06:00,24.4,12.0,33,85,0.00
2024-04-10T07:00,25.8,13.1,32,78,0.00
2024-04-10T08:00,27.7,14.7,31,70,0.00
2024-04-10T09:00,26.5,14.4,22,78,0.20
2024-04-10T10:00,28.8,14.0,29,68,0.10
2024-04-10T11:00,31.3,14.8,39,58,0.20
2024-04-10T12:00,32.4,14.5,42,51,0.00
2024-04-10T13:00,33.1,15.0,48,47,0.10
2024-04-10T14:00,33.0,18.4,51,48,0.20
2024-04-10T15:00,31.5,20.0,60,54,0.10
2024-04-10T16:00,30.6,19.3,53,58,0.00
2024-04-10T17:00,29.3,18.5,53,63,0.00
2024-04-10T18:00,27.4,15.1,52,70,0.00
2024-04-10T19:00,26.7,15.8,49,71,0.00
2024-04-10T20:00,26.3,13.3,41,73,0.00
2024-04-10T21:00,26.3,12.5,41,70,0.00
2024-04-10T22:00,25.7,9.7,39,74,0.00
2024-04-10T23:00,25.1,9.2,45,78,0.00
2024-04-11T00:00,24.7,7.7,53,80,0.00
2024-04-11T01:00,24.3,8.2,49,80,0.00
2024-04-11T02:00,23.7,9.2,42,82,0.00
2024-04-11T03:00,22.6,8.9,40,88,0.00
2024-04-11T04:00,21.9,10.7,50,91,0.00
2024-04-11T05:00,21.4,10.5,59,91,0.00
2024-04-11T06:00,21.4,11.3,63,89,0.00
2024-04-11T07:00,23.9,8.9,43,77,0.00
2024-04-11T08:00,26.7,10.5,22,66,0.00
2024-04-11T09:00,29.4,12.0,33,55,0.00
2024-04-11T10:00,31.3,10.9,34,48,0.00
2024-04-11T11:00,32.3,10.4,34,44,0.00
2024-04-11T12:00,33.2,12.3,40,41,0.00
2024-04-11T13:00,33.9,12.0,46,38,0.00
2024-04-11T14:00,34.2,12.2,56,38,0.00
2024-04-11T15:00,33.5,14.8,51,42,0.00
2024-04-11T16:00,32.8,14.6,50,45,0.00
2024-04-11T17:00,31.3,13.9,59,52,0.00
2024-04-11T18:00,29.3,11.9,55,61,0.00
2024-04-11T19:00,28.1,11.0,49,66,0.00
2024-04-11T20:00,27.4,10.5,41,70,0.00
2024-04-11T21:00,26.8,8.7,38,74,0.00
2024-04-11T22:00,25.9,8.9,40,79,0.00
2024-04-11T23:00,25.5,8.9,43,81,0.00
2024-04-12T00:00,25.3,9.2,42,81,0.00
2024-04-12T01:00,24.9,10.0,49,81,0.00
2024-04-12T02:00,24.5,9.4,43,83,0.00
2024-04-12T03:00,23.8,9.0,37,88,0.00
2024-04-12T04:00,23.3,9.4,47,92,0.00
2024-04-12T05:00,23.1,9.1,56,92,0.00
2024-04-12T06:00,22.6,9.2,64,94,0.00
2024-04-12T07:00,25.2,7.4,39,80,0.00
2024-04-12T08:00,27.8,8.3,18,66,0.00
2024-04-12T09:00,30.2,11.9,29,56,0.00
2024-04-12T10:00,32.0,12.5,44,48,0.00
2024-04-12T11:00,33.3,13.1,53,42,0.00
2024-04-12T12:00,33.8,14.5,55,41,0.00
2024-04-12T13:00,33.7,14.0,42,42,0.10
2024-04-12T14:00,33.7,13.9,37,42,0.10
2024-04-12T15:00,33.2,16.0,44,45,0.40
2024-04-12T16:00,31.7,16.1,56,53,0.10
2024-04-12T17:00,30.8,16.0,59,55,0.00
2024-04-12T18:00,29.2,14.6,57,61,0.00
2024-04-12T19:00,27.8,15.6,61,67,0.00
2024-04-12T20:00,26.8,13.5,48,73,0.00
2024-04-12T21:00,26.6,13.0,44,74,0.00
2024-04-12T22:00,25.9,11.3,37,78,0.00
2024-04-12T23:00,25.6,11.4,35,77,0.00
2024-04-13T00:00,25.0,9.2,26,81,0.00
2024-04-13T01:00,24.8,9.7,31,82,0.00
2024-04-13T02:00,24.6,8.7,30,81,0.00
2024-04-13T03:00,23.7,7.4,23,86,0.00
2024-04-13T04:00,22.7,7.7,41,92,0.00
2024-04-13T05:00,21.9,10.5,63,94,0.00
2024-04-13T06:00,22.1,11.5,70,88,0.00
2024-04-13T07:00,25.3,9.6,34,75,0.00
2024-04-13T08:00,27.7,12.2,19,67,0.00
2024-04-13T09:00,29.8,13.4,36,58,0.20
2024-04-13T10:00,30.4,14.1,50,56,0.30
2024-04-13T11:00,32.1,14.5,46,50,0.30
2024-04-13T12:00,33.0,14.8,45,46,0.10
2024-04-13T13:00,33.4,14.0,48,45,0.00
2024-04-13T14:00,33.6,13.8,49,45,0.00
2024-04-13T15:00,33.4,14.7,54,45,0.00
2024-04-13T16:00,32.2,16.2,53,50,0.00
2024-04-13T17:00,31.1,15.2,59,53,0.00
2024-04-13T18:00,29.4,15.2,59,61,0.00
2024-04-13T19:00,28.0,14.5,55,68,0.00
2024-04-13T20:00,27.2,11.8,40,73,0.00
2024-04-13T21:00,26.8,11.3,37,75,0.00
2024-04-13T22:00,26.2,12.1,37,77,0.00
2024-04-13T23:00,25.5,11.9,29,80,0.00
2024-04-14T00:00,25.1,11.5,32,81,0.00
2024-04-14T01:00,24.9,9.8,36,82,0.00
2024-04-14T02:00,24.4,9.0,29,84,0.00
2024-04-14T03:00,23.8,9.0,37,88,0.00
2024-04-14T04:00,23.5,8.4,59,89,0.00
2024-04-14T05:00,22.5,8.8,81,92,0.00
2024-04-14T06:00,22.3,9.1,83,89,0.00
2024-04-14T07:00,25.4,7.1,45,75,0.00
2024-04-14T08:00,28.0,10.5,22,64,0.00
2024-04-14T09:00,30.6,13.0,42,53,0.00
2024-04-14T10:00,32.0,13.3,49,48,0.00
2024-04-14T11:00,32.5,13.3,38,47,0.00
2024-04-14T12:00,33.0,13.8,49,45,0.00
2024-04-14T13:00,33.6,13.8,51,43,0.00
2024-04-14T14:00,33.7,12.8,50,42,0.10
2024-04-14T15:00,33.4,13.3,57,44,0.40
2024-04-14T16:00,32.2,15.1,65,48,0.20
2024-04-14T17:00,30.5,15.1,65,56,0.00
2024-04-14T18:00,29.1,13.4,54,61,0.00
2024-04-14T19:00,28.1,13.5,46,67,0.00
2024-04-14T20:00,27.3,12.2,34,72,0.00
2024-04-14T21:00,27.0,12.0,39,74,0.00
2024-04-14T22:00,26.3,10.5,38,79,0.00
2024-04-14T23:00,25.5,10.5,41,83,0.00
2024-04-15T00:00,25.0,11.2,45,82,0.00
2024-04-15T01:00,24.7,9.9,44,83,0.00
2024-04-15T02:00,24.1,10.0,49,85,0.00
2024-04-15T03:00,23.8,10.9,56,86,0.00
2024-04-15T04:00,23.6,11.5,58,87,0.00
2024-04-15T05:00,23.5,10.0,52,88,0.00
2024-04-15T06:00,23.6,10.8,53,89,0.00
2024-04-15T07:00,26.4,11.4,28,76,0.00
2024-04-15T08:00,29.1,16.1,39,63,0.00
2024-04-15T09:00,31.6,16.6,42,55,0.00
2024-04-15T10:00,32.0,18.2,52,54,0.30
2024-04-15T11:00,31.7,17.2,53,57,0.10
2024-04-15T12:00,33.0,15.3,49,55,0.00
2024-04-15T13:00,34.1,13.8,49,50,0.00
2024-04-15T14:00,33.7,15.4,57,49,0.10
2024-04-15T15:00,32.3,18.7,56,53,0.20
2024-04-15T16:00,30.8,13.8,43,62,0.60
2024-04-15T17:00,29.9,15.5,48,62,0.10
2024-04-15T18:00,28.3,14.3,49,70,0.00
2024-04-15T19:00,27.6,13.5,42,74,0.00
2024-04-15T20:00,26.8,11.8,38,77,0.00
2024-04-15T21:00,27.1,8.9,32,76,0.00
2024-04-15T22:00,26.3,7.6,31,79,0.00
2024-04-15T23:00,25.5,6.6,41,81,0.00
2024-04-16T00:00,24.7,7.7,53,84,0.00
2024-04-16T01:00,24.2,8.9,69,85,0.00
2024-04-16T02:00,23.6,8.6,68,86,0.00
2024-04-16T03:00,23.2,8.0,80,86,0.00
2024-04-16T04:00,22.8,8.4,83,88,0.00
2024-04-16T05:00,22.5,8.1,77,88,0.00
2024-04-16T06:00,22.8,8.6,68,86,0.00
2024-04-16T07:00,26.0,8.2,23,73,0.00
2024-04-16T08:00,28.3,13.4,24,62,0.00
2024-04-16T09:00,30.8,16.9,40,53,0.00
2024-04-16T10:00,32.1,15.5,48,47,0.00
2024-04-16T11:00,33.3,14.8,49,43,0.00
2024-04-16T12:00,33.8,15.6,40,42,0.00
2024-04-16T13:00,33.8,16.5,46,44,0.50
2024-04-16T14:00,33.5,16.0,54,45,0.40
2024-04-16T15:00,32.8,15.6,61,49,0.80
2024-04-16T16:00,31.6,15.3,66,56,0.00
2024-04-16T17:00,30.4,12.6,63,60,0.00
2024-04-16T18:00,28.7,11.3,53,67,0.00
2024-04-16T19:00,27.8,10.0,38,72,0.00
2024-04-16T20:00,27.1,10.0,26,75,0.00
2024-04-16T21:00,26.7,10.0,21,77,0.00
2024-04-16T22:00,26.3,8.7,24,79,0.00
2024-04-16T23:00,25.9,8.7,30,81,0.00
2024-04-17T00:00,25.8,7.9,30,81,0.00
2024-04-17T01:00,25.4,8.4,40,83,0.00
2024-04-17T02:00,25.0,8.2,49,83,0.00
2024-04-17T03:00,24.6,7.8,56,84,0.00
2024-04-17T04:00,24.2,7.6,59,86,0.00
2024-04-17T05:00,23.7,8.0,63,88,0.00
2024-04-17T06:00,23.7,9.5,61,88,0.00
2024-04-17T07:00,26.2,9.8,28,78,0.00
2024-04-17T08:00,28.4,13.2,29,67,0.00
2024-04-17T09:00,30.6,15.1,40,55,0.00
2024-04-17T10:00,32.3,14.8,51,46,0.00
2024-04-17T11:00,33.4,15.5,54,43,0.00
2024-04-17T12:00,34.1,16.4,52,40,0.00
2024-04-17T13:00,34.5,18.0,53,38,0.00
2024-04-17T14:00,34.3,18.4,55,39,0.00
2024-04-17T15:00,33.9,20.0,56,40,0.00
2024-04-17T16:00,33.0,19.5,56,43,0.00
2024-04-17T17:00,31.9,17.4,66,47,0.00
2024-04-17T18:00,30.2,14.2,66,53,0.00
2024-04-17T19:00,28.7,13.2,61,61,0.00
2024-04-17T20:00,27.7,11.2,50,68,0.00
2024-04-17T21:00,27.1,13.0,46,72,0.00
2024-04-17T22:00,26.4,10.2,48,76,0.00
2024-04-17T23:00,25.9,9.4,40,77,0.00
2024-04-18T00:00,25.2,8.1,45,79,0.00
2024-04-18T01:00,24.8,7.6,45,81,0.00
2024-04-18T02:00,24.3,7.4,51,84,0.00
2024-04-18T03:00,23.8,8.2,52,87,0.00
2024-04-18T04:00,23.3,7.4,39,90,0.00
2024-04-18T05:00,23.0,8.2,38,93,0.00
2024-04-18T06:00,22.9,7.9,47,92,0.00
2024-04-18T07:00,25.1,7.4,29,80,0.00
2024-04-18T08:00,28.0,9.7,22,64,0.00
2024-04-18T09:00,30.2,11.4,18,55,0.00
2024-04-18T10:00,32.3,10.1,27,45,0.00
2024-04-18T11:00,33.8,9.7,27,39,0.00
2024-04-18T12:00,34.9,10.0,30,34,0.00
2024-04-18T13:00,35.7,10.8,30,32,0.00
2024-04-18T14:00,35.8,10.8,26,32,0.00
2024-04-18T15:00,35.5,11.1,25,33,0.00
2024-04-18T16:00,34.3,12.8,38,38,0.00
2024-04-18T17:00,32.4,15.6,50,47,0.00
2024-04-18T18:00,30.7,17.6,64,53,0.00
2024-04-18T19:00,29.8,14.6,50,57,0.00
2024-04-18T20:00,28.3,9.2,51,67,0.00
2024-04-18T21:00,28.4,8.2,29,67,0.00
2024-04-18T22:00,27.4,10.2,23,73,0.00
2024-04-18T23:00,26.8,10.4,20,76,0.00
2024-04-19T00:00,26.1,11.1,25,78,0.00
2024-04-19T01:00,25.6,9.1,34,80,0.00
2024-04-19T02:00,25.1,9.0,37,83,0.00
2024-04-19T03:00,24.9,8.9,40,83,0.00
2024-04-19T04:00,24.5,8.8,35,85,0.00
2024-04-19T05:00,24.2,8.2,38,86,0.00
2024-04-19T06:00,24.3,9.2,45,85,0.00
2024-04-19T07:00,26.2,10.5,27,77,0.00
2024-04-19T08:00,28.4,11.3,37,65,0.00
2024-04-19T09:00,30.6,14.1,40,55,0.00
2024-04-19T10:00,31.3,16.5,46,54,0.20
2024-04-19T11:00,32.5,15.9,39,50,0.10
2024-04-19T12:00,33.2,14.3,41,46,0.10
2024-04-19T13:00,34.0,15.6,52,45,0.10
2024-04-19T14:00,33.6,17.3,59,46,0.10
2024-04-19T15:00,33.6,16.9,50,45,0.00
2024-04-19T16:00,32.8,17.6,55,47,0.00
2024-04-19T17:00,31.2,18.5,63,52,0.00
2024-04-19T18:00,29.6,17.8,58,58,0.00
2024-04-19T19:00,28.0,18.7,62,68,0.00
2024-04-19T20:00,26.9,15.3,51,72,0.00
2024-04-19T21:00,26.5,13.3,38,74,0.00
2024-04-19T22:00,25.7,15.5,36,75,0.00
2024-04-19T23:00,24.9,14.2,30,78,0.00
2024-04-20T00:00,24.2,12.6,31,84,0.00
2024-04-20T01:00,24.0,10.8,37,85,0.00
2024-04-20T02:00,23.5,9.7,42,86,0.00
2024-04-20T03:00,23.2,10.0,49,88,0.00
2024-04-20T04:00,22.8,10.8,60,90,0.00
2024-04-20T05:00,22.3,10.6,62,90,0.00
2024-04-20T06:00,22.4,10.7,57,90,0.00
2024-04-20T07:00,25.3,9.1,18,77,0.00
2024-04-20T08:00,27.9,13.7,23,65,0.00
2024-04-20T09:00,30.1,17.4,40,54,0.00
2024-04-20T10:00,32.2,17.3,47,45,0.00
2024-04-20T11:00,33.6,17.4,52,42,0.00
2024-04-20T12:00,34.2,18.2,65,42,0.00
2024-04-20T13:00,33.4,17.6,62,46,0.00
2024-04-20T14:00,34.1,17.7,57,44,0.00
2024-04-20T15:00,32.7,19.1,58,50,0.10
2024-04-20T16:00,31.4,21.1,63,54,0.00
2024-04-20T17:00,30.2,21.0,55,56,0.00
2024-04-20T18:00,28.5,19.2,50,61,0.00
2024-04-20T19:00,27.4,18.1,47,67,0.00
2024-04-20T20:00,26.7,16.3,41,72,0.00
2024-04-20T21:00,26.3,17.3,31,75,0.00
2024-04-20T22:00,25.8,15.0,30,77,0.00
2024-04-20T23:00,25.3,12.4,30,80,0.00
2024-04-21T00:00,25.0,11.8,31,82,0.00
2024-04-21T01:00,24.9,12.0,33,83,0.00
2024-04-21T02:00,24.9,11.9,25,83,0.00
2024-04-21T03:00,25.1,13.6,22,83,0.00
2024-04-21T04:00,25.1,14.0,29,83,0.00
2024-04-21T05:00,24.8,12.1,37,84,0.00
2024-04-21T06:00,24.9,12.1,37,83,0.00
2024-04-21T07:00,27.0,13.0,34,74,0.00
2024-04-21T08:00,29.1,18.6,44,65,0.00
2024-04-21T09:00,29.9,15.5,28,63,0.00
2024-04-21T10:00,29.5,15.0,27,66,0.20
2024-04-21T11:00,29.2,13.7,35,67,0.20
2024-04-21T12:00,30.2,14.6,38,64,0.10
2024-04-21T13:00,30.4,14.7,36,64,0.30
2024-04-21T14:00,29.2,12.1,37,71,1.00
2024-04-21T15:00,28.9,11.2,40,72,0.30
2024-04-21T16:00,28.8,13.1,37,71,0.20
2024-04-21T17:00,28.2,12.6,31,72,0.10
2024-04-21T18:00,27.1,11.6,30,79,0.00
2024-04-21T19:00,26.4,10.4,34,83,0.00
2024-04-21T20:00,26.4,10.0,26,82,0.00
2024-04-21T21:00,26.2,9.5,25,85,0.00
2024-04-21T22:00,25.9,9.8,17,87,0.00
2024-04-21T23:00,25.6,8.6,22,89,0.00
2024-04-22T00:00,25.5,8.7,30,90,0.00
2024-04-22T01:00,25.3,8.7,30,90,0.00
2024-04-22T02:00,25.0,8.7,42,91,0.00
2024-04-22T03:00,24.4,7.9,60,94,0.00
2024-04-22T04:00,24.0,8.3,72,95,0.00
2024-04-22T05:00,23.9,9.2,69,94,0.00
2024-04-22T06:00,24.2,10.1,63,92,0.00
2024-04-22T07:00,26.7,10.2,45,79,0.00
2024-04-22T08:00,29.0,11.4,24,67,0.00
2024-04-22T09:00,31.3,11.8,27,56,0.00
2024-04-22T10:00,33.0,12.0,33,50,0.00
2024-04-22T11:00,34.2,10.7,42,46,0.00
2024-04-22T12:00,35.0,10.7,48,43,0.00
2024-04-22T13:00,35.2,11.8,52,42,0.00
2024-04-22T14:00,34.5,14.0,64,45,0.00
2024-04-22T15:00,33.5,12.5,51,50,0.00
2024-04-22T16:00,32.7,12.8,52,52,0.00
2024-04-22T17:00,30.7,13.5,56,59,0.10
2024-04-22T18:00,29.1,13.3,49,67,0.00
2024-04-22T19:00,28.2,11.7,45,71,0.00
2024-04-22T20:00,27.6,9.7,27,74,0.00
2024-04-22T21:00,28.2,8.9,27,73,0.00
2024-04-22T22:00,27.8,9.6,13,75,0.00
2024-04-22T23:00,26.9,9.7,15,79,0.00
2024-04-23T00:00,26.4,11.4,11,81,0.00
2024-04-23T01:00,26.4,8.7,24,81,0.00
2024-04-23T02:00,26.0,10.5,27,83,0.00
2024-04-23T03:00,25.9,10.6,35,83,0.00
2024-04-23T04:00,25.4,9.4,32,86,0.00
2024-04-23T05:00,25.0,9.1,34,89,0.00
2024-04-23T06:00,25.5,10.2,32,86,0.00
2024-04-23T07:00,27.1,10.8,30,77,0.00
2024-04-23T08:00,29.2,13.0,34,64,0.00
2024-04-23T09:00,31.3,11.6,30,56,0.00
2024-04-23T10:00,33.0,12.0,39,49,0.00
2024-04-23T11:00,34.4,12.0,39,45,0.00
2024-04-23T12:00,34.1,13.2,61,45,0.20
2024-04-23T13:00,33.1,13.7,63,49,0.10
2024-04-23T14:00,33.7,16.9,70,46,0.00
2024-04-23T15:00,32.6,19.0,57,49,0.20
2024-04-23T16:00,30.6,15.8,60,57,0.10
2024-04-23T17:00,29.8,14.8,67,61,0.00
2024-04-23T18:00,28.1,11.0,41,69,0.00
2024-04-23T19:00,27.4,12.5,33,72,0.00
2024-04-23T20:00,26.9,11.6,26,76,0.00
2024-04-23T21:00,27.4,11.0,38,73,0.00
2024-04-23T22:00,27.0,11.4,35,75,0.00
2024-04-23T23:00,26.7,11.2,33,77,0.00
2024-04-24T00:00,26.4,11.5,32,78,0.00
2024-04-24T01:00,26.2,11.3,37,80,0.00
2024-04-24T02:00,26.0,11.0,38,82,0.00
2024-04-24T03:00,25.9,11.6,36,83,0.00
2024-04-24T04:00,25.6,10.9,34,84,0.00
2024-04-24T05:00,25.6,11.6,36,85,0.00
2024-04-24T06:00,25.8,11.8,38,83,0.00
2024-04-24T07:00,27.5,13.8,41,75,0.00
2024-04-24T08:00,29.2,15.0,44,66,0.00
2024-04-24T09:00,31.3,14.3,43,58,0.00
2024-04-24T10:00,33.0,13.2,47,52,0.00
2024-04-24T11:00,33.9,12.7,47,48,0.10
2024-04-24T12:00,34.8,12.2,45,47,0.20
2024-04-24T13:00,34.9,12.7,55,47,0.00
2024-04-24T14:00,33.6,14.4,77,51,0.00
2024-04-24T15:00,31.4,10.9,81,62,3.00
2024-04-24T16:00,30.6,12.0,57,62,0.10
2024-04-24T17:00,29.6,11.5,20,66,0.00
2024-04-24T18:00,28.5,12.5,44,70,0.00
2024-04-24T19:00,27.9,14.6,40,71,0.00
2024-04-24T20:00,26.8,13.5,34,74,0.00
2024-04-24T21:00,26.9,11.5,32,76,0.00
2024-04-24T22:00,26.2,10.9,27,79,0.00
2024-04-24T23:00,25.8,11.3,27,80,0.00
2024-04-25T00:00,25.3,10.0,41,84,0.00
2024-04-25T01:00,24.7,10.0,49,88,0.00
2024-04-25T02:00,24.3,9.7,48,90,0.00
2024-04-25T03:00,24.1,10.3,61,90,0.00
2024-04-25T04:00,24.2,11.4,62,88,0.00
2024-04-25T05:00,23.8,11.6,60,90,0.00
2024-04-25T06:00,24.0,10.5,59,89,0.00
2024-04-25T07:00,26.4,8.4,43,77,0.00
2024-04-25T08:00,29.1,10.3,36,59,0.00
2024-04-25T09:00,31.4,11.3,31,44,0.00
2024-04-25T10:00,33.4,10.0,30,37,0.00
2024-04-25T11:00,35.0,9.4,43,32,0.00
2024-04-25T12:00,35.9,9.4,58,31,0.00
2024-04-25T13:00,36.4,11.5,70,32,0.00
2024-04-25T14:00,36.3,12.9,77,34,0.00
2024-04-25T15:00,35.5,12.6,77,37,0.20
2024-04-25T16:00,34.1,12.0,74,42,0.60
2024-04-25T17:00,32.7,11.3,68,48,0.10
2024-04-25T18:00,31.1,9.4,58,54,0.00
2024-04-25T19:00,30.2,9.2,45,57,0.00
2024-04-25T20:00,29.2,9.5,37,61,0.00
2024-04-25T21:00,28.9,8.7,30,62,0.00
2024-04-25T22:00,27.8,10.0,26,69,0.00
2024-04-25T23:00,26.9,9.5,25,75,0.00
2024-04-26T00:00,26.4,8.7,30,79,0.00
2024-04-26T01:00,25.8,8.1,45,82,0.00
2024-04-26T02:00,25.5,7.0,55,84,0.00
2024-04-26T03:00,25.2,7.1,60,85,0.00
2024-04-26T04:00,25.0,7.0,69,85,0.00
2024-04-26T05:00,24.9,6.6,68,85,0.00
2024-04-26T06:00,25.4,6.5,56,82,0.00
2024-04-26T07:00,27.7,8.0,18,72,0.00
2024-04-26T08:00,29.9,8.5,28,63,0.00
2024-04-26T09:00,31.7,7.7,28,55,0.00
2024-04-26T10:00,33.4,7.1,45,49,0.10
2024-04-26T11:00,34.6,4.6,45,46,0.10
2024-04-26T12:00,35.6,6.0,65,43,0.00
2024-04-26T13:00,32.7,14.8,104,55,1.60
2024-04-26T14:00,32.7,4.5,14,53,0.00
2024-04-26T15:00,32.3,6.9,84,53,0.00
2024-04-26T16:00,30.7,7.9,87,58,0.10
2024-04-26T17:00,28.4,5.4,4,73,1.30
2024-04-26T18:00,26.6,8.6,2,83,1.60
2024-04-26T19:00,26.3,9.4,4,88,0.10
2024-04-26T20:00,26.0,8.4,10,90,0.00
2024-04-26T21:00,26.5,6.6,22,90,0.00
2024-04-26T22:00,26.3,6.8,32,89,0.00
2024-04-26T23:00,25.8,6.9,47,89,0.00
2024-04-27T00:00,25.4,7.1,66,90,0.00
2024-04-27T01:00,25.5,6.1,50,89,0.00
2024-04-27T02:00,25.0,5.2,56,92,0.00
2024-04-27T03:00,24.8,5.7,72,93,0.00
2024-04-27T04:00,24.6,5.5,79,93,0.00
2024-04-27T05:00,24.6,5.2,74,93,0.00
2024-04-27T06:00,25.0,5.7,72,92,0.00
2024-04-27T07:00,27.1,4.4,35,79,0.00
2024-04-27T08:00,28.9,7.8,13,71,0.00
2024-04-27T09:00,30.5,6.5,6,63,0.20
2024-04-27T10:00,31.9,6.8,3,58,0.20
2024-04-27T11:00,33.4,9.0,37,53,0.00
2024-04-27T12:00,31.9,14.5,42,59,0.00
2024-04-27T13:00,32.1,9.8,28,57,0.00
2024-04-27T14:00,31.3,11.5,70,59,0.30
2024-04-27T15:00,30.4,12.0,41,63,0.10
2024-04-27T16:00,28.5,9.4,40,72,1.40
2024-04-27T17:00,27.8,10.5,22,76,0.00
2024-04-27T18:00,26.9,11.0,11,80,0.00
2024-04-27T19:00,26.5,11.0,19,82,0.00
2024-04-27T20:00,26.2,10.0,15,84,0.00
2024-04-27T21:00,26.2,11.1,36,83,0.00
2024-04-27T22:00,26.1,10.1,35,83,0.00
2024-04-27T23:00,25.6,11.1,36,85,0.00
2024-04-28T00:00,25.1,10.5,38,89,0.00
2024-04-28T01:00,24.8,10.5,38,90,0.00
2024-04-28T02:00,24.5,11.0,41,91,0.00
2024-04-28T03:00,24.4,11.6,36,92,0.00
2024-04-28T04:00,24.4,11.6,30,92,0.00
2024-04-28T05:00,24.7,11.6,26,89,0.00
2024-04-28T06:00,25.3,12.4,30,84,0.00
2024-04-28T07:00,26.6,12.4,26,78,0.00
2024-04-28T08:00,28.6,14.9,32,67,0.00
2024-04-28T09:00,30.7,14.5,48,58,0.00
2024-04-28T10:00,31.7,14.0,48,54,0.00
2024-04-28T11:00,32.9,13.7,45,50,0.00
2024-04-28T12:00,33.8,14.0,46,47,0.00
2024-04-28T13:00,33.9,15.8,47,46,0.00
2024-04-28T14:00,33.6,16.1,50,47,0.00
2024-04-28T15:00,33.2,15.8,49,47,0.00
2024-04-28T16:00,32.4,17.1,48,50,0.00
2024-04-28T17:00,30.9,18.7,50,55,0.00
2024-04-28T18:00,29.2,16.9,52,63,0.00
2024-04-28T19:00,28.0,16.9,50,69,0.00
2024-04-28T20:00,26.8,14.3,47,75,0.00
2024-04-28T21:00,26.5,12.3,50,77,0.00
2024-04-28T22:00,25.8,12.8,40,81,0.00
2024-04-28T23:00,25.6,11.7,47,77,0.00
2024-04-29T00:00,24.5,10.6,55,83,0.00
2024-04-29T01:00,23.9,10.2,51,87,0.00
2024-04-29T02:00,23.5,10.0,52,90,0.00
2024-04-29T03:00,23.7,11.3,63,88,0.00
2024-04-29T04:00,24.3,10.6,55,82,0.00
2024-04-29T05:00,24.6,10.3,61,79,0.00
2024-04-29T06:00,25.4,9.7,39,76,0.00
2024-04-29T07:00,27.2,12.7,29,71,0.00
2024-04-29T08:00,28.9,17.3,43,65,0.00
2024-04-29T09:00,28.8,16.5,20,65,0.10
2024-04-29T10:00,30.8,18.7,40,59,0.00
2024-04-29T11:00,32.1,19.9,45,55,0.00
2024-04-29T12:00,32.9,18.9,50,53,0.10
2024-04-29T13:00,33.6,19.3,57,52,0.00
2024-04-29T14:00,32.5,20.3,63,55,0.30
2024-04-29T15:00,32.1,18.6,58,56,0.00
2024-04-29T16:00,31.4,18.0,64,59,0.00
2024-04-29T17:00,30.0,17.4,63,64,0.00
2024-04-29T18:00,28.3,14.7,54,72,0.00
2024-04-29T19:00,27.6,13.3,38,76,0.00
2024-04-29T20:00,27.1,12.9,36,78,0.00
2024-04-29T21:00,27.3,10.1,35,78,0.00
2024-04-29T22:00,27.2,9.7,22,79,0.00
2024-04-29T23:00,26.6,11.3,17,81,0.00
2024-04-30T00:00,25.8,11.3,9,84,0.20
2024-04-30T01:00,25.7,11.8,20,84,0.00
2024-04-30T02:00,25.6,10.0,38,83,0.00
2024-04-30T03:00,25.4,8.7,17,84,0.10
2024-04-30T04:00,25.1,9.8,8,87,0.10
2024-04-30T05:00,24.6,7.3,20,92,0.10
2024-04-30T06:00,24.8,6.4,27,90,0.00
2024-04-30T07:00,26.4,7.3,20,81,0.00
2024-04-30T08:00,28.3,8.2,23,71,0.00
2024-04-30T09:00,29.5,8.5,28,67,0.40
2024-04-30T10:00,31.2,8.6,33,61,0.10
2024-04-30T11:00,31.1,8.2,41,59,0.20
2024-04-30T12:00,32.2,6.4,52,56,0.20
2024-04-30T13:00,30.7,13.9,10,62,0.60
2024-04-30T14:00,28.1,10.5,16,76,10.20
2024-04-30T15:00,29.0,7.6,59,70,0.40
2024-04-30T16:00,28.2,8.4,31,74,0.00
2024-04-30T17:00,27.0,2.4,333,80,0.10
2024-04-30T18:00,26.5,4.2,329,82,0.10
2024-04-30T19:00,25.9,1.8,270,87,0.00
2024-04-30T20:00,25.6,2.3,309,88,0.10
2024-04-30T21:00,25.4,3.8,17,89,0.10
2024-04-30T22:00,25.1,4.6,18,93,0.00
2024-04-30T23:00,25.0,5.2,34,92,0.00
2024-05-01T00:00,24.8,4.4,35,93,0.00
2024-05-01T01:00,24.7,7.7,41,94,0.00
2024-05-01T02:00,23.9,9.5,53,95,0.00
2024-05-01T03:00,23.7,10.5,63,94,0.00
2024-05-01T04:00,23.6,9.7,63,93,0.00
2024-05-01T05:00,23.5,9.5,61,92,0.00
2024-05-01T06:00,23.5,9.3,62,92,0.00
2024-05-01T07:00,25.4,7.1,41,84,0.00
2024-05-01T08:00,27.4,7.1,15,76,0.00
2024-05-01T09:00,29.7,10.0,13,67,0.00
2024-05-01T10:00,31.4,9.0,5,60,0.00
2024-05-01T11:00,32.6,6.9,9,56,0.00
2024-05-01T12:00,32.7,2.2,351,54,0.30
2024-05-01T13:00,31.6,8.3,180,61,0.80
2024-05-01T14:00,32.3,3.5,204,59,0.50
2024-05-01T15:00,31.5,4.0,207,62,0.00
2024-05-01T16:00,30.2,5.1,266,68,0.10
2024-05-01T17:00,26.8,10.7,225,87,2.90
2024-05-01T18:00,26.4,3.2,270,89,0.40
2024-05-01T19:00,26.1,1.8,281,89,1.20
2024-05-01T20:00,26.1,2.5,315,87,0.30
2024-05-01T21:00,25.7,6.1,3,89,0.10
2024-05-01T22:00,25.6,8.7,7,90,0.00
2024-05-01T23:00,25.4,9.9,10,89,0.00
2024-05-02T00:00,25.3,10.1,17,88,0.00
2024-05-02T01:00,25.1,9.7,15,88,0.00
2024-05-02T02:00,24.4,8.8,19,91,0.00
2024-05-02T03:00,23.9,8.5,36,92,0.00
2024-05-02T04:00,23.4,7.2,53,94,0.00
2024-05-02T05:00,23.0,7.4,61,95,0.00
2024-05-02T06:00,23.1,9.0,67,94,0.00
2024-05-02T07:00,25.1,8.2,38,86,0.00
2024-05-02T08:00,27.4,9.8,24,72,0.00
2024-05-02T09:00,29.5,12.9,23,62,0.00
2024-05-02T10:00,31.0,13.8,28,56,0.00
2024-05-02T11:00,32.3,13.0,39,51,0.00
2024-05-02T12:00,33.3,13.1,58,47,0.00
2024-05-02T13:00,34.0,14.0,61,44,0.00
2024-05-02T14:00,34.0,14.3,62,43,0.00
2024-05-02T15:00,33.7,13.8,57,44,0.00
2024-05-02T16:00,32.5,15.4,53,49,0.00
2024-05-02T17:00,30.6,16.8,59,56,0.00
2024-05-02T18:00,28.9,14.1,58,65,0.00
2024-05-02T19:00,27.8,13.7,55,71,0.00
2024-05-02T20:00,26.8,11.5,41,75,0.00
2024-05-02T21:00,26.2,10.3,29,77,0.00
2024-05-02T22:00,25.3,11.6,30,82,0.00
2024-05-02T23:00,24.8,11.5,32,85,0.00
2024-05-03T00:00,24.2,10.2,42,88,0.00
2024-05-03T01:00,23.6,9.2,48,91,0.00
2024-05-03T02:00,23.0,8.9,50,94,0.00
2024-05-03T03:00,22.9,8.7,48,94,0.00
2024-05-03T04:00,22.3,9.4,50,96,0.00
2024-05-03T05:00,21.9,10.8,60,97,0.00
2024-05-03T06:00,22.2,10.9,63,95,0.00
2024-05-03T07:00,25.0,9.5,37,82,0.00
2024-05-03T08:00,27.7,10.8,26,67,0.00
2024-05-03T09:00,29.8,12.4,30,56,0.00
2024-05-03T10:00,31.5,13.0,42,48,0.00
2024-05-03T11:00,32.5,12.0,44,44,0.00
2024-05-03T12:00,33.3,12.3,52,42,0.00
2024-05-03T13:00,33.8,13.1,58,40,0.00
2024-05-03T14:00,34.2,13.3,57,38,0.00
2024-05-03T15:00,34.1,11.9,61,39,0.00
2024-05-03T16:00,32.6,13.4,66,47,0.00
2024-05-03T17:00,31.0,14.1,58,53,0.00
2024-05-03T18:00,29.3,12.4,54,60,0.00
2024-05-03T19:00,27.9,12.6,66,66,0.00
2024-05-03T20:00,26.8,12.2,47,69,0.00
2024-05-03T21:00,26.5,12.5,33,71,0.00
2024-05-03T22:00,25.8,11.8,27,75,0.00
2024-05-03T23:00,25.4,10.7,33,78,0.00
2024-05-04T00:00,25.4,8.1,32,79,0.00
2024-05-04T01:00,24.7,8.5,36,83,0.00
2024-05-04T02:00,23.8,6.9,47,88,0.00
2024-05-04T03:00,23.5,7.1,60,89,0.00
2024-05-04T04:00,23.2,6.4,63,90,0.00
2024-05-04T05:00,23.5,6.3,59,88,0.00
2024-05-04T06:00,24.3,6.8,65,84,0.00
2024-05-04T07:00,26.6,6.4,38,73,0.00
2024-05-04T08:00,28.2,5.9,11,68,0.10
2024-05-04T09:00,30.3,13.2,29,58,0.00
2024-05-04T10:00,30.2,12.8,32,61,0.10
2024-05-04T11:00,31.5,10.7,42,55,0.00
2024-05-04T12:00,32.7,8.4,43,51,0.00
2024-05-04T13:00,33.3,9.9,44,49,0.00
2024-05-04T14:00,34.0,9.5,11,47,0.00
2024-05-04T15:00,30.4,6.3,149,60,1.20
2024-05-04T16:00,30.0,2.5,8,61,0.10
2024-05-04T17:00,28.8,3.4,302,66,0.00
2024-05-04T18:00,27.7,2.3,309,72,0.00
2024-05-04T19:00,26.8,3.2,360,80,0.00
2024-05-04T20:00,26.4,5.4,360,82,0.00
2024-05-04T21:00,26.1,6.2,10,85,0.00
2024-05-04T22:00,25.8,7.0,21,85,0.00
2024-05-04T23:00,25.1,6.8,25,88,0.00
2024-05-05T00:00,24.7,7.7,41,90,0.00
2024-05-05T01:00,24.2,8.5,54,92,0.00
2024-05-05T02:00,23.8,8.2,61,92,0.00
2024-05-05T03:00,23.3,7.9,66,92,0.00
2024-05-05T04:00,22.9,7.8,68,90,0.00
2024-05-05T05:00,22.7,7.1,66,85,0.00
2024-05-05T06:00,23.3,8.2,67,79,0.00
2024-05-05T07:00,26.2,7.3,20,69,0.00
2024-05-05T08:00,28.5,10.1,17,63,0.00
2024-05-05T09:00,30.3,13.4,24,58,0.00
2024-05-05T10:00,31.7,13.9,31,55,0.00
2024-05-05T11:00,32.9,12.9,36,50,0.00
2024-05-05T12:00,33.8,14.0,48,46,0.00
2024-05-05T13:00,34.0,16.1,63,44,0.00
2024-05-05T14:00,33.9,16.7,65,44,0.00
2024-05-05T15:00,33.4,15.4,57,45,0.00
2024-05-05T16:00,32.7,14.4,58,44,0.00
2024-05-05T17:00,31.2,12.5,78,47,0.00
2024-05-05T18:00,29.6,8.3,85,54,0.00
2024-05-05T19:00,28.4,3.2,90,63,0.00
2024-05-05T20:00,27.2,2.4,243,75,0.10
2024-05-05T21:00,26.9,1.1,288,80,0.10
2024-05-05T22:00,26.6,0.8,297,82,0.00
2024-05-05T23:00,26.3,1.1,18,84,0.00
2024-05-06T00:00,25.4,1.3,124,90,0.00
2024-05-06T01:00,24.8,1.9,112,94,0.00
2024-05-06T02:00,24.6,2.2,90,94,0.00
2024-05-06T03:00,24.2,1.8,101,94,0.00
2024-05-06T04:00,23.8,1.5,104,94,0.00
2024-05-06T05:00,24.0,0.5,135,93,0.00
2024-05-06T06:00,24.7,1.5,45,91,0.00
2024-05-06T07:00,26.3,2.7,337,83,0.00
2024-05-06T08:00,28.2,5.5,349,73,0.00
2024-05-06T09:00,30.4,11.2,21,59,0.00
2024-05-06T10:00,32.2,10.5,27,53,0.00
2024-05-06T11:00,33.5,9.9,33,47,0.00
2024-05-06T12:00,33.8,10.2,48,45,0.00
2024-05-06T13:00,34.0,11.4,55,45,0.00
2024-05-06T14:00,34.1,11.8,59,44,0.10
2024-05-06T15:00,31.9,15.6,50,55,0.80
2024-05-06T16:00,30.7,8.8,102,60,0.60
2024-05-06T17:00,29.3,9.5,29,66,0.10
2024-05-06T18:00,27.3,2.9,60,76,0.40
2024-05-06T19:00,26.0,6.8,238,84,0.50
2024-05-06T20:00,25.4,3.2,243,89,0.20
2024-05-06T21:00,25.5,4.9,216,88,0.10
2024-05-06T22:00,25.1,4.7,238,88,0.20
2024-05-06T23:00,24.6,4.7,270,92,0.20
2024-05-07T00:00,24.2,2.7,247,94,0.00
2024-05-07T01:00,23.9,2.9,210,96,0.00
2024-05-07T02:00,23.2,2.1,211,99,0.00
2024-05-07T03:00,23.2,1.3,124,99,0.00
2024-05-07T04:00,23.4,2.8,50,99,0.00
2024-05-07T05:00,23.3,3.8,41,98,0.00
2024-05-07T06:00,23.2,6.9,62,99,0.00
2024-05-07T07:00,25.3,7.4,43,87,0.00
2024-05-07T08:00,27.6,8.2,29,68,0.00
2024-05-07T09:00,29.7,9.2,11,55,0.00
2024-05-07T10:00,31.6,8.3,18,43,0.00
2024-05-07T11:00,32.8,6.6,13,44,0.00
2024-05-07T12:00,33.5,7.0,12,45,0.10
2024-05-07T13:00,33.7,7.4,29,45,0.50
2024-05-07T14:00,33.9,8.1,32,44,0.50
2024-05-07T15:00,33.4,8.4,40,46,0.40
2024-05-07T16:00,32.6,9.7,48,51,0.40
2024-05-07T17:00,31.3,7.4,47,59,0.70
2024-05-07T18:00,29.5,4.9,36,69,0.00
2024-05-07T19:00,27.4,3.9,326,80,0.20
2024-05-07T20:00,25.5,11.0,302,88,0.20
2024-05-07T21:00,27.4,4.0,10,78,0.10
2024-05-07T22:00,26.8,6.9,354,82,0.10
2024-05-07T23:00,25.9,5.4,360,87,0.00
2024-05-08T00:00,25.5,4.3,24,89,0.00
2024-05-08T01:00,24.6,2.6,56,93,0.00
2024-05-08T02:00,24.2,3.7,61,94,0.00
2024-05-08T03:00,23.6,5.5,58,95,0.00
2024-05-08T04:00,22.9,5.4,82,94,0.00
2024-05-08T05:00,22.4,6.1,90,93,0.00
2024-05-08T06:00,22.9,4.3,90,89,0.00
2024-05-08T07:00,25.7,3.8,343,78,0.00
2024-05-08T08:00,27.6,4.4,325,71,0.00
2024-05-08T09:00,30.2,6.2,350,58,0.00
2024-05-08T10:00,32.2,9.1,7,49,0.00
2024-05-08T11:00,33.5,10.4,14,44,0.00
2024-05-08T12:00,34.0,10.0,30,42,0.50
2024-05-08T13:00,34.4,10.1,35,40,0.70
2024-05-08T14:00,34.0,12.2,43,43,1.00
2024-05-08T15:00,32.6,14.3,51,51,0.20
2024-05-08T16:00,31.7,11.4,66,53,0.00
2024-05-08T17:00,29.1,19.0,57,64,0.10
2024-05-08T18:00,27.8,8.8,99,69,0.10
2024-05-08T19:00,27.4,4.5,346,72,0.20
2024-05-08T20:00,26.9,3.6,354,76,0.10
2024-05-08T21:00,26.2,7.0,21,85,0.00
2024-05-08T22:00,25.5,5.8,22,87,0.00
2024-05-08T23:00,24.9,4.8,42,91,0.00
2024-05-09T00:00,24.6,5.6,45,92,0.00
2024-05-09T01:00,24.2,6.5,56,93,0.00
2024-05-09T02:00,23.8,6.0,73,95,0.00
2024-05-09T03:00,23.5,6.0,73,96,0.00
2024-05-09T04:00,23.1,5.5,79,96,0.00
2024-05-09T05:00,22.5,6.3,77,98,0.00
2024-05-09T06:00,22.7,6.9,81,97,0.00
2024-05-09T07:00,26.1,6.1,28,82,0.00
2024-05-09T08:00,28.4,7.2,6,70,0.00
2024-05-09T09:00,30.7,6.5,6,58,0.00
2024-05-09T10:00,32.0,6.5,6,52,0.10
2024-05-09T11:00,32.8,6.8,25,49,0.20
2024-05-09T12:00,33.1,8.1,58,47,0.50
2024-05-09T13:00,33.7,5.2,56,47,0.30
2024-05-09T14:00,33.7,0.4,270,48,0.10
2024-05-09T15:00,29.9,12.1,102,62,0.90
2024-05-09T16:00,29.3,1.3,214,66,0.10
2024-05-09T17:00,26.5,5.8,338,82,2.30
2024-05-09T18:00,24.4,8.1,339,93,3.40
2024-05-09T19:00,24.2,5.4,323,95,1.10
2024-05-09T20:00,24.5,3.7,349,92,0.10
2024-05-09T21:00,24.2,4.2,31,89,0.20
2024-05-09T22:00,23.9,3.7,61,92,0.00
2024-05-09T23:00,24.1,5.0,60,93,0.00
2024-05-10T00:00,23.7,3.2,63,95,0.00
2024-05-10T01:00,23.6,3.5,66,94,0.00
2024-05-10T02:00,23.6,4.8,63,92,0.00
2024-05-10T03:00,23.5,6.1,62,92,0.00
2024-05-10T04:00,23.2,5.8,68,93,0.00
2024-05-10T05:00,22.9,3.6,84,94,0.00
2024-05-10T06:00,23.7,4.3,95,92,0.00
2024-05-10T07:00,26.1,3.4,32,82,0.00
2024-05-10T08:00,27.6,6.5,3,76,0.00
2024-05-10T09:00,29.0,6.0,335,76,0.00
2024-05-10T10:00,30.0,5.2,335,71,0.10
2024-05-10T11:00,31.2,4.6,18,64,0.10
2024-05-10T12:00,32.2,6.6,41,58,0.00
2024-05-10T13:00,32.2,7.1,24,58,0.00
2024-05-10T14:00,31.5,13.3,52,59,0.00
2024-05-10T15:00,29.9,6.8,87,65,0.50
2024-05-10T16:00,28.5,9.8,24,71,1.50
2024-05-10T17:00,28.2,11.1,29,74,0.20
2024-05-10T18:00,25.9,11.7,18,84,0.10
2024-05-10T19:00,25.2,9.6,13,87,0.00
2024-05-10T20:00,24.9,8.1,21,91,0.00
2024-05-10T21:00,26.1,4.8,42,85,0.00
2024-05-10T22:00,25.9,5.8,22,87,0.00
2024-05-10T23:00,25.6,7.7,28,87,0.00
2024-05-11T00:00,25.0,7.6,45,90,0.00
2024-05-11T01:00,24.5,8.8,55,91,0.00
2024-05-11T02:00,23.9,8.7,60,93,0.00
2024-05-11T03:00,23.8,9.3,62,93,0.00
2024-05-11T04:00,23.6,8.9,58,94,0.00
2024-05-11T05:00,23.4,8.9,63,94,0.00
2024-05-11T06:00,23.7,9.4,67,93,0.00
2024-05-11T07:00,25.8,8.4,40,85,0.00
2024-05-11T08:00,27.9,11.6,26,75,0.00
2024-05-11T09:00,30.0,13.0,34,66,0.00
2024-05-11T10:00,31.6,12.1,37,58,0.00
2024-05-11T11:00,32.5,11.8,38,54,0.00
2024-05-11T12:00,33.1,10.8,37,50,0.00
2024-05-11T13:00,33.4,9.4,40,49,0.20
2024-05-11T14:00,33.4,9.2,42,49,0.20
2024-05-11T15:00,31.5,12.3,75,56,0.30
2024-05-11T16:00,31.1,12.0,51,60,0.10
2024-05-11T17:00,29.9,8.4,50,65,0.00
2024-05-11T18:00,27.6,8.6,345,75,0.00
2024-05-11T19:00,26.7,7.6,19,81,0.00
2024-05-11T20:00,26.5,8.0,18,83,0.00
2024-05-11T21:00,26.3,3.3,6,90,0.00
2024-05-11T22:00,25.8,2.6,74,93,0.00
2024-05-11T23:00,25.3,3.0,76,94,0.00
2024-05-12T00:00,25.0,4.6,72,94,0.00
2024-05-12T01:00,24.9,6.7,74,91,0.00
2024-05-12T02:00,24.5,6.8,65,92,0.00
2024-05-12T03:00,24.3,6.3,59,93,0.00
2024-05-12T04:00,24.1,5.6,63,93,0.00
2024-05-12T05:00,24.1,5.9,52,94,0.00
2024-05-12T06:00,24.4,8.0,63,94,0.00
2024-05-12T07:00,26.4,7.0,35,84,0.00
2024-05-12T08:00,28.4,12.2,34,73,0.00
2024-05-12T09:00,29.9,11.6,36,66,0.10
2024-05-12T10:00,31.4,10.5,38,60,0.10
2024-05-12T11:00,32.2,13.5,42,54,0.00
2024-05-12T12:00,30.5,10.9,73,60,0.50
2024-05-12T13:00,29.7,12.6,66,66,1.20
2024-05-12T14:00,28.7,11.5,4,72,2.10
2024-05-12T15:00,28.1,6.4,52,76,2.50
2024-05-12T16:00,28.0,7.3,20,77,0.00
2024-05-12T17:00,27.9,7.2,18,77,0.00
2024-05-12T18:00,26.9,7.3,11,82,0.00
2024-05-12T19:00,26.1,9.1,34,86,0.00
2024-05-12T20:00,25.5,8.2,41,88,0.00
2024-05-12T21:00,25.9,7.4,51,86,0.00
2024-05-12T22:00,25.3,6.8,65,88,0.00
2024-05-12T23:00,24.9,7.4,61,89,0.00
2024-05-13T00:00,24.7,6.6,77,90,0.00
2024-05-13T01:00,24.4,7.2,72,90,0.00
2024-05-13T02:00,24.1,7.2,72,90,0.00
2024-05-13T03:00,23.8,5.8,86,91,0.00
2024-05-13T04:00,23.5,6.5,71,92,0.00
2024-05-13T05:00,23.6,8.2,67,91,0.00
2024-05-13T06:00,24.3,9.7,68,89,0.00
2024-05-13T07:00,26.7,8.4,43,80,0.00
2024-05-13T08:00,28.5,10.6,24,72,0.00
2024-05-13T09:00,30.4,12.1,30,63,0.00
2024-05-13T10:00,31.7,11.2,33,58,0.00
2024-05-13T11:00,32.6,10.7,45,55,0.00
2024-05-13T12:00,32.9,12.2,43,53,0.10
2024-05-13T13:00,32.8,11.7,47,55,0.00
2024-05-13T14:00,32.9,12.3,50,55,0.00
2024-05-13T15:00,32.2,10.7,42,58,0.10
2024-05-13T16:00,29.3,8.7,120,68,1.40
2024-05-13T17:00,28.5,4.3,246,73,0.40
2024-05-13T18:00,26.7,4.1,232,86,0.20
2024-05-13T19:00,25.7,3.7,209,93,0.30
2024-05-13T20:00,25.4,1.5,284,95,0.10
2024-05-13T21:00,26.7,3.8,343,92,0.30
2024-05-13T22:00,25.9,4.1,345,96,0.10
2024-05-13T23:00,25.2,5.2,25,97,0.00
2024-05-14T00:00,24.7,4.1,52,96,0.00
2024-05-14T01:00,24.0,3.3,84,97,0.00
2024-05-14T02:00,23.1,5.1,82,100,0.00
2024-05-14T03:00,22.6,6.2,80,100,0.00
2024-05-14T04:00,22.4,8.5,78,100,0.00
2024-05-14T05:00,23.0,8.0,80,98,0.00
2024-05-14T06:00,23.5,7.5,73,96,0.00
2024-05-14T07:00,25.4,7.6,45,87,0.00
2024-05-14T08:00,27.6,11.3,27,75,0.00
2024-05-14T09:00,30.1,7.5,17,65,0.10
2024-05-14T10:00,31.3,8.1,21,59,0.20
2024-05-14T11:00,32.1,7.9,30,56,0.40
2024-05-14T12:00,32.5,7.0,21,54,0.50
2024-05-14T13:00,32.8,6.5,34,52,0.30
2024-05-14T14:00,33.2,6.2,36,50,0.30
2024-05-14T15:00,33.2,7.0,35,50,0.30
2024-05-14T16:00,32.5,9.3,54,51,0.20
2024-05-14T17:00,31.3,11.2,57,57,0.20
2024-05-14T18:00,29.3,6.1,45,65,0.10
2024-05-14T19:00,28.2,2.1,329,71,0.10
2024-05-14T20:00,27.3,1.5,315,76,0.10
2024-05-14T21:00,27.2,2.2,351,81,0.10
2024-05-14T22:00,27.2,3.8,343,79,0.10
2024-05-14T23:00,26.9,3.3,6,81,0.00
2024-05-15T00:00,25.8,3.2,360,88,0.00
2024-05-15T01:00,25.0,1.8,270,92,0.10
2024-05-15T02:00,24.4,3.9,202,94,0.00
2024-05-15T03:00,23.8,4.0,190,97,0.00
2024-05-15T04:00,23.6,2.6,106,98,0.00
2024-05-15T05:00,23.4,4.5,61,98,0.00
2024-05-15T06:00,24.2,7.2,53,93,0.00
2024-05-15T07:00,26.4,8.8,19,83,0.00
2024-05-15T08:00,28.6,10.8,37,71,0.00
2024-05-15T09:00,30.6,8.2,15,63,0.10
2024-05-15T10:00,32.3,8.4,10,55,0.00
2024-05-15T11:00,33.1,9.4,7,51,0.00
2024-05-15T12:00,33.5,8.3,18,49,0.00
2024-05-15T13:00,34.0,5.5,32,47,0.00
2024-05-15T14:00,34.4,2.1,31,45,0.20
2024-05-15T15:00,33.8,0.8,333,45,0.30
2024-05-15T16:00,33.1,1.1,198,48,0.10
2024-05-15T17:00,31.9,2.2,189,52,0.00
2024-05-15T18:00,30.1,2.3,321,60,0.00
2024-05-15T19:00,28.5,7.2,333,69,0.00
2024-05-15T20:00,27.2,8.3,342,79,0.50
2024-05-15T21:00,27.4,4.6,342,78,0.10
2024-05-15T22:00,26.2,2.3,321,82,0.60
2024-05-15T23:00,25.0,4.2,290,93,1.70
2024-05-16T00:00,24.7,5.0,300,95,0.50
2024-05-16T01:00,24.6,2.1,239,92,0.20
2024-05-16T02:00,24.5,2.6,214,95,0.00
2024-05-16T03:00,24.2,3.6,225,92,0.40
2024-05-16T04:00,24.1,4.0,243,95,0.30
2024-05-16T05:00,23.8,1.4,270,97,0.00
2024-05-16T06:00,24.0,2.8,40,96,0.00
2024-05-16T07:00,25.7,6.0,25,88,0.00
2024-05-16T08:00,27.5,5.4,20,79,0.00
2024-05-16T09:00,30.7,9.8,24,58,0.00
2024-05-16T10:00,32.0,8.1,21,53,0.10
2024-05-16T11:00,32.8,6.2,7,50,0.10
2024-05-16T12:00,33.5,5.4,352,47,0.10
2024-05-16T13:00,33.9,4.7,356,45,0.10
2024-05-16T14:00,33.9,3.1,126,44,0.20
2024-05-16T15:00,33.2,1.5,166,46,0.50
2024-05-16T16:00,31.4,8.7,187,53,0.40
2024-05-16T17:00,28.8,1.6,297,68,0.50
2024-05-16T18:00,26.7,7.6,278,83,1.40
2024-05-16T19:00,25.1,7.0,339,91,0.90
2024-05-16T20:00,23.9,7.3,351,96,2.50
2024-05-16T21:00,25.5,3.8,17,87,0.10
2024-05-16T22:00,25.2,3.2,360,90,0.00
2024-05-16T23:00,24.9,5.2,25,94,0.00
2024-05-17T00:00,24.7,6.7,36,95,0.00
2024-05-17T01:00,24.5,7.1,45,95,0.00
2024-05-17T02:00,24.2,6.1,45,95,0.00
2024-05-17T03:00,23.9,6.1,40,96,0.00
2024-05-17T04:00,23.5,6.4,52,98,0.00
2024-05-17T05:00,23.2,7.9,66,99,0.00
2024-05-17T06:00,23.2,8.4,70,97,0.00
2024-05-17T07:00,25.1,8.1,45,90,0.00
2024-05-17T08:00,27.1,8.4,25,78,0.00
2024-05-17T09:00,29.5,7.5,17,64,0.00
2024-05-17T10:00,31.2,8.3,18,57,0.00
2024-05-17T11:00,32.4,9.7,22,53,0.00
2024-05-17T12:00,33.3,10.8,30,48,0.00
2024-05-17T13:00,33.7,12.7,45,45,0.00
2024-05-17T14:00,33.8,11.0,49,44,0.00
2024-05-17T15:00,33.7,9.3,54,45,0.00
2024-05-17T16:00,33.0,8.2,52,46,0.00
2024-05-17T17:00,32.0,6.4,38,49,0.00
2024-05-17T18:00,29.4,5.5,349,62,0.00
2024-05-17T19:00,29.6,2.8,320,56,0.00
2024-05-17T20:00,28.5,1.5,14,60,0.00
2024-05-17T21:00,27.6,0.0,270,69,0.00
2024-05-17T22:00,26.5,3.3,186,78,0.00
2024-05-17T23:00,25.5,5.0,201,88,0.00
2024-05-18T00:00,25.0,3.5,204,94,0.00
2024-05-18T01:00,25.0,1.3,146,94,0.00
2024-05-18T02:00,24.7,1.8,53,95,0.00
2024-05-18T03:00,24.8,3.3,41,92,0.00
2024-05-18T04:00,24.4,3.3,41,91,0.00
2024-05-18T05:00,23.4,4.6,39,93,0.00
2024-05-18T06:00,24.6,4.8,27,86,0.00
2024-05-18T07:00,26.1,4.7,351,78,0.00
2024-05-18T08:00,27.8,3.9,326,70,0.00
2024-05-18T09:00,29.9,4.0,297,61,0.00
2024-05-18T10:00,31.0,3.6,307,58,0.00
2024-05-18T11:00,32.5,3.1,315,52,0.00
2024-05-18T12:00,33.6,2.8,310,47,0.00
2024-05-18T13:00,34.2,4.0,275,44,0.00
2024-05-18T14:00,34.3,6.5,251,43,0.00
2024-05-18T15:00,33.8,7.1,240,45,0.00
2024-05-18T16:00,32.8,9.1,236,49,0.00
2024-05-18T17:00,30.3,11.9,215,68,0.20
2024-05-18T18:00,28.2,7.6,245,79,1.70
2024-05-18T19:00,27.1,9.4,220,88,0.10
2024-05-18T20:00,25.7,5.2,205,89,0.60
2024-05-18T21:00,25.7,2.1,239,89,0.10
2024-05-18T22:00,25.6,1.8,270,90,0.00
2024-05-18T23:00,25.4,1.0,315,92,0.00
2024-05-19T00:00,25.0,2.1,329,94,0.00
2024-05-19T01:00,24.8,1.9,338,92,0.20
2024-05-19T02:00,24.9,0.4,270,91,0.00
2024-05-19T03:00,24.6,1.9,202,93,0.00
2024-05-19T04:00,23.5,2.9,180,99,0.00
2024-05-19T05:00,23.1,3.1,159,99,0.00
2024-05-19T06:00,24.1,2.9,180,96,0.00
2024-05-19T07:00,25.7,1.1,288,87,0.00
2024-05-19T08:00,27.5,3.4,302,78,0.00
2024-05-19T09:00,29.0,5.9,232,70,0.20
2024-05-19T10:00,29.6,8.0,198,70,0.40
2024-05-19T11:00,30.9,6.7,196,65,0.70
2024-05-19T12:00,32.0,6.1,225,60,0.50
2024-05-19T13:00,33.0,8.0,234,59,0.10
2024-05-19T14:00,33.1,7.2,243,58,0.00
2024-05-19T15:00,32.2,6.4,254,59,0.00
2024-05-19T16:00,30.3,14.3,258,67,0.60
2024-05-19T17:00,27.5,11.5,219,80,1.50
2024-05-19T18:00,27.3,4.4,215,81,0.00
2024-05-19T19:00,26.2,8.9,220,89,0.00
2024-05-19T20:00,25.0,4.0,185,94,0.00
2024-05-19T21:00,25.7,8.1,225,92,0.60
2024-05-19T22:00,24.9,6.1,220,95,0.00
2024-05-19T23:00,24.1,3.4,198,98,0.00
2024-05-20T00:00,23.8,1.9,112,99,0.00
2024-05-20T01:00,23.6,3.3,77,99,0.00
2024-05-20T02:00,23.6,3.4,72,97,0.00
2024-05-20T03:00,23.7,3.2,63,96,0.00
2024-05-20T04:00,23.5,3.8,73,96,0.00
2024-05-20T05:00,22.8,3.6,90,98,0.00
2024-05-20T06:00,22.8,3.3,96,97,0.00
2024-05-20T07:00,26.2,1.9,22,83,0.00
2024-05-20T08:00,28.3,5.0,360,72,0.00
2024-05-20T09:00,30.8,7.7,28,59,0.00
2024-05-20T10:00,32.6,7.3,33,50,0.00
2024-05-20T11:00,33.6,7.0,55,46,0.30
2024-05-20T12:00,33.0,6.3,59,50,0.70
2024-05-20T13:00,33.7,4.0,63,48,0.40
2024-05-20T14:00,33.7,7.0,55,48,0.30
2024-05-20T15:00,32.4,9.3,36,53,0.40
2024-05-20T16:00,29.8,6.4,117,65,1.10
2024-05-20T17:00,29.8,2.5,45,66,0.00
2024-05-20T18:00,28.4,3.7,349,73,0.10
2024-05-20T19:00,27.8,4.6,18,77,0.00
2024-05-20T20:00,27.6,5.4,20,79,0.00
2024-05-20T21:00,27.6,5.2,12,79,0.00
2024-05-20T22:00,27.0,5.6,15,80,0.00
2024-05-20T23:00,26.5,4.2,31,82,0.00
2024-05-21T00:00,25.9,4.1,52,86,0.00
2024-05-21T01:00,25.3,6.3,77,88,0.00
2024-05-21T02:00,25.1,7.2,84,89,0.00
2024-05-21T03:00,25.0,6.2,80,88,0.00
2024-05-21T04:00,24.7,5.2,78,89,0.00
2024-05-21T05:00,24.5,3.3,84,90,0.00
2024-05-21T06:00,24.9,4.7,94,88,0.00
2024-05-21T07:00,26.7,2.6,34,80,0.00
2024-05-21T08:00,28.6,5.6,15,72,0.00
2024-05-21T09:00,30.8,7.2,18,62,0.00
2024-05-21T10:00,32.1,5.2,16,56,0.10
2024-05-21T11:00,32.4,5.8,7,55,0.40
2024-05-21T12:00,32.6,3.2,27,54,0.10
2024-05-21T13:00,32.2,7.4,151,57,0.10
2024-05-21T14:00,33.0,4.4,99,56,0.00
2024-05-21T15:00,31.3,6.7,106,59,0.40
2024-05-21T16:00,30.5,1.5,315,63,0.10
2024-05-21T17:00,29.9,5.5,328,64,0.00
2024-05-21T18:00,28.4,1.9,158,70,0.40
2024-05-21T19:00,28.0,2.0,45,74,0.10
2024-05-21T20:00,27.4,2.2,351,81,0.00
2024-05-21T21:00,26.5,5.4,228,84,0.30
2024-05-21T22:00,24.9,5.7,252,93,1.70
2024-05-21T23:00,24.3,4.7,279,96,1.00
2024-05-22T00:00,24.1,1.5,284,98,0.10
2024-05-22T01:00,23.9,1.0,225,99,0.20
2024-05-22T02:00,24.2,0.5,315,97,0.10
2024-05-22T03:00,24.6,5.1,8,94,0.10
2024-05-22T04:00,24.5,3.9,22,95,0.00
2024-05-22T05:00,24.5,4.4,55,94,0.00
2024-05-22T06:00,25.0,5.1,82,90,0.00
2024-05-22T07:00,26.2,1.8,37,84,0.00
2024-05-22T08:00,27.9,2.8,310,77,0.00
2024-05-22T09:00,29.7,3.5,246,65,0.00
2024-05-22T10:00,31.0,5.0,249,60,0.20
2024-05-22T11:00,32.2,6.2,249,58,0.30
2024-05-22T12:00,33.1,6.9,242,57,0.10
2024-05-22T13:00,33.9,7.0,249,55,0.00
2024-05-22T14:00,33.6,3.3,319,54,0.00
2024-05-22T15:00,30.7,1.0,225,60,0.50
2024-05-22T16:00,28.6,6.5,264,75,0.40
2024-05-22T17:00,28.2,5.6,220,78,0.20
2024-05-22T18:00,26.2,7.6,19,83,3.90
2024-05-22T19:00,25.7,13.2,26,83,0.30
2024-05-22T20:00,24.5,7.3,349,90,0.20
2024-05-22T21:00,26.0,10.2,23,88,0.10
2024-05-22T22:00,25.8,8.5,28,86,0.10
2024-05-22T23:00,25.3,6.4,16,86,0.00
2024-05-23T00:00,25.1,7.9,16,87,0.00
2024-05-23T01:00,24.9,8.3,34,89,0.00
2024-05-23T02:00,24.5,6.6,61,92,0.00
2024-05-23T03:00,23.9,6.2,80,94,0.00
2024-05-23T04:00,23.4,5.0,90,96,0.00
2024-05-23T05:00,22.8,4.3,95,98,0.00
2024-05-23T06:00,22.9,5.1,94,97,0.00
2024-05-23T07:00,25.9,4.7,32,85,0.00
2024-05-23T08:00,27.7,5.8,356,76,0.00
2024-05-23T09:00,30.1,6.8,3,66,0.00
2024-05-23T10:00,32.2,8.7,7,53,0.00
2024-05-23T11:00,33.7,9.0,16,45,0.00
2024-05-23T12:00,34.6,12.2,43,40,0.00
2024-05-23T13:00,34.6,11.5,58,39,0.00
2024-05-23T14:00,34.8,13.4,54,39,0.00
2024-05-23T15:00,33.9,12.0,51,46,0.00
2024-05-23T16:00,32.6,11.5,51,55,0.10
2024-05-23T17:00,31.3,7.7,37,59,0.00
2024-05-23T18:00,29.6,6.1,360,68,0.00
2024-05-23T19:00,28.5,2.0,315,73,0.00
2024-05-23T20:00,27.6,1.6,207,83,0.00
2024-05-23T21:00,26.8,3.8,163,85,5.40
2024-05-23T22:00,26.4,4.8,222,88,3.90
2024-05-23T23:00,25.9,2.5,360,89,0.40
2024-05-24T00:00,25.4,3.3,13,93,0.00
2024-05-24T01:00,24.9,2.1,59,96,0.00
2024-05-24T02:00,24.9,2.3,72,96,0.00
2024-05-24T03:00,24.4,3.6,37,97,0.00
2024-05-24T04:00,24.6,3.8,221,93,0.00
2024-05-24T05:00,24.0,2.4,207,97,0.00
2024-05-24T06:00,24.6,2.6,124,94,0.00
2024-05-24T07:00,25.9,5.9,232,87,0.00
2024-05-24T08:00,27.3,5.6,243,80,0.00
2024-05-24T09:00,28.0,5.2,245,76,0.00
2024-05-24T10:00,27.9,8.7,240,77,0.00
2024-05-24T11:00,30.0,10.0,232,69,0.20
2024-05-24T12:00,30.1,10.9,226,68,0.00
2024-05-24T13:00,29.7,11.3,211,69,0.20
2024-05-24T14:00,27.5,11.8,220,80,3.30
2024-05-24T15:00,26.7,9.6,236,86,4.10
2024-05-24T16:00,26.7,1.9,202,82,5.90
2024-05-24T17:00,25.4,6.2,216,95,3.60
2024-05-24T18:00,25.4,4.2,239,93,2.00
2024-05-24T19:00,25.3,8.2,229,93,0.50
2024-05-24T20:00,25.0,8.9,212,95,0.20
2024-05-24T21:00,25.5,6.6,202,90,0.10
2024-05-24T22:00,25.4,6.2,216,91,0.00
2024-05-24T23:00,25.2,4.1,218,92,0.00
2024-05-25T00:00,25.0,5.2,214,92,0.00
2024-05-25T01:00,24.7,6.1,208,93,0.00
2024-05-25T02:00,24.8,7.9,196,92,0.00
2024-05-25T03:00,24.9,9.8,197,92,0.00
2024-05-25T04:00,24.8,8.2,195,93,0.00
2024-05-25T05:00,24.8,6.8,198,92,0.00
2024-05-25T06:00,24.9,6.4,196,91,0.00
2024-05-25T07:00,25.7,7.3,200,86,0.00
2024-05-25T08:00,27.1,10.3,205,80,0.00
2024-05-25T09:00,27.9,8.2,229,77,0.00
2024-05-25T10:00,29.1,11.0,221,71,0.00
2024-05-25T11:00,30.7,11.2,213,65,0.00
2024-05-25T12:00,31.6,13.3,213,60,0.00
2024-05-25T13:00,32.1,13.2,225,58,0.10
2024-05-25T14:00,31.9,13.7,225,58,0.40
2024-05-25T15:00,31.5,14.6,220,61,0.60
2024-05-25T16:00,30.4,14.8,219,67,0.10
2024-05-25T17:00,29.6,10.5,218,70,0.00
2024-05-25T18:00,28.5,5.6,225,76,0.00
2024-05-25T19:00,27.8,4.0,175,83,0.00
2024-05-25T20:00,28.0,1.1,360,79,0.00
2024-05-25T21:00,25.7,5.6,15,92,1.40
2024-05-25T22:00,26.0,5.9,43,90,0.20
2024-05-25T23:00,25.7,3.7,29,94,0.00
2024-05-26T00:00,25.3,2.4,27,96,0.00
2024-05-26T01:00,24.8,2.2,81,98,0.00
2024-05-26T02:00,24.6,2.9,83,97,0.00
2024-05-26T03:00,24.1,3.7,61,97,0.00
2024-05-26T04:00,24.0,4.2,20,97,0.00
2024-05-26T05:00,24.5,3.1,21,97,0.00
2024-05-26T06:00,24.5,3.1,69,97,0.00
2024-05-26T07:00,26.0,2.5,360,89,0.00
2024-05-26T08:00,27.6,2.9,270,78,0.00
2024-05-26T09:00,29.6,9.9,224,65,0.00
2024-05-26T10:00,30.7,9.4,227,61,0.00
2024-05-26T11:00,31.8,8.9,220,58,0.00
2024-05-26T12:00,31.8,12.0,231,60,0.00
2024-05-26T13:00,30.8,13.7,178,65,0.50
2024-05-26T14:00,30.7,9.3,152,65,0.30
2024-05-26T15:00,29.6,6.9,152,69,0.30
2024-05-26T16:00,27.5,4.8,333,78,7.20
2024-05-26T17:00,25.8,5.7,305,90,4.60
2024-05-26T18:00,24.6,5.4,37,94,2.30
2024-05-26T19:00,24.8,2.6,56,93,1.60
2024-05-26T20:00,24.1,0.0,270,96,3.40
2024-05-26T21:00,25.2,2.9,270,91,0.20
2024-05-26T22:00,24.7,2.1,211,95,0.00
2024-05-26T23:00,24.6,0.8,153,95,0.00
2024-05-27T00:00,24.2,2.6,254,97,0.00
2024-05-27T01:00,24.0,3.5,156,98,0.00
2024-05-27T02:00,23.9,3.4,148,97,0.00
2024-05-27T03:00,24.6,1.9,112,92,0.00
2024-05-27T04:00,23.8,3.1,21,96,0.00
2024-05-27T05:00,23.6,3.1,54,97,0.00
2024-05-27T06:00,24.3,4.0,63,95,0.00
2024-05-27T07:00,25.7,2.9,353,90,0.00
2024-05-27T08:00,27.0,3.3,311,85,0.00
2024-05-27T09:00,28.5,4.1,322,79,0.00
2024-05-27T10:00,30.0,4.1,285,74,0.00
2024-05-27T11:00,31.2,5.9,259,71,0.10
2024-05-27T12:00,31.5,8.8,258,68,0.20
2024-05-27T13:00,28.0,9.6,160,80,11.00
2024-05-27T14:00,27.7,5.9,133,78,2.30
2024-05-27T15:00,26.8,4.3,42,82,7.40
2024-05-27T16:00,26.2,5.7,342,86,3.70
2024-05-27T17:00,25.5,3.5,336,91,0.80
2024-05-27T18:00,25.3,3.6,37,93,0.40
2024-05-27T19:00,25.3,2.3,39,93,0.20
2024-05-27T20:00,25.1,3.1,159,95,0.10
2024-05-27T21:00,25.5,2.9,240,93,0.70
2024-05-27T22:00,24.8,2.7,247,94,2.90
2024-05-27T23:00,24.7,2.9,180,92,1.10
2024-05-28T00:00,24.8,3.0,194,93,0.20
2024-05-28T01:00,24.8,0.8,207,92,0.10
2024-05-28T02:00,24.4,1.8,307,95,0.00
2024-05-28T03:00,24.1,1.8,11,97,0.00
2024-05-28T04:00,23.5,2.8,50,99,0.00
2024-05-28T05:00,23.7,2.6,74,99,0.00
2024-05-28T06:00,23.9,4.4,55,99,0.00
2024-05-28T07:00,25.4,2.5,352,91,0.00
2024-05-28T08:00,26.7,3.2,270,85,0.00
2024-05-28T09:00,28.3,2.2,279,83,0.00
2024-05-28T10:00,29.3,6.4,254,78,0.10
2024-05-28T11:00,30.1,8.3,236,73,0.10
2024-05-28T12:00,30.5,10.5,232,71,0.10
2024-05-28T13:00,30.5,10.4,256,70,0.10
2024-05-28T14:00,27.1,8.5,152,81,4.50
2024-05-28T15:00,27.5,4.1,45,79,0.50
2024-05-28T16:00,28.0,3.4,32,77,0.10
2024-05-28T17:00,27.6,6.2,350,81,0.00
2024-05-28T18:00,26.4,3.0,346,90,0.00
2024-05-28T19:00,25.6,1.9,22,96,0.00
2024-05-28T20:00,25.2,3.5,66,94,0.00
2024-05-28T21:00,24.4,4.7,328,92,0.00
2024-05-28T22:00,23.7,5.6,40,94,0.00
2024-05-28T23:00,23.5,4.1,75,96,0.00
2024-05-29T00:00,23.2,2.5,90,97,0.00
2024-05-29T01:00,23.2,1.5,104,95,0.00
2024-05-29T02:00,23.7,1.1,108,90,0.00
2024-05-29T03:00,24.1,0.4,90,88,0.00
2024-05-29T04:00,22.5,3.8,73,94,0.00
2024-05-29T05:00,22.6,3.4,72,94,0.00
2024-05-29T06:00,23.6,4.6,72,92,0.00
2024-05-29T07:00,25.4,4.1,15,87,0.00
2024-05-29T08:00,26.6,3.0,346,85,0.00
2024-05-29T09:00,28.2,3.6,323,77,0.00
2024-05-29T10:00,29.6,3.4,302,71,0.00
2024-05-29T11:00,30.5,6.3,301,70,0.00
2024-05-29T12:00,31.1,7.5,305,68,0.00
2024-05-29T13:00,31.6,8.5,306,65,0.00
2024-05-29T14:00,29.7,8.4,230,73,2.30
2024-05-29T15:00,28.5,7.2,87,75,1.90
2024-05-29T16:00,27.5,5.1,309,80,7.80
2024-05-29T17:00,25.9,6.3,13,89,1.10
2024-05-29T18:00,24.4,5.8,338,95,4.10
2024-05-29T19:00,24.5,7.8,68,93,0.00
2024-05-29T20:00,24.4,6.4,63,94,0.00
2024-05-29T21:00,24.9,5.1,39,93,0.00
2024-05-29T22:00,24.8,4.6,39,95,0.00
2024-05-29T23:00,24.4,4.6,72,95,0.00
2024-05-30T00:00,24.2,3.4,72,95,0.00
2024-05-30T01:00,24.1,4.3,66,94,0.00
2024-05-30T02:00,23.9,4.2,70,94,0.00
2024-05-30T03:00,23.7,3.7,79,94,0.00
2024-05-30T04:00,23.5,3.8,73,94,0.00
2024-05-30T05:00,23.4,4.4,81,94,0.00
2024-05-30T06:00,24.1,5.2,78,92,0.00
2024-05-30T07:00,26.3,3.8,17,85,0.00
2024-05-30T08:00,27.6,5.9,346,80,0.00
2024-05-30T09:00,28.9,6.8,342,74,0.10
2024-05-30T10:00,29.7,7.8,338,71,0.20
2024-05-30T11:00,30.2,7.6,335,73,0.20
2024-05-30T12:00,31.1,7.1,330,70,0.30
2024-05-30T13:00,31.4,4.6,309,69,0.30
2024-05-30T14:00,28.1,9.2,101,79,10.90
2024-05-30T15:00,27.6,8.2,293,82,4.80
2024-05-30T16:00,27.3,5.8,353,85,0.10
2024-05-30T17:00,27.5,8.6,2,84,0.10
2024-05-30T18:00,26.5,6.0,17,88,0.10
2024-05-30T19:00,25.8,6.8,25,91,0.10
2024-05-30T20:00,25.2,7.7,37,93,0.00
2024-05-30T21:00,25.9,8.3,34,91,0.00
2024-05-30T22:00,25.3,7.6,31,93,0.00
2024-05-30T23:00,24.9,8.2,52,94,0.00
2024-05-31T00:00,24.5,8.0,63,95,0.00
2024-05-31T01:00,24.2,6.8,72,96,0.00
2024-05-31T02:00,24.2,8.7,73,95,0.00
2024-05-31T03:00,24.2,8.6,68,95,0.00
2024-05-31T04:00,23.9,9.5,65,96,0.00
2024-05-31T05:00,23.7,8.9,69,97,0.00
2024-05-31T06:00,24.2,9.3,54,95,0.00
2024-05-31T07:00,25.9,9.4,32,90,0.00
2024-05-31T08:00,27.6,11.0,19,82,0.00
2024-05-31T09:00,29.2,11.4,24,73,0.00
2024-05-31T10:00,30.7,11.0,38,68,0.00
2024-05-31T11:00,32.0,10.8,37,62,0.00
2024-05-31T12:00,32.4,10.4,46,61,0.00
2024-05-31T13:00,31.7,8.3,56,63,0.00
2024-05-31T14:00,29.4,14.1,13,73,0.20
2024-05-31T15:00,28.9,10.6,35,76,0.10
2024-05-31T16:00,29.1,9.1,18,74,0.10
2024-05-31T17:00,28.2,8.7,17,80,0.10
2024-05-31T18:00,27.1,8.7,7,86,0.00
2024-05-31T19:00,26.3,7.8,22,90,0.00
2024-05-31T20:00,25.8,9.0,29,91,0.00
2024-05-31T21:00,26.3,7.5,55,90,0.00
2024-05-31T22:00,26.3,8.9,32,88,0.00
2024-05-31T23:00,25.8,10.5,4,90,0.10
2024-06-01T00:00,25.2,11.2,15,92,0.00
2024-06-01T01:00,24.9,9.1,34,93,0.00
2024-06-01T02:00,24.9,10.2,51,93,0.00
2024-06-01T03:00,24.7,9.2,59,92,0.00
2024-06-01T04:00,24.5,9.4,50,93,0.00
2024-06-01T05:00,24.2,10.0,49,95,0.00
2024-06-01T06:00,24.7,11.1,36,94,0.20
2024-06-01T07:00,25.6,11.2,40,91,0.50
2024-06-01T08:00,26.9,11.8,31,86,0.20
2024-06-01T09:00,29.4,14.2,36,75,0.00
2024-06-01T10:00,30.7,13.5,44,67,0.00
2024-06-01T11:00,31.5,13.0,42,63,0.00
2024-06-01T12:00,31.4,14.8,43,65,0.10
2024-06-01T13:00,31.6,13.7,55,63,0.10
2024-06-01T14:00,30.6,12.1,60,66,0.10
2024-06-01T15:00,30.2,9.4,50,69,0.10
2024-06-01T16:00,29.7,9.2,48,70,0.00
2024-06-01T17:00,29.1,7.9,30,74,0.00
2024-06-01T18:00,27.8,4.3,360,80,0.00
2024-06-01T19:00,26.9,6.8,3,85,0.00
2024-06-01T20:00,26.0,6.2,21,89,0.00
2024-06-01T21:00,26.0,4.8,27,89,0.00
2024-06-01T22:00,25.6,5.6,40,92,0.00
2024-06-01T23:00,25.0,7.9,51,94,0.00
2024-06-02T00:00,24.4,8.6,68,96,0.00
2024-06-02T01:00,24.0,9.4,83,96,0.00
2024-06-02T02:00,23.9,8.4,83,94,0.00
2024-06-02T03:00,23.6,7.6,82,94,0.00
2024-06-02T04:00,23.3,7.6,87,95,0.00
2024-06-02T05:00,23.0,6.5,87,96,0.00
2024-06-02T06:00,23.6,7.1,75,93,0.00
2024-06-02T07:00,25.7,6.4,43,88,0.00
2024-06-02T08:00,27.6,7.9,24,80,0.00
2024-06-02T09:00,29.4,6.6,13,71,0.10
2024-06-02T10:00,30.5,7.6,5,65,0.00
2024-06-02T11:00,31.4,6.9,6,61,0.00
2024-06-02T12:00,32.1,6.8,3,57,0.00
2024-06-02T13:00,32.5,5.6,345,54,0.00
2024-06-02T14:00,32.5,1.5,284,52,0.20
2024-06-02T15:00,32.0,4.7,247,55,0.20
2024-06-02T16:00,30.8,8.4,239,64,0.50
2024-06-02T17:00,28.6,10.1,243,74,0.50
2024-06-02T18:00,26.9,6.8,245,89,0.20
2024-06-02T19:00,25.9,3.1,249,91,1.40
2024-06-02T20:00,25.0,5.3,242,96,1.20
2024-06-02T21:00,24.2,5.4,262,95,0.90
2024-06-02T22:00,23.8,6.3,246,96,0.20
2024-06-02T23:00,23.6,2.6,164,95,0.10
2024-06-03T00:00,23.9,5.0,30,95,0.00
2024-06-03T01:00,23.4,4.4,35,99,0.00
2024-06-03T02:00,23.3,2.5,45,99,0.00
2024-06-03T03:00,23.1,2.3,51,99,0.00
2024-06-03T04:00,22.7,2.5,90,100,0.00
2024-06-03T05:00,23.1,1.5,135,100,0.00
2024-06-03T06:00,23.4,1.1,90,99,0.00
2024-06-03T07:00,24.8,3.3,193,92,0.00
2024-06-03T08:00,26.4,6.6,225,85,0.00
2024-06-03T09:00,27.5,8.2,232,78,0.10
2024-06-03T10:00,28.6,9.2,228,74,0.00
2024-06-03T11:00,29.5,10.0,229,72,0.00
2024-06-03T12:00,30.0,11.2,222,72,0.00
2024-06-03T13:00,30.4,10.7,222,68,0.00
2024-06-03T14:00,30.8,12.0,237,66,0.20
2024-06-03T15:00,28.4,7.9,231,78,0.50
2024-06-03T16:00,29.0,7.1,225,77,0.60
2024-06-03T17:00,27.3,6.1,242,82,1.20
2024-06-03T18:00,25.5,4.8,228,88,1.00
2024-06-03T19:00,25.0,4.3,180,93,0.70
2024-06-03T20:00,24.9,6.5,87,92,1.10
2024-06-03T21:00,25.7,2.9,150,93,0.00
2024-06-03T22:00,25.0,3.9,214,95,0.00
2024-06-03T23:00,24.5,7.9,180,94,2.80
2024-06-04T00:00,24.1,3.8,229,94,0.10
2024-06-04T01:00,23.8,3.3,221,95,0.10
2024-06-04T02:00,23.7,0.8,207,94,0.10
2024-06-04T03:00,23.6,0.0,270,95,0.00
2024-06-04T04:00,23.3,2.9,240,97,0.00
2024-06-04T05:00,23.0,3.8,163,97,0.00
2024-06-04T06:00,23.5,4.1,218,95,0.00
2024-06-04T07:00,24.4,6.5,214,90,0.00
2024-06-04T08:00,25.6,6.7,234,85,0.00
2024-06-04T09:00,25.6,6.8,245,85,0.00
2024-06-04T10:00,27.4,7.4,227,77,0.00
2024-06-04T11:00,28.5,9.2,225,72,0.00
2024-06-04T12:00,29.5,10.8,233,70,0.00
2024-06-04T13:00,29.7,11.4,235,73,0.00
2024-06-04T14:00,28.8,8.9,227,77,0.10
2024-06-04T15:00,26.9,7.2,217,82,0.50
2024-06-04T16:00,27.1,6.0,245,83,0.00
2024-06-04T17:00,27.0,7.1,221,84,0.00
2024-06-04T18:00,26.1,4.5,256,89,0.00
2024-06-04T19:00,25.1,5.9,259,92,0.80
2024-06-04T20:00,25.0,6.1,183,92,0.20
2024-06-04T21:00,25.3,4.6,252,88,0.90
2024-06-04T22:00,24.5,3.1,234,95,0.10
2024-06-04T23:00,24.5,0.5,45,96,0.00
2024-06-05T00:00,24.3,0.7,90,96,0.00
2024-06-05T01:00,24.4,0.8,63,94,0.00
2024-06-05T02:00,24.2,1.6,153,95,0.00
2024-06-05T03:00,23.5,2.7,113,98,0.00
2024-06-05T04:00,24.0,2.5,135,94,0.00
2024-06-05T05:00,24.0,1.5,104,92,0.00
2024-06-05T06:00,24.2,2.6,196,92,0.00
2024-06-05T07:00,25.1,5.4,233,89,0.00
2024-06-05T08:00,26.3,5.1,219,83,0.00
2024-06-05T09:00,27.8,3.6,276,77,0.00
2024-06-05T10:00,29.1,4.0,275,72,0.00
2024-06-05T11:00,30.0,5.6,255,72,0.00
2024-06-05T12:00,30.2,8.6,255,72,0.10
2024-06-05T13:00,28.9,6.3,211,75,1.60
2024-06-05T14:00,28.8,10.1,125,72,0.10
2024-06-05T15:00,28.7,7.9,164,72,0.00
2024-06-05T16:00,27.1,12.3,265,82,0.10
2024-06-05T17:00,26.3,0.0,270,85,0.00
2024-06-05T18:00,26.1,4.0,10,86,0.00
2024-06-05T19:00,26.0,3.9,34,86,0.00
2024-06-05T20:00,25.8,4.6,39,87,0.00
2024-06-05T21:00,25.4,2.7,157,91,0.00
2024-06-05T22:00,25.1,2.7,157,93,0.00
2024-06-05T23:00,25.6,2.2,171,88,0.00
2024-06-06T00:00,24.1,10.7,237,93,0.10
2024-06-06T01:00,23.1,5.6,63,97,0.50
2024-06-06T02:00,23.4,2.1,149,94,0.10
2024-06-06T03:00,23.1,1.9,68,97,0.00
2024-06-06T04:00,22.7,2.5,82,98,0.00
2024-06-06T05:00,22.8,4.3,66,99,0.00
2024-06-06T06:00,22.9,4.0,85,99,0.00
2024-06-06T07:00,24.6,1.8,37,90,0.00
2024-06-06T08:00,26.0,2.7,247,85,0.00
2024-06-06T09:00,27.6,4.8,257,80,0.00
2024-06-06T10:00,29.0,6.5,251,74,0.00
2024-06-06T11:00,29.7,8.3,252,72,0.00
2024-06-06T12:00,28.8,9.1,187,74,0.00
2024-06-06T13:00,29.2,9.0,164,70,0.00
2024-06-06T14:00,29.4,4.4,215,70,0.10
2024-06-06T15:00,28.8,10.3,216,74,0.30
2024-06-06T16:00,25.8,13.0,224,88,0.40
2024-06-06T17:00,25.5,8.9,220,90,0.10
2024-06-06T18:00,25.5,3.6,186,88,0.00
2024-06-06T19:00,25.3,1.1,288,90,0.00
2024-06-06T20:00,24.6,5.4,360,94,0.00
2024-06-06T21:00,24.9,1.5,346,92,0.10
2024-06-06T22:00,24.7,1.1,342,93,0.10
2024-06-06T23:00,24.1,2.2,360,97,0.10
2024-06-07T00:00,24.2,1.1,360,96,0.10
2024-06-07T01:00,24.0,1.3,326,96,1.10
2024-06-07T02:00,23.7,2.3,309,99,1.90
2024-06-07T03:00,23.6,2.4,27,98,0.70
2024-06-07T04:00,23.5,4.5,61,98,0.20
2024-06-07T05:00,22.9,3.1,69,98,0.00
2024-06-07T06:00,23.7,1.8,143,96,0.00
2024-06-07T07:00,24.7,3.7,241,92,0.00
2024-06-07T08:00,26.0,6.4,218,84,0.00
2024-06-07T09:00,26.9,4.0,243,80,0.00
2024-06-07T10:00,28.4,4.5,256,74,0.00
2024-06-07T11:00,29.0,4.3,275,72,0.00
2024-06-07T12:00,30.1,4.0,270,69,0.00
2024-06-07T13:00,30.7,7.6,273,68,0.00
2024-06-07T14:00,28.9,9.1,187,72,2.70
2024-06-07T15:00,28.3,9.2,138,71,0.10
2024-06-07T16:00,27.7,2.5,225,76,0.30
2024-06-07T17:00,27.0,2.2,270,80,0.30
2024-06-07T18:00,26.3,2.2,189,87,0.20
2024-06-07T19:00,25.7,2.7,247,90,0.10
2024-06-07T20:00,25.6,1.1,180,89,0.00
2024-06-07T21:00,23.9,6.1,93,92,2.60
2024-06-07T22:00,24.2,3.6,90,89,0.60
2024-06-07T23:00,23.9,3.1,69,93,0.00
2024-06-08T00:00,23.8,2.8,40,95,0.00
2024-06-08T01:00,23.7,2.1,59,95,0.00
2024-06-08T02:00,23.4,2.2,81,96,0.00
2024-06-08T03:00,22.9,3.3,84,96,0.00
2024-06-08T04:00,23.0,3.2,63,93,0.00
2024-06-08T05:00,22.9,4.0,63,92,0.00
2024-06-08T06:00,23.8,3.3,77,88,0.00
2024-06-08T07:00,25.6,1.6,333,82,0.00
2024-06-08T08:00,26.8,3.2,297,80,0.00
2024-06-08T09:00,28.3,5.1,274,74,0.00
2024-06-08T10:00,29.1,4.3,275,73,0.10
2024-06-08T11:00,29.8,3.6,264,71,0.20
2024-06-08T12:00,30.6,5.9,256,69,0.30
2024-06-08T13:00,28.8,7.9,273,73,16.30
2024-06-08T14:00,27.6,4.0,180,78,8.90
2024-06-08T15:00,26.0,7.6,265,87,5.80
2024-06-08T16:00,25.9,0.4,270,87,3.50
2024-06-08T17:00,25.1,1.8,37,92,2.20
2024-06-08T18:00,25.2,2.2,279,91,0.20
2024-06-08T19:00,24.8,1.6,63,94,0.30
2024-06-08T20:00,24.2,2.5,172,96,0.00
2024-06-08T21:00,24.9,3.8,221,94,0.70
2024-06-08T22:00,24.6,1.0,135,94,0.00
2024-06-08T23:00,23.9,2.6,106,98,0.00
2024-06-09T00:00,23.7,2.0,135,99,0.00
2024-06-09T01:00,23.6,1.8,143,98,0.00
2024-06-09T02:00,23.5,1.5,104,98,0.00
2024-06-09T03:00,23.1,1.1,108,100,0.00
2024-06-09T04:00,22.8,2.2,90,100,0.00
2024-06-09T05:00,22.7,3.3,77,100,0.00
2024-06-09T06:00,23.0,3.8,73,100,0.00
2024-06-09T07:00,24.7,4.1,345,92,0.00
2024-06-09T08:00,26.1,3.3,347,86,0.00
2024-06-09T09:00,27.8,3.7,281,80,0.10
2024-06-09T10:00,28.9,4.9,287,73,0.10
2024-06-09T11:00,29.8,5.0,270,74,0.10
2024-06-09T12:00,30.4,5.0,270,73,0.30
2024-06-09T13:00,30.8,8.3,252,71,0.50
2024-06-09T14:00,27.6,9.8,163,81,15.90
2024-06-09T15:00,26.3,9.2,31,85,6.80
2024-06-09T16:00,25.3,5.6,45,87,13.40
2024-06-09T17:00,25.1,4.8,27,88,6.00
2024-06-09T18:00,24.5,3.6,354,93,6.20
2024-06-09T19:00,24.3,3.0,14,93,1.50
2024-06-09T20:00,24.3,4.1,45,94,1.40
2024-06-09T21:00,24.7,4.8,13,91,1.00
2024-06-09T22:00,24.5,2.8,40,93,0.40
2024-06-09T23:00,24.3,3.1,54,95,0.20
2024-06-10T00:00,23.8,2.4,63,97,0.00
2024-06-10T01:00,23.4,1.1,90,98,0.00
2024-06-10T02:00,23.0,2.2,81,97,0.00
2024-06-10T03:00,23.7,4.0,10,93,0.00
2024-06-10T04:00,23.6,1.5,76,94,0.00
2024-06-10T05:00,22.8,2.1,121,96,0.00
2024-06-10T06:00,23.3,1.8,127,95,0.00
2024-06-10T07:00,25.2,0.4,360,87,0.00
2024-06-10T08:00,26.5,4.1,308,83,0.00
2024-06-10T09:00,27.3,5.9,308,82,0.00
2024-06-10T10:00,28.2,4.6,309,79,0.00
2024-06-10T11:00,27.6,1.9,292,78,1.60
2024-06-10T12:00,27.8,4.6,309,77,0.10
2024-06-10T13:00,27.7,7.2,354,77,2.80
2024-06-10T14:00,27.2,8.4,353,81,0.70
2024-06-10T15:00,27.5,2.2,360,81,0.50
2024-06-10T16:00,26.6,4.3,312,85,1.00
2024-06-10T17:00,26.1,5.4,274,89,0.30
2024-06-10T18:00,25.5,1.6,297,93,0.20
2024-06-10T19:00,24.8,2.6,196,96,0.00
2024-06-10T20:00,24.9,2.2,180,96,0.00
2024-06-10T21:00,24.5,2.2,189,96,0.10
2024-06-10T22:00,24.0,2.6,164,97,0.00
2024-06-10T23:00,23.9,2.6,164,96,0.00
2024-06-11T00:00,23.3,2.3,108,97,0.00
2024-06-11T01:00,23.2,2.6,124,96,0.00
2024-06-11T02:00,23.6,2.5,135,91,0.00
2024-06-11T03:00,23.3,2.6,16,93,0.00
2024-06-11T04:00,23.1,1.4,90,95,0.00
2024-06-11T05:00,22.9,2.4,63,96,0.00
2024-06-11T06:00,23.6,2.3,108,94,0.00
2024-06-11T07:00,25.1,2.2,270,89,0.00
2024-06-11T08:00,25.8,5.5,259,86,0.00
2024-06-11T09:00,27.4,4.6,315,80,0.00
2024-06-11T10:00,28.4,4.7,302,73,0.00
2024-06-11T11:00,29.6,5.1,278,73,0.00
2024-06-11T12:00,30.2,5.5,281,74,0.10
2024-06-11T13:00,30.7,7.3,281,73,0.10
2024-06-11T14:00,29.5,3.3,96,76,0.60
2024-06-11T15:00,27.6,6.6,193,80,4.20
2024-06-11T16:00,26.0,6.2,234,87,8.70
2024-06-11T17:00,24.8,7.1,246,90,6.10
2024-06-11T18:00,24.5,4.5,241,92,0.40
2024-06-11T19:00,23.7,6.1,220,97,0.10
2024-06-11T20:00,23.9,1.8,349,95,0.10
2024-06-11T21:00,24.3,2.5,45,92,0.10
2024-06-11T22:00,24.3,0.8,243,92,0.10
2024-06-11T23:00,24.0,5.6,27,95,0.00
2024-06-12T00:00,23.7,4.6,51,96,0.00
2024-06-12T01:00,23.0,4.1,52,98,0.00
2024-06-12T02:00,23.6,1.1,198,95,0.00
2024-06-12T03:00,22.9,2.9,120,97,0.00
2024-06-12T04:00,22.5,3.2,117,97,0.00
2024-06-12T05:00,23.8,1.1,108,89,0.00
2024-06-12T06:00,23.9,1.9,68,89,0.00
2024-06-12T07:00,24.6,0.8,333,88,0.00
2024-06-12T08:00,25.6,1.8,307,85,0.00
2024-06-12T09:00,27.0,3.5,294,85,0.00
2024-06-12T10:00,28.8,4.1,285,75,0.00
2024-06-12T11:00,29.7,5.4,266,74,0.10
2024-06-12T12:00,29.2,7.4,227,77,0.30
2024-06-12T13:00,27.3,8.3,182,80,5.30
2024-06-12T14:00,26.5,8.1,159,82,2.30
2024-06-12T15:00,26.7,5.9,133,82,4.40
2024-06-12T16:00,26.3,4.5,299,83,3.70
2024-06-12T17:00,25.6,3.1,21,86,2.10
2024-06-12T18:00,25.3,1.6,27,88,0.10
2024-06-12T19:00,24.2,4.3,48,96,0.00
2024-06-12T20:00,24.1,2.5,98,96,0.00
2024-06-12T21:00,24.9,4.4,145,91,0.00
2024-06-12T22:00,24.5,2.8,130,94,0.00
2024-06-12T23:00,24.9,2.5,188,91,0.00
2024-06-13T00:00,24.0,3.6,174,96,0.00
2024-06-13T01:00,23.6,3.7,151,97,0.10
2024-06-13T02:00,23.3,3.1,144,97,0.00
2024-06-13T03:00,23.1,3.6,186,97,0.00
2024-06-13T04:00,23.0,4.3,180,98,0.00
2024-06-13T05:00,23.1,3.5,204,98,0.10
2024-06-13T06:00,23.6,4.0,190,97,0.00
2024-06-13T07:00,24.5,4.3,204,91,0.00
2024-06-13T08:00,25.2,3.7,259,89,0.00
2024-06-13T09:00,26.1,4.6,225,84,1.20
2024-06-13T10:00,27.6,4.4,235,83,0.30
2024-06-13T11:00,26.8,6.8,238,86,7.80
2024-06-13T12:00,26.1,7.3,213,87,5.20
2024-06-13T13:00,25.7,6.2,201,88,1.10
2024-06-13T14:00,25.6,7.2,183,88,1.60
2024-06-13T15:00,25.2,5.0,240,91,1.60
2024-06-13T16:00,24.7,6.4,164,92,2.30
2024-06-13T17:00,24.5,4.6,225,92,2.00
2024-06-13T18:00,24.2,4.3,175,94,0.50
2024-06-13T19:00,24.2,2.9,187,93,0.10
2024-06-13T20:00,23.9,2.6,164,96,0.10
2024-06-13T21:00,24.2,2.9,180,92,0.10
2024-06-13T22:00,23.6,2.6,214,96,0.00
2024-06-13T23:00,23.3,2.5,188,98,0.00
2024-06-14T00:00,23.1,2.5,172,98,0.00
2024-06-14T01:00,23.0,2.5,180,98,0.00
2024-06-14T02:00,23.1,3.3,174,98,0.00
2024-06-14T03:00,23.1,3.2,180,97,0.00
2024-06-14T04:00,23.0,2.3,141,97,0.00
2024-06-14T05:00,22.8,1.9,112,99,0.00
2024-06-14T06:00,23.0,2.1,121,97,0.00
2024-06-14T07:00,24.3,1.8,270,90,0.00
2024-06-14T08:00,25.5,7.1,221,84,0.00
2024-06-14T09:00,26.5,12.5,213,79,0.10
2024-06-14T10:00,27.3,13.5,214,76,0.10
2024-06-14T11:00,28.4,13.6,217,75,0.00
2024-06-14T12:00,29.0,13.4,211,73,0.00
2024-06-14T13:00,29.3,12.4,206,71,0.00
2024-06-14T14:00,29.4,13.8,219,71,0.10
2024-06-14T15:00,26.2,17.1,224,85,1.80
2024-06-14T16:00,26.6,9.7,207,85,0.20
2024-06-14T17:00,25.9,8.5,216,88,1.60
2024-06-14T18:00,25.0,6.9,242,92,0.40
2024-06-14T19:00,24.4,2.9,270,95,0.10
2024-06-14T20:00,24.0,6.3,239,93,0.40
2024-06-14T21:00,24.6,4.7,212,93,0.00
2024-06-14T22:00,24.1,4.3,204,94,0.00
2024-06-14T23:00,23.6,4.3,185,93,0.00
2024-06-15T00:00,23.5,4.0,180,92,0.00
2024-06-15T01:00,23.1,5.2,205,94,0.00
2024-06-15T02:00,23.0,4.3,222,94,0.00
2024-06-15T03:00,22.7,3.3,167,94,0.00
2024-06-15T04:00,22.9,4.7,203,93,0.00
2024-06-15T05:00,22.6,4.0,207,95,0.00
2024-06-15T06:00,23.1,3.9,202,90,0.00
2024-06-15T07:00,24.2,3.1,234,86,0.00
2024-06-15T08:00,25.2,3.6,264,84,0.00
2024-06-15T09:00,26.3,5.3,298,85,0.00
2024-06-15T10:00,27.2,3.8,287,83,0.00
2024-06-15T11:00,28.6,5.0,270,78,0.00
2024-06-15T12:00,29.2,9.0,270,77,0.20
2024-06-15T13:00,28.8,6.0,147,76,0.90
2024-06-15T14:00,27.5,9.6,236,78,1.00
2024-06-15T15:00,26.3,5.3,298,86,0.50
2024-06-15T16:00,26.1,5.1,278,84,1.90
2024-06-15T17:00,24.7,2.1,31,91,0.70
2024-06-15T18:00,24.7,4.7,58,91,0.60
2024-06-15T19:00,24.5,4.6,45,92,0.40
2024-06-15T20:00,24.4,3.5,24,94,0.10
2024-06-15T21:00,24.2,1.1,342,96,0.20
2024-06-15T22:00,24.2,3.6,45,95,0.20
2024-06-15T23:00,24.0,4.6,39,97,0.40
2024-06-16T00:00,24.0,3.6,37,97,0.40
2024-06-16T01:00,23.9,2.7,23,98,0.40
2024-06-16T02:00,23.6,3.6,6,99,0.20
2024-06-16T03:00,23.3,1.6,63,99,0.10
2024-06-16T04:00,22.8,2.4,63,99,0.00
2024-06-16T05:00,22.9,3.8,73,99,0.00
2024-06-16T06:00,23.2,2.5,82,98,0.10
2024-06-16T07:00,24.2,1.4,270,89,0.00
2024-06-16T08:00,25.2,2.2,279,88,0.00
2024-06-16T09:00,27.0,4.4,305,81,0.00
2024-06-16T10:00,28.5,4.6,288,76,0.00
2024-06-16T11:00,29.5,5.4,274,73,0.00
2024-06-16T12:00,29.6,7.6,245,75,0.10
2024-06-16T13:00,28.8,9.2,228,79,0.20
2024-06-16T14:00,28.8,4.3,294,76,0.50
2024-06-16T15:00,25.5,6.6,68,89,8.20
2024-06-16T16:00,25.7,4.2,290,88,2.30
2024-06-16T17:00,25.3,4.0,265,88,0.80
2024-06-16T18:00,25.1,2.6,254,91,0.30
2024-06-16T19:00,24.8,2.3,309,92,0.10
2024-06-16T20:00,24.7,2.3,309,93,0.20
2024-06-16T21:00,23.9,4.6,45,91,1.00
2024-06-16T22:00,23.8,4.3,355,93,0.80
2024-06-16T23:00,23.4,5.4,42,96,0.30
2024-06-17T00:00,23.0,5.5,32,96,0.50
2024-06-17T01:00,23.0,4.8,42,96,0.30
2024-06-17T02:00,23.1,3.9,34,97,0.10
2024-06-17T03:00,22.9,0.8,63,97,0.00
2024-06-17T04:00,22.4,2.2,99,99,0.00
2024-06-17T05:00,22.3,2.4,63,98,0.00
2024-06-17T06:00,23.1,5.3,62,95,0.00
2024-06-17T07:00,24.7,4.7,23,87,0.00
2024-06-17T08:00,25.9,3.6,354,83,0.00
2024-06-17T09:00,27.3,3.6,264,80,0.00
2024-06-17T10:00,27.4,5.4,262,82,0.20
2024-06-17T11:00,27.9,4.9,197,81,0.40
2024-06-17T12:00,28.6,4.8,228,80,0.20
2024-06-17T13:00,28.4,4.6,198,79,0.10
2024-06-17T14:00,28.7,2.9,180,75,0.10
2024-06-17T15:00,28.4,3.2,207,76,0.20
2024-06-17T16:00,26.9,6.9,189,81,0.60
2024-06-17T17:00,25.1,6.4,232,89,6.00
2024-06-17T18:00,24.8,2.3,219,91,0.60
2024-06-17T19:00,24.6,0.8,207,92,0.10
2024-06-17T20:00,24.1,2.9,30,97,0.00
2024-06-17T21:00,24.3,3.8,253,95,0.00
2024-06-17T22:00,24.3,1.8,217,96,0.00
2024-06-17T23:00,24.6,0.8,117,91,0.00
2024-06-18T00:00,24.4,1.1,342,92,0.00
2024-06-18T01:00,24.2,0.7,90,94,0.00
2024-06-18T02:00,23.2,3.1,54,97,0.00
2024-06-18T03:00,22.9,2.3,72,99,0.00
2024-06-18T04:00,22.7,2.5,98,100,0.00
2024-06-18T05:00,22.4,1.5,104,99,0.00
2024-06-18T06:00,22.7,0.7,90,99,0.00
2024-06-18T07:00,24.4,0.7,90,93,0.00
2024-06-18T08:00,26.1,1.1,342,83,0.00
2024-06-18T09:00,27.7,2.9,277,77,0.10
2024-06-18T10:00,28.6,5.2,282,72,0.20
2024-06-18T11:00,29.0,5.4,262,71,0.10
2024-06-18T12:00,29.8,5.2,245,68,0.20
2024-06-18T13:00,29.7,7.1,229,71,0.30
2024-06-18T14:00,29.6,7.4,203,72,0.40
2024-06-18T15:00,27.5,13.5,224,77,7.00
2024-06-18T16:00,26.3,2.8,140,83,7.00
2024-06-18T17:00,24.6,4.6,225,90,6.50
2024-06-18T18:00,24.2,4.4,325,93,3.50
2024-06-18T19:00,23.7,4.7,32,97,0.10
2024-06-18T20:00,23.5,3.9,56,96,1.90
2024-06-18T21:00,24.2,1.9,112,93,0.70
2024-06-18T22:00,24.3,1.9,338,93,0.30
2024-06-18T23:00,24.2,1.1,18,94,0.10
2024-06-19T00:00,24.1,3.9,248,95,0.10
2024-06-19T01:00,23.7,2.6,254,96,0.40
2024-06-19T02:00,23.6,3.9,214,97,0.20
2024-06-19T03:00,23.6,1.4,180,96,0.10
2024-06-19T04:00,23.4,1.8,53,96,0.00
2024-06-19T05:00,23.2,1.9,22,98,0.00
2024-06-19T06:00,23.3,2.9,277,98,0.00
2024-06-19T07:00,23.8,2.0,225,95,0.00
2024-06-19T08:00,25.1,2.8,220,91,0.00
2024-06-19T09:00,24.7,5.0,249,89,0.40
2024-06-19T10:00,25.0,4.6,252,91,0.60
2024-06-19T11:00,25.1,5.4,217,90,0.40
2024-06-19T12:00,25.6,5.4,228,88,0.80
2024-06-19T13:00,25.5,4.7,266,90,0.90
2024-06-19T14:00,25.5,3.3,257,90,0.70
2024-06-19T15:00,25.4,6.7,254,89,0.40
2024-06-19T16:00,25.3,3.7,259,89,0.20
2024-06-19T17:00,24.5,5.1,266,90,0.30
2024-06-19T18:00,23.9,6.9,208,94,0.50
2024-06-19T19:00,23.4,6.4,207,94,0.10
2024-06-19T20:00,23.2,6.1,220,94,0.50
2024-06-19T21:00,24.1,4.6,252,95,0.90
2024-06-19T22:00,24.0,5.7,215,94,0.90
2024-06-19T23:00,23.9,6.0,213,93,0.40
2024-06-20T00:00,23.8,6.0,205,92,0.30
2024-06-20T01:00,23.4,7.1,210,94,0.30
2024-06-20T02:00,23.2,4.3,228,96,0.40
2024-06-20T03:00,23.1,3.9,248,96,0.10
2024-06-20T04:00,23.2,4.4,235,95,0.10
2024-06-20T05:00,23.2,7.7,208,96,0.00
2024-06-20T06:00,23.3,8.4,205,96,0.00
2024-06-20T07:00,23.6,10.5,202,94,0.00
2024-06-20T08:00,24.3,11.0,203,91,0.00
2024-06-20T09:00,24.4,14.2,204,87,0.00
2024-06-20T10:00,24.8,14.6,200,86,0.20
2024-06-20T11:00,25.8,16.0,203,87,0.20
2024-06-20T12:00,25.7,18.4,206,87,0.50
2024-06-20T13:00,25.7,16.3,208,86,0.80
2024-06-20T14:00,25.7,18.4,215,87,0.80
2024-06-20T15:00,24.7,13.0,204,92,1.50
2024-06-20T16:00,24.7,11.0,199,92,2.20
2024-06-20T17:00,24.5,9.4,198,92,0.90
2024-06-20T18:00,24.2,6.2,201,92,0.40
2024-06-20T19:00,24.2,3.3,186,92,0.20
2024-06-20T20:00,24.1,3.6,186,92,0.10
2024-06-20T21:00,24.1,4.4,125,92,0.10
2024-06-20T22:00,24.9,1.5,14,84,0.00
2024-06-20T23:00,23.5,3.8,287,92,0.00
2024-06-21T00:00,23.2,2.9,330,96,0.00
2024-06-21T01:00,23.5,0.4,90,94,0.00
2024-06-21T02:00,23.5,2.5,278,92,0.00
2024-06-21T03:00,23.3,0.8,153,93,0.00
2024-06-21T04:00,23.2,0.8,63,93,0.00
2024-06-21T05:00,22.1,2.1,59,97,0.00
2024-06-21T06:00,23.1,1.5,76,94,0.00
2024-06-21T07:00,24.2,2.7,337,91,0.00
2024-06-21T08:00,25.2,3.2,297,87,0.00
2024-06-21T09:00,26.5,4.2,250,85,0.00
2024-06-21T10:00,27.7,9.4,220,78,0.00
2024-06-21T11:00,28.5,10.4,214,74,0.00
2024-06-21T12:00,29.1,11.7,214,72,0.00
2024-06-21T13:00,29.6,12.0,219,71,0.00
2024-06-21T14:00,29.5,12.7,225,72,0.00
2024-06-21T15:00,29.2,14.5,228,71,0.00
2024-06-21T16:00,27.5,17.1,210,78,0.10
2024-06-21T17:00,26.3,12.4,202,85,0.00
2024-06-21T18:00,25.6,5.6,220,88,0.00
2024-06-21T19:00,25.1,1.1,270,94,0.20
2024-06-21T20:00,24.5,2.3,321,96,0.00
2024-06-21T21:00,24.1,5.4,222,97,1.30
2024-06-21T22:00,24.0,4.1,165,97,1.30
2024-06-21T23:00,24.0,0.5,45,97,0.40
2024-06-22T00:00,24.0,3.1,21,96,0.10
2024-06-22T01:00,23.8,3.1,21,98,0.00
2024-06-22T02:00,23.5,2.2,81,99,0.00
2024-06-22T03:00,23.6,0.8,63,98,0.00
2024-06-22T04:00,22.7,1.8,143,99,0.00
2024-06-22T05:00,22.7,1.8,101,100,0.00
2024-06-22T06:00,22.7,4.0,80,100,0.00
2024-06-22T07:00,24.6,5.1,39,94,0.00
2024-06-22T08:00,26.2,5.4,4,87,0.00
2024-06-22T09:00,27.5,3.7,349,81,0.00
2024-06-22T10:00,28.8,5.4,318,79,0.20
2024-06-22T11:00,28.1,6.3,294,83,0.30
2024-06-22T12:00,28.9,4.0,100,80,1.10
2024-06-22T13:00,28.3,6.8,357,79,0.80
2024-06-22T14:00,28.0,10.6,342,81,3.50
2024-06-22T15:00,27.1,5.7,55,81,2.20
2024-06-22T16:00,26.3,5.8,356,83,0.60
2024-06-22T17:00,25.8,3.3,264,85,0.20
2024-06-22T18:00,25.1,2.3,219,92,0.00
2024-06-22T19:00,24.3,3.1,225,97,0.00
2024-06-22T20:00,24.0,2.2,180,99,0.10
2024-06-22T21:00,24.3,5.8,184,96,0.40
2024-06-22T22:00,24.0,4.1,135,95,0.40
2024-06-22T23:00,23.4,2.7,113,97,0.10
2024-06-23T00:00,23.5,0.7,90,96,0.00
2024-06-23T01:00,23.0,0.8,117,98,0.00
2024-06-23T02:00,22.8,2.9,120,98,0.00
2024-06-23T03:00,22.6,3.5,114,98,0.00
2024-06-23T04:00,22.4,3.1,111,98,0.00
2024-06-23T05:00,22.3,2.6,106,98,0.00
2024-06-23T06:00,22.8,3.0,104,96,0.00
2024-06-23T07:00,24.8,1.3,326,90,0.00
2024-06-23T08:00,26.2,4.4,351,83,0.00
2024-06-23T09:00,27.1,6.8,342,79,0.10
2024-06-23T10:00,28.4,6.0,335,73,0.10
2024-06-23T11:00,29.1,4.1,315,74,0.10
2024-06-23T12:00,29.7,4.0,297,72,0.20
2024-06-23T13:00,29.8,5.6,320,73,0.90
2024-06-23T14:00,28.6,4.7,302,80,3.50
2024-06-23T15:00,26.2,6.4,153,83,24.30
2024-06-23T16:00,25.9,6.3,294,87,1.70
2024-06-23T17:00,25.0,2.5,315,88,4.30
2024-06-23T18:00,25.2,2.6,16,89,0.30
2024-06-23T19:00,24.7,1.8,270,94,0.30
2024-06-23T20:00,24.4,1.3,214,96,0.10
2024-06-23T21:00,24.7,1.1,342,89,0.00
2024-06-23T22:00,23.8,3.4,302,96,0.00
2024-06-23T23:00,23.9,1.9,292,97,0.00
2024-06-24T00:00,23.6,2.6,16,97,0.00
2024-06-24T01:00,23.9,1.6,63,95,0.00
2024-06-24T02:00,23.0,2.7,113,98,0.00
2024-06-24T03:00,23.0,1.5,135,97,0.00
2024-06-24T04:00,22.5,1.6,117,98,0.00
2024-06-24T05:00,22.6,0.8,117,98,0.00
2024-06-24T06:00,23.0,3.9,112,96,0.00
2024-06-24T07:00,24.3,3.4,342,93,0.00
2024-06-24T08:00,25.5,1.9,292,86,0.00
2024-06-24T09:00,26.7,5.4,274,82,0.00
2024-06-24T10:00,27.7,3.2,270,77,0.10
2024-06-24T11:00,28.5,5.2,254,75,0.10
2024-06-24T12:00,29.2,8.3,275,76,0.10
2024-06-24T13:00,28.0,5.0,270,81,7.50
2024-06-24T14:00,27.8,4.7,189,77,9.10
2024-06-24T15:00,26.0,8.0,350,85,6.40
2024-06-24T16:00,25.1,1.6,297,91,2.00
2024-06-24T17:00,25.5,2.5,262,88,1.00
2024-06-24T18:00,24.5,2.2,279,91,2.30
2024-06-24T19:00,24.4,3.4,342,94,0.50
2024-06-24T20:00,24.3,2.9,353,96,0.20
2024-06-24T21:00,25.0,2.1,59,94,1.00
2024-06-24T22:00,24.9,1.8,90,94,0.70
2024-06-24T23:00,24.8,1.6,63,95,0.50
2024-06-25T00:00,24.6,3.6,53,95,0.30
2024-06-25T01:00,24.1,4.2,70,95,0.10
2024-06-25T02:00,23.7,4.8,77,94,0.00
2024-06-25T03:00,22.9,2.9,97,95,0.00
2024-06-25T04:00,22.6,1.8,90,95,0.00
2024-06-25T05:00,22.6,2.9,90,94,0.00
2024-06-25T06:00,23.1,7.0,78,93,0.00
2024-06-25T07:00,25.3,7.9,60,87,0.00
2024-06-25T08:00,26.8,6.6,29,82,0.00
2024-06-25T09:00,28.2,10.3,29,73,0.00
2024-06-25T10:00,29.1,13.3,3,73,0.00
2024-06-25T11:00,30.0,12.9,23,68,0.00
2024-06-25T12:00,30.6,10.8,30,66,0.00
2024-06-25T13:00,31.3,10.3,36,65,0.00
2024-06-25T14:00,31.4,8.9,32,63,0.00
2024-06-25T15:00,30.1,2.4,63,65,0.50
2024-06-25T16:00,27.1,5.9,227,83,1.30
2024-06-25T17:00,25.4,7.2,323,88,2.60
2024-06-25T18:00,25.1,0.4,270,88,0.70
2024-06-25T19:00,24.9,6.2,21,91,0.10
2024-06-25T20:00,25.0,2.5,45,89,0.00
2024-06-25T21:00,25.2,2.6,16,95,0.00
2024-06-25T22:00,25.0,1.9,248,96,0.00
2024-06-25T23:00,24.7,0.5,225,94,0.10
2024-06-26T00:00,23.9,2.2,189,92,0.20
2024-06-26T01:00,23.4,2.9,173,97,0.10
2024-06-26T02:00,22.9,3.1,201,98,0.00
2024-06-26T03:00,23.2,5.4,143,98,0.00
2024-06-26T04:00,23.1,1.5,135,98,0.00
2024-06-26T05:00,22.9,5.1,188,99,0.00
2024-06-26T06:00,23.0,5.1,172,98,0.00
2024-06-26T07:00,24.2,2.2,90,92,0.00
2024-06-26T08:00,25.0,4.2,31,87,0.00
2024-06-26T09:00,26.9,10.5,27,80,0.10
2024-06-26T10:00,27.0,10.9,27,79,0.10
2024-06-26T11:00,27.8,8.8,19,76,0.20
2024-06-26T12:00,27.7,8.2,29,75,0.10
2024-06-26T13:00,27.0,10.8,21,77,1.00
2024-06-26T14:00,25.1,8.3,2,89,2.40
2024-06-26T15:00,24.9,0.5,225,91,1.90
2024-06-26T16:00,24.9,6.6,139,91,2.10
2024-06-26T17:00,24.9,2.5,270,90,3.00
2024-06-26T18:00,23.9,7.5,235,97,1.80
2024-06-26T19:00,23.3,5.1,188,94,2.10
2024-06-26T20:00,22.4,9.4,180,95,2.30
2024-06-26T21:00,23.4,3.6,225,97,0.80
2024-06-26T22:00,23.3,2.1,149,97,0.30
2024-06-26T23:00,23.1,3.7,119,98,0.10
2024-06-27T00:00,23.3,1.8,127,97,0.60
2024-06-27T01:00,23.5,2.3,72,95,0.20
2024-06-27T02:00,23.4,2.3,72,95,0.00
2024-06-27T03:00,23.2,1.8,53,95,0.00
2024-06-27T04:00,23.0,2.2,99,92,0.10
2024-06-27T05:00,22.9,2.2,90,90,0.00
2024-06-27T06:00,23.3,1.4,90,89,0.00
2024-06-27T07:00,24.6,3.6,6,85,0.00
2024-06-27T08:00,25.5,3.7,349,87,0.00
2024-06-27T09:00,27.5,5.4,352,77,0.10
2024-06-27T10:00,28.4,3.6,323,71,0.20
2024-06-27T11:00,29.3,4.7,328,69,0.10
2024-06-27T12:00,29.5,5.6,320,72,0.10
2024-06-27T13:00,30.2,8.2,319,72,0.20
2024-06-27T14:00,29.2,4.7,302,75,0.50
2024-06-27T15:00,27.5,6.0,33,84,3.60
2024-06-27T16:00,26.2,7.5,325,90,2.30
2024-06-27T17:00,26.4,7.6,5,88,0.20
2024-06-27T18:00,25.7,5.1,352,91,0.60
2024-06-27T19:00,25.2,5.3,28,93,0.10
2024-06-27T20:00,24.8,6.4,47,94,0.10
2024-06-27T21:00,25.0,6.6,45,94,0.10
2024-06-27T22:00,24.4,7.6,59,95,0.00
2024-06-27T23:00,24.0,7.9,66,95,0.00
2024-06-28T00:00,23.6,7.0,69,95,0.00
2024-06-28T01:00,23.4,6.8,72,95,0.00
2024-06-28T02:00,23.2,7.8,68,96,0.00
2024-06-28T03:00,22.9,7.3,70,97,0.00
2024-06-28T04:00,22.6,8.1,77,99,0.00
2024-06-28T05:00,22.3,8.8,81,99,0.00
2024-06-28T06:00,22.7,8.8,81,97,0.00
2024-06-28T07:00,24.8,6.5,56,93,0.00
2024-06-28T08:00,26.8,8.0,18,85,0.00
2024-06-28T09:00,28.3,11.9,25,76,0.00
2024-06-28T10:00,29.3,13.2,26,70,0.00
2024-06-28T11:00,30.1,15.0,35,66,0.10
2024-06-28T12:00,29.8,18.1,49,68,0.20
2024-06-28T13:00,29.8,14.5,48,70,0.10
2024-06-28T14:00,29.8,13.6,40,69,0.00
2024-06-28T15:00,29.7,12.3,38,69,0.00
2024-06-28T16:00,28.9,9.4,43,73,0.00
2024-06-28T17:00,27.9,7.3,57,78,0.00
2024-06-28T18:00,26.8,6.9,47,80,0.00
2024-06-28T19:00,25.6,5.9,43,86,0.00
2024-06-28T20:00,24.8,6.4,63,89,0.00
2024-06-28T21:00,25.3,4.6,51,88,0.00
2024-06-28T22:00,24.7,5.5,67,90,0.00
2024-06-28T23:00,24.3,4.7,86,91,0.00
2024-06-29T00:00,23.7,2.6,106,92,0.00
2024-06-29T01:00,23.4,2.3,108,92,0.00
2024-06-29T02:00,23.3,2.2,81,92,0.00
2024-06-29T03:00,23.4,4.0,63,92,0.00
2024-06-29T04:00,23.2,6.2,69,94,0.00
2024-06-29T05:00,23.2,7.3,70,94,0.00
2024-06-29T06:00,23.6,9.5,53,93,0.00
2024-06-29T07:00,25.6,8.2,41,89,0.00
2024-06-29T08:00,27.2,11.1,29,81,0.10
2024-06-29T09:00,28.0,10.8,26,76,0.10
2024-06-29T10:00,29.0,11.0,23,71,0.10
2024-06-29T11:00,30.0,10.3,25,67,0.00
2024-06-29T12:00,30.5,11.6,26,64,0.00
2024-06-29T13:00,31.0,11.1,36,62,0.00
2024-06-29T14:00,31.1,10.6,35,61,0.00
2024-06-29T15:00,31.2,12.5,33,61,0.00
2024-06-29T16:00,30.6,10.0,38,64,0.10
2024-06-29T17:00,29.5,5.7,18,71,0.20
2024-06-29T18:00,27.3,5.4,20,84,0.00
2024-06-29T19:00,26.0,4.8,27,89,0.00
2024-06-29T20:00,25.2,3.8,41,90,0.00
2024-06-29T21:00,25.7,0.5,135,91,0.00
2024-06-29T22:00,25.1,2.2,90,92,0.00
2024-06-29T23:00,24.4,2.5,90,93,0.00
2024-06-30T00:00,24.0,2.5,98,93,0.00
2024-06-30T01:00,23.8,3.1,144,94,0.00
2024-06-30T02:00,23.5,5.4,160,93,0.00
2024-06-30T03:00,23.1,4.0,190,97,0.00
2024-06-30T04:00,22.9,3.1,144,98,0.00
2024-06-30T05:00,22.6,1.9,112,98,0.00
2024-06-30T06:00,23.3,1.1,108,95,0.00
2024-06-30T07:00,24.6,1.1,198,89,0.00
2024-06-30T08:00,26.4,1.6,297,82,0.00
2024-06-30T09:00,27.7,4.5,331,76,0.10
2024-06-30T10:00,28.3,4.2,329,75,0.10
2024-06-30T11:00,28.6,5.2,344,75,0.00
2024-06-30T12:00,28.7,4.8,333,76,0.00
2024-06-30T13:00,29.0,2.9,353,74,0.10
2024-06-30T14:00,26.9,10.2,328,82,10.10
2024-06-30T15:00,25.2,3.8,287,91,5.10
2024-06-30T16:00,25.6,2.5,172,88,0.10
2024-06-30T17:00,25.5,3.7,259,85,1.20
2024-06-30T18:00,24.7,2.9,187,91,2.30
2024-06-30T19:00,24.3,3.0,284,93,0.20
2024-06-30T20:00,23.7,4.0,207,96,0.20
2024-06-30T21:00,23.8,4.2,239,96,1.50
2024-06-30T22:00,23.6,2.5,188,97,0.40
2024-06-30T23:00,23.6,2.5,225,97,0.10
2024-07-01T00:00,23.3,1.1,198,96,0.00
2024-07-01T01:00,23.2,1.4,180,96,0.00
2024-07-01T02:00,23.2,1.6,243,96,0.00
2024-07-01T03:00,23.2,1.1,342,96,0.00
2024-07-01T04:00,23.4,1.1,252,96,0.00
2024-07-01T05:00,23.2,3.2,297,98,0.30
2024-07-01T06:00,23.2,0.5,315,98,0.30
2024-07-01T07:00,23.6,2.6,326,97,1.40
2024-07-01T08:00,23.7,3.8,221,97,1.40
2024-07-01T09:00,25.4,7.2,207,95,0.70
2024-07-01T10:00,26.0,9.7,211,93,0.80
2024-07-01T11:00,26.2,8.1,201,90,0.40
2024-07-01T12:00,26.8,7.5,215,83,0.00
2024-07-01T13:00,27.3,8.8,235,83,0.20
2024-07-01T14:00,26.1,2.0,225,85,2.80
2024-07-01T15:00,25.9,6.1,242,86,0.30
2024-07-01T16:00,25.7,5.4,233,88,0.40
2024-07-01T17:00,25.3,7.0,258,88,1.20
2024-07-01T18:00,24.2,4.0,207,95,1.10
2024-07-01T19:00,24.0,3.1,159,96,1.10
2024-07-01T20:00,23.9,2.1,121,96,0.40
2024-07-01T21:00,23.8,3.3,354,98,0.40
2024-07-01T22:00,23.7,1.1,270,92,2.10
2024-07-01T23:00,22.9,4.6,219,96,2.40
2024-07-02T00:00,22.5,0.7,180,98,1.20
2024-07-02T01:00,22.6,4.5,119,97,0.60
2024-07-02T02:00,22.7,3.7,119,97,0.00
2024-07-02T03:00,22.9,0.4,90,97,0.10
2024-07-02T04:00,23.0,3.3,49,97,0.10
2024-07-02T05:00,22.9,3.4,32,97,0.80
2024-07-02T06:00,23.0,4.0,63,97,0.30
2024-07-02T07:00,24.2,1.8,37,91,0.10
2024-07-02T08:00,25.4,3.2,270,88,0.00
2024-07-02T09:00,26.3,1.9,248,82,0.00
2024-07-02T10:00,27.9,4.8,243,78,0.00
2024-07-02T11:00,29.0,6.8,252,74,0.10
2024-07-02T12:00,29.6,5.4,278,75,0.20
2024-07-02T13:00,28.7,10.2,288,75,8.60
2024-07-02T14:00,26.7,8.0,85,82,10.10
2024-07-02T15:00,26.4,6.2,350,81,1.10
2024-07-02T16:00,25.6,4.9,107,86,4.50
2024-07-02T17:00,25.7,4.7,351,88,0.80
2024-07-02T18:00,24.6,6.9,28,93,0.20
2024-07-02T19:00,24.2,5.4,20,94,0.10
2024-07-02T20:00,23.9,5.1,45,95,0.00
2024-07-02T21:00,23.5,1.8,349,97,0.00
2024-07-02T22:00,23.3,4.0,85,98,0.00
2024-07-02T23:00,23.1,3.3,84,98,0.00
2024-07-03T00:00,22.5,1.9,112,98,0.40
2024-07-03T01:00,22.7,2.0,135,96,0.10
2024-07-03T02:00,23.1,3.4,148,94,0.50
2024-07-03T03:00,22.7,2.6,146,96,0.50
2024-07-03T04:00,22.3,2.3,141,98,0.20
2024-07-03T05:00,22.0,3.1,111,100,0.10
2024-07-03T06:00,21.9,2.2,81,100,0.00
2024-07-03T07:00,23.3,3.5,336,96,0.00
2024-07-03T08:00,24.7,2.0,315,88,0.00
2024-07-03T09:00,27.3,3.7,331,78,0.00
2024-07-03T10:00,28.5,4.1,322,73,0.10
2024-07-03T11:00,29.3,3.3,354,69,0.30
2024-07-03T12:00,30.2,5.2,12,65,0.20
2024-07-03T13:00,30.5,6.2,350,65,0.20
2024-07-03T14:00,30.5,4.6,315,67,0.10
2024-07-03T15:00,28.6,6.6,189,76,0.40
2024-07-03T16:00,28.1,8.2,241,78,0.20
2024-07-03T17:00,25.4,5.6,230,86,5.90
2024-07-03T18:00,24.8,5.4,8,91,0.30
2024-07-03T19:00,24.3,2.5,270,95,0.00
2024-07-03T20:00,24.0,2.8,140,96,0.00
2024-07-03T21:00,23.9,3.6,225,97,0.00
2024-07-03T22:00,23.3,3.3,193,99,0.00
2024-07-03T23:00,22.7,2.1,149,100,0.00
2024-07-04T00:00,22.4,2.5,135,100,0.00
2024-07-04T01:00,22.3,0.4,90,100,0.00
2024-07-04T02:00,22.1,1.9,112,100,0.00
2024-07-04T03:00,21.9,0.8,117,100,0.00
2024-07-04T04:00,22.3,3.2,153,100,0.00
2024-07-04T05:00,22.1,2.1,121,100,0.00
2024-07-04T06:00,22.5,2.0,135,99,0.00
2024-07-04T07:00,23.5,5.8,277,95,0.00
2024-07-04T08:00,24.2,6.6,248,92,0.10
2024-07-04T09:00,25.5,6.8,252,84,0.20
2024-07-04T10:00,26.6,7.7,242,80,0.10
2024-07-04T11:00,27.2,8.2,247,81,0.00
2024-07-04T12:00,26.9,6.5,267,84,0.10
2024-07-04T13:00,27.2,3.8,287,82,0.20
2024-07-04T14:00,27.1,4.3,312,80,0.20
2024-07-04T15:00,26.6,7.7,221,84,0.10
2024-07-04T16:00,25.2,8.6,255,88,0.40
2024-07-04T17:00,24.7,1.5,284,89,0.80
2024-07-04T18:00,24.6,3.0,76,88,0.20
2024-07-04T19:00,24.3,3.0,346,92,0.20
2024-07-04T20:00,23.8,3.0,14,96,0.10
2024-07-04T21:00,23.5,2.2,189,96,0.10
2024-07-04T22:00,23.7,1.5,135,94,0.00
2024-07-04T23:00,23.5,1.1,72,94,0.00
2024-07-05T00:00,23.4,1.1,90,94,0.00
2024-07-05T01:00,22.6,3.3,186,97,0.00
2024-07-05T02:00,22.2,2.9,180,98,0.00
2024-07-05T03:00,22.0,3.6,180,98,0.00
2024-07-05T04:00,21.7,2.9,150,99,0.00
2024-07-05T05:00,22.2,1.5,104,99,0.00
2024-07-05T06:00,22.3,3.2,63,99,0.00
2024-07-05T07:00,23.3,3.1,45,94,0.00
2024-07-05T08:00,24.9,2.5,315,85,0.00
2024-07-05T09:00,25.9,4.1,322,81,0.00
2024-07-05T10:00,26.8,6.5,326,79,0.00
2024-07-05T11:00,27.9,4.3,312,79,0.00
2024-07-05T12:00,28.7,6.0,287,77,0.10
2024-07-05T13:00,28.4,6.9,276,75,4.80
2024-07-05T14:00,26.5,8.2,165,84,9.20
2024-07-05T15:00,27.7,5.9,191,75,2.50
2024-07-05T16:00,26.5,4.1,165,78,3.40
2024-07-05T17:00,25.3,5.9,308,87,2.00
2024-07-05T18:00,24.7,0.8,297,89,0.40
2024-07-05T19:00,24.2,1.3,236,94,0.10
2024-07-05T20:00,23.9,3.3,193,96,0.10
2024-07-05T21:00,23.8,3.8,197,97,0.00
2024-07-05T22:00,23.6,3.1,159,97,0.00
2024-07-05T23:00,23.5,2.4,117,96,0.00
2024-07-06T00:00,23.4,2.4,153,95,0.00
2024-07-06T01:00,23.1,2.6,146,95,0.00
2024-07-06T02:00,22.6,2.9,120,95,0.00
2024-07-06T03:00,22.4,1.8,79,96,0.00
2024-07-06T04:00,22.4,2.5,45,98,0.00
2024-07-06T05:00,22.3,3.6,90,98,0.00
2024-07-06T06:00,22.5,5.3,62,98,0.00
2024-07-06T07:00,23.9,5.7,18,93,0.00
2024-07-06T08:00,25.5,4.4,9,86,0.00
2024-07-06T09:00,27.5,4.8,312,77,0.20
2024-07-06T10:00,27.7,4.6,321,77,0.40
2024-07-06T11:00,28.6,4.1,345,77,0.10
2024-07-06T12:00,29.3,5.2,286,77,0.30
2024-07-06T13:00,29.3,5.9,259,78,0.30
2024-07-06T14:00,28.9,3.9,214,81,0.70
2024-07-06T15:00,28.8,4.7,203,81,0.70
2024-07-06T16:00,27.3,4.2,31,84,1.40
2024-07-06T17:00,25.0,7.2,3,91,6.40
2024-07-06T18:00,23.9,6.6,351,95,0.60
2024-07-06T19:00,23.6,3.9,338,96,0.00
2024-07-06T20:00,23.4,1.8,11,97,0.00
2024-07-06T21:00,23.9,5.8,4,94,1.60
2024-07-06T22:00,23.8,6.0,17,96,0.00
2024-07-06T23:00,23.4,3.9,56,98,0.00
2024-07-07T00:00,23.4,5.2,78,97,0.00
2024-07-07T01:00,23.1,4.0,90,97,0.00
2024-07-07T02:00,22.7,3.2,90,98,0.00
2024-07-07T03:00,22.3,1.5,104,99,0.00
2024-07-07T04:00,22.1,0.8,117,98,0.00
2024-07-07T05:00,21.7,3.8,107,99,0.00
2024-07-07T06:00,21.9,1.8,101,98,0.00
2024-07-07T07:00,24.3,3.3,49,94,0.00
2024-07-07T08:00,25.8,2.4,333,87,0.00
2024-07-07T09:00,27.3,3.8,319,83,0.00
2024-07-07T10:00,28.7,3.9,292,75,0.00
2024-07-07T11:00,29.4,5.2,282,74,0.30
2024-07-07T12:00,29.7,4.7,261,75,0.20
2024-07-07T13:00,29.2,5.1,309,77,0.40
2024-07-07T14:00,27.2,9.4,173,82,6.40
2024-07-07T15:00,28.4,5.6,230,79,0.10
2024-07-07T16:00,27.4,7.4,247,83,0.10
2024-07-07T17:00,26.9,3.1,201,83,1.30
2024-07-07T18:00,26.0,6.1,360,87,1.00
2024-07-07T19:00,24.9,5.8,4,91,0.30
2024-07-07T20:00,24.6,5.5,23,94,0.20
2024-07-07T21:00,24.3,3.2,27,93,1.10
2024-07-07T22:00,23.5,2.2,9,96,1.80
2024-07-07T23:00,23.5,1.8,101,96,0.20
2024-07-08T00:00,23.1,3.3,84,98,0.00
2024-07-08T01:00,22.8,2.4,117,97,0.00
2024-07-08T02:00,23.2,1.8,169,95,0.00
2024-07-08T03:00,22.3,2.4,117,97,0.00
2024-07-08T04:00,22.8,3.8,41,96,0.00
2024-07-08T05:00,22.5,2.6,106,97,0.00
2024-07-08T06:00,23.4,2.1,31,95,0.00
2024-07-08T07:00,24.4,1.8,281,93,0.00
2024-07-08T08:00,25.6,3.1,249,87,0.00
2024-07-08T09:00,25.2,4.6,252,90,0.10
2024-07-08T10:00,26.4,5.9,256,83,0.20
2024-07-08T11:00,27.5,6.6,257,82,0.20
2024-07-08T12:00,26.8,6.9,227,86,0.40
2024-07-08T13:00,26.2,10.5,202,87,0.30
2024-07-08T14:00,25.9,9.4,212,86,0.10
2024-07-08T15:00,26.0,8.9,201,85,0.10
2024-07-08T16:00,25.9,7.9,231,85,0.10
2024-07-08T17:00,25.5,7.2,207,87,0.20
2024-07-08T18:00,25.0,3.3,229,91,0.00
2024-07-08T19:00,24.6,2.5,262,95,0.00
2024-07-08T20:00,24.4,3.6,270,94,0.10
2024-07-08T21:00,23.6,3.6,217,96,0.00
2024-07-08T22:00,23.7,2.8,230,98,0.00
2024-07-08T23:00,23.7,3.6,225,97,0.00
2024-07-09T00:00,23.5,4.7,212,97,0.00
2024-07-09T01:00,23.4,5.0,201,96,0.00
2024-07-09T02:00,23.5,3.3,221,94,0.00
2024-07-09T03:00,23.4,2.5,270,95,0.00
2024-07-09T04:00,23.2,1.1,342,96,0.00
2024-07-09T05:00,23.0,2.4,333,98,0.20
2024-07-09T06:00,22.8,2.3,342,98,0.10
2024-07-09T07:00,23.7,2.6,286,94,0.00
2024-07-09T08:00,25.0,5.8,240,87,0.00
2024-07-09T09:00,26.2,4.4,279,83,0.00
2024-07-09T10:00,27.3,5.8,270,78,0.10
2024-07-09T11:00,27.9,5.8,248,78,0.00
2024-07-09T12:00,28.7,7.9,246,77,0.00
2024-07-09T13:00,28.6,8.4,227,79,0.10
2024-07-09T14:00,27.2,9.8,208,84,0.90
2024-07-09T15:00,26.7,12.8,212,83,4.80
2024-07-09T16:00,25.7,9.9,190,86,6.90
2024-07-09T17:00,24.8,9.2,219,92,1.10
2024-07-09T18:00,24.3,7.8,214,95,1.20
2024-07-09T19:00,24.2,7.1,210,95,0.50
2024-07-09T20:00,24.2,5.8,210,93,0.10
2024-07-09T21:00,24.5,3.3,264,95,1.00
2024-07-09T22:00,24.2,4.4,215,96,0.70
2024-07-09T23:00,24.0,2.6,254,94,0.90
2024-07-10T00:00,23.8,2.0,225,95,0.10
2024-07-10T01:00,23.5,2.7,203,96,0.00
2024-07-10T02:00,23.0,3.6,270,97,0.00
2024-07-10T03:00,23.2,2.8,230,96,0.00
2024-07-10T04:00,22.8,4.0,190,98,0.00
2024-07-10T05:00,23.3,2.2,279,96,0.00
2024-07-10T06:00,23.3,0.8,63,94,0.00
2024-07-10T07:00,24.1,0.4,270,91,0.00
2024-07-10T08:00,24.8,3.7,241,87,0.00
2024-07-10T09:00,26.6,2.8,310,80,0.00
2024-07-10T10:00,28.2,4.1,255,73,0.00
2024-07-10T11:00,29.3,7.5,253,69,0.00
2024-07-10T12:00,29.5,8.0,243,71,0.10
2024-07-10T13:00,29.4,7.8,236,73,0.10
2024-07-10T14:00,29.3,8.9,207,73,0.20
2024-07-10T15:00,28.4,8.1,201,76,0.20
2024-07-10T16:00,26.5,7.2,177,80,3.50
2024-07-10T17:00,25.9,2.9,270,83,5.20
2024-07-10T18:00,25.1,2.6,326,89,1.70
2024-07-10T19:00,24.7,5.2,344,93,0.50
2024-07-10T20:00,24.2,5.1,4,93,1.60
2024-07-10T21:00,23.8,4.0,360,94,3.90
2024-07-10T22:00,23.8,3.2,63,93,0.50
2024-07-10T23:00,24.0,3.1,45,94,0.20
2024-07-11T00:00,23.5,5.8,4,97,0.10
2024-07-11T01:00,23.3,2.2,99,98,0.00
2024-07-11T02:00,22.9,1.8,180,98,0.00
2024-07-11T03:00,22.8,0.4,90,99,0.00
2024-07-11T04:00,22.2,0.8,117,100,0.00
2024-07-11T05:00,22.1,2.5,135,100,0.00
2024-07-11T06:00,22.3,3.2,117,99,0.00
2024-07-11T07:00,23.7,3.3,229,95,0.00
2024-07-11T08:00,25.0,6.4,218,86,0.00
2024-07-11T09:00,26.9,6.8,252,81,0.10
2024-07-11T10:00,27.6,6.3,239,81,0.00
2024-07-11T11:00,28.2,5.5,259,80,0.10
2024-07-11T12:00,28.3,7.0,249,80,0.10
2024-07-11T13:00,29.0,9.0,247,77,0.10
2024-07-11T14:00,27.7,6.6,241,82,0.70
2024-07-11T15:00,25.9,9.9,226,83,14.30
2024-07-11T16:00,25.5,7.4,227,87,1.00
2024-07-11T17:00,24.1,3.9,214,93,2.30
2024-07-11T18:00,24.3,4.8,228,91,2.60
2024-07-11T19:00,24.0,2.1,239,93,1.20
2024-07-11T20:00,24.0,3.6,225,93,0.90
2024-07-11T21:00,24.1,4.3,336,94,0.40
2024-07-11T22:00,23.9,3.3,319,96,0.70
2024-07-11T23:00,23.7,3.7,281,97,0.40
2024-07-12T00:00,23.5,2.6,254,98,0.10
2024-07-12T01:00,23.3,2.8,230,99,0.10
2024-07-12T02:00,23.4,2.2,171,98,0.10
2024-07-12T03:00,23.1,4.6,225,98,0.00
2024-07-12T04:00,23.1,4.5,209,98,0.00
2024-07-12T05:00,23.1,5.9,218,98,0.00
2024-07-12T06:00,23.2,5.1,219,97,0.10
2024-07-12T07:00,23.8,3.7,259,94,0.00
2024-07-12T08:00,24.6,4.7,247,90,0.10
2024-07-12T09:00,26.0,6.3,283,84,0.10
2024-07-12T10:00,27.0,4.7,261,84,0.10
2024-07-12T11:00,28.2,6.0,253,81,0.10
2024-07-12T12:00,28.1,9.8,246,81,0.20
2024-07-12T13:00,26.8,7.3,213,85,9.80
2024-07-12T14:00,26.3,6.9,219,83,4.70
2024-07-12T15:00,26.5,6.2,260,85,0.90
2024-07-12T16:00,25.2,4.0,190,87,6.30
2024-07-12T17:00,24.8,6.5,251,89,1.80
2024-07-12T18:00,24.1,6.2,234,94,1.20
2024-07-12T19:00,24.1,4.6,219,93,1.90
2024-07-12T20:00,24.1,5.1,231,94,0.90
2024-07-12T21:00,23.9,5.3,242,95,0.70
2024-07-12T22:00,23.8,5.9,223,96,0.30
2024-07-12T23:00,23.9,5.8,210,95,0.10
2024-07-13T00:00,23.6,7.7,217,93,0.10
2024-07-13T01:00,23.3,7.4,209,96,0.00
2024-07-13T02:00,23.0,7.3,200,97,0.00
2024-07-13T03:00,23.0,8.6,195,96,0.00
2024-07-13T04:00,23.3,8.2,203,95,0.00
2024-07-13T05:00,23.2,9.2,222,96,0.10
2024-07-13T06:00,23.0,9.6,214,98,0.20
2024-07-13T07:00,22.9,9.1,214,99,0.20
2024-07-13T08:00,23.6,14.7,208,93,0.10
2024-07-13T09:00,25.7,13.8,208,82,0.10
2024-07-13T10:00,26.0,13.5,214,83,0.10
2024-07-13T11:00,26.5,12.9,207,86,0.10
2024-07-13T12:00,26.5,11.8,207,87,0.10
2024-07-13T13:00,27.7,13.4,204,83,0.00
2024-07-13T14:00,27.1,13.3,213,82,0.10
2024-07-13T15:00,25.6,11.9,205,87,1.10
2024-07-13T16:00,25.2,11.0,212,91,0.50
2024-07-13T17:00,24.8,8.5,208,89,0.30
2024-07-13T18:00,24.2,8.6,213,94,0.60
2024-07-13T19:00,23.9,9.5,205,94,0.60
2024-07-13T20:00,23.9,11.8,192,94,0.30
2024-07-13T21:00,23.9,10.7,194,92,0.30
2024-07-13T22:00,23.7,12.8,190,91,0.00
2024-07-13T23:00,23.4,10.1,197,93,0.00
2024-07-14T00:00,23.2,10.2,198,94,0.00
2024-07-14T01:00,23.1,9.1,198,94,0.00
2024-07-14T02:00,23.0,9.1,198,94,0.00
2024-07-14T03:00,22.9,9.2,191,92,0.00
2024-07-14T04:00,22.9,7.9,196,91,0.00
2024-07-14T05:00,23.0,6.4,196,91,0.00
2024-07-14T06:00,23.0,4.1,225,92,0.00
2024-07-14T07:00,23.4,3.9,248,91,0.00
2024-07-14T08:00,23.8,5.4,250,91,0.00
2024-07-14T09:00,24.1,6.5,273,92,0.00
2024-07-14T10:00,25.1,7.4,241,89,0.00
2024-07-14T11:00,26.1,6.3,246,83,0.00
2024-07-14T12:00,26.6,5.6,255,82,0.00
2024-07-14T13:00,26.8,7.4,256,82,0.20
2024-07-14T14:00,25.5,6.8,273,87,0.80
2024-07-14T15:00,24.9,2.5,315,90,0.60
2024-07-14T16:00,24.7,2.6,286,91,0.70
2024-07-14T17:00,24.6,4.3,246,90,1.00
2024-07-14T18:00,24.2,1.4,270,94,1.30
2024-07-14T19:00,23.9,0.4,360,95,1.20
2024-07-14T20:00,23.7,1.1,288,97,0.50
2024-07-14T21:00,23.5,4.8,243,96,1.40
2024-07-14T22:00,23.3,1.5,284,97,1.40
2024-07-14T23:00,23.1,2.0,315,98,1.70
2024-07-15T00:00,22.8,3.1,324,100,0.50
2024-07-15T01:00,22.5,3.3,347,99,0.50
2024-07-15T02:00,22.5,1.8,270,99,0.50
2024-07-15T03:00,22.5,4.2,239,99,0.30
2024-07-15T04:00,22.5,4.2,211,99,0.20
2024-07-15T05:00,22.6,4.3,246,99,0.10
2024-07-15T06:00,22.6,3.7,241,98,0.30
2024-07-15T07:00,23.3,4.9,234,97,0.20
2024-07-15T08:00,24.5,7.4,223,89,0.00
2024-07-15T09:00,26.0,8.0,234,84,0.10
2024-07-15T10:00,26.0,7.6,225,84,0.10
2024-07-15T11:00,26.8,6.4,232,81,0.10
2024-07-15T12:00,27.7,4.6,252,79,0.10
2024-07-15T13:00,27.1,7.0,282,81,2.00
2024-07-15T14:00,26.8,1.1,72,84,0.30
2024-07-15T15:00,26.7,6.2,216,82,0.10
2024-07-15T16:00,25.1,6.0,287,92,0.10
2024-07-15T17:00,24.4,3.8,253,93,2.90
2024-07-15T18:00,24.2,5.7,235,93,1.80
2024-07-15T19:00,23.5,3.6,315,98,0.90
2024-07-15T20:00,23.5,1.0,225,98,0.70
2024-07-15T21:00,23.4,1.3,304,98,0.40
2024-07-15T22:00,23.4,2.6,326,98,0.40
2024-07-15T23:00,23.2,2.5,225,99,0.70
2024-07-16T00:00,23.0,4.4,235,99,0.80
2024-07-16T01:00,23.0,1.1,270,98,1.00
2024-07-16T02:00,22.9,2.8,320,99,1.20
2024-07-16T03:00,22.7,4.0,275,99,0.60
2024-07-16T04:00,22.6,2.9,277,100,0.10
2024-07-16T05:00,22.7,4.1,232,100,0.10
2024-07-16T06:00,23.0,5.4,217,99,0.00
2024-07-16T07:00,23.6,8.0,234,96,0.10
2024-07-16T08:00,24.3,9.1,236,93,0.20
2024-07-16T09:00,24.9,6.5,251,94,1.80
2024-07-16T10:00,25.3,6.5,251,93,5.10
2024-07-16T11:00,25.9,4.0,265,93,1.40
2024-07-16T12:00,27.0,6.0,245,90,0.40
2024-07-16T13:00,25.5,7.9,240,88,10.50
2024-07-16T14:00,25.9,5.8,240,89,1.00
2024-07-16T15:00,25.5,4.1,315,91,3.20
2024-07-16T16:00,24.3,5.5,293,94,0.90
2024-07-16T17:00,23.7,4.6,321,97,3.10
2024-07-16T18:00,23.5,0.5,225,97,1.10
2024-07-16T19:00,23.4,1.1,288,98,0.50
2024-07-16T20:00,23.3,4.0,270,98,0.20
2024-07-16T21:00,23.6,1.6,297,98,0.20
2024-07-16T22:00,23.5,3.7,281,98,0.00
2024-07-16T23:00,23.2,2.9,277,99,0.00
2024-07-17T00:00,23.3,6.1,230,98,0.00
2024-07-17T01:00,23.3,8.7,204,94,0.00
2024-07-17T02:00,23.2,8.6,202,95,0.00
2024-07-17T03:00,22.9,10.8,201,98,0.00
2024-07-17T04:00,23.1,12.2,199,97,0.00
2024-07-17T05:00,23.1,12.7,205,97,0.00
2024-07-17T06:00,23.1,11.7,198,96,0.00
2024-07-17T07:00,23.5,14.9,195,94,0.00
2024-07-17T08:00,24.3,15.5,205,89,0.10
2024-07-17T09:00,24.5,15.8,207,90,0.00
2024-07-17T10:00,25.6,17.7,204,87,0.10
2024-07-17T11:00,26.3,19.3,207,82,0.40
2024-07-17T12:00,27.0,19.0,207,86,0.60
2024-07-17T13:00,26.5,19.2,206,85,0.10
2024-07-17T14:00,25.6,19.2,188,88,4.10
2024-07-17T15:00,25.7,16.5,196,87,0.80
2024-07-17T16:00,25.6,12.1,197,88,1.70
2024-07-17T17:00,25.2,10.5,202,90,0.50
2024-07-17T18:00,24.5,7.1,195,91,0.30
2024-07-17T19:00,24.3,6.6,202,92,0.30
2024-07-17T20:00,24.1,5.7,215,92,0.30
2024-07-17T21:00,24.4,9.0,196,91,0.30
2024-07-17T22:00,24.2,9.4,198,92,0.10
2024-07-17T23:00,24.0,9.5,191,92,0.10
2024-07-18T00:00,23.9,10.0,195,93,0.10
2024-07-18T01:00,23.6,12.5,198,95,0.10
2024-07-18T02:00,23.6,11.4,193,95,0.10
2024-07-18T03:00,23.6,12.1,190,95,0.10
2024-07-18T04:00,23.5,10.8,195,96,0.10
2024-07-18T05:00,23.4,11.9,194,96,0.10
2024-07-18T06:00,23.4,12.9,198,96,0.10
2024-07-18T07:00,23.8,15.5,202,94,0.00
2024-07-18T08:00,24.0,16.2,201,94,0.00
2024-07-18T09:00,24.2,13.4,204,93,0.10
2024-07-18T10:00,24.3,14.5,199,92,0.40
2024-07-18T11:00,24.8,12.7,195,93,0.30
2024-07-18T12:00,25.5,14.2,196,88,0.20
2024-07-18T13:00,25.9,16.5,203,82,0.20
2024-07-18T14:00,24.7,14.7,202,91,0.80
2024-07-18T15:00,24.9,16.1,207,90,1.20
2024-07-18T16:00,24.6,13.4,200,92,1.40
2024-07-18T17:00,24.4,9.6,193,91,0.90
2024-07-18T18:00,24.1,8.8,192,91,0.60
2024-07-18T19:00,24.0,7.8,193,92,0.60
2024-07-18T20:00,23.8,8.1,193,92,0.70
2024-07-18T21:00,24.0,6.6,202,92,1.60
2024-07-18T22:00,23.8,8.9,207,92,0.40
2024-07-18T23:00,23.6,10.0,206,92,0.10
2024-07-19T00:00,23.4,9.1,198,94,0.00
2024-07-19T01:00,23.4,9.7,195,94,0.00
2024-07-19T02:00,23.3,11.6,202,95,0.00
2024-07-19T03:00,23.2,11.5,200,94,0.00
2024-07-19T04:00,23.2,12.0,196,94,0.00
2024-07-19T05:00,23.2,12.0,201,94,0.00
2024-07-19T06:00,23.1,11.8,203,95,0.00
2024-07-19T07:00,23.5,12.3,201,94,0.10
2024-07-19T08:00,23.8,14.2,204,92,0.10
2024-07-19T09:00,24.6,10.9,207,90,0.20
2024-07-19T10:00,25.1,11.9,209,88,0.00
2024-07-19T11:00,25.7,12.0,201,85,0.10
2024-07-19T12:00,26.1,13.0,204,85,0.10
2024-07-19T13:00,26.7,13.9,205,83,0.10
2024-07-19T14:00,26.5,13.2,223,84,0.30
2024-07-19T15:00,26.2,9.4,203,87,0.50
2024-07-19T16:00,24.5,13.3,182,91,2.50
2024-07-19T17:00,24.6,8.0,188,92,0.60
2024-07-19T18:00,24.4,4.7,203,92,0.50
2024-07-19T19:00,24.1,3.2,207,93,0.20
2024-07-19T20:00,23.8,3.7,191,94,0.00
2024-07-19T21:00,24.0,4.7,176,92,0.10
2024-07-19T22:00,24.1,3.5,204,91,0.10
2024-07-19T23:00,23.7,4.2,200,92,0.00
2024-07-20T00:00,23.5,3.9,202,94,0.00
2024-07-20T01:00,23.4,4.0,180,94,0.00
2024-07-20T02:00,22.8,4.7,184,95,0.00
2024-07-20T03:00,22.9,4.5,194,94,0.00
2024-07-20T04:00,23.0,6.2,187,92,0.00
2024-07-20T05:00,23.0,4.7,176,93,0.00
2024-07-20T06:00,23.2,5.4,188,92,0.00
2024-07-20T07:00,24.4,9.4,198,89,0.00
2024-07-20T08:00,25.2,12.4,202,87,0.00
2024-07-20T09:00,26.2,11.8,203,82,0.00
2024-07-20T10:00,27.4,14.3,214,76,0.00
2024-07-20T11:00,28.3,16.8,222,72,0.10
2024-07-20T12:00,28.6,16.8,225,73,0.10
2024-07-20T13:00,29.0,16.9,220,74,0.00
2024-07-20T14:00,27.9,16.6,219,74,0.20
2024-07-20T15:00,27.7,12.7,227,80,0.60
2024-07-20T16:00,25.1,14.4,202,90,0.70
2024-07-20T17:00,25.0,5.6,195,89,0.30
2024-07-20T18:00,24.7,3.8,221,91,0.20
2024-07-20T19:00,24.1,1.9,292,95,0.00
2024-07-20T20:00,23.8,0.4,360,99,0.00
2024-07-20T21:00,24.2,0.7,270,96,0.50
2024-07-20T22:00,24.1,4.1,195,96,0.60
2024-07-20T23:00,24.1,5.1,188,93,0.70
2024-07-21T00:00,23.9,4.8,193,92,0.40
2024-07-21T01:00,23.7,5.0,180,92,0.30
2024-07-21T02:00,23.5,5.1,184,91,0.40
2024-07-21T03:00,23.3,5.9,194,92,0.00
2024-07-21T04:00,23.1,4.7,189,94,0.00
2024-07-21T05:00,23.3,5.1,176,93,0.00
2024-07-21T06:00,23.3,3.8,163,94,0.00
2024-07-21T07:00,24.2,4.1,232,92,1.00
2024-07-21T08:00,25.0,8.2,229,88,0.00
2024-07-21T09:00,26.1,13.4,211,84,0.00
2024-07-21T10:00,27.5,18.7,214,75,0.00
2024-07-21T11:00,27.7,19.6,216,73,0.00
2024-07-21T12:00,28.4,17.1,215,73,0.00
2024-07-21T13:00,28.8,14.6,213,74,0.00
2024-07-21T14:00,28.2,10.7,228,77,0.10
2024-07-21T15:00,28.1,8.8,215,79,0.20
2024-07-21T16:00,26.3,8.4,205,84,0.20
2024-07-21T17:00,25.7,3.6,264,88,0.10
2024-07-21T18:00,24.9,2.1,329,92,0.10
2024-07-21T19:00,24.3,4.3,24,96,0.00
2024-07-21T20:00,23.6,3.3,131,99,0.00
2024-07-21T21:00,24.5,4.8,207,89,0.00
2024-07-21T22:00,23.9,5.9,194,88,0.00
2024-07-21T23:00,24.2,6.5,186,81,0.00
2024-07-22T00:00,24.0,5.8,176,82,0.00
2024-07-22T01:00,23.8,5.1,188,83,0.00
2024-07-22T02:00,23.5,5.7,198,85,0.00
2024-07-22T03:00,23.3,7.3,191,86,0.00
2024-07-22T04:00,23.0,7.2,174,88,0.00
2024-07-22T05:00,22.8,5.2,164,90,0.00
2024-07-22T06:00,23.0,4.7,180,91,0.00
2024-07-22T07:00,24.4,6.8,198,88,0.00
2024-07-22T08:00,25.7,8.1,212,85,0.00
2024-07-22T09:00,25.7,6.9,219,83,0.10
2024-07-22T10:00,26.3,10.0,201,81,0.00
2024-07-22T11:00,27.4,16.1,204,78,0.00
2024-07-22T12:00,27.2,18.1,203,80,0.00
2024-07-22T13:00,27.9,16.6,214,76,0.00
2024-07-22T14:00,27.4,14.2,216,78,0.00
2024-07-22T15:00,27.2,14.2,207,80,0.10
2024-07-22T16:00,27.2,12.1,203,79,0.10
2024-07-22T17:00,26.7,9.1,198,80,0.00
2024-07-22T18:00,25.9,10.2,198,78,0.00
2024-07-22T19:00,25.3,13.0,186,78,0.00
2024-07-22T20:00,24.8,13.4,186,82,0.00
2024-07-22T21:00,25.0,13.3,193,80,0.00
2024-07-22T22:00,24.5,13.7,194,87,0.00
2024-07-22T23:00,24.3,13.9,201,88,0.00
2024-07-23T00:00,24.3,14.4,202,88,0.00
2024-07-23T01:00,24.2,14.6,200,88,0.00
2024-07-23T02:00,24.0,14.9,200,89,0.00
2024-07-23T03:00,24.1,15.3,195,89,0.00
2024-07-23T04:00,24.1,14.5,194,89,0.00
2024-07-23T05:00,24.1,14.9,200,89,0.00
2024-07-23T06:00,24.0,12.7,195,91,0.00
2024-07-23T07:00,24.7,14.2,201,89,0.00
2024-07-23T08:00,25.8,17.5,212,83,0.20
2024-07-23T09:00,25.8,16.4,209,80,0.00
2024-07-23T10:00,26.3,14.7,211,78,0.00
2024-07-23T11:00,27.0,14.5,210,75,0.00
2024-07-23T12:00,28.1,13.8,213,71,0.00
2024-07-23T13:00,28.3,13.8,208,71,0.00
2024-07-23T14:00,28.6,16.2,201,69,0.00
2024-07-23T15:00,28.2,16.4,199,70,0.00
2024-07-23T16:00,27.8,15.8,197,72,0.00
2024-07-23T17:00,27.3,13.7,198,76,0.00
2024-07-23T18:00,26.4,11.9,194,77,0.00
2024-07-23T19:00,26.0,11.8,200,79,0.00
2024-07-23T20:00,25.7,12.3,195,81,0.00
2024-07-23T21:00,24.6,4.7,212,85,0.00
2024-07-23T22:00,24.8,6.6,193,85,0.00
2024-07-23T23:00,24.7,6.6,209,85,0.00
2024-07-24T00:00,24.2,5.8,210,88,0.00
2024-07-24T01:00,23.8,5.9,194,89,0.00
2024-07-24T02:00,23.8,5.8,202,89,0.00
2024-07-24T03:00,23.3,5.2,214,91,0.00
2024-07-24T04:00,23.0,5.3,208,93,0.00
2024-07-24T05:00,22.9,6.2,190,94,0.00
2024-07-24T06:00,23.3,8.0,188,92,0.00
2024-07-24T07:00,24.4,8.9,201,89,0.00
2024-07-24T08:00,25.5,13.7,207,84,0.00
2024-07-24T09:00,26.2,9.5,217,82,0.00
2024-07-24T10:00,27.4,13.9,217,76,0.00
2024-07-24T11:00,28.4,16.4,218,70,0.00
2024-07-24T12:00,28.9,16.8,222,70,0.10
2024-07-24T13:00,29.1,18.6,216,71,0.10
2024-07-24T14:00,28.9,17.1,210,74,0.10
2024-07-24T15:00,28.9,15.0,210,72,0.00
2024-07-24T16:00,28.4,12.6,211,73,0.00
2024-07-24T17:00,27.5,10.5,202,79,0.50
2024-07-24T18:00,26.3,10.4,194,81,0.00
2024-07-24T19:00,25.5,6.9,189,83,0.00
2024-07-24T20:00,24.8,4.3,180,86,0.00
2024-07-24T21:00,25.6,5.1,188,82,0.00
2024-07-24T22:00,25.6,6.6,193,77,0.00
2024-07-24T23:00,25.4,7.4,194,77,0.00
2024-07-25T00:00,25.2,6.3,211,78,0.00
2024-07-25T01:00,24.5,5.7,198,81,0.00
2024-07-25T02:00,24.4,6.4,196,82,0.00
2024-07-25T03:00,24.1,5.5,212,84,0.00
2024-07-25T04:00,23.2,5.5,191,89,0.00
2024-07-25T05:00,23.5,5.4,217,85,0.00
2024-07-25T06:00,23.8,0.4,90,83,0.00
2024-07-25T07:00,24.2,1.8,349,86,0.00
2024-07-25T08:00,25.1,1.6,297,85,0.00
2024-07-25T09:00,25.8,4.4,235,84,0.00
2024-07-25T10:00,27.3,8.2,221,78,0.00
2024-07-25T11:00,28.1,10.9,214,73,0.00
2024-07-25T12:00,29.2,11.5,226,70,0.00
2024-07-25T13:00,29.6,12.3,230,69,0.00
2024-07-25T14:00,29.6,14.3,223,70,0.00
2024-07-25T15:00,29.3,14.3,219,71,0.00
2024-07-25T16:00,28.8,12.9,216,73,0.00
2024-07-25T17:00,28.0,10.5,218,77,0.00
2024-07-25T18:00,26.6,3.9,236,86,0.00
2024-07-25T19:00,26.4,3.3,229,84,0.00
2024-07-25T20:00,26.0,0.5,45,86,0.00
2024-07-25T21:00,25.8,3.5,66,89,0.00
2024-07-25T22:00,25.6,2.5,45,91,0.00
2024-07-25T23:00,25.2,2.7,67,93,0.00
2024-07-26T00:00,24.8,2.2,81,93,0.00
2024-07-26T01:00,25.3,0.7,90,87,0.00
2024-07-26T02:00,24.9,0.8,153,87,0.00
2024-07-26T03:00,23.5,1.8,127,92,0.00
2024-07-26T04:00,23.7,3.1,135,89,0.00
2024-07-26T05:00,25.1,3.0,166,77,0.00
2024-07-26T06:00,24.2,3.8,253,89,0.00
2024-07-26T07:00,25.2,1.0,225,76,0.00
2024-07-26T08:00,26.2,3.3,257,75,0.00
2024-07-26T09:00,26.7,3.4,252,77,0.00
2024-07-26T10:00,28.4,5.6,243,72,0.00
2024-07-26T11:00,29.4,7.4,231,68,0.00
2024-07-26T12:00,30.1,9.6,250,65,0.00
2024-07-26T13:00,30.1,8.9,256,67,0.00
2024-07-26T14:00,30.5,8.4,250,67,0.00
2024-07-26T15:00,29.4,8.9,238,72,0.00
2024-07-26T16:00,28.7,7.6,265,75,0.00
2024-07-26T17:00,26.5,9.4,302,84,0.00
2024-07-26T18:00,25.2,7.8,56,87,0.60
2024-07-26T19:00,25.1,4.8,48,89,0.40
2024-07-26T20:00,24.8,4.6,51,92,0.00
2024-07-26T21:00,25.1,3.1,339,91,0.00
2024-07-26T22:00,24.4,3.6,6,94,0.00
2024-07-26T23:00,24.1,2.5,98,95,0.00
2024-07-27T00:00,23.9,2.2,99,93,0.00
2024-07-27T01:00,23.5,3.3,77,92,0.00
2024-07-27T02:00,23.8,2.2,99,91,0.00
2024-07-27T03:00,23.9,2.2,99,90,0.00
2024-07-27T04:00,24.2,1.9,68,87,0.40
2024-07-27T05:00,23.5,4.0,265,92,0.80
2024-07-27T06:00,23.4,2.2,180,95,0.00
2024-07-27T07:00,24.3,3.1,144,91,0.00
2024-07-27T08:00,26.2,3.3,264,82,0.00
2024-07-27T09:00,25.1,3.2,270,83,0.20
2024-07-27T10:00,25.4,4.3,265,84,0.30
2024-07-27T11:00,26.4,3.9,236,80,0.20
2024-07-27T12:00,26.8,5.7,252,78,0.10
2024-07-27T13:00,27.0,5.4,274,78,0.10
2024-07-27T14:00,25.4,7.2,333,85,0.20
2024-07-27T15:00,25.4,0.5,45,84,0.50
2024-07-27T16:00,25.3,0.8,63,83,0.40
2024-07-27T17:00,25.4,2.2,360,81,0.30
2024-07-27T18:00,24.6,2.6,326,89,0.10
2024-07-27T19:00,23.6,3.9,338,96,0.10
2024-07-27T20:00,24.1,2.3,39,91,0.00
2024-07-27T21:00,23.4,2.7,203,97,0.00
2024-07-27T22:00,23.3,3.2,207,97,0.00
2024-07-27T23:00,23.1,1.1,108,98,0.00
2024-07-28T00:00,22.8,2.0,135,99,0.00
2024-07-28T01:00,22.6,3.8,131,99,0.00
2024-07-28T02:00,22.4,3.3,131,99,0.00
2024-07-28T03:00,22.4,1.9,112,98,0.00
2024-07-28T04:00,22.2,0.4,90,98,0.00
2024-07-28T05:00,22.0,1.5,76,99,0.00
2024-07-28T06:00,22.0,3.3,77,99,0.00
2024-07-28T07:00,23.5,2.5,352,94,0.00
2024-07-28T08:00,24.8,3.2,297,90,0.00
2024-07-28T09:00,26.3,6.9,242,84,0.00
2024-07-28T10:00,27.4,10.4,226,78,0.10
2024-07-28T11:00,28.1,9.2,222,78,0.00
2024-07-28T12:00,29.0,11.7,236,76,0.00
2024-07-28T13:00,28.1,9.9,199,82,0.20
2024-07-28T14:00,27.8,11.7,223,75,1.70
2024-07-28T15:00,25.0,7.1,240,92,2.10
2024-07-28T16:00,25.0,8.5,216,92,0.50
2024-07-28T17:00,24.5,6.1,220,94,2.10
2024-07-28T18:00,24.0,3.7,209,95,0.20
2024-07-28T19:00,23.8,1.6,243,95,0.10
2024-07-28T20:00,23.7,1.1,360,97,0.00
2024-07-28T21:00,23.7,2.9,353,95,0.20
2024-07-28T22:00,23.4,1.1,18,96,0.10
2024-07-28T23:00,23.2,4.3,24,98,0.40
2024-07-29T00:00,22.9,2.5,45,99,0.10
2024-07-29T01:00,23.0,1.4,90,98,0.00
2024-07-29T02:00,23.0,0.8,63,98,0.00
2024-07-29T03:00,22.8,0.5,45,97,0.00
2024-07-29T04:00,22.2,1.8,90,99,0.00
2024-07-29T05:00,22.2,2.3,108,96,0.00
2024-07-29T06:00,22.7,1.5,104,92,0.00
2024-07-29T07:00,24.0,1.4,360,87,0.00
2024-07-29T08:00,25.1,2.8,310,87,0.00
2024-07-29T09:00,27.0,4.5,331,82,0.00
2024-07-29T10:00,28.4,5.2,295,77,0.00
2024-07-29T11:00,29.3,6.5,270,73,0.00
2024-07-29T12:00,28.5,8.3,252,75,0.10
2024-07-29T13:00,27.6,7.4,104,77,0.00
2024-07-29T14:00,27.3,10.1,90,74,0.00
2024-07-29T15:00,27.6,8.2,67,73,0.10
2024-07-29T16:00,28.3,1.5,346,69,0.10
2024-07-29T17:00,26.4,7.2,264,81,0.00
2024-07-29T18:00,25.7,3.2,360,86,0.10
2024-07-29T19:00,24.9,3.6,45,93,0.10
2024-07-29T20:00,24.7,3.9,34,90,0.00
2024-07-29T21:00,24.3,6.6,29,91,0.30
2024-07-29T22:00,23.5,3.3,13,93,4.80
2024-07-29T23:00,23.3,6.0,33,95,1.00
2024-07-30T00:00,23.2,5.9,47,96,0.60
2024-07-30T01:00,23.1,2.8,40,96,0.30
2024-07-30T02:00,23.0,2.9,83,96,0.10
2024-07-30T03:00,23.0,3.2,63,95,0.00
2024-07-30T04:00,23.3,3.3,84,94,0.30
2024-07-30T05:00,23.3,2.4,63,94,0.90
2024-07-30T06:00,23.6,2.2,81,93,0.30
2024-07-30T07:00,24.7,1.6,243,90,0.00
2024-07-30T08:00,25.5,4.5,241,88,0.00
2024-07-30T09:00,27.2,5.8,274,81,0.00
2024-07-30T10:00,28.1,5.9,259,78,0.20
2024-07-30T11:00,29.0,5.9,227,76,0.40
2024-07-30T12:00,29.6,6.9,242,74,0.40
2024-07-30T13:00,27.2,9.2,231,81,18.80
2024-07-30T14:00,26.6,3.9,202,83,0.40
2024-07-30T15:00,26.9,1.0,225,83,0.30
2024-07-30T16:00,27.2,4.7,351,83,0.30
2024-07-30T17:00,25.4,8.3,56,87,3.60
2024-07-30T18:00,25.0,3.4,32,90,0.00
2024-07-30T19:00,24.3,3.6,53,94,0.00
2024-07-30T20:00,23.8,3.3,96,95,0.00
2024-07-30T21:00,24.3,3.7,61,95,0.10
2024-07-30T22:00,24.3,1.5,135,92,2.70
2024-07-30T23:00,23.8,3.1,216,95,4.80
2024-07-31T00:00,23.5,4.4,35,96,1.50
2024-07-31T01:00,23.0,2.9,330,98,0.20
2024-07-31T02:00,22.6,4.6,72,99,0.10
2024-07-31T03:00,22.4,3.0,104,98,0.00
2024-07-31T04:00,22.1,1.1,90,98,0.00
2024-07-31T05:00,22.0,1.4,90,98,0.00
2024-07-31T06:00,21.9,2.3,108,99,0.00
2024-07-31T07:00,23.9,1.9,202,94,0.00
2024-07-31T08:00,25.1,4.8,243,88,0.00
2024-07-31T09:00,26.4,6.0,237,87,0.10
2024-07-31T10:00,27.6,6.3,239,82,0.20
2024-07-31T11:00,28.3,6.6,257,78,0.20
2024-07-31T12:00,27.9,7.9,210,80,0.40
2024-07-31T13:00,27.6,7.6,180,82,0.30
2024-07-31T14:00,28.9,6.6,225,76,0.30
2024-07-31T15:00,27.7,6.3,211,77,3.10
2024-07-31T16:00,26.3,5.9,166,81,2.00
2024-07-31T17:00,25.6,3.7,101,85,1.40
2024-07-31T18:00,24.7,7.1,41,90,3.40
2024-07-31T19:00,24.0,5.2,12,95,1.00
2024-07-31T20:00,23.7,4.9,73,96,0.10
2024-07-31T21:00,23.2,3.3,77,96,0.00
2024-07-31T22:00,23.0,2.6,74,98,0.00
2024-07-31T23:00,22.6,2.2,81,98,0.00
2024-08-01T00:00,22.4,2.2,99,96,0.00
2024-08-01T01:00,22.4,1.8,101,94,0.00
2024-08-01T02:00,23.3,0.4,90,87,0.00
2024-08-01T03:00,22.5,2.9,150,90,0.00
2024-08-01T04:00,22.1,4.1,142,93,0.00
2024-08-01T05:00,23.5,2.5,135,85,0.00
2024-08-01T06:00,23.0,3.1,291,93,0.00
2024-08-01T07:00,23.9,2.5,270,91,0.00
2024-08-01T08:00,25.1,4.8,228,87,0.00
2024-08-01T09:00,26.5,5.8,248,82,0.00
2024-08-01T10:00,27.3,6.2,234,82,0.10
2024-08-01T11:00,28.2,7.4,231,79,0.10
2024-08-01T12:00,28.8,8.7,240,73,0.10
2024-08-01T13:00,28.7,10.2,228,73,0.40
2024-08-01T14:00,29.1,8.4,239,70,0.10
2024-08-01T15:00,26.8,7.8,236,79,0.40
2024-08-01T16:00,24.9,13.4,265,91,0.10
2024-08-01T17:00,23.1,5.6,297,96,0.20
2024-08-01T18:00,23.0,4.2,59,97,1.20
2024-08-01T19:00,23.4,3.3,174,96,0.20
2024-08-01T20:00,23.1,0.5,315,97,0.10
2024-08-01T21:00,23.1,3.1,225,96,0.20
2024-08-01T22:00,23.2,2.2,180,94,0.10
2024-08-01T23:00,22.8,4.1,165,97,0.00
2024-08-02T00:00,22.7,3.5,204,96,0.00
2024-08-02T01:00,22.4,3.7,191,97,0.00
2024-08-02T02:00,22.1,5.2,205,97,0.00
2024-08-02T03:00,22.0,4.5,194,97,0.00
2024-08-02T04:00,22.4,1.9,112,96,0.00
2024-08-02T05:00,22.4,2.9,60,96,0.00
2024-08-02T06:00,22.3,2.3,108,98,0.00
2024-08-02T07:00,23.0,1.1,288,98,0.00
2024-08-02T08:00,24.7,4.2,239,89,0.00
2024-08-02T09:00,26.5,9.5,217,82,0.00
2024-08-02T10:00,27.8,13.0,214,76,0.00
2024-08-02T11:00,28.4,14.1,218,73,0.10
2024-08-02T12:00,28.9,13.7,210,73,0.20
2024-08-02T13:00,28.3,13.7,203,77,0.10
2024-08-02T14:00,28.8,10.5,229,77,0.10
2024-08-02T15:00,28.2,6.9,223,80,0.10
2024-08-02T16:00,24.4,12.0,226,94,6.00
2024-08-02T17:00,24.7,3.7,169,90,0.40
2024-08-02T18:00,24.4,1.8,360,92,0.10
2024-08-02T19:00,23.9,1.5,346,96,0.00
2024-08-02T20:00,23.4,3.0,346,99,0.00
2024-08-02T21:00,23.4,2.6,74,96,1.20
2024-08-02T22:00,23.6,2.4,117,96,0.00
2024-08-02T23:00,23.0,4.6,219,97,0.00
2024-08-03T00:00,23.5,2.5,135,95,0.00
2024-08-03T01:00,23.3,3.1,144,94,0.00
2024-08-03T02:00,23.3,3.4,162,92,0.00
2024-08-03T03:00,23.0,4.4,171,92,0.00
2024-08-03T04:00,22.5,2.6,124,93,0.00
2024-08-03T05:00,22.8,1.1,90,92,0.00
2024-08-03T06:00,22.9,2.9,150,92,0.00
2024-08-03T07:00,24.0,3.9,236,92,0.00
2024-08-03T08:00,24.7,4.9,234,89,0.00
2024-08-03T09:00,26.5,10.9,214,80,0.00
2024-08-03T10:00,27.6,12.8,212,77,0.00
2024-08-03T11:00,28.6,15.5,216,72,0.00
2024-08-03T12:00,29.2,17.4,220,69,0.10
2024-08-03T13:00,29.0,18.2,214,69,0.50
2024-08-03T14:00,28.4,16.4,206,75,0.20
2024-08-03T15:00,28.2,14.2,207,80,1.20
2024-08-03T16:00,25.9,5.9,194,87,2.00
2024-08-03T17:00,25.0,4.0,243,90,0.10
2024-08-03T18:00,24.0,4.7,337,94,0.20
2024-08-03T19:00,23.6,3.6,6,96,0.20
2024-08-03T20:00,23.5,3.3,347,98,0.10
2024-08-03T21:00,23.5,5.6,45,98,0.00
2024-08-03T22:00,23.2,1.9,68,98,0.00
2024-08-03T23:00,23.3,3.8,221,97,0.00
2024-08-04T00:00,22.8,4.8,243,97,0.00
2024-08-04T01:00,22.7,5.5,203,95,0.00
2024-08-04T02:00,22.8,4.8,207,94,0.00
2024-08-04T03:00,22.8,4.7,212,95,0.00
2024-08-04T04:00,22.7,4.8,222,96,0.00
2024-08-04T05:00,22.7,6.0,205,96,0.00
2024-08-04T06:00,23.0,8.6,195,94,0.00
2024-08-04T07:00,24.0,12.2,204,90,0.00
2024-08-04T08:00,24.7,12.2,208,84,0.00
2024-08-04T09:00,25.7,12.9,210,82,0.00
2024-08-04T10:00,27.1,14.0,215,76,0.00
2024-08-04T11:00,28.2,18.3,216,71,0.00
2024-08-04T12:00,28.3,17.4,210,74,0.00
2024-08-04T13:00,28.0,18.6,216,74,0.60
2024-08-04T14:00,28.5,16.6,214,77,0.20
2024-08-04T15:00,28.3,16.8,208,73,0.10
2024-08-04T16:00,27.8,15.9,198,76,0.00
2024-08-04T17:00,26.8,10.0,193,81,0.00
2024-08-04T18:00,25.5,5.4,217,83,0.00
2024-08-04T19:00,24.6,4.7,184,87,0.00
2024-08-04T20:00,23.9,5.6,165,89,0.00
2024-08-04T21:00,25.3,6.8,198,78,0.00
2024-08-04T22:00,24.9,8.0,198,80,0.00
2024-08-04T23:00,24.3,6.6,193,83,0.00
2024-08-05T00:00,23.9,7.8,202,86,0.00
2024-08-05T01:00,23.4,7.7,208,89,0.00
2024-08-05T02:00,23.3,7.9,196,90,0.00
2024-08-05T03:00,23.3,8.1,193,91,0.00
2024-08-05T04:00,23.4,7.3,213,91,0.00
2024-08-05T05:00,23.4,7.8,202,92,0.00
2024-08-05T06:00,23.5,9.7,195,91,0.00
2024-08-05T07:00,24.3,10.2,212,89,0.00
2024-08-05T08:00,25.2,11.6,210,83,0.00
2024-08-05T09:00,26.5,13.7,215,78,0.00
2024-08-05T10:00,27.1,15.0,210,74,0.00
2024-08-05T11:00,28.1,17.7,209,72,0.00
2024-08-05T12:00,28.2,15.7,212,73,0.00
2024-08-05T13:00,28.9,16.6,214,71,0.00
2024-08-05T14:00,29.5,14.8,223,69,0.00
2024-08-05T15:00,28.7,15.3,214,73,1.10
2024-08-05T16:00,27.4,14.4,212,77,0.40
2024-08-05T17:00,26.4,11.0,199,82,0.00
2024-08-05T18:00,25.4,6.5,199,87,0.10
2024-08-05T19:00,24.8,5.2,196,89,0.00
2024-08-05T20:00,24.1,5.4,188,93,0.00
2024-08-05T21:00,24.3,5.6,207,90,0.00
2024-08-05T22:00,24.0,8.6,182,90,0.00
2024-08-05T23:00,23.9,9.0,196,90,0.00
2024-08-06T00:00,23.8,7.6,185,91,0.00
2024-08-06T01:00,23.6,6.5,183,91,0.00
2024-08-06T02:00,23.1,4.8,193,94,0.00
2024-08-06T03:00,22.6,3.6,174,96,0.00
2024-08-06T04:00,22.3,4.9,197,96,0.00
2024-08-06T05:00,22.0,5.0,201,97,0.00
2024-08-06T06:00,22.8,5.1,188,94,0.00
2024-08-06T07:00,23.9,5.2,236,92,0.00
2024-08-06T08:00,25.1,9.0,217,86,0.00
2024-08-06T09:00,26.8,9.2,222,80,0.00
2024-08-06T10:00,27.8,11.1,216,75,0.00
2024-08-06T11:00,28.3,10.5,218,71,0.00
2024-08-06T12:00,29.5,10.7,220,68,0.00
2024-08-06T13:00,29.8,11.5,226,69,0.00
2024-08-06T14:00,29.7,9.6,214,70,0.00
2024-08-06T15:00,29.5,12.0,224,69,0.00
2024-08-06T16:00,27.9,11.3,239,76,0.50
2024-08-06T17:00,26.9,8.3,214,82,0.00
2024-08-06T18:00,26.1,4.6,231,86,0.00
2024-08-06T19:00,25.3,3.8,229,91,0.00
2024-08-06T20:00,24.2,5.0,210,95,0.80
2024-08-06T21:00,23.6,5.2,196,97,0.10
2024-08-06T22:00,23.6,1.8,127,98,0.00
2024-08-06T23:00,23.5,2.6,74,98,0.00
2024-08-07T00:00,23.3,1.3,56,97,0.00
2024-08-07T01:00,22.9,2.9,97,97,0.00
2024-08-07T02:00,23.3,1.5,104,94,0.00
2024-08-07T03:00,22.7,3.3,49,96,0.00
2024-08-07T04:00,22.7,3.6,90,96,0.00
2024-08-07T05:00,22.3,2.3,72,97,0.00
2024-08-07T06:00,22.7,3.3,84,96,0.00
2024-08-07T07:00,24.5,4.6,45,90,0.00
2024-08-07T08:00,26.0,2.7,337,86,0.00
2024-08-07T09:00,27.1,4.0,280,83,0.00
2024-08-07T10:00,28.5,4.7,261,78,0.00
2024-08-07T11:00,29.3,5.4,266,74,0.10
2024-08-07T12:00,29.6,6.9,261,76,0.10
2024-08-07T13:00,29.6,6.5,214,76,0.50
2024-08-07T14:00,29.0,9.1,214,78,0.80
2024-08-07T15:00,28.2,5.1,278,83,1.10
2024-08-07T16:00,27.0,4.3,156,81,0.40
2024-08-07T17:00,27.2,3.4,342,79,0.00
2024-08-07T18:00,25.7,2.9,360,91,0.00
2024-08-07T19:00,25.0,2.8,40,95,0.00
2024-08-07T20:00,24.3,2.6,74,97,0.00
2024-08-07T21:00,25.6,2.5,82,92,0.00
2024-08-07T22:00,25.0,2.7,67,89,2.20
2024-08-07T23:00,25.1,2.6,16,91,0.30
2024-08-08T00:00,24.9,4.0,270,92,0.10
2024-08-08T01:00,24.5,0.8,153,94,0.00
2024-08-08T02:00,23.1,3.1,135,97,0.00
2024-08-08T03:00,23.0,3.1,144,96,0.00
2024-08-08T04:00,23.1,4.0,170,95,0.00
2024-08-08T05:00,23.3,4.0,180,94,0.00
2024-08-08T06:00,23.5,1.5,45,93,0.00
2024-08-08T07:00,24.2,1.1,72,94,0.00
2024-08-08T08:00,26.0,1.6,297,84,0.00
2024-08-08T09:00,27.6,5.1,321,82,0.00
2024-08-08T10:00,28.2,4.7,302,82,0.00
2024-08-08T11:00,28.9,6.1,273,80,0.10
2024-08-08T12:00,29.4,5.9,256,76,0.40
2024-08-08T13:00,29.9,6.8,238,76,0.40
2024-08-08T14:00,30.0,8.1,238,75,0.50
2024-08-08T15:00,26.0,8.5,192,85,10.20
2024-08-08T16:00,26.1,8.8,55,83,2.00
2024-08-08T17:00,25.5,6.8,342,88,1.30
2024-08-08T18:00,24.2,2.7,113,92,1.80
2024-08-08T19:00,24.0,5.0,30,92,3.00
2024-08-08T20:00,23.8,2.5,360,96,0.00
2024-08-08T21:00,24.1,4.2,20,88,2.00
2024-08-08T22:00,23.7,2.6,344,94,0.00
2024-08-08T23:00,23.8,1.3,146,94,0.10
2024-08-09T00:00,23.9,3.0,346,95,0.20
2024-08-09T01:00,23.2,2.6,16,98,0.00
2024-08-09T02:00,22.9,1.6,117,99,0.00
2024-08-09T03:00,23.3,1.5,104,98,0.00
2024-08-09T04:00,22.7,3.5,114,98,0.00
2024-08-09T05:00,23.4,2.5,172,94,0.00
2024-08-09T06:00,23.4,3.2,270,93,0.00
2024-08-09T07:00,24.1,2.6,304,92,0.00
2024-08-09T08:00,25.2,0.7,270,87,0.00
2024-08-09T09:00,26.8,4.1,255,83,0.00
2024-08-09T10:00,27.8,4.8,243,81,0.10
2024-08-09T11:00,28.6,6.2,277,79,0.10
2024-08-09T12:00,27.9,9.7,268,84,0.40
2024-08-09T13:00,27.9,9.7,195,81,2.60
2024-08-09T14:00,27.2,11.7,189,79,0.90
2024-08-09T15:00,26.0,8.6,182,83,2.20
2024-08-09T16:00,25.5,8.0,234,86,1.00
2024-08-09T17:00,24.0,5.7,215,93,4.80
2024-08-09T18:00,23.9,5.2,196,95,1.50
2024-08-09T19:00,24.0,2.1,239,94,0.50
2024-08-09T20:00,23.6,4.6,252,98,0.30
2024-08-09T21:00,24.2,1.6,333,92,0.10
2024-08-09T22:00,23.5,1.6,27,96,0.00
2024-08-09T23:00,23.8,2.4,153,94,0.00
2024-08-10T00:00,23.6,3.1,225,94,0.00
2024-08-10T01:00,23.3,1.8,233,96,0.00
2024-08-10T02:00,23.1,2.2,180,98,0.00
2024-08-10T03:00,23.3,3.6,180,97,0.00
2024-08-10T04:00,23.4,3.6,180,96,0.00
2024-08-10T05:00,23.3,6.2,190,97,0.00
2024-08-10T06:00,23.3,6.5,180,95,0.00
2024-08-10T07:00,23.9,5.0,201,93,0.00
2024-08-10T08:00,24.6,5.9,223,89,0.00
2024-08-10T09:00,26.2,10.0,221,83,0.00
2024-08-10T10:00,27.5,12.6,217,77,0.00
2024-08-10T11:00,28.8,9.9,224,71,0.00
2024-08-10T12:00,29.5,9.9,226,68,0.00
2024-08-10T13:00,29.8,9.9,224,69,0.00
2024-08-10T14:00,29.6,13.1,238,70,0.30
2024-08-10T15:00,28.9,10.0,229,75,0.60
2024-08-10T16:00,28.7,6.3,204,75,0.00
2024-08-10T17:00,28.2,6.2,263,78,0.00
2024-08-10T18:00,26.4,4.7,279,87,0.10
2024-08-10T19:00,24.9,8.1,21,90,1.60
2024-08-10T20:00,24.5,7.3,33,92,0.20
2024-08-10T21:00,25.0,5.4,70,89,0.00
2024-08-10T22:00,24.1,3.2,63,94,0.00
2024-08-10T23:00,24.1,2.5,82,94,0.00
2024-08-11T00:00,23.7,3.1,54,94,0.00
2024-08-11T01:00,23.3,3.2,63,94,0.00
2024-08-11T02:00,23.1,1.1,108,93,0.00
2024-08-11T03:00,23.1,3.7,169,92,0.00
2024-08-11T04:00,23.9,4.0,180,86,0.00
2024-08-11T05:00,24.1,3.0,194,85,0.00
2024-08-11T06:00,23.2,3.3,186,93,0.00
2024-08-11T07:00,24.5,3.3,229,92,0.00
2024-08-11T08:00,25.8,5.5,247,85,0.00
2024-08-11T09:00,26.5,6.9,242,83,0.20
2024-08-11T10:00,27.6,5.9,227,79,0.20
2024-08-11T11:00,28.7,5.9,223,76,0.10
2024-08-11T12:00,29.4,9.0,217,76,0.20
2024-08-11T13:00,26.9,7.9,180,84,4.90
2024-08-11T14:00,27.7,5.7,215,81,0.20
2024-08-11T15:00,28.2,6.5,273,75,0.50
2024-08-11T16:00,26.9,4.7,157,81,0.10
2024-08-11T17:00,26.6,4.3,246,76,1.40
2024-08-11T18:00,24.7,4.3,132,88,5.50
2024-08-11T19:00,24.6,3.0,284,90,0.60
2024-08-11T20:00,24.0,2.5,90,94,0.20
2024-08-11T21:00,23.9,3.3,103,96,0.60
2024-08-11T22:00,23.7,2.2,180,94,2.60
2024-08-11T23:00,23.6,1.9,248,95,0.20
2024-08-12T00:00,23.0,2.4,117,98,0.00
2024-08-12T01:00,22.6,2.3,129,99,0.00
2024-08-12T02:00,22.3,1.8,101,100,0.00
2024-08-12T03:00,22.2,2.7,113,100,0.00
2024-08-12T04:00,22.2,1.8,101,99,0.00
2024-08-12T05:00,22.0,3.0,104,99,0.00
2024-08-12T06:00,22.1,0.8,117,99,0.00
2024-08-12T07:00,23.7,2.5,172,95,0.00
2024-08-12T08:00,25.3,4.3,222,87,0.00
2024-08-12T09:00,27.0,7.2,243,85,0.10
2024-08-12T10:00,27.6,7.1,240,84,0.10
2024-08-12T11:00,27.5,7.3,169,83,0.10
2024-08-12T12:00,28.2,8.0,190,77,0.10
2024-08-12T13:00,28.4,6.2,249,77,0.10
2024-08-12T14:00,28.5,5.5,212,74,0.10
2024-08-12T15:00,28.6,2.8,220,72,0.40
2024-08-12T16:00,26.9,6.5,174,79,0.40
2024-08-12T17:00,24.8,7.8,257,88,6.70
2024-08-12T18:00,24.3,2.2,261,91,0.40
2024-08-12T19:00,24.0,1.5,225,95,0.00
2024-08-12T20:00,23.3,2.5,98,98,0.00
2024-08-12T21:00,24.0,1.1,342,96,0.10
2024-08-12T22:00,23.8,2.5,82,96,0.00
2024-08-12T23:00,23.2,2.7,67,97,0.00
2024-08-13T00:00,23.6,1.1,108,93,0.00
2024-08-13T01:00,23.7,0.8,117,92,0.00
2024-08-13T02:00,23.4,1.0,135,92,0.00
2024-08-13T03:00,23.0,0.7,90,92,0.00
2024-08-13T04:00,22.4,1.3,124,93,0.00
2024-08-13T05:00,23.4,2.7,157,87,0.00
2024-08-13T06:00,22.7,2.2,189,94,0.00
2024-08-13T07:00,24.0,4.0,175,92,0.00
2024-08-13T08:00,25.6,5.5,238,88,0.00
2024-08-13T09:00,27.0,4.0,270,81,0.00
2024-08-13T10:00,28.1,5.4,278,80,0.10
2024-08-13T11:00,27.5,5.8,277,85,0.30
2024-08-13T12:00,27.7,3.1,144,85,0.80
2024-08-13T13:00,28.6,2.2,99,76,0.90
2024-08-13T14:00,28.9,2.7,293,76,0.30
2024-08-13T15:00,27.3,3.0,256,85,1.50
2024-08-13T16:00,27.2,1.8,217,84,0.40
2024-08-13T17:00,26.2,3.9,248,85,4.30
2024-08-13T18:00,24.3,1.5,346,95,6.00
2024-08-13T19:00,24.2,6.8,25,93,0.70
2024-08-13T20:00,23.9,0.5,45,93,0.60
2024-08-13T21:00,23.9,1.1,252,96,0.20
2024-08-13T22:00,23.8,2.2,189,96,0.20
2024-08-13T23:00,23.6,0.7,360,99,0.00
2024-08-14T00:00,23.5,3.2,27,99,0.00
2024-08-14T01:00,23.3,1.8,11,99,0.00
2024-08-14T02:00,23.1,1.8,101,99,0.00
2024-08-14T03:00,23.0,0.7,90,97,0.00
2024-08-14T04:00,22.8,2.0,45,98,0.00
2024-08-14T05:00,22.6,2.5,90,97,0.00
2024-08-14T06:00,22.9,2.3,162,95,0.00
2024-08-14T07:00,24.2,4.4,215,92,0.00
2024-08-14T08:00,25.4,5.4,233,87,0.00
2024-08-14T09:00,26.9,4.0,260,81,0.10
2024-08-14T10:00,28.0,5.8,270,78,0.20
2024-08-14T11:00,28.5,6.3,239,81,0.10
2024-08-14T12:00,29.3,6.4,227,77,0.20
2024-08-14T13:00,29.9,8.8,235,76,0.10
2024-08-14T14:00,29.8,9.9,226,75,0.20
2024-08-14T15:00,29.2,11.5,231,74,3.20
2024-08-14T16:00,26.1,2.6,236,85,9.10
2024-08-14T17:00,25.2,4.7,32,89,11.90
2024-08-14T18:00,24.5,3.4,342,91,0.90
2024-08-14T19:00,23.8,3.6,53,96,0.60
2024-08-14T20:00,23.9,2.7,67,97,0.00
2024-08-14T21:00,23.9,2.6,16,96,0.10
2024-08-14T22:00,23.9,1.1,342,97,0.00
2024-08-14T23:00,23.5,2.9,83,98,0.00
2024-08-15T00:00,23.1,3.3,77,99,0.00
2024-08-15T01:00,22.9,2.2,81,99,0.00
2024-08-15T02:00,22.8,3.7,101,100,0.00
2024-08-15T03:00,22.5,2.5,98,100,0.00
2024-08-15T04:00,22.4,2.2,99,100,0.00
2024-08-15T05:00,22.3,2.4,117,98,0.00
2024-08-15T06:00,22.5,3.4,108,98,0.00
2024-08-15T07:00,24.4,1.8,53,93,0.00
2024-08-15T08:00,25.7,4.0,333,86,0.00
2024-08-15T09:00,27.4,3.6,323,78,0.00
2024-08-15T10:00,28.7,4.6,309,73,0.30
2024-08-15T11:00,29.2,4.1,285,73,0.40
2024-08-15T12:00,29.6,3.6,270,74,0.10
2024-08-15T13:00,30.3,4.3,270,71,0.10
2024-08-15T14:00,30.0,5.5,238,74,0.00
2024-08-15T15:00,29.8,6.1,225,75,0.10
2024-08-15T16:00,28.8,5.8,240,77,0.50
2024-08-15T17:00,25.6,5.8,292,88,6.00
2024-08-15T18:00,25.1,2.8,230,89,0.20
2024-08-15T19:00,24.6,2.1,121,93,0.10
2024-08-15T20:00,24.7,3.5,114,92,0.00
2024-08-15T21:00,24.5,2.3,72,96,0.00
2024-08-15T22:00,24.0,2.2,81,97,0.00
2024-08-15T23:00,23.6,3.1,126,97,0.00
2024-08-16T00:00,23.3,3.3,167,97,0.00
2024-08-16T01:00,23.1,4.1,142,98,0.00
2024-08-16T02:00,22.6,5.4,127,99,0.00
2024-08-16T03:00,22.4,2.3,108,99,0.00
2024-08-16T04:00,22.3,2.2,99,99,0.00
2024-08-16T05:00,22.1,2.5,90,100,0.00
2024-08-16T06:00,22.2,4.3,90,100,0.00
2024-08-16T07:00,23.8,2.6,56,96,0.00
2024-08-16T08:00,25.5,1.9,292,87,0.00
2024-08-16T09:00,27.3,2.6,286,82,0.00
2024-08-16T10:00,28.3,5.8,270,81,0.10
2024-08-16T11:00,29.1,5.9,259,79,0.10
2024-08-16T12:00,29.8,5.4,250,76,0.30
2024-08-16T13:00,29.7,5.3,242,75,1.60
2024-08-16T14:00,27.5,9.0,254,82,17.50
2024-08-16T15:00,25.3,3.9,292,91,14.30
2024-08-16T16:00,26.2,2.3,51,86,0.10
2024-08-16T17:00,26.8,2.6,106,81,0.30
2024-08-16T18:00,25.8,2.7,23,90,0.10
2024-08-16T19:00,25.2,3.3,13,93,0.10
2024-08-16T20:00,24.6,3.3,41,95,0.00
2024-08-16T21:00,24.8,2.9,90,94,0.00
2024-08-16T22:00,24.5,2.5,82,95,0.00
2024-08-16T23:00,24.4,1.5,104,93,0.00
2024-08-17T00:00,24.6,1.0,135,89,0.00
2024-08-17T01:00,23.9,2.2,81,91,0.00
2024-08-17T02:00,23.7,3.4,32,94,0.00
2024-08-17T03:00,23.3,3.4,72,95,0.00
2024-08-17T04:00,23.0,3.3,84,94,0.00
2024-08-17T05:00,22.8,2.9,90,94,0.00
2024-08-17T06:00,23.3,3.3,84,93,0.00
2024-08-17T07:00,25.3,3.9,34,89,0.00
2024-08-17T08:00,26.7,5.4,8,84,0.00
2024-08-17T09:00,28.0,8.0,8,81,0.10
2024-08-17T10:00,28.9,9.4,2,79,0.10
2024-08-17T11:00,29.7,9.5,9,75,0.10
2024-08-17T12:00,30.4,9.8,354,73,0.20
2024-08-17T13:00,30.4,10.8,345,73,0.40
2024-08-17T14:00,30.8,7.4,337,69,0.60
2024-08-17T15:00,27.5,2.6,146,81,3.90
2024-08-17T16:00,27.0,4.6,309,82,1.00
2024-08-17T17:00,26.0,2.3,219,85,3.10
2024-08-17T18:00,25.2,2.6,214,91,2.30
2024-08-17T19:00,24.6,3.5,246,94,0.20
2024-08-17T20:00,24.4,2.6,164,96,0.00
2024-08-17T21:00,24.9,2.1,121,95,0.00
2024-08-17T22:00,24.2,2.5,172,96,0.00
2024-08-17T23:00,24.0,3.6,174,96,0.00
2024-08-18T00:00,23.8,2.5,188,97,0.70
2024-08-18T01:00,23.1,2.8,140,97,0.20
2024-08-18T02:00,23.0,3.6,186,98,0.00
2024-08-18T03:00,23.2,3.4,148,97,0.00
2024-08-18T04:00,22.7,1.8,127,97,0.00
2024-08-18T05:00,22.5,0.8,117,98,0.00
2024-08-18T06:00,22.4,3.2,117,99,0.00
2024-08-18T07:00,24.0,1.3,304,97,0.00
2024-08-18T08:00,25.5,4.0,355,86,0.00
2024-08-18T09:00,27.6,3.2,297,80,0.00
2024-08-18T10:00,28.8,3.8,311,74,0.10
2024-08-18T11:00,29.8,5.4,323,69,0.10
2024-08-18T12:00,30.4,5.2,286,68,0.10
2024-08-18T13:00,30.5,5.4,266,70,0.10
2024-08-18T14:00,30.6,7.6,273,71,0.10
2024-08-18T15:00,26.5,6.1,208,84,5.20
2024-08-18T16:00,26.2,3.3,257,83,1.60
2024-08-18T17:00,24.9,2.1,239,84,9.20
2024-08-18T18:00,24.3,2.9,277,89,2.90
2024-08-18T19:00,23.4,3.4,18,95,2.40
2024-08-18T20:00,23.5,2.6,74,96,0.70
2024-08-18T21:00,23.9,3.6,53,96,0.00
2024-08-18T22:00,23.8,3.3,84,96,0.00
2024-08-18T23:00,23.6,3.2,90,95,0.00
2024-08-19T00:00,23.3,3.0,76,95,0.00
2024-08-19T01:00,23.0,2.5,90,94,0.00
2024-08-19T02:00,22.6,3.2,90,93,0.00
2024-08-19T03:00,22.6,2.3,108,91,0.00
2024-08-19T04:00,22.5,1.8,127,90,0.00
2024-08-19T05:00,22.2,3.2,117,91,0.00
2024-08-19T06:00,22.9,1.9,112,91,0.00
2024-08-19T07:00,24.8,1.9,292,85,0.00
2024-08-19T08:00,25.5,2.3,309,87,0.00
2024-08-19T09:00,27.6,1.8,259,77,0.00
2024-08-19T10:00,28.8,5.4,266,73,0.30
2024-08-19T11:00,29.7,4.5,256,69,0.40
2024-08-19T12:00,30.2,5.4,250,67,0.40
2024-08-19T13:00,30.0,6.5,264,67,0.80
2024-08-19T14:00,30.4,7.1,255,69,0.50
2024-08-19T15:00,29.6,7.6,211,70,1.70
2024-08-19T16:00,29.3,3.4,288,71,0.10
2024-08-19T17:00,27.8,3.4,288,77,1.70
2024-08-19T18:00,25.3,4.8,228,87,3.70
2024-08-19T19:00,25.2,1.1,252,85,0.00
2024-08-19T20:00,24.1,2.6,16,94,0.00
2024-08-19T21:00,24.4,3.2,360,97,0.00
2024-08-19T22:00,24.6,2.9,360,91,0.20
2024-08-19T23:00,23.8,3.1,111,96,0.00
2024-08-20T00:00,23.1,1.5,104,97,0.00
2024-08-20T01:00,23.3,2.2,90,94,0.00
2024-08-20T02:00,22.9,3.8,73,95,0.00
2024-08-20T03:00,22.7,3.7,79,95,0.00
2024-08-20T04:00,22.6,3.0,76,95,0.00
2024-08-20T05:00,22.7,2.2,90,94,0.00
2024-08-20T06:00,22.9,4.0,95,94,0.00
2024-08-20T07:00,25.4,3.6,37,88,0.00
2024-08-20T08:00,26.7,4.4,351,83,0.00
2024-08-20T09:00,28.1,3.1,315,78,0.00
2024-08-20T10:00,28.9,4.1,308,77,0.10
2024-08-20T11:00,29.4,6.1,310,76,0.20
2024-08-20T12:00,29.5,3.2,297,74,0.30
2024-08-20T13:00,28.8,2.9,187,81,4.20
2024-08-20T14:00,27.7,5.8,292,86,4.80
2024-08-20T15:00,26.7,6.4,232,86,10.80
2024-08-20T16:00,26.9,4.0,297,86,0.00
2024-08-20T17:00,26.4,4.0,280,87,0.50
2024-08-20T18:00,25.4,4.1,345,92,0.20
2024-08-20T19:00,24.7,3.6,323,92,0.20
2024-08-20T20:00,24.2,3.3,49,95,0.00
2024-08-20T21:00,24.4,2.9,353,94,0.00
2024-08-20T22:00,24.1,3.3,13,95,0.10
2024-08-20T23:00,23.6,6.2,69,97,0.00
2024-08-21T00:00,23.5,6.3,77,96,0.00
2024-08-21T01:00,23.4,5.7,72,95,0.00
2024-08-21T02:00,23.2,4.3,66,95,0.00
2024-08-21T03:00,23.1,4.5,76,94,0.00
2024-08-21T04:00,22.9,5.2,78,94,0.00
2024-08-21T05:00,22.9,4.7,67,94,0.00
2024-08-21T06:00,23.1,5.9,76,93,0.00
2024-08-21T07:00,25.4,7.1,49,88,0.00
2024-08-21T08:00,26.8,8.4,20,83,0.00
2024-08-21T09:00,28.3,8.0,8,76,0.00
2024-08-21T10:00,29.4,9.1,9,73,0.00
2024-08-21T11:00,30.3,9.7,15,69,0.00
2024-08-21T12:00,30.9,10.3,25,67,0.00
2024-08-21T13:00,30.6,10.6,35,67,0.10
2024-08-21T14:00,29.2,5.6,15,69,0.10
2024-08-21T15:00,28.4,8.9,40,72,0.70
2024-08-21T16:00,28.0,5.5,23,75,0.10
2024-08-21T17:00,27.4,6.5,19,79,0.00
2024-08-21T18:00,26.3,6.4,16,85,0.00
2024-08-21T19:00,25.2,4.9,36,89,0.00
2024-08-21T20:00,24.4,3.4,72,92,0.00
2024-08-21T21:00,24.6,2.3,108,92,0.00
2024-08-21T22:00,24.5,1.5,104,92,0.00
2024-08-21T23:00,24.0,1.0,135,93,0.00
2024-08-22T00:00,24.2,1.6,153,93,0.10
2024-08-22T01:00,24.2,0.4,90,92,0.70
2024-08-22T02:00,23.8,2.7,67,94,0.10
2024-08-22T03:00,23.1,2.6,106,94,0.00
2024-08-22T04:00,22.8,1.6,117,94,0.00
2024-08-22T05:00,22.6,1.8,101,93,0.00
2024-08-22T06:00,23.4,2.9,90,89,0.00
2024-08-22T07:00,25.3,4.6,45,86,0.00
2024-08-22T08:00,26.8,5.5,11,81,0.00
2024-08-22T09:00,28.2,7.1,15,74,0.00
2024-08-22T10:00,29.5,10.1,17,66,0.10
2024-08-22T11:00,30.2,11.0,19,62,0.10
2024-08-22T12:00,31.0,10.1,27,61,0.00
2024-08-22T13:00,30.3,10.5,41,64,0.20
2024-08-22T14:00,29.6,12.9,54,67,1.30
2024-08-22T15:00,28.2,12.1,27,75,0.10
2024-08-22T16:00,27.5,8.4,7,80,0.10
2024-08-22T17:00,26.8,9.5,29,83,0.00
2024-08-22T18:00,25.8,4.0,27,89,0.00
2024-08-22T19:00,25.6,3.6,6,89,0.00
2024-08-22T20:00,24.6,3.3,193,94,0.10
2024-08-22T21:00,24.7,8.7,197,94,1.70
2024-08-22T22:00,24.1,6.1,230,97,0.30
2024-08-22T23:00,23.4,6.9,208,97,0.20
2024-08-23T00:00,23.2,6.0,205,98,0.00
2024-08-23T01:00,23.0,6.2,201,99,0.00
2024-08-23T02:00,22.9,5.7,198,99,0.00
2024-08-23T03:00,22.8,4.0,185,99,0.00
2024-08-23T04:00,22.8,2.3,162,100,0.00
2024-08-23T05:00,23.0,3.1,216,98,0.00
2024-08-23T06:00,22.9,2.6,254,100,0.00
2024-08-23T07:00,23.9,2.9,210,94,0.00
2024-08-23T08:00,25.3,5.1,231,86,0.00
2024-08-23T09:00,26.5,5.6,230,81,0.00
2024-08-23T10:00,27.5,7.7,229,77,0.00
2024-08-23T11:00,28.6,10.2,222,72,0.00
2024-08-23T12:00,29.0,11.0,229,71,0.00
2024-08-23T13:00,29.5,11.5,231,71,0.00
2024-08-23T14:00,29.2,11.1,216,73,0.10
2024-08-23T15:00,27.2,12.3,220,78,0.90
2024-08-23T16:00,26.5,10.9,207,85,0.50
2024-08-23T17:00,25.5,9.7,211,89,1.20
2024-08-23T18:00,24.8,2.9,240,93,0.00
2024-08-23T19:00,24.6,5.0,249,94,0.50
2024-08-23T20:00,23.7,5.6,230,94,2.90
2024-08-23T21:00,24.8,4.3,265,88,0.30
2024-08-23T22:00,24.3,5.4,266,91,0.30
2024-08-23T23:00,24.0,3.0,256,94,0.20
2024-08-24T00:00,23.8,6.3,239,94,0.10
2024-08-24T01:00,23.7,7.1,221,95,0.00
2024-08-24T02:00,23.5,7.6,211,96,0.00
2024-08-24T03:00,23.6,7.5,197,95,0.00
2024-08-24T04:00,23.5,4.5,209,94,0.00
2024-08-24T05:00,23.3,4.6,198,95,0.00
2024-08-24T06:00,23.3,5.3,208,96,0.00
2024-08-24T07:00,23.8,5.6,220,93,0.00
2024-08-24T08:00,24.7,7.9,210,87,0.00
2024-08-24T09:00,25.2,7.4,209,82,0.00
2024-08-24T10:00,26.4,9.2,211,77,0.00
2024-08-24T11:00,27.1,9.5,217,74,0.00
2024-08-24T12:00,28.8,8.9,230,71,0.00
2024-08-24T13:00,29.0,10.4,226,72,0.00
2024-08-24T14:00,28.4,12.3,230,74,0.10
2024-08-24T15:00,27.5,12.2,204,82,0.60
2024-08-24T16:00,25.3,11.5,226,88,8.80
2024-08-24T17:00,24.7,3.6,233,93,1.40
2024-08-24T18:00,24.4,1.8,169,94,0.90
2024-08-24T19:00,24.5,2.8,230,94,0.30
2024-08-24T20:00,24.3,3.6,217,95,0.10
2024-08-24T21:00,24.3,4.2,250,94,0.30
2024-08-24T22:00,24.1,4.5,209,95,0.10
2024-08-24T23:00,24.0,6.6,202,91,0.00
2024-08-25T00:00,23.9,6.4,207,89,0.00
2024-08-25T01:00,23.5,8.0,198,90,0.00
2024-08-25T02:00,23.5,9.3,193,91,0.00
2024-08-25T03:00,23.4,9.3,193,92,0.00
2024-08-25T04:00,23.5,9.4,187,93,0.00
2024-08-25T05:00,23.5,7.3,189,92,0.00
2024-08-25T06:00,23.5,6.4,196,93,0.00
2024-08-25T07:00,24.1,5.7,235,90,0.00
2024-08-25T08:00,24.8,8.8,215,89,0.00
2024-08-25T09:00,26.7,10.5,207,78,0.00
2024-08-25T10:00,27.5,13.3,213,77,0.10
2024-08-25T11:00,28.2,14.5,224,73,0.10
2024-08-25T12:00,28.8,14.7,216,74,0.10
2024-08-25T13:00,28.9,12.6,204,75,0.10
2024-08-25T14:00,27.9,13.9,211,77,0.40
2024-08-25T15:00,27.0,11.1,216,83,0.60
2024-08-25T16:00,25.2,12.0,201,89,7.10
2024-08-25T17:00,25.0,9.6,200,91,2.10
2024-08-25T18:00,24.6,5.0,201,94,0.30
2024-08-25T19:00,24.3,4.3,246,94,0.20
2024-08-25T20:00,23.9,7.0,201,94,1.20
2024-08-25T21:00,24.1,3.5,246,96,0.00
2024-08-25T22:00,24.1,6.2,216,95,0.10
2024-08-25T23:00,24.1,7.9,204,93,0.00
2024-08-26T00:00,23.8,5.0,201,92,0.00
2024-08-26T01:00,23.3,3.3,229,94,0.00
2024-08-26T02:00,23.1,3.3,221,95,0.00
2024-08-26T03:00,23.2,4.1,218,94,0.00
2024-08-26T04:00,23.1,4.8,222,95,0.10
2024-08-26T05:00,23.0,6.1,208,96,0.10
2024-08-26T06:00,23.0,7.3,200,96,0.00
2024-08-26T07:00,23.8,8.4,205,93,0.00
2024-08-26T08:00,24.9,10.7,213,87,0.00
2024-08-26T09:00,25.3,6.6,225,87,0.00
2024-08-26T10:00,26.3,9.6,214,83,0.00
2024-08-26T11:00,27.1,12.7,209,80,0.00
2024-08-26T12:00,28.4,14.2,210,72,0.00
2024-08-26T13:00,28.9,14.1,212,73,0.00
2024-08-26T14:00,28.8,14.4,202,77,0.10
2024-08-26T15:00,26.3,15.1,218,87,1.00
2024-08-26T16:00,26.7,4.3,204,86,0.20
2024-08-26T17:00,24.5,1.5,284,92,5.20
2024-08-26T18:00,24.2,2.5,315,95,0.20
2024-08-26T19:00,24.0,4.2,31,96,0.20
2024-08-26T20:00,23.7,1.8,360,98,0.00
2024-08-26T21:00,23.9,0.4,360,99,0.10
2024-08-26T22:00,23.7,2.3,141,99,0.20
2024-08-26T23:00,23.8,2.1,149,97,0.00
2024-08-27T00:00,23.5,1.8,90,98,0.00
2024-08-27T01:00,23.4,2.3,162,96,0.00
2024-08-27T02:00,23.1,4.5,194,95,0.00
2024-08-27T03:00,22.6,4.0,170,96,0.00
2024-08-27T04:00,22.6,4.2,149,96,0.00
2024-08-27T05:00,23.4,4.0,185,91,0.00
2024-08-27T06:00,23.2,3.8,221,94,0.00
2024-08-27T07:00,24.1,5.1,219,94,0.00
2024-08-27T08:00,25.1,5.4,228,91,0.00
2024-08-27T09:00,26.5,4.9,234,82,0.00
2024-08-27T10:00,28.1,8.4,227,76,0.00
2024-08-27T11:00,28.8,11.2,228,72,0.00
2024-08-27T12:00,29.1,11.3,217,74,0.10
2024-08-27T13:00,29.4,10.9,214,76,0.10
2024-08-27T14:00,27.5,7.6,205,84,3.00
2024-08-27T15:00,26.0,9.1,198,88,0.10
2024-08-27T16:00,24.8,5.9,191,92,3.50
2024-08-27T17:00,24.8,5.4,222,90,0.40
2024-08-27T18:00,24.6,3.3,229,92,0.30
2024-08-27T19:00,24.2,1.6,243,95,0.10
2024-08-27T20:00,24.0,1.8,270,94,0.00
2024-08-27T21:00,24.0,2.8,230,96,0.00
2024-08-27T22:00,23.9,3.1,225,96,0.00
2024-08-27T23:00,23.7,3.4,212,97,0.00
2024-08-28T00:00,23.3,4.0,185,97,0.00
2024-08-28T01:00,23.2,4.0,185,96,0.00
2024-08-28T02:00,23.2,3.7,191,95,0.00
2024-08-28T03:00,23.2,4.3,185,94,0.00
2024-08-28T04:00,22.9,4.0,170,94,0.00
2024-08-28T05:00,22.8,3.8,163,94,0.00
2024-08-28T06:00,23.4,4.0,175,92,0.00
2024-08-28T07:00,24.4,6.3,211,89,0.00
2024-08-28T08:00,25.2,10.0,206,88,0.00
2024-08-28T09:00,26.4,8.0,216,81,0.00
2024-08-28T10:00,27.5,8.6,237,80,0.00
2024-08-28T11:00,28.2,8.9,230,82,0.00
2024-08-28T12:00,29.2,8.2,232,78,0.10
2024-08-28T13:00,29.0,9.7,211,80,0.10
2024-08-28T14:00,28.0,12.0,226,82,0.10
2024-08-28T15:00,26.6,8.0,243,89,1.50
2024-08-28T16:00,25.7,6.2,190,92,0.80
2024-08-28T17:00,25.4,5.2,245,91,1.50
2024-08-28T18:00,25.3,3.3,221,90,0.20
2024-08-28T19:00,24.6,4.0,243,94,0.30
2024-08-28T20:00,24.5,1.8,259,94,0.10
2024-08-28T21:00,24.1,4.3,275,97,1.20
2024-08-28T22:00,23.5,4.1,345,99,0.20
2024-08-28T23:00,23.4,1.4,360,98,0.10
2024-08-29T00:00,23.2,1.1,18,99,0.00
2024-08-29T01:00,22.8,1.8,53,100,0.00
2024-08-29T02:00,23.0,1.4,360,100,0.00
2024-08-29T03:00,22.8,1.6,333,100,0.00
2024-08-29T04:00,23.0,0.8,63,99,0.00
2024-08-29T05:00,22.9,0.5,45,98,0.00
2024-08-29T06:00,23.1,2.7,23,99,0.00
2024-08-29T07:00,23.9,1.8,360,94,0.00
2024-08-29T08:00,24.9,2.6,254,91,0.00
2024-08-29T09:00,25.5,3.0,284,90,0.00
2024-08-29T10:00,26.8,4.4,279,84,0.10
2024-08-29T11:00,27.0,4.7,270,85,0.20
2024-08-29T12:00,26.0,3.2,243,89,4.40
2024-08-29T13:00,26.3,4.6,225,88,0.70
2024-08-29T14:00,24.6,1.3,236,92,3.00
2024-08-29T15:00,25.2,2.6,236,87,1.80
2024-08-29T16:00,25.7,2.5,278,87,0.40
2024-08-29T17:00,25.1,3.8,229,89,1.10
2024-08-29T18:00,24.3,4.1,255,95,1.10
2024-08-29T19:00,24.0,2.1,239,95,0.60
2024-08-29T20:00,23.8,3.4,238,97,0.20
2024-08-29T21:00,24.5,3.9,248,95,0.00
2024-08-29T22:00,24.3,1.1,288,96,0.10
2024-08-29T23:00,24.1,2.5,278,97,0.30
2024-08-30T00:00,24.0,1.5,284,94,0.50
2024-08-30T01:00,23.8,2.3,219,96,0.30
2024-08-30T02:00,23.5,3.6,225,97,0.20
2024-08-30T03:00,23.2,4.1,165,98,0.10
2024-08-30T04:00,23.2,2.2,171,98,0.00
2024-08-30T05:00,23.2,2.3,162,98,0.00
2024-08-30T06:00,23.2,3.6,180,96,0.00
2024-08-30T07:00,24.0,3.6,233,93,0.00
2024-08-30T08:00,24.9,5.1,225,91,0.00
2024-08-30T09:00,26.0,7.6,239,84,0.00
2024-08-30T10:00,27.3,7.7,233,78,0.00
2024-08-30T11:00,27.3,8.7,263,80,0.10
2024-08-30T12:00,27.1,6.1,225,83,0.50
2024-08-30T13:00,27.5,7.4,219,82,0.30
2024-08-30T14:00,27.3,10.8,249,82,0.10
2024-08-30T15:00,27.0,7.1,255,85,0.20
2024-08-30T16:00,25.9,4.5,241,88,0.30
2024-08-30T17:00,24.6,9.5,233,88,3.00
2024-08-30T18:00,23.8,5.9,218,94,1.90
2024-08-30T19:00,23.7,2.9,187,96,0.10
2024-08-30T20:00,23.5,3.8,253,97,0.10
2024-08-30T21:00,24.0,2.9,263,96,0.00
2024-08-30T22:00,24.2,3.1,234,95,0.00
2024-08-30T23:00,23.7,3.6,233,95,0.00
2024-08-31T00:00,23.5,4.4,215,94,0.00
2024-08-31T01:00,23.2,3.4,198,96,0.00
2024-08-31T02:00,22.7,3.8,253,98,0.00
2024-08-31T03:00,22.8,1.5,346,98,0.00
2024-08-31T04:00,22.7,2.7,23,99,0.00
2024-08-31T05:00,22.6,3.6,37,99,0.00
2024-08-31T06:00,22.9,2.4,63,98,0.00
2024-08-31T07:00,23.3,2.3,252,96,0.10
2024-08-31T08:00,23.8,8.4,205,93,0.30
2024-08-31T09:00,24.6,4.9,234,88,0.80
2024-08-31T10:00,25.5,8.7,228,85,0.20
2024-08-31T11:00,25.6,9.4,230,86,0.10
2024-08-31T12:00,26.0,10.5,218,85,0.40
2024-08-31T13:00,26.5,12.3,220,83,0.80
2024-08-31T14:00,26.3,12.5,219,83,0.90
2024-08-31T15:00,25.7,10.8,210,86,1.10
2024-08-31T16:00,25.1,5.2,214,89,1.10
2024-08-31T17:00,24.8,5.5,212,91,0.80
2024-08-31T18:00,24.5,3.3,229,93,0.40
2024-08-31T19:00,24.3,4.4,215,94,0.20
2024-08-31T20:00,24.2,3.7,209,93,0.10
2024-08-31T21:00,24.2,8.3,198,92,0.30
2024-08-31T22:00,24.2,9.9,199,89,0.10
2024-08-31T23:00,23.8,9.9,199,90,0.00
2024-09-01T00:00,23.6,9.9,190,90,0.10
2024-09-01T01:00,23.4,8.2,203,92,0.00
2024-09-01T02:00,23.3,8.6,202,93,0.00
2024-09-01T03:00,23.4,9.4,198,93,0.00
2024-09-01T04:00,23.4,9.7,207,94,0.00
2024-09-01T05:00,23.4,9.3,196,93,0.00
2024-09-01T06:00,23.5,10.5,196,94,0.00
2024-09-01T07:00,23.8,11.4,198,92,0.00
2024-09-01T08:00,24.1,16.1,200,90,0.00
2024-09-01T09:00,25.2,16.9,204,84,0.00
2024-09-01T10:00,25.3,18.3,202,84,0.00
2024-09-01T11:00,26.5,21.4,207,86,0.30
2024-09-01T12:00,27.4,22.7,205,81,0.00
2024-09-01T13:00,26.6,23.2,210,80,0.30
2024-09-01T14:00,26.7,21.1,207,83,0.40
2024-09-01T15:00,26.7,21.1,197,81,0.20
2024-09-01T16:00,25.8,16.5,190,84,0.10
2024-09-01T17:00,25.3,13.9,197,86,0.00
2024-09-01T18:00,24.6,16.3,186,87,0.00
2024-09-01T19:00,24.3,17.9,189,88,0.00
2024-09-01T20:00,24.0,16.5,190,90,0.00
2024-09-01T21:00,23.8,16.7,194,89,0.00
2024-09-01T22:00,23.7,15.3,199,90,0.00
2024-09-01T23:00,23.5,15.5,198,92,0.00
2024-09-02T00:00,23.5,13.2,197,92,0.00
2024-09-02T01:00,23.3,11.3,197,92,0.00
2024-09-02T02:00,23.3,10.6,198,91,0.00
2024-09-02T03:00,23.1,9.4,203,91,0.00
2024-09-02T04:00,22.9,8.0,190,92,0.00
2024-09-02T05:00,22.8,7.2,186,91,0.00
2024-09-02T06:00,23.1,7.7,191,90,0.00
2024-09-02T07:00,24.3,9.0,203,87,0.00
2024-09-02T08:00,25.6,11.6,210,82,0.00
2024-09-02T09:00,27.0,15.0,210,77,0.00
2024-09-02T10:00,28.0,19.4,215,73,0.00
2024-09-02T11:00,28.8,18.7,208,71,0.00
2024-09-02T12:00,29.4,20.9,212,69,0.00
2024-09-02T13:00,29.5,20.6,213,68,0.00
2024-09-02T14:00,28.8,20.6,216,69,0.70
2024-09-02T15:00,28.6,18.4,222,72,0.10
2024-09-02T16:00,28.2,15.6,218,75,0.30
2024-09-02T17:00,27.1,9.7,202,78,0.20
2024-09-02T18:00,25.9,7.3,169,82,0.00
2024-09-02T19:00,25.4,4.2,121,86,0.00
2024-09-02T20:00,25.2,5.1,172,85,0.00
2024-09-02T21:00,25.4,4.1,142,82,0.00
2024-09-02T22:00,26.2,4.0,185,74,0.00
2024-09-02T23:00,25.6,4.6,252,77,0.00
2024-09-03T00:00,25.5,2.5,188,76,0.00
2024-09-03T01:00,25.1,4.0,185,76,0.00
2024-09-03T02:00,24.8,4.7,180,75,0.00
2024-09-03T03:00,24.5,4.0,185,76,0.00
2024-09-03T04:00,22.9,4.3,156,86,0.00
2024-09-03T05:00,22.3,3.2,117,88,0.00
2024-09-03T06:00,23.0,1.4,90,89,0.00
2024-09-03T07:00,24.6,2.9,360,83,0.00
2024-09-03T08:00,25.5,3.7,331,86,0.00
2024-09-03T09:00,26.9,4.0,270,80,0.00
2024-09-03T10:00,28.3,8.2,221,73,0.00
2024-09-03T11:00,29.1,11.6,206,69,0.00
2024-09-03T12:00,29.7,13.2,225,68,0.10
2024-09-03T13:00,30.2,12.2,223,67,0.00
2024-09-03T14:00,29.8,12.3,220,69,0.00
2024-09-03T15:00,27.9,8.7,232,77,0.70
2024-09-03T16:00,28.2,7.1,221,77,0.10
2024-09-03T17:00,26.6,11.2,225,82,0.00
2024-09-03T18:00,25.5,2.5,225,89,0.00
2024-09-03T19:00,25.3,1.1,360,88,0.00
2024-09-03T20:00,24.9,3.0,256,94,0.00
2024-09-03T21:00,24.9,2.3,252,94,0.90
2024-09-03T22:00,24.5,2.3,198,95,0.20
2024-09-03T23:00,24.4,3.4,198,95,0.00
2024-09-04T00:00,24.3,4.5,194,94,0.00
2024-09-04T01:00,23.7,5.1,184,95,0.00
2024-09-04T02:00,24.1,2.5,270,92,0.00
2024-09-04T03:00,23.7,3.1,225,94,0.00
2024-09-04T04:00,22.8,4.6,198,97,0.00
2024-09-04T05:00,22.8,4.5,166,97,0.00
2024-09-04T06:00,23.7,3.0,166,92,0.00
2024-09-04T07:00,24.4,2.0,225,91,0.00
2024-09-04T08:00,25.4,3.7,241,89,0.00
2024-09-04T09:00,26.8,6.6,221,83,0.00
2024-09-04T10:00,28.4,11.6,216,76,0.00
2024-09-04T11:00,29.3,13.0,226,70,0.00
2024-09-04T12:00,29.7,12.2,223,71,0.00
2024-09-04T13:00,30.3,10.4,226,70,0.00
2024-09-04T14:00,27.5,9.5,217,82,4.30
2024-09-04T15:00,27.5,3.9,248,80,0.20
2024-09-04T16:00,25.6,15.9,219,87,0.40
2024-09-04T17:00,24.7,9.3,193,91,0.10
2024-09-04T18:00,24.5,3.1,216,90,0.10
2024-09-04T19:00,24.2,0.4,360,93,0.00
2024-09-04T20:00,23.8,2.2,360,95,0.00
2024-09-04T21:00,24.3,1.3,34,98,0.20
2024-09-04T22:00,24.1,2.1,149,97,0.00
2024-09-04T23:00,24.3,1.9,202,96,0.00
2024-09-05T00:00,23.0,3.9,214,99,0.00
2024-09-05T01:00,23.1,4.3,180,98,0.00
2024-09-05T02:00,22.9,4.4,171,95,0.00
2024-09-05T03:00,22.3,5.4,176,94,0.00
2024-09-05T04:00,23.2,3.5,156,88,0.00
2024-09-05T05:00,23.1,1.5,14,88,0.00
2024-09-05T06:00,22.9,0.7,90,92,0.00
2024-09-05T07:00,24.1,1.9,202,85,0.00
2024-09-05T08:00,25.5,4.1,225,80,0.00
2024-09-05T09:00,26.3,6.5,214,81,0.00
2024-09-05T10:00,27.6,8.3,214,76,0.00
2024-09-05T11:00,29.1,8.9,212,69,0.00
2024-09-05T12:00,29.8,10.4,236,69,0.00
2024-09-05T13:00,29.1,11.1,241,77,0.20
2024-09-05T14:00,29.5,11.0,229,74,0.40
2024-09-05T15:00,25.4,3.3,174,88,8.00
2024-09-05T16:00,24.7,6.4,286,92,0.50
2024-09-05T17:00,24.8,4.2,160,87,0.50
2024-09-05T18:00,24.8,1.9,248,90,0.50
2024-09-05T19:00,24.6,2.5,270,92,0.10
2024-09-05T20:00,24.0,2.0,315,96,0.10
2024-09-05T21:00,24.0,4.3,318,98,1.10
2024-09-05T22:00,23.8,1.6,117,98,0.30
2024-09-05T23:00,23.8,0.8,27,97,0.10
2024-09-06T00:00,23.3,0.8,27,99,0.00
2024-09-06T01:00,23.1,1.3,56,99,0.00
2024-09-06T02:00,23.0,1.3,56,98,0.00
2024-09-06T03:00,23.3,0.8,27,95,0.00
2024-09-06T04:00,23.0,0.5,45,96,0.00
2024-09-06T05:00,22.3,2.1,59,98,0.00
2024-09-06T06:00,22.8,2.6,74,96,0.00
2024-09-06T07:00,24.4,1.1,72,89,0.00
2024-09-06T08:00,25.4,4.1,315,90,0.00
2024-09-06T09:00,27.2,3.6,264,83,0.00
2024-09-06T10:00,28.7,6.6,248,74,0.00
2024-09-06T11:00,29.6,10.2,247,70,0.00
2024-09-06T12:00,29.4,9.2,249,72,0.00
2024-09-06T13:00,29.6,5.4,222,71,0.10
2024-09-06T14:00,28.7,8.3,146,75,0.10
2024-09-06T15:00,29.5,1.4,360,71,0.00
2024-09-06T16:00,27.7,3.9,236,77,4.60
2024-09-06T17:00,27.2,1.1,198,79,1.10
2024-09-06T18:00,26.3,2.1,329,90,0.30
2024-09-06T19:00,26.1,2.4,27,87,0.00
2024-09-06T20:00,25.4,1.1,90,93,0.00
2024-09-06T21:00,25.5,3.3,77,91,0.00
2024-09-06T22:00,26.6,3.3,13,80,0.80
2024-09-06T23:00,25.2,3.1,201,90,0.40
2024-09-07T00:00,25.2,1.6,153,92,0.20
2024-09-07T01:00,24.8,2.1,121,92,0.10
2024-09-07T02:00,24.5,1.6,117,94,0.10
2024-09-07T03:00,25.1,2.4,153,88,0.00
2024-09-07T04:00,24.8,0.7,90,89,0.00
2024-09-07T05:00,23.2,3.4,58,96,0.00
2024-09-07T06:00,23.9,4.2,70,94,0.00
2024-09-07T07:00,25.6,3.5,24,90,0.00
2024-09-07T08:00,27.1,4.0,350,82,0.00
2024-09-07T09:00,28.7,6.2,339,78,0.00
2024-09-07T10:00,29.7,7.4,346,76,0.10
2024-09-07T11:00,30.6,7.3,351,71,0.20
2024-09-07T12:00,31.4,7.2,360,64,0.10
2024-09-07T13:00,31.9,6.8,357,60,0.00
2024-09-07T14:00,32.2,8.0,8,57,0.00
2024-09-07T15:00,31.6,10.4,20,58,0.00
2024-09-07T16:00,29.8,5.1,129,66,0.10
2024-09-07T17:00,28.9,5.9,227,75,0.00
2024-09-07T18:00,26.8,4.6,225,90,0.00
2024-09-07T19:00,25.7,2.9,187,96,0.00
2024-09-07T20:00,25.5,2.5,180,91,4.50
2024-09-07T21:00,25.3,1.8,53,91,0.40
2024-09-07T22:00,25.9,2.1,149,84,0.10
2024-09-07T23:00,24.7,4.7,180,92,0.00
2024-09-08T00:00,23.9,3.7,169,96,0.00
2024-09-08T01:00,23.5,3.0,166,97,0.00
2024-09-08T02:00,23.2,2.6,146,97,0.00
2024-09-08T03:00,22.6,3.4,148,97,0.00
2024-09-08T04:00,22.7,4.4,171,95,0.00
2024-09-08T05:00,22.6,3.8,163,96,0.00
2024-09-08T06:00,23.4,2.6,124,94,0.00
2024-09-08T07:00,24.6,2.3,288,91,0.00
2024-09-08T08:00,25.6,3.4,302,87,0.00
2024-09-08T09:00,27.6,4.6,309,78,0.00
2024-09-08T10:00,28.8,4.3,312,73,0.10
2024-09-08T11:00,30.1,5.0,330,66,0.00
2024-09-08T12:00,30.5,5.1,309,65,0.10
2024-09-08T13:00,30.5,7.2,267,69,0.00
2024-09-08T14:00,29.4,7.6,239,74,3.70
2024-09-08T15:00,28.2,5.8,263,78,3.40
2024-09-08T16:00,26.9,6.1,177,83,4.50
2024-09-08T17:00,27.2,4.9,324,81,0.60
2024-09-08T18:00,25.1,3.6,225,89,9.60
2024-09-08T19:00,24.8,1.8,259,92,0.10
2024-09-08T20:00,24.1,3.4,58,96,0.00
2024-09-08T21:00,24.7,1.9,158,95,0.00
2024-09-08T22:00,24.4,3.5,156,96,0.80
2024-09-08T23:00,24.3,1.1,108,96,0.30
2024-09-09T00:00,24.1,3.7,119,95,0.70
2024-09-09T01:00,23.7,3.6,143,96,2.30
2024-09-09T02:00,23.0,4.3,175,96,0.00
2024-09-09T03:00,22.9,2.4,153,95,0.00
2024-09-09T04:00,22.7,3.4,162,96,0.00
2024-09-09T05:00,22.8,5.0,201,97,0.00
2024-09-09T06:00,22.9,6.2,201,99,0.00
2024-09-09T07:00,23.8,4.9,216,93,0.00
2024-09-09T08:00,25.1,3.2,243,86,0.00
2024-09-09T09:00,26.8,7.0,235,80,0.10
2024-09-09T10:00,27.9,8.7,240,77,0.00
2024-09-09T11:00,28.7,10.0,229,79,0.00
2024-09-09T12:00,29.2,11.2,213,77,0.10
2024-09-09T13:00,28.6,12.7,215,80,0.10
2024-09-09T14:00,28.3,7.3,237,81,0.20
2024-09-09T15:00,25.7,10.5,243,87,5.70
2024-09-09T16:00,24.0,8.3,268,96,3.70
2024-09-09T17:00,23.8,6.0,115,96,2.80
2024-09-09T18:00,24.6,3.0,284,91,0.20
2024-09-09T19:00,23.5,3.1,291,98,2.30
2024-09-09T20:00,23.7,2.3,252,96,0.30
2024-09-09T21:00,23.5,1.1,180,97,4.80
2024-09-09T22:00,23.8,4.8,222,96,1.50
2024-09-09T23:00,23.8,4.3,222,96,1.50
2024-09-10T00:00,23.5,1.6,207,97,1.10
2024-09-10T01:00,23.4,1.5,104,97,0.80
2024-09-10T02:00,23.0,1.1,90,99,0.30
2024-09-10T03:00,22.9,1.5,135,98,0.00
2024-09-10T04:00,22.5,5.3,208,99,0.00
2024-09-10T05:00,22.2,2.9,210,100,0.00
2024-09-10T06:00,22.7,3.0,256,99,0.00
2024-09-10T07:00,23.6,1.8,259,94,0.00
2024-09-10T08:00,25.0,4.3,265,89,0.00
2024-09-10T09:00,26.4,7.5,253,84,0.00
2024-09-10T10:00,27.2,8.0,243,83,0.00
2024-09-10T11:00,28.1,7.3,250,81,0.10
2024-09-10T12:00,27.2,5.5,247,84,1.70
2024-09-10T13:00,27.0,9.3,234,85,0.00
2024-09-10T14:00,25.8,4.7,261,89,1.60
2024-09-10T15:00,25.9,6.2,249,87,1.10
2024-09-10T16:00,25.7,9.4,227,89,1.80
2024-09-10T17:00,24.8,6.0,213,91,2.00
2024-09-10T18:00,24.7,4.1,195,93,0.50
2024-09-10T19:00,24.6,3.8,221,92,0.20
2024-09-10T20:00,24.3,5.9,223,94,0.20
2024-09-10T21:00,24.3,4.4,235,94,0.10
2024-09-10T22:00,23.8,4.3,222,96,0.00
2024-09-10T23:00,23.9,7.4,219,94,0.00
2024-09-11T00:00,23.7,8.7,210,96,0.00
2024-09-11T01:00,23.7,9.0,196,97,0.00
2024-09-11T02:00,23.8,8.5,192,96,0.00
2024-09-11T03:00,23.8,7.8,202,96,0.00
2024-09-11T04:00,23.5,7.9,210,97,0.00
2024-09-11T05:00,23.4,6.8,205,97,0.00
2024-09-11T06:00,23.4,6.3,204,97,0.00
2024-09-11T07:00,24.1,6.6,221,94,0.00
2024-09-11T08:00,25.0,8.4,227,90,0.00
2024-09-11T09:00,25.7,7.6,239,88,0.00
2024-09-11T10:00,27.3,8.3,252,80,0.00
2024-09-11T11:00,28.4,10.5,264,76,0.00
2024-09-11T12:00,27.8,11.4,246,77,1.00
2024-09-11T13:00,28.6,8.0,252,82,0.30
2024-09-11T14:00,26.2,11.6,216,86,15.70
2024-09-11T15:00,25.7,7.1,246,89,2.00
2024-09-11T16:00,24.5,3.1,249,93,1.90
2024-09-11T17:00,24.7,7.3,261,94,0.40
2024-09-11T18:00,24.2,4.5,284,98,0.20
2024-09-11T19:00,24.1,6.1,242,97,0.10
2024-09-11T20:00,24.1,4.6,225,96,0.10
2024-09-11T21:00,24.1,7.1,221,93,1.10
2024-09-11T22:00,23.9,7.1,221,96,0.40
2024-09-11T23:00,23.9,10.8,206,96,0.10
2024-09-12T00:00,23.8,15.0,201,95,0.10
2024-09-12T01:00,23.5,15.3,195,97,0.00
2024-09-12T02:00,23.1,15.2,194,98,0.00
2024-09-12T03:00,23.0,14.3,192,98,0.00
2024-09-12T04:00,23.1,14.5,187,96,0.00
2024-09-12T05:00,23.1,15.5,202,95,0.20
2024-09-12T06:00,22.9,16.0,189,97,0.10
2024-09-12T07:00,23.4,17.6,195,94,0.10
2024-09-12T08:00,24.3,18.2,198,89,0.10
2024-09-12T09:00,25.2,17.6,208,86,0.10
2024-09-12T10:00,25.4,15.5,216,90,0.10
2024-09-12T11:00,26.0,20.1,213,90,0.20
2024-09-12T12:00,27.0,22.1,204,87,0.30
2024-09-12T13:00,26.2,18.3,202,89,0.80
2024-09-12T14:00,25.9,19.0,205,95,0.70
2024-09-12T15:00,25.3,20.0,198,90,1.10
2024-09-12T16:00,24.9,21.1,197,92,1.10
2024-09-12T17:00,24.0,21.8,196,95,0.70
2024-09-12T18:00,23.6,20.7,193,96,0.30
2024-09-12T19:00,23.3,22.5,193,98,0.20
2024-09-12T20:00,22.9,19.9,200,99,0.10
2024-09-12T21:00,23.5,18.7,191,96,0.30
2024-09-12T22:00,23.2,19.2,188,96,0.10
2024-09-12T23:00,23.0,18.5,187,95,0.00
2024-09-13T00:00,22.9,18.1,187,95,0.00
2024-09-13T01:00,22.8,18.9,189,95,0.00
2024-09-13T02:00,22.8,19.9,193,96,0.00
2024-09-13T03:00,22.7,19.9,193,97,0.00
2024-09-13T04:00,22.8,20.8,198,97,0.00
2024-09-13T05:00,22.7,19.9,197,97,0.00
2024-09-13T06:00,22.9,22.6,197,96,0.00
2024-09-13T07:00,23.2,24.1,200,94,0.00
2024-09-13T08:00,24.3,26.0,204,90,0.10
2024-09-13T09:00,24.9,24.2,208,87,0.10
2024-09-13T10:00,25.6,22.6,209,88,0.00
2024-09-13T11:00,26.3,25.6,204,84,0.00
2024-09-13T12:00,26.5,26.8,211,83,0.50
2024-09-13T13:00,26.5,27.7,205,82,0.40
2024-09-13T14:00,26.2,28.6,199,84,0.30
2024-09-13T15:00,26.0,27.4,199,86,0.10
2024-09-13T16:00,25.3,24.7,199,88,0.20
2024-09-13T17:00,24.7,24.9,198,89,0.20
2024-09-13T18:00,24.3,24.4,199,90,0.30
2024-09-13T19:00,23.9,23.8,198,93,0.50
2024-09-13T20:00,23.7,21.3,196,94,0.30
2024-09-13T21:00,23.7,22.4,195,92,0.10
2024-09-13T22:00,23.5,22.1,192,92,0.10
2024-09-13T23:00,23.3,21.4,200,93,0.20
2024-09-14T00:00,23.0,20.7,203,96,0.70
2024-09-14T01:00,22.8,18.5,201,97,0.30
2024-09-14T02:00,22.8,19.1,200,97,0.20
2024-09-14T03:00,22.7,18.0,196,96,0.20
2024-09-14T04:00,22.7,18.6,195,97,2.60
2024-09-14T05:00,22.8,19.3,194,96,0.20
2024-09-14T06:00,22.8,20.0,194,96,0.20
2024-09-14T07:00,22.8,21.2,198,96,2.80
2024-09-14T08:00,23.5,22.7,198,95,0.60
2024-09-14T09:00,24.9,25.5,199,92,0.10
2024-09-14T10:00,25.7,28.8,204,88,0.10
2024-09-14T11:00,25.6,28.7,205,87,0.10
2024-09-14T12:00,26.2,29.3,205,81,0.10
2024-09-14T13:00,26.8,28.2,208,78,0.00
2024-09-14T14:00,26.8,26.9,206,78,0.10
2024-09-14T15:00,26.7,25.1,205,78,0.00
2024-09-14T16:00,26.0,23.6,199,83,0.00
2024-09-14T17:00,25.4,23.1,194,85,0.00
2024-09-14T18:00,25.3,21.3,199,82,0.00
2024-09-14T19:00,24.6,20.6,199,85,0.20
2024-09-14T20:00,24.4,20.0,194,87,0.00
2024-09-14T21:00,24.0,20.1,189,88,0.10
2024-09-14T22:00,24.0,18.8,192,88,0.00
2024-09-14T23:00,23.7,17.8,194,89,0.00
2024-09-15T00:00,23.6,18.9,193,90,0.10
2024-09-15T01:00,23.4,18.9,193,91,0.10
2024-09-15T02:00,23.4,19.4,195,91,0.00
2024-09-15T03:00,23.3,19.1,196,92,0.00
2024-09-15T04:00,23.2,19.6,197,92,0.00
2024-09-15T05:00,23.2,19.5,196,92,0.00
2024-09-15T06:00,23.3,19.4,195,92,0.00
2024-09-15T07:00,23.8,21.4,200,90,0.00
2024-09-15T08:00,24.6,24.5,204,88,0.00
2024-09-15T09:00,25.1,23.3,202,86,0.10
2024-09-15T10:00,25.5,22.9,202,89,0.40
2024-09-15T11:00,25.5,23.9,201,87,0.30
2024-09-15T12:00,26.6,27.1,210,84,0.40
2024-09-15T13:00,27.2,26.6,205,78,0.30
2024-09-15T14:00,27.5,26.4,200,77,0.80
2024-09-15T15:00,27.1,24.8,197,81,0.30
2024-09-15T16:00,26.3,23.6,192,83,0.30
2024-09-15T17:00,25.5,21.9,189,85,0.10
2024-09-15T18:00,24.9,18.4,186,86,0.00
2024-09-15T19:00,24.7,17.3,185,86,0.00
2024-09-15T20:00,24.5,14.9,188,87,0.40
2024-09-15T21:00,24.5,15.9,193,85,0.00
2024-09-15T22:00,24.2,15.4,191,88,0.00
2024-09-15T23:00,24.1,16.0,194,88,0.00
2024-09-16T00:00,23.8,16.1,190,89,0.00
2024-09-16T01:00,23.7,15.1,192,90,0.00
2024-09-16T02:00,23.7,15.1,192,91,0.10
2024-09-16T03:00,23.6,14.7,191,92,0.00
2024-09-16T04:00,23.3,15.1,192,93,0.00
2024-09-16T05:00,23.3,15.0,191,92,0.00
2024-09-16T06:00,23.3,15.7,189,93,0.00
2024-09-16T07:00,24.0,16.2,197,91,0.00
2024-09-16T08:00,24.6,17.4,204,88,0.10
2024-09-16T09:00,25.8,20.5,208,83,0.10
2024-09-16T10:00,26.5,22.6,211,80,0.00
2024-09-16T11:00,26.9,22.2,205,84,0.60
2024-09-16T12:00,27.6,22.9,208,80,0.10
2024-09-16T13:00,27.7,26.1,208,79,0.20
2024-09-16T14:00,27.5,26.6,205,79,0.50
2024-09-16T15:00,27.2,25.3,203,77,0.10
2024-09-16T16:00,26.5,23.3,197,81,0.00
2024-09-16T17:00,25.6,20.8,190,85,0.00
2024-09-16T18:00,25.0,18.3,190,86,0.10
2024-09-16T19:00,24.9,18.6,189,85,0.00
2024-09-16T20:00,24.5,17.6,191,86,0.00
2024-09-16T21:00,24.6,18.9,193,85,0.00
2024-09-16T22:00,24.2,18.5,193,88,0.00
2024-09-16T23:00,24.1,18.4,192,89,0.00
2024-09-17T00:00,24.0,18.3,190,90,0.00
2024-09-17T01:00,23.7,18.5,193,91,0.10
2024-09-17T02:00,23.6,18.5,193,93,1.10
2024-09-17T03:00,23.5,16.9,191,94,1.20
2024-09-17T04:00,23.5,16.9,192,94,0.50
2024-09-17T05:00,23.4,14.9,195,94,1.30
2024-09-17T06:00,23.5,15.8,192,93,0.30
2024-09-17T07:00,23.9,17.3,197,91,0.30
2024-09-17T08:00,24.5,19.1,202,90,0.20
2024-09-17T09:00,25.0,20.9,209,87,0.30
2024-09-17T10:00,26.0,23.2,210,82,0.30
2024-09-17T11:00,26.2,21.1,207,83,0.20
2024-09-17T12:00,27.5,24.3,207,75,0.10
2024-09-17T13:00,28.3,26.1,210,71,0.00
2024-09-17T14:00,28.0,24.6,201,73,0.00
2024-09-17T15:00,27.6,23.4,203,74,0.00
2024-09-17T16:00,26.6,23.6,199,81,0.00
2024-09-17T17:00,25.4,21.8,189,85,0.10
2024-09-17T18:00,24.9,17.7,184,87,0.00
2024-09-17T19:00,24.9,14.9,188,86,0.00
2024-09-17T20:00,24.7,12.0,189,86,0.10
2024-09-17T21:00,24.3,12.9,193,86,0.00
2024-09-17T22:00,24.0,11.7,198,88,0.00
2024-09-17T23:00,23.8,11.8,200,89,0.00
2024-09-18T00:00,23.7,10.8,195,89,0.00
2024-09-18T01:00,23.5,9.5,189,90,0.00
2024-09-18T02:00,23.2,7.8,193,91,0.00
2024-09-18T03:00,23.3,8.2,195,90,0.00
2024-09-18T04:00,23.3,7.5,197,89,0.00
2024-09-18T05:00,23.0,6.2,201,90,0.00
2024-09-18T06:00,23.2,4.9,197,90,0.00
2024-09-18T07:00,24.6,5.6,207,86,0.00
2024-09-18T08:00,25.8,9.0,209,83,0.00
2024-09-18T09:00,27.0,14.4,202,78,0.00
2024-09-18T10:00,28.1,16.8,208,74,0.00
2024-09-18T11:00,28.5,18.2,205,71,0.00
2024-09-18T12:00,29.1,19.6,206,68,0.00
2024-09-18T13:00,29.0,20.8,210,68,0.00
2024-09-18T14:00,29.2,20.8,217,67,0.00
2024-09-18T15:00,27.8,17.9,214,74,0.00
2024-09-18T16:00,26.5,14.2,196,83,0.00
2024-09-18T17:00,26.1,9.3,196,85,0.00
2024-09-18T18:00,25.2,5.4,180,87,0.00
2024-09-18T19:00,24.8,4.8,167,88,0.00
2024-09-18T20:00,24.5,4.1,165,88,0.00
2024-09-18T21:00,24.9,4.7,184,85,0.00
2024-09-18T22:00,24.1,6.5,177,89,0.00
2024-09-18T23:00,24.0,4.1,128,87,0.00
2024-09-19T00:00,24.5,4.3,156,84,0.00
2024-09-19T01:00,24.9,3.8,163,80,0.00
2024-09-19T02:00,23.6,3.9,124,88,0.00
2024-09-19T03:00,24.9,1.3,34,79,0.00
2024-09-19T04:00,23.8,1.8,101,85,0.00
2024-09-19T05:00,24.7,1.1,72,80,0.00
2024-09-19T06:00,23.8,1.3,124,90,0.00
2024-09-19T07:00,25.2,3.0,166,83,0.00
2024-09-19T08:00,26.3,4.1,225,80,0.00
2024-09-19T09:00,27.5,6.1,208,78,0.00
2024-09-19T10:00,28.4,8.4,223,72,0.00
2024-09-19T11:00,29.0,13.1,217,69,0.00
2024-09-19T12:00,29.6,14.2,216,66,0.00
2024-09-19T13:00,29.1,16.8,215,66,0.00
2024-09-19T14:00,28.4,16.0,211,70,0.10
2024-09-19T15:00,27.9,13.5,224,72,0.00
2024-09-19T16:00,26.4,9.6,214,80,0.10
2024-09-19T17:00,25.7,5.6,230,87,0.20
2024-09-19T18:00,24.9,3.1,216,93,0.20
2024-09-19T19:00,24.8,3.8,229,93,0.20
2024-09-19T20:00,24.8,2.6,214,92,1.60
2024-09-19T21:00,24.4,1.5,284,92,0.20
2024-09-19T22:00,23.6,3.2,243,96,0.00
2024-09-19T23:00,23.4,2.4,243,97,0.00
2024-09-20T00:00,23.3,2.8,230,98,0.00
2024-09-20T01:00,23.4,0.8,63,96,0.00
2024-09-20T02:00,22.9,1.8,79,98,0.00
2024-09-20T03:00,23.2,1.4,90,96,0.00
2024-09-20T04:00,23.3,1.1,342,94,0.00
2024-09-20T05:00,22.9,2.2,9,96,0.00
2024-09-20T06:00,22.8,4.3,42,98,0.00
2024-09-20T07:00,23.7,2.6,56,92,0.00
2024-09-20T08:00,24.7,1.5,225,86,0.00
2024-09-20T09:00,26.4,1.8,259,83,0.00
2024-09-20T10:00,27.3,6.4,223,75,0.00
2024-09-20T11:00,28.4,7.5,215,70,0.00
2024-09-20T12:00,29.0,10.2,212,67,0.00
2024-09-20T13:00,29.5,11.4,215,65,0.00
2024-09-20T14:00,29.0,10.5,207,64,0.00
2024-09-20T15:00,28.0,7.2,217,68,0.00
2024-09-20T16:00,27.7,4.2,290,71,0.00
2024-09-20T17:00,25.6,9.0,344,87,0.00
2024-09-20T18:00,24.2,8.4,43,93,0.10
2024-09-20T19:00,24.3,7.0,55,93,0.00
2024-09-20T20:00,24.1,3.6,53,94,0.10
2024-09-20T21:00,25.1,6.6,29,91,0.10
2024-09-20T22:00,24.7,4.7,4,93,0.20
2024-09-20T23:00,24.4,3.9,22,94,0.10
2024-09-21T00:00,24.1,5.0,30,94,0.00
2024-09-21T01:00,23.6,3.9,68,97,0.00
2024-09-21T02:00,23.1,3.1,69,97,0.00
2024-09-21T03:00,22.7,2.9,83,98,0.00
2024-09-21T04:00,22.7,3.1,54,96,0.00
2024-09-21T05:00,22.9,4.8,77,94,0.00
2024-09-21T06:00,22.8,6.9,81,93,0.00
2024-09-21T07:00,24.6,6.0,57,91,0.00
2024-09-21T08:00,26.7,5.8,22,79,0.00
2024-09-21T09:00,27.8,7.0,348,82,0.10
2024-09-21T10:00,28.9,8.0,333,79,0.20
2024-09-21T11:00,29.7,7.3,327,77,0.30
2024-09-21T12:00,29.9,8.1,302,77,0.70
2024-09-21T13:00,28.1,5.4,222,81,10.20
2024-09-21T14:00,27.1,11.4,118,81,6.70
2024-09-21T15:00,27.9,1.8,169,76,0.10
2024-09-21T16:00,27.3,4.4,261,78,0.00
2024-09-21T17:00,25.9,3.4,212,85,0.20
2024-09-21T18:00,25.1,0.7,270,90,0.00
2024-09-21T19:00,24.6,2.2,279,94,0.00
2024-09-21T20:00,24.1,1.6,243,98,0.10
2024-09-21T21:00,24.5,3.6,217,94,0.00
2024-09-21T22:00,24.3,3.0,166,93,0.00
2024-09-21T23:00,23.6,1.9,68,95,0.00
2024-09-22T00:00,23.2,3.0,76,96,0.00
2024-09-22T01:00,23.0,3.3,84,96,0.00
2024-09-22T02:00,22.7,3.4,72,96,0.00
2024-09-22T03:00,22.7,3.7,61,96,0.00
2024-09-22T04:00,22.6,3.2,63,96,0.00
2024-09-22T05:00,22.7,3.0,76,95,0.00
2024-09-22T06:00,23.2,2.5,98,93,0.00
2024-09-22T07:00,25.4,1.0,315,89,0.00
2024-09-22T08:00,26.4,5.7,342,84,0.00
2024-09-22T09:00,27.7,6.0,335,84,0.20
2024-09-22T10:00,28.2,8.2,337,82,0.50
2024-09-22T11:00,28.9,7.1,319,79,0.60
2024-09-22T12:00,29.1,5.6,315,78,1.20
2024-09-22T13:00,28.1,1.1,270,84,3.40
2024-09-22T14:00,26.8,8.1,201,85,15.30
2024-09-22T15:00,25.6,4.9,287,93,2.70
2024-09-22T16:00,26.1,5.5,337,88,0.20
2024-09-22T17:00,26.1,5.2,25,87,0.10
2024-09-22T18:00,24.8,3.4,212,93,1.10
2024-09-22T19:00,24.7,0.4,90,93,0.00
2024-09-22T20:00,23.7,2.9,120,97,0.00
2024-09-22T21:00,24.4,1.4,90,94,0.00
2024-09-22T22:00,23.9,2.9,90,94,0.00
2024-09-22T23:00,23.8,2.9,90,93,0.00
2024-09-23T00:00,23.5,3.5,66,92,0.00
2024-09-23T01:00,23.4,3.4,72,92,0.00
2024-09-23T02:00,23.0,3.4,72,93,0.00
2024-09-23T03:00,23.0,2.9,97,92,0.00
2024-09-23T04:00,22.4,1.6,117,92,0.00
2024-09-23T05:00,22.2,2.8,140,92,0.00
2024-09-23T06:00,23.5,1.1,108,88,0.00
2024-09-23T07:00,25.3,3.4,18,85,0.00
2024-09-23T08:00,26.4,6.2,353,85,0.00
2024-09-23T09:00,27.9,9.2,11,78,0.00
2024-09-23T10:00,29.1,9.8,17,70,0.00
2024-09-23T11:00,29.8,10.5,22,67,0.00
2024-09-23T12:00,29.0,9.7,31,67,0.00
2024-09-23T13:00,29.1,9.9,33,66,0.00
2024-09-23T14:00,30.1,7.4,29,62,0.00
2024-09-23T15:00,30.6,5.5,11,60,0.00
2024-09-23T16:00,29.9,7.9,357,64,0.00
2024-09-23T17:00,27.9,9.5,29,78,0.00
2024-09-23T18:00,25.7,9.7,31,83,0.80
2024-09-23T19:00,24.8,6.2,36,92,1.10
2024-09-23T20:00,24.4,7.7,49,94,0.50
2024-09-23T21:00,25.6,4.4,35,94,1.10
2024-09-23T22:00,25.2,5.9,38,96,0.60
2024-09-23T23:00,24.6,4.6,45,97,0.00
2024-09-24T00:00,24.4,3.6,84,96,0.00
2024-09-24T01:00,24.0,3.0,104,97,0.00
2024-09-24T02:00,23.4,3.2,63,97,0.00
2024-09-24T03:00,23.2,3.0,76,98,0.00
2024-09-24T04:00,22.7,3.6,96,98,0.00
2024-09-24T05:00,22.3,3.0,76,100,0.00
2024-09-24T06:00,22.8,5.5,79,97,0.00
2024-09-24T07:00,24.6,3.4,148,91,0.00
2024-09-24T08:00,26.3,2.4,297,85,0.10
2024-09-24T09:00,27.5,4.3,312,81,0.00
2024-09-24T10:00,28.6,5.4,312,79,0.20
2024-09-24T11:00,28.8,6.6,299,80,0.40
2024-09-24T12:00,28.4,6.6,241,80,6.10
2024-09-24T13:00,25.9,3.6,180,87,13.10
2024-09-24T14:00,26.1,1.8,307,86,2.20
2024-09-24T15:00,25.2,8.4,310,93,1.70
2024-09-24T16:00,24.3,2.8,320,93,4.40
2024-09-24T17:00,24.6,2.3,18,91,0.90
2024-09-24T18:00,24.2,2.7,247,94,0.30
2024-09-24T19:00,23.8,1.6,207,96,0.10
2024-09-24T20:00,23.8,3.7,29,95,0.50
2024-09-24T21:00,23.9,3.6,53,97,0.00
2024-09-24T22:00,24.3,1.9,22,94,0.00
2024-09-24T23:00,24.1,1.0,135,95,0.10
2024-09-25T00:00,23.6,3.1,144,96,0.00
2024-09-25T01:00,23.0,3.4,162,97,0.00
2024-09-25T02:00,22.6,5.2,168,98,0.00
2024-09-25T03:00,22.5,6.5,146,98,0.00
2024-09-25T04:00,22.7,5.3,152,96,0.00
2024-09-25T05:00,22.8,3.7,151,96,0.00
2024-09-25T06:00,22.9,3.6,96,96,0.00
2024-09-25T07:00,23.9,5.4,20,92,0.00
2024-09-25T08:00,25.2,1.4,360,86,0.00
2024-09-25T09:00,26.6,4.0,306,84,0.00
2024-09-25T10:00,27.5,4.0,278,81,0.00
2024-09-25T11:00,28.6,6.1,236,74,0.00
2024-09-25T12:00,29.3,9.3,223,69,0.00
2024-09-25T13:00,30.1,10.3,216,65,0.00
2024-09-25T14:00,29.8,11.8,220,67,0.00
2024-09-25T15:00,29.5,10.0,234,70,0.00
2024-09-25T16:00,28.1,4.7,152,71,1.90
2024-09-25T17:00,27.1,1.9,146,85,0.10
2024-09-25T18:00,25.5,4.3,42,90,0.40
2024-09-25T19:00,25.0,2.7,70,91,0.70
2024-09-25T20:00,24.5,0.9,270,91,3.80
2024-09-25T21:00,23.8,1.7,148,95,8.90
2024-09-25T22:00,23.5,0.2,360,94,5.10
2024-09-25T23:00,23.3,3.3,276,94,3.50
2024-09-26T00:00,23.3,1.6,270,95,0.10
2024-09-26T01:00,23.1,3.1,21,97,0.10
2024-09-26T02:00,22.8,2.3,86,98,0.10
2024-09-26T03:00,22.5,2.3,176,98,0.10
2024-09-26T04:00,22.8,0.3,135,95,0.00
2024-09-26T05:00,22.1,2.3,141,97,0.00
2024-09-26T06:00,22.6,2.2,132,94,0.00
2024-09-26T07:00,23.5,1.2,243,90,0.00
2024-09-26T08:00,24.5,2.3,299,88,0.00
2024-09-26T09:00,26.6,5.0,249,85,0.00
2024-09-26T10:00,27.8,6.4,238,81,0.00
2024-09-26T11:00,29.0,10.9,225,74,0.00
2024-09-26T12:00,29.2,12.7,226,74,0.10
2024-09-26T13:00,29.7,10.6,190,72,0.20
2024-09-26T14:00,25.3,12.9,245,87,5.10
2024-09-26T15:00,25.5,3.0,123,86,1.30
2024-09-26T16:00,25.7,5.4,69,84,1.80
2024-09-26T17:00,25.4,5.0,305,86,1.00
2024-09-26T18:00,24.2,2.3,162,95,0.40
2024-09-26T19:00,24.0,3.1,121,96,0.00
2024-09-26T20:00,24.1,2.3,67,94,0.00
2024-09-26T21:00,24.4,1.8,276,88,0.00
2024-09-26T22:00,24.2,1.8,156,88,0.00
2024-09-26T23:00,23.1,2.6,115,93,0.00
2024-09-27T00:00,23.4,4.4,291,90,0.00
2024-09-27T01:00,22.5,1.8,96,95,0.00
2024-09-27T02:00,22.2,0.9,90,93,0.00
2024-09-27T03:00,21.9,2.3,86,94,0.00
2024-09-27T04:00,22.4,1.5,97,91,0.00
2024-09-27T05:00,22.7,2.3,72,90,0.00
2024-09-27T06:00,22.7,1.8,79,92,0.00
2024-09-27T07:00,24.4,2.8,305,89,0.00
2024-09-27T08:00,25.7,4.7,293,87,0.00
2024-09-27T09:00,27.2,4.0,288,82,0.00
2024-09-27T10:00,28.4,5.1,276,78,0.00
2024-09-27T11:00,29.3,5.8,266,73,0.10
2024-09-27T12:00,29.7,7.1,236,72,0.10
2024-09-27T13:00,29.8,10.2,217,74,0.10
2024-09-27T14:00,28.4,7.3,234,79,1.00
2024-09-27T15:00,28.0,1.8,191,77,0.10
2024-09-27T16:00,27.1,4.2,295,80,0.20
2024-09-27T17:00,25.6,4.7,277,87,1.00
2024-09-27T18:00,24.8,3.1,216,93,0.10
2024-09-27T19:00,24.5,2.5,188,96,0.00
2024-09-27T20:00,24.3,2.1,142,95,0.00
2024-09-27T21:00,24.3,1.5,201,95,0.00
2024-09-27T22:00,23.3,2.2,114,98,0.00
2024-09-27T23:00,22.9,2.7,98,98,0.00
2024-09-28T00:00,23.5,0.7,90,94,0.00
2024-09-28T01:00,22.6,1.4,90,97,0.00
2024-09-28T02:00,22.0,1.7,108,98,0.00
2024-09-28T03:00,21.9,1.5,126,97,0.00
2024-09-28T04:00,21.8,1.8,127,96,0.00
2024-09-28T05:00,21.5,1.5,97,96,0.00
2024-09-28T06:00,22.5,2.1,70,94,0.00
2024-09-28T07:00,24.2,0.7,284,91,0.00
2024-09-28T08:00,25.8,6.2,213,85,0.00
2024-09-28T09:00,27.0,11.2,217,81,0.00
2024-09-28T10:00,27.9,11.3,223,77,0.00
2024-09-28T11:00,28.8,11.8,224,74,0.00
2024-09-28T12:00,29.5,12.5,217,72,0.00
2024-09-28T13:00,29.9,12.4,219,70,0.00
2024-09-28T14:00,29.9,14.2,213,69,0.10
2024-09-28T15:00,28.7,16.6,220,73,0.10
2024-09-28T16:00,27.2,15.6,221,80,0.00
2024-09-28T17:00,26.3,10.5,207,85,0.20
2024-09-28T18:00,25.5,2.3,270,91,0.10
2024-09-28T19:00,25.2,3.4,267,93,0.00
2024-09-28T20:00,24.9,2.7,274,94,0.00
2024-09-28T21:00,24.5,2.7,278,95,0.00
2024-09-28T22:00,23.8,3.1,170,98,0.00
2024-09-28T23:00,23.9,4.0,201,97,0.00
2024-09-29T00:00,23.6,4.1,180,97,0.00
2024-09-29T01:00,23.4,4.4,161,96,0.00
2024-09-29T02:00,23.1,4.4,171,94,0.00
2024-09-29T03:00,22.8,5.4,174,94,0.00
2024-09-29T04:00,23.7,1.6,117,89,0.00
2024-09-29T05:00,23.7,2.3,122,88,0.00
2024-09-29T06:00,23.4,2.4,144,93,0.00
2024-09-29T07:00,25.1,3.7,219,85,0.00
2024-09-29T08:00,26.2,7.4,214,83,0.00
2024-09-29T09:00,27.7,10.6,215,78,0.00
2024-09-29T10:00,28.7,12.3,218,73,0.10
2024-09-29T11:00,29.3,13.3,222,71,0.10
2024-09-29T12:00,29.5,12.9,207,72,0.00
2024-09-29T13:00,29.3,12.3,191,74,0.20
2024-09-29T14:00,29.7,12.3,203,72,0.00
2024-09-29T15:00,28.9,11.5,194,74,0.00
2024-09-29T16:00,28.0,9.5,213,79,0.10
2024-09-29T17:00,27.1,7.0,201,84,0.10
2024-09-29T18:00,25.8,4.0,234,91,0.00
2024-09-29T19:00,25.2,3.3,193,94,0.10
2024-09-29T20:00,24.7,4.0,175,95,0.00
2024-09-29T21:00,25.0,6.3,173,88,0.00
2024-09-29T22:00,24.6,4.4,173,90,0.00
2024-09-29T23:00,24.3,3.4,174,91,0.00
2024-09-30T00:00,24.0,3.1,177,92,0.00
2024-09-30T01:00,23.6,2.7,152,93,0.00
2024-09-30T02:00,23.5,2.8,130,92,0.00
2024-09-30T03:00,23.2,3.0,123,93,0.00
2024-09-30T04:00,24.2,0.2,90,86,0.00
2024-09-30T05:00,23.5,2.9,47,90,0.00
2024-09-30T06:00,23.6,3.2,56,92,0.00
2024-09-30T07:00,25.1,2.3,4,89,0.00
2024-09-30T08:00,26.3,2.3,309,85,0.00
2024-09-30T09:00,27.5,3.6,252,82,0.10
2024-09-30T10:00,28.5,5.0,244,78,0.20
2024-09-30T11:00,28.9,7.3,242,76,0.10
2024-09-30T12:00,28.2,8.1,168,80,0.40
2024-09-30T13:00,29.2,2.9,191,71,0.30
2024-09-30T14:00,27.4,6.6,291,77,3.20
2024-09-30T15:00,25.5,5.4,312,87,5.60
2024-09-30T16:00,25.1,1.5,339,91,0.10
2024-09-30T17:00,24.6,5.6,353,91,0.70
2024-09-30T18:00,23.8,6.4,38,94,0.10
2024-09-30T19:00,23.8,1.5,353,96,0.00
2024-09-30T20:00,23.4,3.0,104,97,0.00
2024-09-30T21:00,23.9,3.1,69,97,0.00
2024-09-30T22:00,23.9,2.6,65,97,0.00
2024-09-30T23:00,23.8,3.3,61,96,0.00
2024-10-01T00:00,23.5,3.4,84,96,0.00
2024-10-01T01:00,23.2,3.4,96,96,0.00
2024-10-01T02:00,22.9,2.3,94,95,0.00
2024-10-01T03:00,22.5,1.0,121,96,0.00
2024-10-01T04:00,22.3,2.1,128,95,0.00
2024-10-01T05:00,22.8,1.1,108,90,0.00
2024-10-01T06:00,23.5,2.7,70,89,0.00
2024-10-01T07:00,25.1,4.4,32,89,0.00
2024-10-01T08:00,26.5,5.4,360,85,0.00
2024-10-01T09:00,28.0,8.4,9,77,0.00
2024-10-01T10:00,29.1,9.2,11,74,0.00
2024-10-01T11:00,30.0,7.6,5,71,0.10
2024-10-01T12:00,30.5,10.0,8,69,0.10
2024-10-01T13:00,29.1,13.5,14,72,3.20
2024-10-01T14:00,28.4,6.5,48,73,0.40
2024-10-01T15:00,27.8,5.8,340,77,0.30
2024-10-01T16:00,26.1,5.7,44,83,3.20
2024-10-01T17:00,25.1,6.4,333,90,1.90
2024-10-01T18:00,24.4,7.3,11,94,0.00
2024-10-01T19:00,24.1,6.6,57,94,0.00
2024-10-01T20:00,23.8,4.5,61,94,0.00
2024-10-01T21:00,24.3,4.3,66,93,0.00
2024-10-01T22:00,23.9,4.1,45,93,0.00
2024-10-01T23:00,23.6,5.0,77,93,0.00
2024-10-02T00:00,23.5,5.8,83,91,0.00
2024-10-02T01:00,23.0,5.0,77,92,0.00
2024-10-02T02:00,22.9,6.3,66,93,0.00
2024-10-02T03:00,22.9,8.6,64,92,0.00
2024-10-02T04:00,22.8,6.5,71,92,0.00
2024-10-02T05:00,22.4,4.8,77,94,0.00
2024-10-02T06:00,22.9,4.4,81,92,0.00
2024-10-02T07:00,24.6,3.5,62,92,0.00
2024-10-02T08:00,26.4,3.6,3,83,0.00
2024-10-02T09:00,28.1,11.6,19,75,0.00
2024-10-02T10:00,29.0,12.3,23,71,0.00
2024-10-02T11:00,30.4,11.7,32,66,0.00
2024-10-02T12:00,31.1,11.3,29,60,0.00
2024-10-02T13:00,31.6,9.4,30,58,0.00
2024-10-02T14:00,32.0,8.9,14,57,0.00
2024-10-02T15:00,31.3,6.5,357,59,0.00
2024-10-02T16:00,29.9,7.2,68,63,0.10
2024-10-02T17:00,28.4,3.1,31,78,0.00
2024-10-02T18:00,27.2,0.9,259,77,0.30
2024-10-02T19:00,24.4,9.4,299,93,0.20
2024-10-02T20:00,24.0,2.5,82,94,0.10
2024-10-02T21:00,24.2,1.7,257,94,2.10
2024-10-02T22:00,23.5,5.5,218,97,1.00
2024-10-02T23:00,23.6,3.8,225,96,0.10
2024-10-03T00:00,23.1,4.4,210,98,0.10
2024-10-03T01:00,23.2,2.1,211,97,0.00
2024-10-03T02:00,23.1,1.4,40,98,0.00
2024-10-03T03:00,23.0,3.6,6,99,0.00
2024-10-03T04:00,23.0,5.1,36,98,0.00
2024-10-03T05:00,22.9,4.9,39,98,0.00
2024-10-03T06:00,22.9,5.1,45,97,0.00
2024-10-03T07:00,24.5,5.6,17,92,0.00
2024-10-03T08:00,25.9,5.0,2,87,0.00
2024-10-03T09:00,27.1,6.5,332,84,0.10
2024-10-03T10:00,27.7,5.5,293,81,0.10
2024-10-03T11:00,27.6,6.3,252,82,0.20
2024-10-03T12:00,28.0,6.9,223,81,0.10
2024-10-03T13:00,29.1,9.5,234,76,0.10
2024-10-03T14:00,28.2,7.6,207,76,0.20
2024-10-03T15:00,26.9,8.5,218,81,0.40
2024-10-03T16:00,26.4,5.3,218,85,0.40
2024-10-03T17:00,25.9,4.8,241,85,1.20
2024-10-03T18:00,24.8,2.8,230,94,0.20
2024-10-03T19:00,24.6,4.5,236,95,0.70
2024-10-03T20:00,23.9,6.1,2,96,3.30
2024-10-03T21:00,24.2,2.6,335,93,2.80
2024-10-03T22:00,23.8,6.6,11,96,1.30
2024-10-03T23:00,23.6,5.2,4,97,2.60
2024-10-04T00:00,23.4,1.9,229,98,1.00
2024-10-04T01:00,23.4,2.9,83,98,0.20
2024-10-04T02:00,23.4,2.7,82,97,0.10
2024-10-04T03:00,23.2,3.3,36,97,0.00
2024-10-04T04:00,23.1,1.3,360,97,0.00
2024-10-04T05:00,22.8,3.2,117,97,0.00
2024-10-04T06:00,23.1,2.4,117,94,0.00
2024-10-04T07:00,24.5,1.6,270,88,0.00
2024-10-04T08:00,25.6,2.8,305,86,0.00
2024-10-04T09:00,27.4,8.1,238,80,0.00
2024-10-04T10:00,27.9,8.8,231,77,0.00
2024-10-04T11:00,28.8,10.3,227,73,0.10
2024-10-04T12:00,28.8,11.3,189,75,0.00
2024-10-04T13:00,29.0,12.4,216,77,0.10
2024-10-04T14:00,28.7,12.7,225,78,0.30
2024-10-04T15:00,27.9,7.4,202,78,0.70
2024-10-04T16:00,26.7,7.9,227,85,0.00
2024-10-04T17:00,26.1,3.1,220,87,0.00
2024-10-04T18:00,25.7,1.4,180,89,0.00
2024-10-04T19:00,25.0,3.8,355,93,0.00
2024-10-04T20:00,24.3,2.0,100,96,0.00
2024-10-04T21:00,24.3,2.5,172,93,3.10
2024-10-04T22:00,23.8,2.9,300,98,0.20
2024-10-04T23:00,23.6,0.6,162,98,0.10
2024-10-05T00:00,23.4,0.6,124,96,0.00
2024-10-05T01:00,23.1,2.2,81,98,0.40
2024-10-05T02:00,23.1,2.6,39,98,0.00
2024-10-05T03:00,22.8,3.1,54,98,0.00
2024-10-05T04:00,22.7,3.2,93,97,0.00
2024-10-05T05:00,23.2,2.3,151,92,0.00
2024-10-05T06:00,23.0,1.9,158,94,0.00
2024-10-05T07:00,24.2,3.1,239,91,0.00
2024-10-05T08:00,25.5,7.1,221,85,0.00
2024-10-05T09:00,26.8,8.1,225,81,0.00
2024-10-05T10:00,27.9,10.8,218,76,0.00
2024-10-05T11:00,28.6,12.0,224,74,0.00
2024-10-05T12:00,29.4,13.4,219,70,0.00
2024-10-05T13:00,29.6,14.8,217,68,0.00
2024-10-05T14:00,29.3,15.3,218,66,0.00
2024-10-05T15:00,28.9,10.9,226,70,0.10
2024-10-05T16:00,27.6,11.8,231,75,0.00
2024-10-05T17:00,26.1,4.6,239,86,0.10
2024-10-05T18:00,25.6,3.2,128,87,0.00
2024-10-05T19:00,25.6,2.0,275,85,0.00
2024-10-05T20:00,24.4,3.8,265,92,0.10
2024-10-05T21:00,24.7,1.9,319,94,0.10
2024-10-05T22:00,24.7,2.0,297,93,0.00
2024-10-05T23:00,23.6,5.1,247,96,0.00
2024-10-06T00:00,23.3,5.2,243,94,0.00
2024-10-06T01:00,24.0,3.8,177,86,0.00
2024-10-06T02:00,23.7,1.4,23,87,0.00
2024-10-06T03:00,22.9,2.3,29,92,0.00
2024-10-06T04:00,22.3,1.4,113,94,0.00
2024-10-06T05:00,22.2,2.7,143,94,0.00
2024-10-06T06:00,23.1,3.7,141,90,0.00
2024-10-06T07:00,24.5,4.2,223,87,0.00
2024-10-06T08:00,25.7,9.1,219,84,0.00
2024-10-06T09:00,27.1,10.0,219,79,0.00
2024-10-06T10:00,27.9,12.3,214,75,0.00
2024-10-06T11:00,28.9,13.7,215,71,0.00
2024-10-06T12:00,29.6,13.4,224,68,0.10
2024-10-06T13:00,29.4,13.7,225,71,0.10
2024-10-06T14:00,29.8,12.0,226,70,0.10
2024-10-06T15:00,28.5,12.0,240,73,0.40
2024-10-06T16:00,27.9,8.7,223,77,0.10
2024-10-06T17:00,26.2,7.0,252,85,0.10
2024-10-06T18:00,25.1,3.5,24,91,0.00
2024-10-06T19:00,24.5,2.2,66,94,0.00
2024-10-06T20:00,24.3,1.3,34,96,0.00
2024-10-06T21:00,24.0,2.3,51,97,0.00
2024-10-06T22:00,23.4,3.5,35,97,0.00
2024-10-06T23:00,23.4,3.4,43,96,0.00
2024-10-07T00:00,23.2,3.6,49,95,0.00
2024-10-07T01:00,22.8,3.5,69,95,0.00
2024-10-07T02:00,22.9,2.5,60,94,0.00
2024-10-07T03:00,23.7,2.0,45,90,0.00
2024-10-07T04:00,23.5,1.5,36,92,0.00
2024-10-07T05:00,22.4,0.6,72,95,0.00
2024-10-07T06:00,23.3,1.0,68,92,0.00
2024-10-07T07:00,24.6,2.4,312,89,0.00
2024-10-07T08:00,25.8,4.2,239,84,0.00
2024-10-07T09:00,27.2,4.6,252,80,0.00
2024-10-07T10:00,28.3,7.3,234,76,0.10
2024-10-07T11:00,28.9,9.4,227,73,0.10
2024-10-07T12:00,29.4,10.7,220,70,0.00
2024-10-07T13:00,30.2,12.1,212,66,0.00
2024-10-07T14:00,30.3,12.0,220,64,0.00
2024-10-07T15:00,30.0,12.1,224,65,0.00
2024-10-07T16:00,29.4,12.1,226,68,0.00
2024-10-07T17:00,27.5,12.5,226,78,0.00
2024-10-07T18:00,26.5,7.1,207,82,0.00
2024-10-07T19:00,25.9,6.2,206,84,0.00
2024-10-07T20:00,25.0,4.6,198,89,0.00
2024-10-07T21:00,25.4,5.9,166,86,0.00
2024-10-07T22:00,25.1,4.8,158,85,0.00
2024-10-07T23:00,24.7,6.1,185,87,0.00
2024-10-08T00:00,24.0,6.3,215,89,0.00
2024-10-08T01:00,23.6,5.4,201,90,0.00
2024-10-08T02:00,23.7,4.5,185,89,0.00
2024-10-08T03:00,23.3,5.2,186,90,0.00
2024-10-08T04:00,23.5,4.3,185,89,0.00
2024-10-08T05:00,23.3,4.7,180,92,0.00
2024-10-08T06:00,24.2,3.1,180,86,0.00
2024-10-08T07:00,25.1,3.1,263,86,0.00
2024-10-08T08:00,26.1,4.1,268,84,0.00
2024-10-08T09:00,27.8,7.3,240,75,0.00
2024-10-08T10:00,28.7,8.9,225,72,0.00
2024-10-08T11:00,29.4,9.7,228,71,0.00
2024-10-08T12:00,29.8,10.1,221,70,0.00
2024-10-08T13:00,29.8,9.8,240,70,0.00
2024-10-08T14:00,29.2,8.4,169,73,0.20
2024-10-08T15:00,27.4,9.8,232,80,3.40
2024-10-08T16:00,25.7,5.0,182,86,3.90
2024-10-08T17:00,25.5,7.6,262,87,0.00
2024-10-08T18:00,24.9,2.8,225,91,0.10
2024-10-08T19:00,24.1,4.4,249,96,0.00
2024-10-08T20:00,23.8,2.3,198,97,0.00
2024-10-08T21:00,24.1,5.1,266,95,0.00
2024-10-08T22:00,23.7,1.5,126,97,0.00
2024-10-08T23:00,23.3,3.1,69,98,0.00
2024-10-09T00:00,23.8,1.0,68,96,0.00
2024-10-09T01:00,23.4,2.9,259,97,0.00
2024-10-09T02:00,23.1,1.8,101,98,0.00
2024-10-09T03:00,22.7,2.7,118,99,0.00
2024-10-09T04:00,22.4,4.1,157,98,0.00
2024-10-09T05:00,23.3,2.1,128,95,0.00
2024-10-09T06:00,23.2,1.9,49,96,0.00
2024-10-09T07:00,24.5,2.9,4,91,0.00
2024-10-09T08:00,26.0,3.9,344,85,0.00
2024-10-09T09:00,27.8,5.6,297,79,0.00
2024-10-09T10:00,27.8,4.5,270,83,0.00
2024-10-09T11:00,28.7,5.8,256,80,0.10
2024-10-09T12:00,29.6,6.9,245,74,0.10
2024-10-09T13:00,28.7,8.1,215,77,1.20
2024-10-09T14:00,28.8,5.7,169,74,0.00
2024-10-09T15:00,28.2,6.2,30,75,0.30
2024-10-09T16:00,26.2,3.0,256,83,2.90
2024-10-09T17:00,25.4,3.1,260,89,0.20
2024-10-09T18:00,25.1,1.2,39,91,0.00
2024-10-09T19:00,24.7,2.5,120,96,0.00
2024-10-09T20:00,25.1,0.5,135,92,0.00
2024-10-09T21:00,25.3,3.8,175,89,0.00
2024-10-09T22:00,24.7,3.1,180,92,0.00
2024-10-09T23:00,24.3,0.9,127,94,0.00
2024-10-10T00:00,23.8,1.3,106,94,0.00
2024-10-10T01:00,23.4,0.7,104,94,0.00
2024-10-10T02:00,24.1,3.0,65,90,0.00
2024-10-10T03:00,23.6,4.1,38,93,0.00
2024-10-10T04:00,23.4,2.2,85,94,0.00
2024-10-10T05:00,23.8,0.7,90,92,0.00
2024-10-10T06:00,23.9,2.6,51,94,0.00
2024-10-10T07:00,25.4,3.3,6,88,0.00
2024-10-10T08:00,26.6,3.8,315,86,0.00
2024-10-10T09:00,28.2,4.1,326,79,0.00
2024-10-10T10:00,29.3,4.0,300,73,0.10
2024-10-10T11:00,29.9,3.9,283,71,0.20
2024-10-10T12:00,30.4,5.3,282,71,0.10
2024-10-10T13:00,30.7,6.6,292,70,0.20
2024-10-10T14:00,27.9,12.7,231,78,12.20
2024-10-10T15:00,26.0,8.8,123,86,6.30
2024-10-10T16:00,25.8,4.9,213,84,1.20
2024-10-10T17:00,25.5,5.1,333,87,0.00
2024-10-10T18:00,24.7,2.9,4,94,0.00
2024-10-10T19:00,24.4,5.8,51,94,0.00
2024-10-10T20:00,24.0,3.1,59,95,0.00
2024-10-10T21:00,24.7,3.8,59,94,0.00
2024-10-10T22:00,24.8,2.2,104,92,0.40
2024-10-10T23:00,23.9,3.4,133,94,0.00
2024-10-11T00:00,24.4,2.7,152,88,0.00
2024-10-11T01:00,23.4,3.2,137,91,0.00
2024-10-11T02:00,23.8,2.9,150,87,0.00
2024-10-11T03:00,24.6,2.4,153,83,0.00
2024-10-11T04:00,24.2,0.0,270,85,0.00
2024-10-11T05:00,23.6,2.7,58,89,0.00
2024-10-11T06:00,23.5,2.6,56,93,0.00
2024-10-11T07:00,25.0,3.5,24,91,0.00
2024-10-11T08:00,26.3,3.1,324,87,0.00
2024-10-11T09:00,27.5,4.4,330,79,0.00
2024-10-11T10:00,28.8,4.2,320,75,0.10
2024-10-11T11:00,29.5,4.4,308,72,0.40
2024-10-11T12:00,30.1,4.7,274,72,0.10
2024-10-11T13:00,30.6,6.1,256,72,0.00
2024-10-11T14:00,30.1,6.7,270,74,0.20
2024-10-11T15:00,27.2,2.2,171,80,11.00
2024-10-11T16:00,26.7,0.3,225,79,2.80
2024-10-11T17:00,25.3,3.1,332,86,8.30
2024-10-11T18:00,24.3,7.0,12,92,1.70
2024-10-11T19:00,23.6,5.2,78,96,3.90
2024-10-11T20:00,24.1,2.2,5,93,0.50
2024-10-11T21:00,24.1,1.6,27,96,0.00
2024-10-11T22:00,23.8,2.7,352,98,0.10
2024-10-11T23:00,23.8,2.8,35,98,0.00
2024-10-12T00:00,23.8,1.0,68,98,0.10
2024-10-12T01:00,23.6,1.7,49,97,0.00
2024-10-12T02:00,23.4,2.2,42,97,0.00
2024-10-12T03:00,23.7,2.2,76,94,0.00
2024-10-12T04:00,23.8,1.0,121,93,0.00
2024-10-12T05:00,22.9,2.4,107,94,0.00
2024-10-12T06:00,23.9,0.2,90,92,0.00
2024-10-12T07:00,25.0,1.3,304,90,0.00
2024-10-12T08:00,26.2,3.2,297,87,0.00
2024-10-12T09:00,26.6,1.9,299,82,0.00
2024-10-12T10:00,27.9,5.3,282,78,0.00
2024-10-12T11:00,27.0,4.0,238,84,0.10
2024-10-12T12:00,28.6,3.1,230,79,0.30
2024-10-12T13:00,29.3,9.0,244,73,0.10
2024-10-12T14:00,27.3,7.7,210,78,8.70
2024-10-12T15:00,26.8,2.1,20,80,1.40
2024-10-12T16:00,25.1,3.6,279,89,1.70
2024-10-12T17:00,24.9,2.7,290,91,0.30
2024-10-12T18:00,24.6,1.8,281,93,0.30
2024-10-12T19:00,24.3,2.2,99,95,0.10
2024-10-12T20:00,23.7,2.9,60,96,0.00
2024-10-12T21:00,24.2,1.8,360,95,0.10
2024-10-12T22:00,24.0,1.9,17,97,0.00
2024-10-12T23:00,23.7,4.8,48,97,0.00
2024-10-13T00:00,23.4,4.4,58,98,0.00
2024-10-13T01:00,23.0,4.4,78,99,0.00
2024-10-13T02:00,22.5,4.0,82,100,0.00
2024-10-13T03:00,22.2,2.7,90,99,0.00
2024-10-13T04:00,22.1,2.3,90,99,0.00
2024-10-13T05:00,22.1,2.9,90,98,0.00
2024-10-13T06:00,22.6,3.8,79,96,0.00
2024-10-13T07:00,24.8,4.3,24,91,0.00
2024-10-13T08:00,26.2,4.9,6,87,0.00
2024-10-13T09:00,27.5,5.5,316,86,0.10
2024-10-13T10:00,28.4,6.1,302,83,0.10
2024-10-13T11:00,29.1,6.7,286,80,0.30
2024-10-13T12:00,29.5,6.0,287,78,0.50
2024-10-13T13:00,28.8,8.7,283,81,4.30
2024-10-13T14:00,26.8,5.6,339,84,20.80
2024-10-13T15:00,25.4,10.4,88,88,5.20
2024-10-13T16:00,26.1,4.9,80,86,0.90
2024-10-13T17:00,26.1,1.4,320,88,0.00
2024-10-13T18:00,25.0,3.2,360,92,0.00
2024-10-13T19:00,24.4,3.2,87,95,0.30
2024-10-13T20:00,24.3,2.9,60,96,0.00
2024-10-13T21:00,24.7,2.3,86,89,0.00
2024-10-13T22:00,24.5,2.5,82,89,0.00
2024-10-13T23:00,24.1,2.9,86,90,0.00
2024-10-14T00:00,24.0,2.7,86,89,0.00
2024-10-14T01:00,23.9,2.0,90,90,0.30
2024-10-14T02:00,23.2,4.6,132,94,2.80
2024-10-14T03:00,23.6,0.4,90,93,0.50
2024-10-14T04:00,23.2,1.9,68,95,0.10
2024-10-14T05:00,23.0,2.2,95,93,0.00
2024-10-14T06:00,23.6,3.4,84,92,0.00
2024-10-14T07:00,25.1,4.1,13,88,0.00
2024-10-14T08:00,26.5,5.1,354,84,0.00
2024-10-14T09:00,27.9,5.8,324,86,0.20
2024-10-14T10:00,28.5,8.2,311,81,0.30
2024-10-14T11:00,28.6,7.5,300,81,0.80
2024-10-14T12:00,26.9,4.6,231,88,4.80
2024-10-14T13:00,25.8,9.0,116,85,4.80
2024-10-14T14:00,26.5,5.3,204,83,4.30
2024-10-14T15:00,27.4,3.5,249,80,0.60
2024-10-14T16:00,27.1,4.3,204,81,0.40
2024-10-14T17:00,26.4,3.8,41,85,0.20
2024-10-14T18:00,24.5,10.7,48,90,1.80
2024-10-14T19:00,24.4,5.2,41,92,0.90
2024-10-14T20:00,24.1,3.2,357,95,0.20
2024-10-14T21:00,24.0,5.2,20,94,0.10
2024-10-14T22:00,23.8,3.3,49,94,0.20
2024-10-14T23:00,23.2,0.6,18,96,0.40
2024-10-15T00:00,23.1,5.3,80,96,0.20
2024-10-15T01:00,23.2,1.1,99,97,0.10
2024-10-15T02:00,22.9,0.7,90,97,0.10
2024-10-15T03:00,22.9,2.0,90,95,0.00
2024-10-15T04:00,22.0,4.2,108,95,0.00
2024-10-15T05:00,23.3,1.6,90,87,0.00
2024-10-15T06:00,23.6,0.6,72,89,0.00
2024-10-15T07:00,25.0,2.3,342,84,0.00
2024-10-15T08:00,26.0,3.7,325,85,0.00
2024-10-15T09:00,26.9,6.7,216,79,0.00
2024-10-15T10:00,28.1,6.5,240,74,0.00
2024-10-15T11:00,28.6,7.4,256,73,0.00
2024-10-15T12:00,28.7,9.2,242,76,0.00
2024-10-15T13:00,28.3,9.0,170,78,0.00
2024-10-15T14:00,27.7,6.8,140,75,0.10
2024-10-15T15:00,27.9,6.3,97,71,0.30
2024-10-15T16:00,26.8,1.5,263,77,0.40
2024-10-15T17:00,26.0,3.1,121,82,0.40
2024-10-15T18:00,25.2,3.5,12,88,1.40
2024-10-15T19:00,24.5,5.1,6,92,0.20
2024-10-15T20:00,24.0,2.3,32,94,0.10
2024-10-15T21:00,23.7,1.5,69,96,0.50
2024-10-15T22:00,23.9,4.3,73,95,0.40
2024-10-15T23:00,23.4,7.3,7,96,0.40
2024-10-16T00:00,22.9,7.0,44,96,0.10
2024-10-16T01:00,22.7,5.1,72,95,0.00
2024-10-16T02:00,22.4,5.2,84,96,0.00
2024-10-16T03:00,21.9,2.7,86,98,0.00
2024-10-16T04:00,21.8,2.0,95,95,0.00
2024-10-16T05:00,21.7,1.8,101,94,0.00
2024-10-16T06:00,22.6,1.7,103,90,0.00
2024-10-16T07:00,24.8,2.2,360,86,0.00
2024-10-16T08:00,26.1,2.8,310,82,0.00
2024-10-16T09:00,27.2,3.3,279,79,0.00
2024-10-16T10:00,28.3,4.0,265,76,0.00
2024-10-16T11:00,29.1,5.8,265,75,0.00
2024-10-16T12:00,28.1,6.8,248,76,1.10
2024-10-16T13:00,28.7,6.3,180,73,1.90
2024-10-16T14:00,28.4,4.9,272,76,0.50
2024-10-16T15:00,26.0,11.3,1,87,0.80
2024-10-16T16:00,25.6,7.9,91,86,0.20
2024-10-16T17:00,25.2,5.6,158,87,0.00
2024-10-16T18:00,25.2,1.8,204,85,0.00
2024-10-16T19:00,24.4,2.2,215,93,0.00
2024-10-16T20:00,24.4,1.8,45,91,0.00
2024-10-16T21:00,24.8,2.9,187,91,0.00
2024-10-16T22:00,24.7,2.2,256,88,0.10
2024-10-16T23:00,24.4,0.8,153,91,0.00
2024-10-17T00:00,23.1,3.4,87,96,0.00
2024-10-17T01:00,23.2,2.9,90,96,0.00
2024-10-17T02:00,22.7,3.6,70,96,0.00
2024-10-17T03:00,22.3,1.3,90,98,0.00
2024-10-17T04:00,22.1,0.7,104,99,0.00
2024-10-17T05:00,21.8,2.3,108,99,0.00
2024-10-17T06:00,22.1,1.8,90,98,0.00
2024-10-17T07:00,24.5,3.2,3,92,0.00
2024-10-17T08:00,25.9,4.4,261,85,0.00
2024-10-17T09:00,27.4,4.2,280,76,0.10
2024-10-17T10:00,28.2,4.3,248,73,0.10
2024-10-17T11:00,28.9,5.1,225,70,0.20
2024-10-17T12:00,29.4,6.2,226,68,0.30
2024-10-17T13:00,29.8,4.7,252,67,0.10
2024-10-17T14:00,30.0,5.8,254,66,0.20
2024-10-17T15:00,28.0,9.2,276,78,0.80
2024-10-17T16:00,26.1,6.6,206,81,1.30
2024-10-17T17:00,25.0,9.0,237,86,0.30
2024-10-17T18:00,23.9,3.6,225,94,0.50
2024-10-17T19:00,23.8,4.8,149,94,0.00
2024-10-17T20:00,23.7,3.2,137,95,0.00
2024-10-17T21:00,24.0,2.4,222,93,0.00
2024-10-17T22:00,23.5,2.4,153,96,0.00
2024-10-17T23:00,23.5,0.9,101,96,0.00
2024-10-18T00:00,23.4,0.5,90,96,0.00
2024-10-18T01:00,23.9,1.8,90,91,0.00
2024-10-18T02:00,23.7,0.7,76,91,0.00
2024-10-18T03:00,23.6,1.7,49,91,0.00
2024-10-18T04:00,23.7,1.3,90,90,0.00
2024-10-18T05:00,23.7,1.0,135,89,0.00
2024-10-18T06:00,23.7,1.7,72,90,0.00
2024-10-18T07:00,24.9,2.0,315,88,0.00
2024-10-18T08:00,26.1,3.4,317,84,0.00
2024-10-18T09:00,27.8,5.7,347,78,0.00
2024-10-18T10:00,29.0,6.3,345,72,0.10
2024-10-18T11:00,30.0,6.2,348,66,0.10
2024-10-18T12:00,30.4,5.0,334,63,0.10
2024-10-18T13:00,30.6,3.8,259,61,0.10
2024-10-18T14:00,30.1,4.4,240,64,0.00
2024-10-18T15:00,28.3,11.5,219,77,0.50
2024-10-18T16:00,26.3,11.8,201,86,0.60
2024-10-18T17:00,25.6,8.6,234,90,0.00
2024-10-18T18:00,24.7,6.1,177,92,1.40
2024-10-18T19:00,25.1,1.5,135,91,0.30
2024-10-18T20:00,24.3,5.5,243,95,1.20
2024-10-18T21:00,23.6,3.8,259,98,2.10
2024-10-18T22:00,23.6,2.2,265,97,0.20
2024-10-18T23:00,23.5,4.6,228,98,0.00
2024-10-19T00:00,23.3,3.7,223,99,0.00
2024-10-19T01:00,23.3,3.9,156,97,0.00
2024-10-19T02:00,23.1,2.6,65,98,0.00
2024-10-19T03:00,22.6,2.7,28,99,0.00
2024-10-19T04:00,22.8,1.3,34,99,0.00
2024-10-19T05:00,22.4,3.2,109,100,0.00
2024-10-19T06:00,22.8,4.5,104,97,0.00
2024-10-19T07:00,24.4,3.1,225,90,0.00
2024-10-19T08:00,26.0,6.4,220,83,0.00
2024-10-19T09:00,27.1,7.3,242,81,0.00
2024-10-19T10:00,28.0,10.1,223,76,0.00
2024-10-19T11:00,28.5,10.5,211,76,0.00
2024-10-19T12:00,28.9,11.4,209,75,0.00
2024-10-19T13:00,29.3,12.5,216,75,0.00
2024-10-19T14:00,28.7,10.5,211,75,1.50
2024-10-19T15:00,26.0,13.0,250,89,0.40
2024-10-19T16:00,24.6,6.9,247,93,3.50
2024-10-19T17:00,24.2,5.5,19,95,4.00
2024-10-19T18:00,24.6,0.9,270,93,0.10
2024-10-19T19:00,23.7,3.2,308,98,0.00
2024-10-19T20:00,23.8,3.1,173,97,0.00
2024-10-19T21:00,24.3,1.7,229,96,0.10
2024-10-19T22:00,23.8,4.0,262,98,0.20
2024-10-19T23:00,23.4,2.3,337,99,1.70
2024-10-20T00:00,23.2,3.8,352,99,0.10
2024-10-20T01:00,22.7,1.6,27,99,0.00
2024-10-20T02:00,23.2,3.0,218,98,0.00
2024-10-20T03:00,22.8,2.2,256,99,0.00
2024-10-20T04:00,23.0,3.5,285,100,0.00
2024-10-20T05:00,23.1,4.0,231,99,0.00
2024-10-20T06:00,23.3,5.4,274,100,0.00
2024-10-20T07:00,24.0,5.2,250,96,0.10
2024-10-20T08:00,25.3,7.6,243,87,0.10
2024-10-20T09:00,26.2,10.5,229,83,0.00
2024-10-20T10:00,27.1,9.8,226,79,0.00
2024-10-20T11:00,28.3,9.1,236,75,0.00
2024-10-20T12:00,28.1,12.7,257,80,0.80
2024-10-20T13:00,27.7,2.4,283,86,1.60
2024-10-20T14:00,25.9,4.4,199,93,3.00
2024-10-20T15:00,25.4,8.5,252,87,3.20
2024-10-20T16:00,24.9,5.9,247,93,1.60
2024-10-20T17:00,24.8,7.2,219,94,0.20
2024-10-20T18:00,24.1,7.3,259,95,0.80
2024-10-20T19:00,24.1,7.2,217,96,0.20
2024-10-20T20:00,24.2,6.6,241,96,0.20
2024-10-20T21:00,24.2,12.5,195,92,0.10
2024-10-20T22:00,24.0,11.2,191,92,0.00
2024-10-20T23:00,23.8,9.9,195,92,0.00
2024-10-21T00:00,23.6,11.1,203,94,0.00
2024-10-21T01:00,23.4,14.2,198,96,0.00
2024-10-21T02:00,23.2,13.8,192,98,0.00
2024-10-21T03:00,23.1,12.1,186,97,0.00
2024-10-21T04:00,23.2,14.4,192,96,0.00
2024-10-21T05:00,23.1,14.4,192,98,0.00
2024-10-21T06:00,23.3,13.1,189,97,0.00
2024-10-21T07:00,23.7,13.1,189,92,0.00
2024-10-21T08:00,24.6,15.1,198,89,0.00
2024-10-21T09:00,25.6,9.2,213,85,0.00
2024-10-21T10:00,26.1,12.1,218,83,0.00
2024-10-21T11:00,27.0,12.0,224,81,0.10
2024-10-21T12:00,27.6,14.3,219,80,0.00
2024-10-21T13:00,26.8,16.8,206,83,0.20
2024-10-21T14:00,25.8,17.8,218,87,0.10
2024-10-21T15:00,25.3,13.5,211,90,0.20
2024-10-21T16:00,25.4,15.5,208,88,0.20
2024-10-21T17:00,24.2,16.4,213,91,1.50
2024-10-21T18:00,23.8,16.8,211,97,0.50
2024-10-21T19:00,23.4,18.3,197,97,1.40
2024-10-21T20:00,23.2,16.2,193,97,0.60
2024-10-21T21:00,23.4,16.6,190,96,0.20
2024-10-21T22:00,23.5,19.4,193,97,0.30
2024-10-21T23:00,23.5,20.3,190,96,0.30
2024-10-22T00:00,23.3,20.6,192,96,0.10
2024-10-22T01:00,23.1,21.0,189,97,0.10
2024-10-22T02:00,23.2,23.3,192,97,0.10
2024-10-22T03:00,22.9,24.0,194,99,0.10
2024-10-22T04:00,23.1,23.7,194,98,0.20
2024-10-22T05:00,22.8,25.1,198,99,0.20
2024-10-22T06:00,22.7,22.3,199,99,2.60
2024-10-22T07:00,23.4,26.7,196,96,0.20
2024-10-22T08:00,24.2,28.6,199,92,0.30
2024-10-22T09:00,24.2,30.3,205,90,0.30
2024-10-22T10:00,24.3,30.4,207,91,0.50
2024-10-22T11:00,25.4,28.0,211,90,0.50
2024-10-22T12:00,25.4,31.8,207,89,0.50
2024-10-22T13:00,25.8,30.0,206,87,0.40
2024-10-22T14:00,25.6,31.3,205,90,0.30
2024-10-22T15:00,25.2,30.3,202,90,0.20
2024-10-22T16:00,24.6,31.4,202,92,0.10
2024-10-22T17:00,24.2,30.3,203,90,0.00
2024-10-22T18:00,23.8,28.9,201,91,0.00
2024-10-22T19:00,23.7,27.5,203,92,0.00
2024-10-22T20:00,23.6,27.2,202,94,0.00
2024-10-22T21:00,23.7,25.1,197,88,0.00
2024-10-22T22:00,23.6,25.1,196,90,0.00
2024-10-22T23:00,23.6,25.8,194,91,0.00
2024-10-23T00:00,23.5,25.5,195,92,0.00
2024-10-23T01:00,23.5,27.6,197,92,0.00
2024-10-23T02:00,23.4,28.0,201,93,0.00
2024-10-23T03:00,23.1,26.0,198,95,0.00
2024-10-23T04:00,23.0,25.8,198,95,0.10
2024-10-23T05:00,22.7,25.7,199,93,0.10
2024-10-23T06:00,22.7,26.0,201,95,0.20
2024-10-23T07:00,23.1,29.2,202,95,0.10
2024-10-23T08:00,24.0,31.1,203,91,0.30
2024-10-23T09:00,25.0,31.1,208,89,0.20
2024-10-23T10:00,25.9,26.5,203,89,0.60
2024-10-23T11:00,27.4,34.5,209,82,0.30
2024-10-23T12:00,26.7,33.8,209,82,0.30
2024-10-23T13:00,27.2,31.9,211,79,0.20
2024-10-23T14:00,26.8,31.6,212,79,0.20
2024-10-23T15:00,26.3,31.2,211,84,0.10
2024-10-23T16:00,26.0,27.1,208,85,0.00
2024-10-23T17:00,25.1,31.0,210,87,0.00
2024-10-23T18:00,24.8,27.5,206,87,0.00
2024-10-23T19:00,24.5,25.0,202,89,0.00
2024-10-23T20:00,24.2,23.3,197,92,0.00
2024-10-23T21:00,24.8,24.8,192,88,0.00
2024-10-23T22:00,23.9,23.6,191,89,0.00
2024-10-23T23:00,23.5,22.2,191,90,0.00
2024-10-24T00:00,23.5,19.8,194,91,0.00
2024-10-24T01:00,23.1,19.0,193,93,0.00
2024-10-24T02:00,22.9,15.9,186,94,0.00
2024-10-24T03:00,22.9,16.2,193,94,0.00
2024-10-24T04:00,22.9,16.1,193,94,0.00
2024-10-24T05:00,23.0,17.0,197,94,0.10
2024-10-24T06:00,22.8,20.3,199,95,0.10
2024-10-24T07:00,23.4,21.3,200,93,0.00
2024-10-24T08:00,24.4,25.4,205,90,0.10
2024-10-24T09:00,25.1,22.5,206,90,0.60
2024-10-24T10:00,27.0,28.8,206,83,0.10
2024-10-24T11:00,27.7,28.0,210,78,0.10
2024-10-24T12:00,27.8,28.2,211,77,0.10
2024-10-24T13:00,28.0,29.1,216,78,0.10
2024-10-24T14:00,27.9,28.2,217,76,0.10
2024-10-24T15:00,27.1,26.1,212,79,0.00
2024-10-24T16:00,26.5,22.0,193,83,0.00
2024-10-24T17:00,26.0,21.9,202,84,0.00
2024-10-24T18:00,25.2,21.4,202,87,0.00
2024-10-24T19:00,24.8,21.0,198,88,0.00
2024-10-24T20:00,24.6,18.0,194,89,0.00
2024-10-24T21:00,24.5,18.0,196,91,0.00
2024-10-24T22:00,24.5,16.8,195,90,0.00
2024-10-24T23:00,24.3,16.7,199,91,0.00
2024-10-25T00:00,24.0,17.1,200,91,0.00
2024-10-25T01:00,23.9,16.4,199,92,0.00
2024-10-25T02:00,23.7,15.8,194,93,0.00
2024-10-25T03:00,23.6,14.7,198,93,0.00
2024-10-25T04:00,23.5,13.1,203,93,0.00
2024-10-25T05:00,23.4,13.1,205,94,0.00
2024-10-25T06:00,23.7,12.4,208,93,0.00
2024-10-25T07:00,24.7,12.6,216,91,0.00
2024-10-25T08:00,25.8,17.9,214,85,0.00
2024-10-25T09:00,26.9,20.7,213,82,0.10
2024-10-25T10:00,27.7,25.7,213,77,0.20
2024-10-25T11:00,28.4,26.6,214,76,0.10
2024-10-25T12:00,29.1,25.7,211,72,0.00
2024-10-25T13:00,29.0,24.4,211,72,0.00
2024-10-25T14:00,29.0,24.5,208,68,0.00
2024-10-25T15:00,27.3,23.1,198,77,0.00
2024-10-25T16:00,26.7,20.2,196,81,0.00
2024-10-25T17:00,26.0,17.1,195,83,0.10
2024-10-25T18:00,25.4,16.9,203,87,0.10
2024-10-25T19:00,25.2,17.4,200,88,0.10
2024-10-25T20:00,24.4,15.9,195,90,0.10
2024-10-25T21:00,23.6,11.8,191,91,0.30
2024-10-25T22:00,23.3,7.3,203,93,0.30
2024-10-25T23:00,22.9,10.0,197,95,0.40
2024-10-26T00:00,22.7,8.3,202,95,0.50
2024-10-26T01:00,22.5,7.8,202,96,0.50
2024-10-26T02:00,22.3,5.0,201,96,0.10
2024-10-26T03:00,22.3,5.6,222,96,0.00
2024-10-26T04:00,22.3,5.7,229,97,0.00
2024-10-26T05:00,22.3,6.4,218,98,0.00
2024-10-26T06:00,22.4,7.6,223,98,0.00
2024-10-26T07:00,23.1,8.5,209,94,0.00
2024-10-26T08:00,23.8,9.1,212,92,0.00
2024-10-26T09:00,25.3,6.8,217,87,0.00
2024-10-26T10:00,25.7,8.7,212,84,0.00
2024-10-26T11:00,26.7,13.0,215,80,0.00
2024-10-26T12:00,27.3,13.9,219,79,0.00
2024-10-26T13:00,27.7,11.5,215,78,0.00
2024-10-26T14:00,26.5,14.1,235,84,0.40
2024-10-26T15:00,25.5,12.5,207,87,0.00
2024-10-26T16:00,25.7,9.0,213,87,0.00
2024-10-26T17:00,25.2,6.8,217,90,0.00
2024-10-26T18:00,24.4,5.0,240,95,0.00
2024-10-26T19:00,24.6,2.6,309,91,0.00
2024-10-26T20:00,23.9,2.6,321,94,0.00
2024-10-26T21:00,24.4,3.6,174,87,0.00
2024-10-26T22:00,24.0,2.7,148,87,0.00
2024-10-26T23:00,23.0,4.4,159,91,0.00
2024-10-27T00:00,23.2,4.5,173,89,0.00
2024-10-27T01:00,23.3,6.1,178,88,0.00
2024-10-27T02:00,23.2,9.2,186,89,0.00
2024-10-27T03:00,23.0,7.8,189,90,0.00
2024-10-27T04:00,22.7,8.0,185,92,0.00
2024-10-27T05:00,22.6,7.9,197,94,0.00
2024-10-27T06:00,23.0,9.0,203,95,0.00
2024-10-27T07:00,23.7,9.6,206,93,0.00
2024-10-27T08:00,24.6,8.7,210,88,0.00
2024-10-27T09:00,25.6,12.3,214,82,0.00
2024-10-27T10:00,25.8,12.8,211,81,0.00
2024-10-27T11:00,26.3,15.8,209,83,0.00
2024-10-27T12:00,26.3,17.5,212,85,0.00
2024-10-27T13:00,26.9,19.7,204,82,0.00
2024-10-27T14:00,26.9,17.5,199,81,0.00
2024-10-27T15:00,26.4,14.0,200,82,0.00
2024-10-27T16:00,25.7,11.6,212,83,0.00
2024-10-27T17:00,25.3,9.0,211,84,0.00
2024-10-27T18:00,24.4,5.8,210,85,0.00
2024-10-27T19:00,24.7,5.0,218,82,0.00
2024-10-27T20:00,24.3,2.1,322,83,0.00
2024-10-27T21:00,23.5,4.2,220,86,0.00
2024-10-27T22:00,22.7,5.3,218,90,0.00
2024-10-27T23:00,22.7,4.6,211,92,0.00
2024-10-28T00:00,23.0,4.0,216,93,0.00
2024-10-28T01:00,23.1,4.3,237,94,0.00
2024-10-28T02:00,23.0,5.5,238,94,0.00
2024-10-28T03:00,22.8,5.9,239,94,0.00
2024-10-28T04:00,23.0,7.5,217,94,0.00
2024-10-28T05:00,22.9,8.2,220,95,0.00
2024-10-28T06:00,23.1,9.2,215,96,0.00
2024-10-28T07:00,23.8,11.9,215,93,0.00
2024-10-28T08:00,24.9,11.3,216,87,0.00
2024-10-28T09:00,26.0,13.3,228,83,0.00
2024-10-28T10:00,26.9,10.2,239,80,0.00
2024-10-28T11:00,27.6,16.6,223,81,0.10
2024-10-28T12:00,27.1,17.3,219,89,1.10
2024-10-28T13:00,26.8,12.5,225,89,0.40
2024-10-28T14:00,27.5,10.8,255,82,1.90
2024-10-28T15:00,26.2,5.1,228,87,1.30
2024-10-28T16:00,25.8,7.7,239,91,0.00
2024-10-28T17:00,25.4,4.6,249,91,0.00
2024-10-28T18:00,24.7,4.4,210,94,0.00
2024-10-28T19:00,24.5,6.5,204,92,0.00
2024-10-28T20:00,24.3,7.1,201,92,0.10
2024-10-28T21:00,24.5,8.2,206,92,0.00
2024-10-28T22:00,24.3,10.9,197,94,0.00
2024-10-28T23:00,24.0,11.2,191,94,0.00
2024-10-29T00:00,23.9,11.1,197,95,0.00
2024-10-29T01:00,23.8,10.7,193,95,0.00
2024-10-29T02:00,23.8,12.3,195,95,0.00
2024-10-29T03:00,23.6,11.6,193,96,0.00
2024-10-29T04:00,23.5,12.1,190,96,0.00
2024-10-29T05:00,23.5,11.8,189,95,0.00
2024-10-29T06:00,23.8,12.6,189,91,0.00
2024-10-29T07:00,24.5,16.3,193,88,0.00
2024-10-29T08:00,25.5,18.9,202,84,0.00
2024-10-29T09:00,26.5,16.8,215,80,0.10
2024-10-29T10:00,27.4,16.9,219,77,0.20
2024-10-29T11:00,28.0,18.8,219,78,0.30
2024-10-29T12:00,27.8,19.9,213,81,0.10
2024-10-29T13:00,27.9,19.7,216,82,0.30
2024-10-29T14:00,27.8,17.2,214,75,1.00
2024-10-29T15:00,26.9,12.8,209,84,0.30
2024-10-29T16:00,26.5,9.1,236,86,0.20
2024-10-29T17:00,26.1,7.3,237,86,0.20
2024-10-29T18:00,25.1,6.2,213,88,0.10
2024-10-29T19:00,24.7,9.1,195,85,0.00
2024-10-29T20:00,24.3,8.7,197,88,0.00
2024-10-29T21:00,24.3,6.5,199,88,0.00
2024-10-29T22:00,23.7,4.8,202,90,0.00
2024-10-29T23:00,23.2,5.6,211,92,0.00
2024-10-30T00:00,23.2,4.9,213,91,0.00
2024-10-30T01:00,23.2,4.4,212,90,0.00
2024-10-30T02:00,22.9,4.4,192,90,0.00
2024-10-30T03:00,22.8,5.2,174,90,0.00
2024-10-30T04:00,22.4,4.7,180,92,0.00
2024-10-30T05:00,22.3,4.6,191,93,0.00
2024-10-30T06:00,23.1,5.7,189,90,0.00
2024-10-30T07:00,24.6,6.4,225,86,0.00
2024-10-30T08:00,25.8,7.9,225,84,0.00
2024-10-30T09:00,26.9,11.2,212,79,0.00
2024-10-30T10:00,28.0,10.6,214,74,0.00
2024-10-30T11:00,29.0,8.3,236,69,0.00
2024-10-30T12:00,29.4,9.5,261,70,0.00
2024-10-30T13:00,29.1,8.9,264,72,0.50
2024-10-30T14:00,28.6,9.3,251,72,3.60
2024-10-30T15:00,25.7,7.3,277,87,7.90
2024-10-30T16:00,24.9,2.3,212,91,2.70
2024-10-30T17:00,25.2,0.9,323,91,0.10
2024-10-30T18:00,24.2,2.6,16,97,0.00
2024-10-30T19:00,24.2,4.2,18,97,0.00
2024-10-30T20:00,23.7,5.1,80,98,0.00
2024-10-30T21:00,24.4,3.5,62,94,0.00
2024-10-30T22:00,23.9,3.2,27,96,0.00
2024-10-30T23:00,23.3,2.2,76,96,0.00
2024-10-31T00:00,23.0,1.3,82,96,0.00
2024-10-31T01:00,23.0,0.9,101,94,0.00
2024-10-31T02:00,23.9,1.3,124,88,0.00
2024-10-31T03:00,23.9,1.8,143,87,0.00
2024-10-31T04:00,22.2,2.1,110,94,0.00
2024-10-31T05:00,22.6,2.5,60,90,0.00
2024-10-31T06:00,23.1,3.2,38,91,0.00
2024-10-31T07:00,24.2,3.9,28,91,0.00
2024-10-31T08:00,26.1,1.5,330,86,0.00
2024-10-31T09:00,27.1,5.4,318,82,0.00
2024-10-31T10:00,28.4,6.1,302,80,0.00
2024-10-31T11:00,29.1,8.8,296,74,0.60
2024-10-31T12:00,27.9,4.0,262,80,4.20
2024-10-31T13:00,28.8,7.5,246,78,0.00
2024-10-31T14:00,28.6,4.9,186,76,0.00
2024-10-31T15:00,27.1,2.3,231,80,3.00
2024-10-31T16:00,26.9,0.6,288,79,0.90
2024-10-31T17:00,25.8,2.5,339,89,0.20
2024-10-31T18:00,24.8,3.1,7,94,0.10
2024-10-31T19:00,24.4,5.1,39,96,0.00
2024-10-31T20:00,23.8,4.1,61,97,0.00
2024-10-31T21:00,24.0,2.5,60,95,0.00
2024-10-31T22:00,23.8,2.5,82,94,0.00
2024-10-31T23:00,23.7,3.4,90,92,0.00
2024-11-01T00:00,23.4,3.9,66,92,0.00
2024-11-01T01:00,23.0,3.7,67,93,0.00
2024-11-01T02:00,22.8,3.2,87,93,0.00
2024-11-01T03:00,22.2,2.4,103,93,0.00
2024-11-01T04:00,22.3,1.5,120,90,0.00
2024-11-01T05:00,22.0,1.4,113,90,0.00
2024-11-01T06:00,23.1,1.5,76,90,0.00
2024-11-01T07:00,25.0,2.5,330,85,0.00
2024-11-01T08:00,26.2,4.5,313,85,0.00
2024-11-01T09:00,27.9,6.4,331,77,0.10
2024-11-01T10:00,29.1,7.3,343,69,0.10
2024-11-01T11:00,29.8,6.5,337,66,0.00
2024-11-01T12:00,30.4,5.9,349,64,0.10
2024-11-01T13:00,30.7,3.4,335,62,0.00
2024-11-01T14:00,30.9,5.7,319,62,0.00
2024-11-01T15:00,30.5,4.4,328,64,0.00
2024-11-01T16:00,25.9,4.5,209,80,3.80
2024-11-01T17:00,24.9,4.3,315,88,0.20
2024-11-01T18:00,24.4,3.0,327,90,0.20
2024-11-01T19:00,23.5,2.9,202,96,0.00
2024-11-01T20:00,23.5,3.3,221,97,0.00
2024-11-01T21:00,23.6,3.3,174,96,0.00
2024-11-01T22:00,23.5,3.6,183,95,0.00
2024-11-01T23:00,23.5,2.8,169,95,0.00
2024-11-02T00:00,22.7,3.8,183,96,0.10
2024-11-02T01:00,23.1,1.2,129,94,0.00
2024-11-02T02:00,22.7,1.3,82,94,0.00
2024-11-02T03:00,22.0,2.8,75,96,0.00
2024-11-02T04:00,22.3,3.6,49,94,0.00
2024-11-02T05:00,21.8,4.1,49,95,0.00
2024-11-02T06:00,22.8,3.8,45,94,0.00
2024-11-02T07:00,24.5,4.0,10,89,0.00
2024-11-02T08:00,26.1,5.0,360,82,0.00
2024-11-02T09:00,27.6,5.1,356,77,0.00
2024-11-02T10:00,28.7,6.9,345,71,0.00
2024-11-02T11:00,29.5,7.4,357,68,0.00
2024-11-02T12:00,30.4,7.2,22,66,0.00
2024-11-02T13:00,30.8,8.3,30,66,0.10
2024-11-02T14:00,27.7,9.3,18,75,2.00
2024-11-02T15:00,26.6,11.2,44,78,0.20
2024-11-02T16:00,26.6,6.2,33,78,0.20
2024-11-02T17:00,26.0,2.9,4,86,0.00
2024-11-02T18:00,24.7,3.8,25,93,0.00
2024-11-02T19:00,24.1,3.6,57,94,0.00
2024-11-02T20:00,23.8,3.6,63,95,0.00
2024-11-02T21:00,24.1,3.8,79,94,0.00
2024-11-02T22:00,23.6,3.9,77,95,0.00
2024-11-02T23:00,23.3,4.4,81,95,0.00
2024-11-03T00:00,23.0,5.1,84,95,0.00
2024-11-03T01:00,22.9,4.8,79,95,0.00
2024-11-03T02:00,22.5,4.2,72,95,0.00
2024-11-03T03:00,22.1,2.5,82,95,0.00
2024-11-03T04:00,21.9,2.8,75,94,0.00
2024-11-03T05:00,21.9,2.7,82,94,0.00
2024-11-03T06:00,22.8,3.6,96,91,0.00
2024-11-03T07:00,24.9,1.9,229,87,0.00
2024-11-03T08:00,25.9,4.3,246,86,0.00
2024-11-03T09:00,27.8,6.5,360,76,0.00
2024-11-03T10:00,29.0,7.6,8,69,0.00
2024-11-03T11:00,29.9,6.9,5,66,0.10
2024-11-03T12:00,29.8,6.5,354,70,0.10
2024-11-03T13:00,30.0,8.2,351,71,0.10
2024-11-03T14:00,27.5,10.4,64,77,4.00
2024-11-03T15:00,27.9,5.9,2,75,0.10
2024-11-03T16:00,27.3,6.9,351,80,0.00
2024-11-03T17:00,26.4,4.1,29,87,0.00
2024-11-03T18:00,25.4,0.4,207,89,1.30
2024-11-03T19:00,24.2,1.5,150,97,0.00
2024-11-03T20:00,23.4,3.4,148,98,0.00
2024-11-03T21:00,23.5,2.6,102,94,0.00
2024-11-03T22:00,23.2,4.9,180,94,0.10
2024-11-03T23:00,23.1,4.8,207,96,0.00
2024-11-04T00:00,23.0,4.7,164,94,0.00
2024-11-04T01:00,22.3,3.7,133,96,0.00
2024-11-04T02:00,22.3,4.2,137,94,0.00
2024-11-04T03:00,22.4,2.1,38,92,0.00
2024-11-04T04:00,21.6,3.6,84,95,0.00
2024-11-04T05:00,22.4,2.2,48,92,0.00
2024-11-04T06:00,22.6,2.9,47,94,0.00
2024-11-04T07:00,23.8,4.2,31,91,0.00
2024-11-04T08:00,25.4,3.2,313,87,0.00
2024-11-04T09:00,26.9,7.2,245,80,0.10
2024-11-04T10:00,27.6,8.1,241,78,0.10
2024-11-04T11:00,28.1,10.2,222,79,0.10
2024-11-04T12:00,28.2,10.7,205,79,0.10
2024-11-04T13:00,28.0,8.1,193,81,0.10
2024-11-04T14:00,26.9,9.1,219,85,1.10
2024-11-04T15:00,25.4,6.2,280,83,1.00
2024-11-04T16:00,24.3,3.2,137,89,3.70
2024-11-04T17:00,24.5,3.5,279,89,0.40
2024-11-04T18:00,23.7,4.6,281,96,0.20
2024-11-04T19:00,23.5,4.7,18,97,0.10
2024-11-04T20:00,23.3,2.4,333,98,0.20
2024-11-04T21:00,23.2,1.5,7,97,0.10
2024-11-04T22:00,22.8,2.2,265,98,0.00
2024-11-04T23:00,22.9,0.9,53,97,0.00
2024-11-05T00:00,23.0,0.8,45,96,0.00
2024-11-05T01:00,22.6,1.3,344,98,0.00
2024-11-05T02:00,22.4,2.3,231,99,0.00
2024-11-05T03:00,22.3,0.6,56,100,0.00
2024-11-05T04:00,22.4,1.2,63,99,0.00
2024-11-05T05:00,22.4,0.7,360,98,0.00
2024-11-05T06:00,22.3,2.2,156,99,0.00
2024-11-05T07:00,23.0,3.7,203,96,0.00
2024-11-05T08:00,24.4,4.9,231,89,0.00
2024-11-05T09:00,26.0,4.8,248,82,0.00
2024-11-05T10:00,27.3,8.6,244,80,0.00
2024-11-05T11:00,27.2,10.3,232,78,2.10
2024-11-05T12:00,27.5,11.8,200,84,0.20
2024-11-05T13:00,27.1,8.6,196,79,1.50
2024-11-05T14:00,24.9,18.5,225,88,0.80
2024-11-05T15:00,24.8,6.7,188,91,0.40
2024-11-05T16:00,24.9,7.6,205,88,0.10
2024-11-05T17:00,24.2,4.1,229,92,0.20
2024-11-05T18:00,23.3,2.9,180,97,0.10
2024-11-05T19:00,23.3,4.3,195,96,0.00
2024-11-05T20:00,23.1,3.3,167,96,0.00
2024-11-05T21:00,23.9,4.8,200,94,0.00
2024-11-05T22:00,23.8,5.4,194,94,0.00
2024-11-05T23:00,23.9,6.4,198,92,0.00
2024-11-06T00:00,23.5,6.2,202,94,0.00
2024-11-06T01:00,23.2,5.7,189,94,0.00
2024-11-06T02:00,23.2,4.4,207,94,0.00
2024-11-06T03:00,23.1,3.4,223,96,0.00
2024-11-06T04:00,22.9,3.4,227,97,0.00
2024-11-06T05:00,22.7,0.9,11,98,0.00
2024-11-06T06:00,22.5,3.7,23,99,0.00
2024-11-06T07:00,23.3,3.4,360,95,0.00
2024-11-06T08:00,25.0,2.3,270,87,0.00
2024-11-06T09:00,26.6,5.8,346,83,0.00
2024-11-06T10:00,27.9,6.8,310,80,0.00
2024-11-06T11:00,28.7,4.3,287,74,0.20
2024-11-06T12:00,29.5,7.3,263,74,0.20
2024-11-06T13:00,29.3,6.8,258,68,1.40
2024-11-06T14:00,28.2,1.4,90,76,0.60
2024-11-06T15:00,28.2,5.1,18,76,0.30
2024-11-06T16:00,24.7,13.0,79,88,7.00
2024-11-06T17:00,24.8,6.7,88,85,0.20
2024-11-06T18:00,24.0,3.8,59,91,0.10
2024-11-06T19:00,24.1,2.8,108,90,0.20
2024-11-06T20:00,23.4,2.9,97,92,0.10
2024-11-06T21:00,24.1,1.5,97,93,0.10
2024-11-06T22:00,23.6,3.0,73,93,0.00
2024-11-06T23:00,23.2,4.2,54,93,0.00
2024-11-07T00:00,23.2,4.1,52,93,0.00
2024-11-07T01:00,23.1,4.0,60,94,0.00
2024-11-07T02:00,23.1,4.8,68,93,0.00
2024-11-07T03:00,22.9,4.7,74,93,0.00
2024-11-07T04:00,22.7,4.4,83,93,0.00
2024-11-07T05:00,22.7,4.3,73,93,0.00
2024-11-07T06:00,23.3,4.8,70,90,0.00
2024-11-07T07:00,25.4,4.3,24,86,0.00
2024-11-07T08:00,26.6,4.5,355,83,0.00
2024-11-07T09:00,27.3,6.7,357,84,0.00
2024-11-07T10:00,28.2,5.9,340,83,0.10
2024-11-07T11:00,28.8,6.1,332,82,0.40
2024-11-07T12:00,29.2,3.8,311,79,0.80
2024-11-07T13:00,29.9,2.4,287,74,0.80
2024-11-07T14:00,28.8,6.4,218,77,6.70
2024-11-07T15:00,26.7,1.8,323,82,12.40
2024-11-07T16:00,24.8,8.9,339,92,3.80
2024-11-07T17:00,24.4,6.7,14,94,0.50
2024-11-07T18:00,24.0,7.6,31,95,0.50
2024-11-07T19:00,24.1,6.2,57,94,0.10
2024-11-07T20:00,23.6,4.0,51,96,0.00
2024-11-07T21:00,24.3,5.2,56,96,0.00
2024-11-07T22:00,24.0,3.6,63,96,0.10
2024-11-07T23:00,24.0,3.7,79,95,0.00
2024-11-08T00:00,23.6,3.2,93,94,0.50
2024-11-08T01:00,23.5,1.8,90,94,0.60
2024-11-08T02:00,22.8,2.8,79,94,0.00
2024-11-08T03:00,23.2,1.5,120,94,0.20
2024-11-08T04:00,22.9,2.8,162,93,0.00
2024-11-08T05:00,23.0,2.7,152,94,0.00
2024-11-08T06:00,23.5,1.7,131,92,0.10
2024-11-08T07:00,24.7,2.1,329,91,0.00
2024-11-08T08:00,25.9,4.7,351,86,0.10
2024-11-08T09:00,27.5,4.3,345,79,0.10
2024-11-08T10:00,28.8,5.1,350,73,0.10
2024-11-08T11:00,29.8,5.0,341,67,0.10
2024-11-08T12:00,30.4,5.8,340,64,0.10
2024-11-08T13:00,30.8,6.0,355,61,0.10
2024-11-08T14:00,31.0,5.2,344,59,0.10
2024-11-08T15:00,30.8,5.0,325,60,0.10
2024-11-08T16:00,30.1,5.5,306,66,0.00
2024-11-08T17:00,28.1,4.0,302,85,0.00
2024-11-08T18:00,27.9,2.3,119,77,0.00
2024-11-08T19:00,26.4,2.8,108,85,0.00
2024-11-08T20:00,25.4,4.3,208,92,0.20
2024-11-08T21:00,24.8,3.4,196,89,0.00
2024-11-08T22:00,24.5,5.4,222,90,0.00
2024-11-08T23:00,23.5,3.5,219,95,0.00
2024-11-09T00:00,23.6,1.4,113,93,0.00
2024-11-09T01:00,23.1,2.3,119,94,0.00
2024-11-09T02:00,23.4,1.3,146,91,0.00
2024-11-09T03:00,23.0,1.5,144,92,0.00
2024-11-09T04:00,21.9,0.7,104,95,0.00
2024-11-09T05:00,21.9,1.5,83,98,0.00
2024-11-09T06:00,21.9,3.8,85,99,0.00
2024-11-09T07:00,24.0,5.6,4,92,0.00
2024-11-09T08:00,25.5,4.2,348,86,0.00
2024-11-09T09:00,27.3,4.8,338,78,0.00
2024-11-09T10:00,28.7,5.2,329,73,0.00
2024-11-09T11:00,29.3,6.1,302,71,0.00
2024-11-09T12:00,29.8,6.8,310,70,0.10
2024-11-09T13:00,29.8,4.1,304,72,0.10
2024-11-09T14:00,30.0,2.8,243,70,0.10
2024-11-09T15:00,29.2,7.0,318,73,0.00
2024-11-09T16:00,25.8,12.1,93,81,5.40
2024-11-09T17:00,25.8,3.6,81,85,0.50
2024-11-09T18:00,25.3,2.5,30,90,0.10
2024-11-09T19:00,24.3,6.7,144,92,1.60
2024-11-09T20:00,23.8,1.9,56,92,0.80
2024-11-09T21:00,24.4,0.7,104,93,0.00
2024-11-09T22:00,25.1,1.7,122,84,0.00
2024-11-09T23:00,24.5,2.5,135,86,0.00
2024-11-10T00:00,25.0,2.6,146,79,0.00
2024-11-10T01:00,24.2,4.0,185,83,0.00
2024-11-10T02:00,23.1,4.5,187,91,0.00
2024-11-10T03:00,23.4,3.1,170,90,0.00
2024-11-10T04:00,23.3,3.3,193,90,0.00
2024-11-10T05:00,22.9,0.7,76,93,0.00
2024-11-10T06:00,22.7,3.9,47,96,0.00
2024-11-10T07:00,23.8,4.6,13,94,0.00
2024-11-10T08:00,25.6,1.4,337,87,0.00
2024-11-10T09:00,27.2,4.8,304,85,0.00
2024-11-10T10:00,28.3,5.5,283,81,0.00
2024-11-10T11:00,29.0,4.0,275,81,0.00
2024-11-10T12:00,29.5,6.3,255,80,0.00
2024-11-10T13:00,29.5,8.6,240,79,0.00
2024-11-10T14:00,28.8,5.0,255,81,0.20
2024-11-10T15:00,28.3,3.8,49,80,0.70
2024-11-10T16:00,26.2,5.4,186,83,2.30
2024-11-10T17:00,25.7,4.2,198,86,2.80
2024-11-10T18:00,25.4,0.5,315,88,1.60
2024-11-10T19:00,24.9,3.9,56,91,0.80
2024-11-10T20:00,24.7,2.8,18,93,0.20
2024-11-10T21:00,24.6,2.9,83,94,0.00
2024-11-10T22:00,24.1,2.7,98,95,0.00
2024-11-10T23:00,23.9,3.3,189,95,0.00
2024-11-11T00:00,23.4,2.9,150,96,0.00
2024-11-11T01:00,23.1,2.2,114,96,0.00
2024-11-11T02:00,22.8,2.5,94,95,0.00
2024-11-11T03:00,24.0,2.4,81,88,0.00
2024-11-11T04:00,23.8,3.3,45,89,0.00
2024-11-11T05:00,22.7,4.3,48,93,0.00
2024-11-11T06:00,23.1,3.0,57,94,0.00
2024-11-11T07:00,24.9,3.4,18,91,0.00
2024-11-11T08:00,26.2,3.6,323,87,0.00
2024-11-11T09:00,27.8,4.7,313,78,0.20
2024-11-11T10:00,28.5,4.1,308,76,0.30
2024-11-11T11:00,29.0,3.8,287,75,0.50
2024-11-11T12:00,29.2,4.8,257,77,0.10
2024-11-11T13:00,29.8,4.8,233,74,0.10
2024-11-11T14:00,30.2,5.4,233,73,0.00
2024-11-11T15:00,28.8,5.7,189,78,0.10
2024-11-11T16:00,29.1,3.8,229,75,0.10
2024-11-11T17:00,26.9,5.4,250,84,1.00
2024-11-11T18:00,24.0,7.9,258,94,1.70
2024-11-11T19:00,23.0,6.8,360,98,1.00
2024-11-11T20:00,23.0,8.2,82,96,0.00
2024-11-11T21:00,23.1,6.4,61,93,1.50
2024-11-11T22:00,23.0,3.6,49,95,0.00
2024-11-11T23:00,22.8,3.9,103,97,0.00
2024-11-12T00:00,22.5,2.4,81,97,0.00
2024-11-12T01:00,22.4,2.4,81,97,0.00
2024-11-12T02:00,22.0,1.1,108,97,0.00
2024-11-12T03:00,21.7,3.8,95,99,0.00
2024-11-12T04:00,21.4,3.4,90,99,0.00
2024-11-12T05:00,21.2,1.6,96,99,0.00
2024-11-12T06:00,21.5,2.7,110,98,0.00
2024-11-12T07:00,24.0,1.0,338,91,0.00
2024-11-12T08:00,25.4,2.5,291,87,0.00
2024-11-12T09:00,27.4,4.3,292,82,0.00
2024-11-12T10:00,28.3,4.6,279,81,0.00
2024-11-12T11:00,28.7,4.9,242,81,0.00
2024-11-12T12:00,29.6,6.9,247,74,0.00
2024-11-12T13:00,29.5,8.2,202,72,0.00
2024-11-12T14:00,29.8,7.9,229,69,0.00
2024-11-12T15:00,27.8,2.1,250,76,0.60
2024-11-12T16:00,27.2,6.6,135,78,0.10
2024-11-12T17:00,26.1,7.3,150,79,0.20
2024-11-12T18:00,24.9,4.3,75,85,0.00
2024-11-12T19:00,23.7,8.0,108,90,7.70
2024-11-12T20:00,23.9,1.0,329,89,0.50
2024-11-12T21:00,23.2,3.4,162,98,0.60
2024-11-12T22:00,23.0,3.4,186,98,0.30
2024-11-12T23:00,22.6,6.6,107,97,0.10
2024-11-13T00:00,22.4,1.8,90,96,0.20
2024-11-13T01:00,22.3,5.3,72,94,0.00
2024-11-13T02:00,21.9,6.4,82,95,0.00
2024-11-13T03:00,21.6,4.8,75,96,0.00
2024-11-13T04:00,21.5,4.0,80,96,0.00
2024-11-13T05:00,21.7,2.7,82,93,0.00
2024-11-13T06:00,22.6,1.3,90,88,0.00
2024-11-13T07:00,24.2,1.2,207,88,0.00
2024-11-13T08:00,25.7,1.9,248,84,0.00
2024-11-13T09:00,27.4,3.1,310,77,0.00
2024-11-13T10:00,28.9,4.0,306,73,0.00
2024-11-13T11:00,30.1,5.9,288,68,0.00
2024-11-13T12:00,29.6,6.3,231,70,0.00
2024-11-13T13:00,28.8,8.5,142,72,0.10
2024-11-13T14:00,29.0,7.3,128,70,0.00
2024-11-13T15:00,29.0,6.4,144,70,0.00
2024-11-13T16:00,28.2,5.1,170,74,0.00
2024-11-13T17:00,27.1,1.9,209,81,0.00
2024-11-13T18:00,25.3,1.9,73,92,1.10
2024-11-13T19:00,24.7,2.8,50,96,0.10
2024-11-13T20:00,24.5,2.7,53,96,0.00
2024-11-13T21:00,23.9,4.8,124,94,1.40
2024-11-13T22:00,23.8,1.7,58,96,0.10
2024-11-13T23:00,23.5,1.6,84,97,0.00
2024-11-14T00:00,23.0,2.2,76,97,0.00
2024-11-14T01:00,23.0,5.6,75,97,0.00
2024-11-14T02:00,22.6,4.9,82,97,0.00
2024-11-14T03:00,22.2,4.1,75,98,0.00
2024-11-14T04:00,22.1,4.9,82,98,0.00
2024-11-14T05:00,21.9,4.7,83,98,0.00
2024-11-14T06:00,22.1,5.9,78,98,0.00
2024-11-14T07:00,25.1,5.7,41,92,0.00
2024-11-14T08:00,26.8,6.6,9,84,0.00
2024-11-14T09:00,28.2,10.2,7,77,0.00
2024-11-14T10:00,29.7,10.1,16,67,0.00
2024-11-14T11:00,30.9,9.8,17,61,0.00
2024-11-14T12:00,31.5,8.9,18,57,0.00
2024-11-14T13:00,32.0,8.3,18,55,0.00
2024-11-14T14:00,31.9,8.6,23,55,0.10
2024-11-14T15:00,31.5,8.8,19,58,0.00
2024-11-14T16:00,30.7,7.2,19,63,0.00
2024-11-14T17:00,28.5,4.2,7,78,0.00
2024-11-14T18:00,26.6,3.4,74,84,0.00
2024-11-14T19:00,25.6,2.7,58,88,0.00
2024-11-14T20:00,24.8,3.1,87,91,0.00
2024-11-14T21:00,25.0,3.6,20,90,0.20
2024-11-14T22:00,24.2,3.7,29,95,0.00
2024-11-14T23:00,23.4,2.4,63,97,0.00
2024-11-15T00:00,23.1,4.3,85,96,0.00
2024-11-15T01:00,22.7,5.6,92,96,0.00
2024-11-15T02:00,22.3,5.8,88,95,0.00
2024-11-15T03:00,22.3,6.2,80,93,0.00
2024-11-15T04:00,22.2,6.3,83,92,0.00
2024-11-15T05:00,21.8,5.1,80,93,0.00
2024-11-15T06:00,22.2,4.8,77,91,0.00
2024-11-15T07:00,25.0,4.2,18,83,0.00
2024-11-15T08:00,26.5,3.8,335,81,0.00
2024-11-15T09:00,27.8,5.6,331,79,0.00
2024-11-15T10:00,29.5,5.9,322,68,0.00
2024-11-15T11:00,30.4,5.4,323,63,0.00
2024-11-15T12:00,31.0,7.1,304,62,0.00
2024-11-15T13:00,30.7,3.1,267,63,0.00
2024-11-15T14:00,30.9,4.0,265,63,0.00
2024-11-15T15:00,30.0,3.5,215,67,0.00
2024-11-15T16:00,25.5,6.0,153,87,5.00
2024-11-15T17:00,25.1,2.8,252,93,0.20
2024-11-15T18:00,24.3,2.5,176,99,0.00
2024-11-15T19:00,23.8,5.6,159,97,0.00
2024-11-15T20:00,23.6,4.5,173,97,0.00
2024-11-15T21:00,23.7,3.7,166,97,0.00
2024-11-15T22:00,23.7,0.6,146,97,0.00
2024-11-15T23:00,23.5,0.8,63,97,0.00
2024-11-16T00:00,23.2,0.6,214,98,0.00
2024-11-16T01:00,22.9,4.1,139,98,0.00
2024-11-16T02:00,22.5,2.8,117,96,0.00
2024-11-16T03:00,22.5,2.3,148,96,0.00
2024-11-16T04:00,22.6,0.6,108,94,0.00
2024-11-16T05:00,22.4,0.6,124,97,0.00
2024-11-16T06:00,22.5,1.0,112,97,0.00
2024-11-16T07:00,23.8,2.0,243,93,0.00
2024-11-16T08:00,25.2,4.3,225,85,0.00
2024-11-16T09:00,26.8,4.0,260,82,0.00
2024-11-16T10:00,28.3,6.2,226,74,0.00
2024-11-16T11:00,29.3,8.5,228,70,0.10
2024-11-16T12:00,29.0,9.9,182,72,0.00
2024-11-16T13:00,28.9,11.0,198,75,3.80
2024-11-16T14:00,26.7,8.7,197,85,6.30
2024-11-16T15:00,24.9,11.2,235,89,2.90
2024-11-16T16:00,24.0,8.0,245,96,0.70
2024-11-16T17:00,23.5,3.7,166,97,0.20
2024-11-16T18:00,23.3,2.5,135,98,0.00
2024-11-16T19:00,23.6,2.4,167,98,0.00
2024-11-16T20:00,23.4,2.2,104,98,0.00
2024-11-16T21:00,24.0,2.3,135,95,0.00
2024-11-16T22:00,23.8,0.4,117,95,0.00
2024-11-16T23:00,23.3,2.2,66,95,0.00
2024-11-17T00:00,23.0,2.6,74,97,0.00
2024-11-17T01:00,22.4,3.3,99,99,0.00
2024-11-17T02:00,21.9,4.0,108,99,0.00
2024-11-17T03:00,21.5,2.5,98,99,0.00
2024-11-17T04:00,21.5,5.1,94,100,0.00
2024-11-17T05:00,21.2,4.9,84,100,0.00
2024-11-17T06:00,21.6,7.1,74,99,0.00
2024-11-17T07:00,24.5,7.5,40,91,0.00
2024-11-17T08:00,26.3,5.5,11,84,0.00
2024-11-17T09:00,28.4,4.9,10,74,0.00
2024-11-17T10:00,29.6,3.7,349,67,0.10
2024-11-17T11:00,30.4,3.2,304,65,0.10
2024-11-17T12:00,30.9,2.7,318,63,0.40
2024-11-17T13:00,30.8,5.8,321,64,0.20
2024-11-17T14:00,30.5,3.1,257,67,0.20
2024-11-17T15:00,29.1,4.1,167,77,1.20
2024-11-17T16:00,26.0,3.7,215,90,8.40
2024-11-17T17:00,25.0,4.4,81,94,4.20
2024-11-17T18:00,24.8,5.9,47,96,0.00
2024-11-17T19:00,24.2,12.6,28,96,0.00
2024-11-17T20:00,23.7,8.7,42,95,0.00
2024-11-17T21:00,24.0,4.6,347,100,1.10
2024-11-17T22:00,23.8,7.3,67,99,0.00
2024-11-17T23:00,23.6,8.3,42,99,0.10
2024-11-18T00:00,23.2,9.7,51,99,0.00
2024-11-18T01:00,23.0,9.3,49,98,0.00
2024-11-18T02:00,22.9,9.8,36,99,0.00
2024-11-18T03:00,22.9,10.4,42,98,0.00
2024-11-18T04:00,22.8,10.2,42,98,0.00
2024-11-18T05:00,22.8,9.7,50,98,0.00
2024-11-18T06:00,23.0,10.6,47,98,0.00
2024-11-18T07:00,24.4,10.8,30,93,0.00
2024-11-18T08:00,26.1,14.1,28,84,0.00
2024-11-18T09:00,27.9,14.8,37,76,0.10
2024-11-18T10:00,28.8,12.7,39,71,0.10
2024-11-18T11:00,29.4,12.6,46,69,0.20
2024-11-18T12:00,28.1,13.8,43,76,0.70
2024-11-18T13:00,27.1,16.7,20,82,0.20
2024-11-18T14:00,27.5,14.9,23,79,0.40
2024-11-18T15:00,27.7,13.8,24,78,0.30
2024-11-18T16:00,25.0,11.4,27,89,2.10
2024-11-18T17:00,24.6,10.3,15,92,0.10
2024-11-18T18:00,24.0,11.3,10,96,0.10
2024-11-18T19:00,23.8,9.8,6,96,0.00
2024-11-18T20:00,23.7,9.6,21,96,0.00
2024-11-18T21:00,23.9,10.2,32,96,0.00
2024-11-18T22:00,23.7,9.1,36,97,0.00
2024-11-18T23:00,23.5,9.6,40,97,0.00
2024-11-19T00:00,23.3,9.3,41,98,0.00
2024-11-19T01:00,23.2,10.8,33,98,0.00
2024-11-19T02:00,23.3,11.5,32,96,0.00
2024-11-19T03:00,23.2,10.5,35,96,0.00
2024-11-19T04:00,23.2,11.1,34,96,0.00
2024-11-19T05:00,23.2,11.8,27,96,0.00
2024-11-19T06:00,23.1,11.8,34,96,0.00
2024-11-19T07:00,24.7,12.5,27,88,0.00
2024-11-19T08:00,25.9,14.7,31,84,0.00
2024-11-19T09:00,26.0,13.0,26,85,0.40
2024-11-19T10:00,27.4,14.2,32,78,0.10
2024-11-19T11:00,28.2,15.9,34,74,0.00
2024-11-19T12:00,28.6,13.8,37,73,0.00
2024-11-19T13:00,28.8,11.8,25,71,0.00
2024-11-19T14:00,29.0,12.6,19,72,0.10
2024-11-19T15:00,29.1,13.6,22,72,0.10
2024-11-19T16:00,27.9,14.4,33,75,0.20
2024-11-19T17:00,26.3,8.7,14,83,0.00
2024-11-19T18:00,25.0,8.5,36,88,0.00
2024-11-19T19:00,24.8,8.8,46,89,0.00
2024-11-19T20:00,24.5,9.1,36,91,0.00
2024-11-19T21:00,24.5,9.2,42,91,0.00
2024-11-19T22:00,24.4,9.5,44,92,0.10
2024-11-19T23:00,23.7,9.2,45,93,0.00
2024-11-20T00:00,23.4,9.4,43,94,0.00
2024-11-20T01:00,23.2,10.2,44,94,0.00
2024-11-20T02:00,23.2,8.9,43,95,0.00
2024-11-20T03:00,23.0,8.9,40,97,0.10
2024-11-20T04:00,23.1,9.7,35,96,0.20
2024-11-20T05:00,22.9,10.1,35,97,0.10
2024-11-20T06:00,22.8,11.3,39,96,0.00
2024-11-20T07:00,24.5,12.3,35,89,0.00
2024-11-20T08:00,25.8,15.7,34,85,0.00
2024-11-20T09:00,27.0,17.0,36,79,0.20
2024-11-20T10:00,28.3,18.6,43,73,0.30
2024-11-20T11:00,29.4,17.4,35,66,0.00
2024-11-20T12:00,30.4,16.3,35,61,0.00
2024-11-20T13:00,30.7,15.1,41,59,0.00
2024-11-20T14:00,30.2,16.5,50,61,0.00
2024-11-20T15:00,29.7,15.7,45,62,0.00
2024-11-20T16:00,28.5,14.0,45,67,0.00
2024-11-20T17:00,27.0,10.6,50,72,0.00
2024-11-20T18:00,25.5,9.1,52,78,0.00
2024-11-20T19:00,24.5,8.2,52,84,0.00
2024-11-20T20:00,23.8,7.5,50,89,0.00
2024-11-20T21:00,23.9,6.6,49,88,0.00
2024-11-20T22:00,23.4,7.5,48,91,0.00
2024-11-20T23:00,23.1,7.5,48,93,0.00
2024-11-21T00:00,22.7,9.2,57,94,0.00
2024-11-21T01:00,22.4,9.7,62,95,0.00
2024-11-21T02:00,22.1,9.3,62,96,0.00
2024-11-21T03:00,21.9,8.8,62,97,0.00
2024-11-21T04:00,22.2,9.5,65,96,0.00
2024-11-21T05:00,22.1,9.3,63,97,0.00
2024-11-21T06:00,22.3,10.1,57,96,0.00
2024-11-21T07:00,24.6,9.1,38,89,0.00
2024-11-21T08:00,26.6,13.0,22,81,0.00
2024-11-21T09:00,28.3,14.3,31,73,0.00
2024-11-21T10:00,29.6,13.8,31,65,0.00
2024-11-21T11:00,30.6,13.6,32,58,0.00
2024-11-21T12:00,30.9,14.9,36,57,0.00
2024-11-21T13:00,31.0,15.0,39,56,0.00
2024-11-21T14:00,31.0,14.1,38,56,0.00
2024-11-21T15:00,30.3,13.6,35,59,0.00
2024-11-21T16:00,29.4,11.7,32,64,0.00
2024-11-21T17:00,27.8,10.0,41,70,0.00
2024-11-21T18:00,26.3,8.8,51,76,0.00
2024-11-21T19:00,25.2,7.7,41,82,0.00
2024-11-21T20:00,24.7,9.3,43,86,0.00
2024-11-21T21:00,24.8,8.0,44,86,0.00
2024-11-21T22:00,24.3,7.8,50,90,0.00
2024-11-21T23:00,23.9,8.2,41,92,0.00
2024-11-22T00:00,23.7,8.1,47,93,0.00
2024-11-22T01:00,23.6,8.7,50,94,0.00
2024-11-22T02:00,23.6,9.3,49,94,0.00
2024-11-22T03:00,23.8,9.3,37,93,0.00
2024-11-22T04:00,23.6,9.9,37,94,0.10
2024-11-22T05:00,23.3,10.6,40,95,0.10
2024-11-22T06:00,23.1,10.6,40,96,0.00
2024-11-22T07:00,25.0,10.7,35,89,0.00
2024-11-22T08:00,26.3,12.3,35,83,0.00
2024-11-22T09:00,28.5,11.6,18,76,0.20
2024-11-22T10:00,29.0,7.7,37,74,0.60
2024-11-22T11:00,28.8,10.6,3,76,0.30
2024-11-22T12:00,29.1,8.3,2,75,0.20
2024-11-22T13:00,29.6,8.3,5,73,0.00
2024-11-22T14:00,29.0,6.1,50,72,0.30
2024-11-22T15:00,28.1,6.6,13,75,0.00
2024-11-22T16:00,26.2,10.7,352,84,0.70
2024-11-22T17:00,25.1,11.7,17,91,0.10
2024-11-22T18:00,24.3,9.9,25,96,0.40
2024-11-22T19:00,23.3,9.5,69,96,0.30
2024-11-22T20:00,23.3,9.0,52,96,0.90
2024-11-22T21:00,24.3,8.9,50,96,0.00
2024-11-22T22:00,24.0,9.9,42,96,0.00
2024-11-22T23:00,23.9,8.7,47,96,0.00
2024-11-23T00:00,23.9,9.0,35,96,0.00
2024-11-23T01:00,23.5,11.3,9,98,0.10
2024-11-23T02:00,23.2,8.5,36,98,0.00
2024-11-23T03:00,22.9,11.7,29,98,0.30
2024-11-23T04:00,22.8,9.7,45,98,0.10
2024-11-23T05:00,22.6,9.5,51,97,0.00
2024-11-23T06:00,22.6,10.7,44,96,0.00
2024-11-23T07:00,24.5,12.3,38,89,0.00
2024-11-23T08:00,25.8,12.7,39,86,0.00
2024-11-23T09:00,26.9,17.7,35,80,0.10
2024-11-23T10:00,27.0,15.2,42,79,0.10
2024-11-23T11:00,27.7,18.7,39,75,0.00
2024-11-23T12:00,28.2,18.1,46,73,0.00
2024-11-23T13:00,28.0,19.3,41,75,0.20
2024-11-23T14:00,27.5,16.1,39,78,0.20
2024-11-23T15:00,27.7,14.5,30,76,0.00
2024-11-23T16:00,26.8,13.8,33,80,0.20
2024-11-23T17:00,25.5,13.1,23,85,0.10
2024-11-23T18:00,24.6,13.1,37,88,0.10
2024-11-23T19:00,24.4,12.7,38,89,0.00
2024-11-23T20:00,24.3,12.7,27,91,0.00
2024-11-23T21:00,24.0,9.4,26,94,0.90
2024-11-23T22:00,23.7,7.9,39,95,0.00
2024-11-23T23:00,23.3,8.5,44,97,0.00
2024-11-24T00:00,23.1,9.0,38,97,0.00
2024-11-24T01:00,23.2,8.8,28,97,0.00
2024-11-24T02:00,23.2,9.9,37,97,0.00
2024-11-24T03:00,23.3,11.1,53,96,0.00
2024-11-24T04:00,23.3,10.6,34,95,0.00
2024-11-24T05:00,23.3,11.6,37,95,0.00
2024-11-24T06:00,23.4,11.1,32,95,0.00
2024-11-24T07:00,24.9,13.9,31,89,0.00
2024-11-24T08:00,26.2,14.9,37,85,0.00
2024-11-24T09:00,27.8,18.5,37,75,0.10
2024-11-24T10:00,28.4,19.9,48,71,0.10
2024-11-24T11:00,28.9,18.1,46,72,0.30
2024-11-24T12:00,29.1,18.6,47,73,0.10
2024-11-24T13:00,28.4,19.0,53,76,1.10
2024-11-24T14:00,28.1,19.9,49,75,0.20
2024-11-24T15:00,27.7,19.5,44,77,0.10
2024-11-24T16:00,27.0,16.3,41,78,0.10
2024-11-24T17:00,25.9,14.5,32,84,0.10
2024-11-24T18:00,25.0,12.0,33,88,0.10
2024-11-24T19:00,24.7,13.1,30,89,0.10
2024-11-24T20:00,24.3,12.9,41,90,0.10
2024-11-24T21:00,24.1,14.1,14,94,0.20
2024-11-24T22:00,23.6,12.3,18,96,4.00
2024-11-24T23:00,23.5,11.7,18,98,3.00
2024-11-25T00:00,23.4,12.5,21,99,1.90
2024-11-25T01:00,23.3,11.2,16,98,0.30
2024-11-25T02:00,23.2,11.7,18,98,0.00
2024-11-25T03:00,23.2,11.0,28,98,0.00
2024-11-25T04:00,23.0,11.0,49,98,0.00
2024-11-25T05:00,23.0,10.7,53,97,0.00
2024-11-25T06:00,23.2,10.8,24,97,0.00
2024-11-25T07:00,24.4,13.1,43,94,0.00
2024-11-25T08:00,25.9,14.9,36,87,0.00
2024-11-25T09:00,27.3,15.9,39,80,0.10
2024-11-25T10:00,28.3,18.0,44,75,0.10
2024-11-25T11:00,28.6,17.9,39,74,0.30
2024-11-25T12:00,27.8,15.7,37,77,0.10
2024-11-25T13:00,28.4,18.4,36,75,0.30
2024-11-25T14:00,27.6,15.0,34,79,0.40
2024-11-25T15:00,27.3,15.4,32,79,0.00
2024-11-25T16:00,27.0,14.1,32,78,0.00
2024-11-25T17:00,26.1,12.7,35,82,0.00
2024-11-25T18:00,25.0,11.8,33,86,0.00
2024-11-25T19:00,24.7,12.8,38,88,0.00
2024-11-25T20:00,24.5,12.9,27,90,0.00
2024-11-25T21:00,24.8,11.7,23,89,0.10
2024-11-25T22:00,24.5,11.8,23,91,0.00
2024-11-25T23:00,24.2,10.0,20,92,0.00
2024-11-26T00:00,23.9,9.9,16,93,0.10
2024-11-26T01:00,23.7,9.8,20,94,0.10
2024-11-26T02:00,23.4,11.4,35,95,0.00
2024-11-26T03:00,23.2,10.7,42,96,0.00
2024-11-26T04:00,23.2,11.2,38,95,0.00
2024-11-26T05:00,23.1,9.6,30,96,0.00
2024-11-26T06:00,23.2,10.2,31,96,0.00
2024-11-26T07:00,25.0,11.8,24,88,0.00
2024-11-26T08:00,26.4,15.3,27,83,0.00
2024-11-26T09:00,28.0,15.9,38,75,0.00
2024-11-26T10:00,29.3,14.6,40,66,0.00
2024-11-26T11:00,29.6,16.5,41,67,0.10
2024-11-26T12:00,30.2,15.2,41,63,0.00
2024-11-26T13:00,30.7,16.1,34,60,0.00
2024-11-26T14:00,30.6,15.2,36,60,0.00
2024-11-26T15:00,30.1,15.4,41,62,0.00
2024-11-26T16:00,28.9,13.8,36,68,0.00
2024-11-26T17:00,27.4,11.5,30,74,0.00
2024-11-26T18:00,26.1,10.7,35,79,0.00
2024-11-26T19:00,25.2,10.2,46,84,0.00
2024-11-26T20:00,24.6,9.7,47,88,0.00
2024-11-26T21:00,24.6,9.9,37,87,0.00
2024-11-26T22:00,24.5,11.4,38,88,0.00
2024-11-26T23:00,24.3,10.8,36,90,0.30
2024-11-27T00:00,24.1,9.9,37,91,0.00
2024-11-27T01:00,24.0,10.5,22,92,0.00
2024-11-27T02:00,23.8,10.1,40,93,0.00
2024-11-27T03:00,23.7,10.1,41,92,0.00
2024-11-27T04:00,23.8,10.7,40,92,0.00
2024-11-27T05:00,23.8,9.4,48,92,0.00
2024-11-27T06:00,23.8,11.6,42,92,0.00
2024-11-27T07:00,25.3,12.6,41,86,0.00
2024-11-27T08:00,26.6,15.0,34,81,0.00
2024-11-27T09:00,26.0,13.5,29,86,0.00
2024-11-27T10:00,27.1,15.4,37,80,0.00
2024-11-27T11:00,28.4,17.7,44,73,0.10
2024-11-27T12:00,29.1,17.7,40,71,0.10
2024-11-27T13:00,29.6,17.6,43,69,0.10
2024-11-27T14:00,29.4,15.9,45,69,0.10
2024-11-27T15:00,28.6,15.9,38,73,0.20
2024-11-27T16:00,27.6,11.8,46,78,0.30
2024-11-27T17:00,26.4,8.6,20,82,0.10
2024-11-27T18:00,24.8,7.7,12,90,0.10
2024-11-27T19:00,24.2,9.4,24,93,0.00
2024-11-27T20:00,24.0,10.5,29,93,0.10
2024-11-27T21:00,24.2,11.3,20,94,0.00
2024-11-27T22:00,24.0,9.4,20,95,0.00
2024-11-27T23:00,23.9,8.0,34,96,0.00
2024-11-28T00:00,23.9,9.2,28,96,0.20
2024-11-28T01:00,23.6,10.0,39,98,0.10
2024-11-28T02:00,23.5,10.7,42,97,0.00
2024-11-28T03:00,23.4,11.0,42,96,0.00
2024-11-28T04:00,23.3,10.9,44,95,0.00
2024-11-28T05:00,23.1,10.5,51,95,0.00
2024-11-28T06:00,23.4,11.7,52,93,0.00
2024-11-28T07:00,25.4,14.8,41,85,0.00
2024-11-28T08:00,26.6,14.0,31,82,0.00
2024-11-28T09:00,27.5,16.5,38,77,0.00
2024-11-28T10:00,28.7,18.7,43,70,0.00
2024-11-28T11:00,29.2,16.5,45,68,0.00
2024-11-28T12:00,29.0,15.8,42,72,0.50
2024-11-28T13:00,29.2,13.2,45,71,0.30
2024-11-28T14:00,28.9,11.4,39,72,0.10
2024-11-28T15:00,26.8,8.7,14,87,1.00
2024-11-28T16:00,26.5,10.4,28,86,1.10
2024-11-28T17:00,25.1,8.5,35,94,1.20
2024-11-28T18:00,24.7,7.9,47,95,1.10
2024-11-28T19:00,24.4,7.9,47,96,1.40
2024-11-28T20:00,24.2,7.6,62,96,0.10
2024-11-28T21:00,24.9,7.1,43,93,0.00
2024-11-28T22:00,24.7,7.7,39,94,0.00
2024-11-28T23:00,24.3,7.9,41,96,0.00
2024-11-29T00:00,24.2,8.8,43,96,0.00
2024-11-29T01:00,23.9,7.1,54,97,0.00
2024-11-29T02:00,23.8,7.0,61,97,0.00
2024-11-29T03:00,23.7,6.9,62,97,0.00
2024-11-29T04:00,23.5,8.4,59,97,0.00
2024-11-29T05:00,23.6,8.4,45,96,0.00
2024-11-29T06:00,23.7,9.3,56,96,0.00
2024-11-29T07:00,25.4,9.3,40,90,0.00
2024-11-29T08:00,26.7,9.8,24,85,0.10
2024-11-29T09:00,28.0,11.8,29,80,0.20
2024-11-29T10:00,26.4,12.8,39,85,2.80
2024-11-29T11:00,26.5,10.2,30,87,0.50
2024-11-29T12:00,26.6,9.8,20,86,0.30
2024-11-29T13:00,28.3,13.2,37,76,0.10
2024-11-29T14:00,27.4,12.3,30,78,0.10
2024-11-29T15:00,27.4,11.0,26,78,0.00
2024-11-29T16:00,26.9,8.8,19,80,0.00
2024-11-29T17:00,26.1,7.4,18,85,0.00
2024-11-29T18:00,25.3,7.3,28,86,0.00
2024-11-29T19:00,24.7,5.9,40,89,0.00
2024-11-29T20:00,24.5,5.7,46,90,0.00
2024-11-29T21:00,24.3,5.4,42,96,0.30
2024-11-29T22:00,23.9,5.2,41,97,0.10
2024-11-29T23:00,23.7,4.6,69,97,0.00
2024-11-30T00:00,23.3,6.9,65,96,0.00
2024-11-30T01:00,23.1,6.6,57,96,0.00
2024-11-30T02:00,22.9,5.9,67,96,0.00
2024-11-30T03:00,22.7,6.1,78,96,0.00
2024-11-30T04:00,22.7,3.8,82,95,0.00
2024-11-30T05:00,22.3,2.2,76,95,0.00
2024-11-30T06:00,22.5,3.7,79,94,0.00
2024-11-30T07:00,24.6,4.0,58,92,0.00
2024-11-30T08:00,25.9,2.9,313,87,0.00
2024-11-30T09:00,28.1,7.5,10,76,0.00
2024-11-30T10:00,29.3,6.3,3,69,0.00
2024-11-30T11:00,30.1,4.6,342,68,0.00
2024-11-30T12:00,30.8,5.1,318,66,0.00
2024-11-30T13:00,30.7,8.0,293,68,0.10
2024-11-30T14:00,27.8,4.0,159,84,10.30
2024-11-30T15:00,25.4,4.1,241,89,7.50
2024-11-30T16:00,24.4,2.3,299,93,7.00
2024-11-30T17:00,24.1,2.3,162,96,5.00
2024-11-30T18:00,24.1,1.6,153,96,2.90
2024-11-30T19:00,24.1,1.7,18,98,0.60
2024-11-30T20:00,24.0,1.0,329,99,0.10
2024-11-30T21:00,23.3,3.2,360,100,4.00
2024-11-30T22:00,23.1,3.3,229,100,2.80
2024-11-30T23:00,23.1,5.0,215,100,1.90
